request,quantity,value,status,material_id,group_id,classification_id
4512192115,255,3422.83,QUOTATION,35672019-b6d1-42b4-b906-8819b248182e,5,4000
4511062208,105,2676.29,REJECTED,d5b6a98e-464a-4e85-ad1c-7fd6be7df835,2,3000
4531288444,980,1913.04,REJECTED,0c328cd6-def4-4097-8b5d-ef9b4362cfd3,4,4000
4582393692,563,5609.78,QUOTATION,408c4fe5-9066-4997-8f1c-ad8daae4b1f6,3,2000
4569387674,533,8335.22,APPROVED,51991c98-a328-457f-a862-0962b2d30ddc,5,2000
4543280505,528,9544.98,APPROVED,de541e55-b7b6-404a-8ce0-a6f1ea925750,4,3000
4507440317,114,1001.89,WAITING,110f8801-eea1-420d-98e6-dd439569747b,2,2000
4546054249,326,1483.82,APPROVED,a1ad3c2b-45ca-491c-8ef2-a64af7d19e43,3,4000
4530612814,673,3405.15,QUOTATION,ce1eeb99-74a8-4547-b95c-345102c07d21,5,1000
4581040128,844,9416.72,REJECTED,2c6e3cb9-21cb-4de6-ae38-f117a3cbdfe2,1,1000
4516435134,724,973.78,WAITING,d5b6a98e-464a-4e85-ad1c-7fd6be7df835,2,1000
4519654628,247,4577.84,QUOTATION,975480d4-8c15-44ba-8c55-a9938bdaa2c4,2,1000
4592377040,605,1306.46,QUOTATION,aa51a37d-2867-459b-8885-b5c8b161616a,4,2000
4597592409,87,9580.25,WAITING,c40f8a37-9024-4fcd-80a6-7917301ba6bd,1,3000
4514498816,305,8855.45,REJECTED,a1a6e723-19c6-46fd-a584-917efe27f127,4,1000
4598259343,807,8731.36,QUOTATION,fffeaf8f-4b6b-4357-a309-89f4769c36da,4,3000
4573421732,258,2582.5,REJECTED,aa51a37d-2867-459b-8885-b5c8b161616a,2,3000
4508398601,28,823.97,QUOTATION,d4dbba0a-2b26-4233-9017-bb25b2e860f3,4,1000
4529575907,658,4109.21,WAITING,3f3292d8-3056-42da-9ec5-d080c252a223,3,1000
4542279137,104,6989.52,QUOTATION,a9da22e7-f42f-4428-9083-96395b7a7e9a,4,3000
4593557983,644,3293.09,WAITING,f524f9ee-95cb-4e66-a6c1-b58f8296e7f3,4,2000
4598486718,175,7111.95,APPROVED,f524f9ee-95cb-4e66-a6c1-b58f8296e7f3,5,3000
4501032100,256,5719.62,QUOTATION,4a5df305-6d85-4b5a-81ca-b2a776017f8f,5,4000
4540507028,293,7000.09,REJECTED,b0154cbb-c693-4062-88b9-a8acf4402b56,3,2000
4543645569,294,5390.16,QUOTATION,e069016d-d217-4fbc-b438-1e8790b731fb,4,2000
4576666510,474,3217.37,REJECTED,77b34563-244c-46da-b014-af1a9c7fa9e4,4,3000
4584778134,633,1708.93,REJECTED,d4dbba0a-2b26-4233-9017-bb25b2e860f3,3,1000
4556184546,274,1723.07,REJECTED,31ac60a6-1bc1-442c-ae10-4a420f770538,2,1000
4572407622,396,6238.03,QUOTATION,daffc87a-fdb5-424e-9155-782c6cd1b731,1,1000
4553692543,694,741.74,APPROVED,2c6e3cb9-21cb-4de6-ae38-f117a3cbdfe2,1,3000
4501780123,172,8794.76,REJECTED,5c250769-58e7-4a67-92b8-05566aab2cd0,5,4000
4525607023,188,6939.77,QUOTATION,134244b2-90f7-4d62-8488-d71e29828266,3,1000
4536279943,485,43.68,QUOTATION,0c328cd6-def4-4097-8b5d-ef9b4362cfd3,3,1000
4545958045,562,1676.66,REJECTED,fffeaf8f-4b6b-4357-a309-89f4769c36da,4,4000
4536815613,663,8620.84,WAITING,68681084-7b12-4fd9-9704-7da3802cb451,5,3000
4597898583,23,2735.12,QUOTATION,a9da22e7-f42f-4428-9083-96395b7a7e9a,1,1000
4504199082,36,5645.08,APPROVED,12a301b9-4c71-4181-a853-d29be7b6bd18,5,1000
4527789055,262,7313.8,WAITING,05767575-2944-4457-9aa7-06e1dae2ae25,3,3000
4527524119,482,253.64,REJECTED,15ddc72a-7103-4a88-a951-49c5aa75affd,2,2000
4506732203,597,3958.32,WAITING,6cc3c3b9-23fa-4969-8791-af89dedc62c9,4,1000
4520766439,560,2263.3,APPROVED,fcc9df1e-2761-4b55-8f60-015b21066d78,5,3000
4560112178,558,8706.89,REJECTED,a1a6e723-19c6-46fd-a584-917efe27f127,1,2000
4597027025,105,8910.15,REJECTED,cf11fe2a-443a-44e9-96b0-e6b91ddfa87d,1,4000
4539162317,529,1019.6,APPROVED,cf11fe2a-443a-44e9-96b0-e6b91ddfa87d,2,4000
4568330740,115,5844.58,QUOTATION,3d3527a9-4ef5-45d5-83c2-4178789f9921,5,1000
4586358215,24,436.71,APPROVED,0c328cd6-def4-4097-8b5d-ef9b4362cfd3,5,3000
4551226596,845,2615.04,WAITING,5257f4f1-580e-4eb3-89f9-6cae458e4509,3,3000
4504773802,837,70.5,APPROVED,b0154cbb-c693-4062-88b9-a8acf4402b56,3,2000
4562732754,534,5645.87,REJECTED,611eefb3-ef38-4a2e-831a-15aff1dde8f8,4,4000
4567412048,942,1286.38,WAITING,12a301b9-4c71-4181-a853-d29be7b6bd18,2,3000
4553282070,879,5046.94,REJECTED,d4dbba0a-2b26-4233-9017-bb25b2e860f3,2,4000
4592647639,798,8502.8,REJECTED,ce1eeb99-74a8-4547-b95c-345102c07d21,1,1000
4572698358,735,2164.61,QUOTATION,84aadcf6-499b-4416-9a35-3e546eb39a5c,2,1000
4579893666,831,1340.43,APPROVED,dbce3e63-1a5c-4595-a1f9-d09c3d978567,5,4000
4594637570,355,54.86,QUOTATION,0e752cfe-75ff-427d-8214-57710b509b33,2,1000
4556418685,809,2770.23,APPROVED,f524f9ee-95cb-4e66-a6c1-b58f8296e7f3,1,1000
4562212731,380,4665.62,QUOTATION,2c6e3cb9-21cb-4de6-ae38-f117a3cbdfe2,5,1000
4522554511,669,1788.13,WAITING,4a2d279e-2495-496f-80d9-bc5a45e3b6b4,2,2000
4517924667,831,4612.35,REJECTED,b0154cbb-c693-4062-88b9-a8acf4402b56,5,4000
4553503455,831,8406.63,QUOTATION,0f7e95f4-4fb9-4987-a1e1-5264880e721e,2,4000
4537715803,727,3298.59,QUOTATION,3d3527a9-4ef5-45d5-83c2-4178789f9921,1,3000
4540339572,949,7734.85,APPROVED,3f3292d8-3056-42da-9ec5-d080c252a223,5,3000
4561064827,608,9456.69,REJECTED,28d388a1-0e70-41d0-a8a1-abb9e3263b7b,1,4000
4557484566,399,992.21,REJECTED,ba5b8587-5d45-44ac-9e4e-16cb4b3afecc,4,3000
4527869472,813,3916.26,APPROVED,31ac60a6-1bc1-442c-ae10-4a420f770538,4,1000
4515197736,463,597.59,QUOTATION,9a109dc4-7be3-4aec-94bb-ede38f79ae14,3,2000
4594689457,558,3152.65,APPROVED,2c7b9d8a-6b92-4a21-a03e-024e434a203d,4,4000
4552214723,530,2901.35,APPROVED,791660af-f0db-4fbd-a3a4-86bd38182556,1,4000
4554224125,317,5850.78,REJECTED,fe53d2be-049c-47fa-871a-c4a8b1a10e40,3,4000
4533281327,291,7076.63,WAITING,2c6e3cb9-21cb-4de6-ae38-f117a3cbdfe2,3,2000
4535665609,714,1477.12,REJECTED,0a58bce2-1697-4c89-b568-ae280f33f982,3,2000
4508992456,736,5642.23,REJECTED,ce1eeb99-74a8-4547-b95c-345102c07d21,3,2000
4526372419,697,6019.29,QUOTATION,ba3d4978-80db-4a12-9f06-e4c698936184,2,1000
4577201966,655,1281.04,APPROVED,b577718c-a2a9-4f8a-a41c-7cac0d102aab,2,4000
4511490715,376,2776.26,WAITING,82ebf1b0-6982-4deb-ac51-c7a6d0a68c5d,2,4000
4589887445,779,3122.45,QUOTATION,da731710-48f7-4c02-8dd6-917ff4c62e3b,5,1000
4564183523,530,760.69,REJECTED,3f3292d8-3056-42da-9ec5-d080c252a223,2,4000
4596189695,719,5057.08,APPROVED,32149af9-a4f0-4e80-a73d-490a9faef06f,1,3000
4536152030,281,634.47,QUOTATION,e069016d-d217-4fbc-b438-1e8790b731fb,3,2000
4560056386,465,1731.27,WAITING,fcc9df1e-2761-4b55-8f60-015b21066d78,3,3000
4529933534,267,9732.33,QUOTATION,b0154cbb-c693-4062-88b9-a8acf4402b56,3,3000
4500693281,835,7928.48,QUOTATION,3ee51816-f540-45e6-8401-474c5df84e78,5,2000
4527438577,378,3200.3,REJECTED,3341d7ea-5bed-42e4-82c2-18d0adfbcdf1,2,3000
4561543583,328,8453.04,QUOTATION,eb8e5632-45d0-47e9-bcc0-ee76bf030643,2,1000
4583293649,462,9371.37,WAITING,0e752cfe-75ff-427d-8214-57710b509b33,2,1000
4516519366,150,1228.84,QUOTATION,fcc9df1e-2761-4b55-8f60-015b21066d78,4,4000
4573537356,594,4910.28,APPROVED,611eefb3-ef38-4a2e-831a-15aff1dde8f8,1,4000
4587521892,12,7923.62,WAITING,0e752cfe-75ff-427d-8214-57710b509b33,3,4000
4512844959,475,2222.68,REJECTED,3f3292d8-3056-42da-9ec5-d080c252a223,4,1000
4573346480,413,5940.31,APPROVED,28d388a1-0e70-41d0-a8a1-abb9e3263b7b,4,1000
4577043181,427,9975.27,WAITING,9567383e-1921-4683-803b-509faa2bc9d5,2,1000
4587626631,137,7128.82,QUOTATION,ba5b8587-5d45-44ac-9e4e-16cb4b3afecc,2,1000
4565111231,359,8176.03,QUOTATION,5257f4f1-580e-4eb3-89f9-6cae458e4509,2,4000
4534453633,932,126.69,APPROVED,8df0c99e-2745-44ae-94ee-ad79cb114fdb,5,1000
4549358231,718,8079.61,REJECTED,408c4fe5-9066-4997-8f1c-ad8daae4b1f6,3,1000
4512116139,462,2281.37,APPROVED,a4926703-442b-4179-808a-04de7d4e1015,2,4000
4533888991,566,7849.72,REJECTED,de541e55-b7b6-404a-8ce0-a6f1ea925750,4,4000
4591333002,765,859.86,QUOTATION,05767575-2944-4457-9aa7-06e1dae2ae25,4,1000
4538949234,209,2359.37,WAITING,d4dbba0a-2b26-4233-9017-bb25b2e860f3,4,3000
4529107627,131,4741.43,APPROVED,6cc3c3b9-23fa-4969-8791-af89dedc62c9,5,4000
4591319193,891,375.38,APPROVED,d4dbba0a-2b26-4233-9017-bb25b2e860f3,5,4000
4566188420,550,1129.65,REJECTED,b020551c-5fe7-45ea-881a-6fa78332362d,3,3000
4588957607,794,4869.35,REJECTED,3ee51816-f540-45e6-8401-474c5df84e78,5,1000
4523840185,707,529.41,WAITING,4a5df305-6d85-4b5a-81ca-b2a776017f8f,1,2000
4558298211,8,592.38,QUOTATION,384bae62-8ba8-4cac-b8ad-3df4e68bcafa,2,1000
4501534898,631,1193.51,WAITING,2ab670e8-49e3-4a95-9871-d937f77b5927,2,1000
4564257973,157,7239.96,WAITING,de541e55-b7b6-404a-8ce0-a6f1ea925750,2,3000
4553862193,737,2473.58,APPROVED,82ebf1b0-6982-4deb-ac51-c7a6d0a68c5d,4,3000
4572651940,58,5988.65,REJECTED,0a58bce2-1697-4c89-b568-ae280f33f982,1,1000
4556563970,21,2393.43,REJECTED,ce1eeb99-74a8-4547-b95c-345102c07d21,1,4000
4530209476,134,9998.91,WAITING,fffeaf8f-4b6b-4357-a309-89f4769c36da,1,4000
4554034239,843,6069.62,REJECTED,4029508a-afa4-4faf-b175-4bb65b8a4dbb,5,2000
4537948879,909,3703.06,REJECTED,b577718c-a2a9-4f8a-a41c-7cac0d102aab,4,4000
4546410371,623,3980.76,QUOTATION,76fa0c16-dc3a-4a9b-b914-de6a0097f3dc,4,1000
4531933606,103,815.64,QUOTATION,ea38b7e1-b488-4873-ab04-3066d219b434,3,3000
4522092055,873,956.86,QUOTATION,8ca5ca23-a910-469b-aec1-73bd31d74ba2,3,2000
4543391834,87,5555.89,REJECTED,00a417fb-f2b9-4bb8-90c0-0787c3f2e3c7,2,4000
4522623530,562,8281.93,QUOTATION,eb8e5632-45d0-47e9-bcc0-ee76bf030643,3,1000
4562916007,673,6412.08,REJECTED,0439439c-8945-42c4-b079-5340d85df97c,4,4000
4577738580,735,3046.61,WAITING,00a417fb-f2b9-4bb8-90c0-0787c3f2e3c7,3,2000
4581127540,656,7553.21,QUOTATION,791660af-f0db-4fbd-a3a4-86bd38182556,1,3000
4504054423,981,8793.76,APPROVED,a4926703-442b-4179-808a-04de7d4e1015,5,3000
4577188164,226,3220.55,REJECTED,74d238f7-61d4-41c6-9d51-b05f2eddcb36,4,4000
4537367278,393,11.05,WAITING,fe53d2be-049c-47fa-871a-c4a8b1a10e40,5,2000
4566835577,665,2174.52,WAITING,0439439c-8945-42c4-b079-5340d85df97c,1,1000
4548017601,599,6366.3,REJECTED,134244b2-90f7-4d62-8488-d71e29828266,2,4000
4584360725,477,5484.53,QUOTATION,b0154cbb-c693-4062-88b9-a8acf4402b56,1,3000
4550281476,112,6082.7,APPROVED,71b893be-0a75-41a7-9a52-bcdb771cc5ec,3,1000
4579581027,485,3931.98,APPROVED,3341d7ea-5bed-42e4-82c2-18d0adfbcdf1,3,3000
4568498822,948,7476.75,QUOTATION,a9da22e7-f42f-4428-9083-96395b7a7e9a,4,1000
4533960999,426,7255.87,WAITING,408c4fe5-9066-4997-8f1c-ad8daae4b1f6,3,1000
4588064707,346,3746.22,QUOTATION,9ec93c76-9578-4947-a5ca-def516b026cb,1,4000
4599224736,841,6628.96,WAITING,408c4fe5-9066-4997-8f1c-ad8daae4b1f6,4,3000
4584224905,898,95.74,APPROVED,f6dd041e-f994-407c-9a1b-2ee8a39b9b25,4,2000
4578414360,297,9116.3,WAITING,a4926703-442b-4179-808a-04de7d4e1015,5,1000
4504869732,584,8469.92,REJECTED,31ac60a6-1bc1-442c-ae10-4a420f770538,1,4000
4571873022,242,7627.99,REJECTED,e069016d-d217-4fbc-b438-1e8790b731fb,4,2000
4580556049,415,8003.86,WAITING,4029508a-afa4-4faf-b175-4bb65b8a4dbb,3,1000
4555994379,273,1591.05,WAITING,ea38b7e1-b488-4873-ab04-3066d219b434,3,4000
4504477091,426,2116.4,REJECTED,a4926703-442b-4179-808a-04de7d4e1015,1,4000
4592324225,10,7444.33,WAITING,da731710-48f7-4c02-8dd6-917ff4c62e3b,3,4000
4578702653,710,9258.64,QUOTATION,fcc9df1e-2761-4b55-8f60-015b21066d78,2,4000
4577283498,920,1708.31,QUOTATION,a9da22e7-f42f-4428-9083-96395b7a7e9a,3,4000
4555610119,995,6076.78,QUOTATION,e7ba4d18-37bf-472c-9d3a-7756c21a55c9,2,1000
4524916463,27,9103.67,REJECTED,9c7454a7-b80c-4d19-b841-4c0343b75add,2,4000
4582095864,840,3744.02,REJECTED,791660af-f0db-4fbd-a3a4-86bd38182556,3,1000
4562287205,670,3563.42,APPROVED,cea90057-5542-4a9f-8ad8-2fa263b39b7b,2,4000
4568077665,879,9560.88,QUOTATION,ba5b8587-5d45-44ac-9e4e-16cb4b3afecc,4,1000
4524880500,916,8594.26,WAITING,d5b6a98e-464a-4e85-ad1c-7fd6be7df835,2,3000
4559727689,456,9406.96,WAITING,d5b6a98e-464a-4e85-ad1c-7fd6be7df835,2,4000
4529421391,654,9602.99,WAITING,384bae62-8ba8-4cac-b8ad-3df4e68bcafa,3,4000
4554399560,942,2367.98,APPROVED,ba3d4978-80db-4a12-9f06-e4c698936184,4,3000
4564909654,893,6502.28,REJECTED,ce1eeb99-74a8-4547-b95c-345102c07d21,2,1000
4587068566,836,64.26,REJECTED,41f3b33b-8871-42fd-90d5-1d1d9f2d5aed,5,2000
4562495887,517,4087.97,QUOTATION,bf599d91-442c-4e09-b5ae-b9f08a417d11,3,3000
4541451191,182,354.52,APPROVED,fe53d2be-049c-47fa-871a-c4a8b1a10e40,5,1000
4503978465,888,7922.67,APPROVED,0439439c-8945-42c4-b079-5340d85df97c,2,1000
4565241509,517,440.69,APPROVED,a1a6e723-19c6-46fd-a584-917efe27f127,1,4000
4597625929,541,7136.56,REJECTED,134244b2-90f7-4d62-8488-d71e29828266,1,2000
4552413419,634,6289.84,APPROVED,fffeaf8f-4b6b-4357-a309-89f4769c36da,5,2000
4521931474,660,3455.56,WAITING,9a109dc4-7be3-4aec-94bb-ede38f79ae14,1,1000
4512106576,11,9457.62,APPROVED,975480d4-8c15-44ba-8c55-a9938bdaa2c4,3,1000
4567178003,132,4300.93,QUOTATION,4a2d279e-2495-496f-80d9-bc5a45e3b6b4,5,3000
4510548217,740,4869.97,REJECTED,ea38b7e1-b488-4873-ab04-3066d219b434,4,3000
4544813262,3,5649.95,REJECTED,6cc3c3b9-23fa-4969-8791-af89dedc62c9,5,4000
4565014864,487,6861.9,QUOTATION,ad64acbd-9045-44ec-9111-f6b3b90cb060,5,4000
4545991532,124,9877.75,REJECTED,8df0c99e-2745-44ae-94ee-ad79cb114fdb,5,2000
4509145047,508,8532.9,APPROVED,84aadcf6-499b-4416-9a35-3e546eb39a5c,2,3000
4579042023,440,3692.19,APPROVED,2cf52c48-a37c-4244-a030-3fe16c443ecd,4,3000
4538605698,307,9293.14,WAITING,3d3527a9-4ef5-45d5-83c2-4178789f9921,3,1000
4586708727,304,7703.89,APPROVED,b6bbc970-46d2-4ff4-9c52-80f378cfe8ea,5,1000
4562930754,229,4305.09,WAITING,a1ad3c2b-45ca-491c-8ef2-a64af7d19e43,1,2000
4528888682,808,3387.51,APPROVED,daffc87a-fdb5-424e-9155-782c6cd1b731,3,1000
4532875861,45,6932.05,APPROVED,35672019-b6d1-42b4-b906-8819b248182e,3,2000
4583824020,523,6346.25,QUOTATION,62117371-6664-4e90-9e4c-e3939789c81a,1,2000
4529541007,859,9318.16,REJECTED,134244b2-90f7-4d62-8488-d71e29828266,3,3000
4511357938,617,4388.32,APPROVED,5257f4f1-580e-4eb3-89f9-6cae458e4509,3,3000
4580637879,383,5839.49,QUOTATION,4a5df305-6d85-4b5a-81ca-b2a776017f8f,3,3000
4549645936,981,3667.01,WAITING,0c328cd6-def4-4097-8b5d-ef9b4362cfd3,2,3000
4583128492,208,641.73,APPROVED,cea90057-5542-4a9f-8ad8-2fa263b39b7b,2,4000
4508005791,662,7888.91,REJECTED,3f3292d8-3056-42da-9ec5-d080c252a223,4,4000
4580730163,240,9157.97,QUOTATION,f6979cad-3c89-4280-985d-d7f07aaa8c2b,4,4000
4561879341,589,4602.94,QUOTATION,9ec93c76-9578-4947-a5ca-def516b026cb,4,2000
4561627141,887,7554.29,APPROVED,134244b2-90f7-4d62-8488-d71e29828266,2,3000
4538716377,450,7282.24,WAITING,0c328cd6-def4-4097-8b5d-ef9b4362cfd3,5,4000
4527609312,990,9663.65,WAITING,bcebc30c-15e5-48e2-9c32-c86d886f82a0,1,3000
4541329304,723,2202.95,QUOTATION,56ae9e46-c0b2-46ca-b51d-5686e00ce4a6,5,2000
4597577660,367,5577.34,WAITING,b020551c-5fe7-45ea-881a-6fa78332362d,3,4000
4553516264,749,2319.75,WAITING,62117371-6664-4e90-9e4c-e3939789c81a,3,2000
4546615928,35,8782.16,QUOTATION,3c65561d-5119-4985-87e7-48965fe9f62c,4,4000
4549855314,471,1260.49,WAITING,2c7b9d8a-6b92-4a21-a03e-024e434a203d,3,4000
4594889833,768,4114.8,REJECTED,74d238f7-61d4-41c6-9d51-b05f2eddcb36,4,1000
4592203249,673,5965.33,APPROVED,834a14f7-cbd7-4220-9587-cd61c93c8253,5,3000
4583722308,372,7532.62,APPROVED,76fa0c16-dc3a-4a9b-b914-de6a0097f3dc,2,1000
4537075202,751,6768.41,REJECTED,05767575-2944-4457-9aa7-06e1dae2ae25,1,3000
4570925216,391,835.95,QUOTATION,5257f4f1-580e-4eb3-89f9-6cae458e4509,5,1000
4582073782,988,5681.22,APPROVED,de541e55-b7b6-404a-8ce0-a6f1ea925750,1,4000
4551555352,48,3940.57,QUOTATION,4a5df305-6d85-4b5a-81ca-b2a776017f8f,2,1000
4547268586,166,3811.49,REJECTED,0c328cd6-def4-4097-8b5d-ef9b4362cfd3,5,4000
4586117444,325,4292.67,APPROVED,b577718c-a2a9-4f8a-a41c-7cac0d102aab,5,2000
4591569855,351,895.07,REJECTED,0c328cd6-def4-4097-8b5d-ef9b4362cfd3,2,4000
4550144689,803,6769.38,APPROVED,b6bbc970-46d2-4ff4-9c52-80f378cfe8ea,4,2000
4569341775,123,2411.75,APPROVED,3d3527a9-4ef5-45d5-83c2-4178789f9921,5,3000
4544755748,739,1012.78,APPROVED,0c328cd6-def4-4097-8b5d-ef9b4362cfd3,4,3000
4541791578,883,166.57,QUOTATION,82ebf1b0-6982-4deb-ac51-c7a6d0a68c5d,2,1000
4552029549,420,8378.48,APPROVED,3ee51816-f540-45e6-8401-474c5df84e78,4,1000
4587981820,359,7639.8,REJECTED,4029508a-afa4-4faf-b175-4bb65b8a4dbb,2,2000
4528231788,764,8728.52,REJECTED,bf599d91-442c-4e09-b5ae-b9f08a417d11,1,1000
4540747272,240,2162.87,REJECTED,a9da22e7-f42f-4428-9083-96395b7a7e9a,4,3000
4553607264,943,6129.97,APPROVED,41f3b33b-8871-42fd-90d5-1d1d9f2d5aed,5,1000
4543430992,523,6393.52,QUOTATION,b020551c-5fe7-45ea-881a-6fa78332362d,3,2000
4512498361,746,4112.04,WAITING,408c4fe5-9066-4997-8f1c-ad8daae4b1f6,3,1000
4521349277,203,8047.63,APPROVED,fffeaf8f-4b6b-4357-a309-89f4769c36da,3,3000
4501944233,142,9557.35,QUOTATION,b0154cbb-c693-4062-88b9-a8acf4402b56,3,3000
4517812463,213,8183.07,QUOTATION,2c6e3cb9-21cb-4de6-ae38-f117a3cbdfe2,3,1000
4521674578,236,7047.94,APPROVED,cea90057-5542-4a9f-8ad8-2fa263b39b7b,3,2000
4518779579,424,2084.45,APPROVED,915bda23-d2b3-4bab-9d3b-0b701beb76fa,4,4000
4540463532,800,9587.35,WAITING,37bf8863-0046-49cb-a72c-f7e41661214b,2,1000
4551372895,653,8003.32,APPROVED,3c65561d-5119-4985-87e7-48965fe9f62c,4,3000
4550248334,477,5608.29,REJECTED,00a417fb-f2b9-4bb8-90c0-0787c3f2e3c7,5,2000
4576902905,96,821.0,REJECTED,110f8801-eea1-420d-98e6-dd439569747b,4,1000
4512211565,735,2460.55,REJECTED,8df0c99e-2745-44ae-94ee-ad79cb114fdb,3,1000
4535978721,64,2082.23,QUOTATION,cea90057-5542-4a9f-8ad8-2fa263b39b7b,4,1000
4584226276,500,3455.26,QUOTATION,9fc109ea-2585-4c23-9329-2ccda2d964eb,3,4000
4511510824,852,2828.0,QUOTATION,134244b2-90f7-4d62-8488-d71e29828266,5,4000
4539491343,163,5132.98,WAITING,a4926703-442b-4179-808a-04de7d4e1015,4,4000
4524871969,356,2637.75,WAITING,134244b2-90f7-4d62-8488-d71e29828266,4,3000
4567615438,261,8864.58,QUOTATION,cea90057-5542-4a9f-8ad8-2fa263b39b7b,3,3000
4530074287,542,9067.61,WAITING,f6dd041e-f994-407c-9a1b-2ee8a39b9b25,3,4000
4510300587,496,3532.15,WAITING,cf11fe2a-443a-44e9-96b0-e6b91ddfa87d,3,4000
4596968101,213,9819.53,WAITING,84aadcf6-499b-4416-9a35-3e546eb39a5c,2,2000
4526732513,915,4371.68,APPROVED,d5b6a98e-464a-4e85-ad1c-7fd6be7df835,1,3000
4520765755,84,8495.89,QUOTATION,0a58bce2-1697-4c89-b568-ae280f33f982,2,2000
4532429634,784,5782.36,APPROVED,2c6e3cb9-21cb-4de6-ae38-f117a3cbdfe2,4,1000
4525224710,859,4934.48,WAITING,2c6e3cb9-21cb-4de6-ae38-f117a3cbdfe2,1,2000
4513894030,941,469.0,REJECTED,0439439c-8945-42c4-b079-5340d85df97c,5,3000
4573596024,133,2223.36,APPROVED,c40f8a37-9024-4fcd-80a6-7917301ba6bd,3,4000
4553414369,948,714.31,WAITING,3341d7ea-5bed-42e4-82c2-18d0adfbcdf1,1,2000
4526861486,389,8266.42,APPROVED,6c55f239-a4f0-4edd-afe8-02d129db9eda,1,3000
4555497238,340,6725.54,REJECTED,3f3292d8-3056-42da-9ec5-d080c252a223,1,4000
4590433200,302,690.08,REJECTED,4a2d279e-2495-496f-80d9-bc5a45e3b6b4,4,1000
4568106728,420,7592.17,QUOTATION,611eefb3-ef38-4a2e-831a-15aff1dde8f8,5,1000
4587218967,433,8136.51,APPROVED,bcebc30c-15e5-48e2-9c32-c86d886f82a0,3,2000
4525694963,905,5626.77,WAITING,d5b6a98e-464a-4e85-ad1c-7fd6be7df835,2,1000
4505694737,832,767.3,WAITING,37bf8863-0046-49cb-a72c-f7e41661214b,3,4000
4529584448,223,613.2,REJECTED,00a417fb-f2b9-4bb8-90c0-0787c3f2e3c7,5,1000
4508096250,441,8933.1,QUOTATION,651e8d5b-8636-4635-a934-6f9427d506b8,5,1000
4534228137,767,9721.99,REJECTED,a1ad3c2b-45ca-491c-8ef2-a64af7d19e43,3,4000
4551212423,24,7596.29,REJECTED,bf599d91-442c-4e09-b5ae-b9f08a417d11,5,2000
4510349882,588,2759.28,REJECTED,2cf52c48-a37c-4244-a030-3fe16c443ecd,4,4000
4567132423,147,6103.82,REJECTED,915bda23-d2b3-4bab-9d3b-0b701beb76fa,2,4000
4592198605,40,8777.44,APPROVED,a1ad3c2b-45ca-491c-8ef2-a64af7d19e43,2,1000
4578346084,121,8015.3,REJECTED,3d3527a9-4ef5-45d5-83c2-4178789f9921,5,2000
4540043087,354,7963.36,REJECTED,71b893be-0a75-41a7-9a52-bcdb771cc5ec,3,4000
4574137572,438,6393.28,QUOTATION,fffeaf8f-4b6b-4357-a309-89f4769c36da,5,3000
4508507635,810,7088.22,QUOTATION,d4dbba0a-2b26-4233-9017-bb25b2e860f3,1,2000
4508864006,819,8706.22,QUOTATION,68681084-7b12-4fd9-9704-7da3802cb451,5,1000
4572739358,546,5899.26,WAITING,cf11fe2a-443a-44e9-96b0-e6b91ddfa87d,3,1000
4520494761,473,4131.21,WAITING,76fa0c16-dc3a-4a9b-b914-de6a0097f3dc,2,4000
4591248853,932,8679.05,QUOTATION,4a5df305-6d85-4b5a-81ca-b2a776017f8f,2,2000
4591606418,386,7994.9,REJECTED,76fa0c16-dc3a-4a9b-b914-de6a0097f3dc,3,4000
4542703713,983,4070.09,REJECTED,32149af9-a4f0-4e80-a73d-490a9faef06f,1,4000
4512721355,69,3385.01,APPROVED,ebfe58ef-0dee-41d8-859e-ae2bff66e7fc,2,4000
4593890328,826,8038.01,QUOTATION,0e752cfe-75ff-427d-8214-57710b509b33,3,2000
4563706470,496,9096.66,APPROVED,ad64acbd-9045-44ec-9111-f6b3b90cb060,1,3000
4545224823,291,4234.92,REJECTED,15ddc72a-7103-4a88-a951-49c5aa75affd,3,2000
4558291283,543,9152.35,QUOTATION,3c65561d-5119-4985-87e7-48965fe9f62c,2,3000
4591463046,106,8169.36,QUOTATION,ad64acbd-9045-44ec-9111-f6b3b90cb060,2,3000
4515191080,986,1718.17,WAITING,408c4fe5-9066-4997-8f1c-ad8daae4b1f6,5,2000
4593069952,200,6353.18,APPROVED,ba5b8587-5d45-44ac-9e4e-16cb4b3afecc,4,4000
4558274219,140,8612.35,REJECTED,ad64acbd-9045-44ec-9111-f6b3b90cb060,1,1000
4589047066,631,7925.62,QUOTATION,a1ad3c2b-45ca-491c-8ef2-a64af7d19e43,5,3000
4597230581,391,6250.99,QUOTATION,611eefb3-ef38-4a2e-831a-15aff1dde8f8,5,2000
4500131947,148,3842.44,REJECTED,d5b6a98e-464a-4e85-ad1c-7fd6be7df835,2,2000
4599290404,529,8776.0,WAITING,9c7454a7-b80c-4d19-b841-4c0343b75add,2,4000
4519156591,518,5430.36,WAITING,651e8d5b-8636-4635-a934-6f9427d506b8,1,3000
4509516169,575,3028.92,QUOTATION,01bb5e4b-33d3-4db2-85a2-499f5c9e31b4,1,2000
4545976907,211,3061.24,REJECTED,0f7e95f4-4fb9-4987-a1e1-5264880e721e,1,2000
4504044700,780,7761.48,QUOTATION,5c250769-58e7-4a67-92b8-05566aab2cd0,2,4000
4594066227,718,290.39,QUOTATION,9c7454a7-b80c-4d19-b841-4c0343b75add,3,1000
4540980744,481,7839.31,REJECTED,9fc109ea-2585-4c23-9329-2ccda2d964eb,5,4000
4536704150,994,5921.83,WAITING,f6dd041e-f994-407c-9a1b-2ee8a39b9b25,1,3000
4554996183,88,7917.06,APPROVED,9a109dc4-7be3-4aec-94bb-ede38f79ae14,4,3000
4511837371,218,9567.86,QUOTATION,0f7e95f4-4fb9-4987-a1e1-5264880e721e,3,1000
4562469905,39,8562.82,REJECTED,b577718c-a2a9-4f8a-a41c-7cac0d102aab,3,3000
4534659008,856,3647.29,APPROVED,3341d7ea-5bed-42e4-82c2-18d0adfbcdf1,2,1000
4513193028,169,239.78,REJECTED,915bda23-d2b3-4bab-9d3b-0b701beb76fa,4,4000
4578974729,935,6852.58,APPROVED,791660af-f0db-4fbd-a3a4-86bd38182556,5,4000
4527733339,621,967.93,REJECTED,a1a6e723-19c6-46fd-a584-917efe27f127,4,3000
4549215228,923,3440.41,APPROVED,915bda23-d2b3-4bab-9d3b-0b701beb76fa,4,1000
4556377801,626,2937.59,WAITING,134244b2-90f7-4d62-8488-d71e29828266,1,2000
4562956607,202,1867.17,APPROVED,0a58bce2-1697-4c89-b568-ae280f33f982,1,2000
4504000132,844,3801.55,REJECTED,a9da22e7-f42f-4428-9083-96395b7a7e9a,4,1000
4545721777,675,3922.22,APPROVED,fe53d2be-049c-47fa-871a-c4a8b1a10e40,3,2000
4584931938,743,3903.66,WAITING,ebfe58ef-0dee-41d8-859e-ae2bff66e7fc,2,3000
4594279194,593,5195.37,WAITING,77b34563-244c-46da-b014-af1a9c7fa9e4,2,3000
4562044727,421,7883.98,APPROVED,a1a6e723-19c6-46fd-a584-917efe27f127,4,4000
4542910108,39,7936.87,QUOTATION,ea38b7e1-b488-4873-ab04-3066d219b434,4,2000
4552834369,376,4011.29,WAITING,dbce3e63-1a5c-4595-a1f9-d09c3d978567,4,4000
4548677802,695,4620.22,APPROVED,41f3b33b-8871-42fd-90d5-1d1d9f2d5aed,5,1000
4525304576,115,1918.39,WAITING,a1ad3c2b-45ca-491c-8ef2-a64af7d19e43,5,3000
4548395019,171,8768.45,WAITING,56ae9e46-c0b2-46ca-b51d-5686e00ce4a6,2,4000
4594373190,219,3453.27,APPROVED,9a109dc4-7be3-4aec-94bb-ede38f79ae14,3,3000
4556794811,335,219.17,QUOTATION,6c55f239-a4f0-4edd-afe8-02d129db9eda,1,4000
4520529912,707,8209.82,WAITING,d7da1df8-a4af-4efe-a657-570c6d350470,1,4000
4583105105,415,9272.34,REJECTED,a9da22e7-f42f-4428-9083-96395b7a7e9a,1,2000
4564954213,525,1283.85,WAITING,fffeaf8f-4b6b-4357-a309-89f4769c36da,4,3000
4566008799,912,2109.57,QUOTATION,5c250769-58e7-4a67-92b8-05566aab2cd0,2,1000
4504545843,697,1598.65,REJECTED,51991c98-a328-457f-a862-0962b2d30ddc,2,4000
4513816171,222,1764.86,WAITING,b0154cbb-c693-4062-88b9-a8acf4402b56,1,2000
4592857397,456,1997.35,QUOTATION,2c7b9d8a-6b92-4a21-a03e-024e434a203d,4,2000
4514473136,318,9331.87,REJECTED,73df3d25-bcec-47a6-8d66-6b628e81ed2d,2,4000
4599525878,263,6140.08,QUOTATION,a4926703-442b-4179-808a-04de7d4e1015,1,2000
4583769516,151,9255.83,APPROVED,110f8801-eea1-420d-98e6-dd439569747b,4,3000
4542004635,963,7479.79,QUOTATION,975480d4-8c15-44ba-8c55-a9938bdaa2c4,5,1000
4562435496,57,9109.32,WAITING,bf599d91-442c-4e09-b5ae-b9f08a417d11,5,4000
4540954552,880,4704.05,QUOTATION,ea38b7e1-b488-4873-ab04-3066d219b434,3,4000
4527342032,5,208.56,REJECTED,c40f8a37-9024-4fcd-80a6-7917301ba6bd,2,2000
4573718730,116,5299.12,WAITING,408c4fe5-9066-4997-8f1c-ad8daae4b1f6,2,4000
4543745436,636,5208.7,REJECTED,51991c98-a328-457f-a862-0962b2d30ddc,3,3000
4537228207,311,7424.12,WAITING,975480d4-8c15-44ba-8c55-a9938bdaa2c4,1,4000
4566244723,655,7529.0,APPROVED,41f3b33b-8871-42fd-90d5-1d1d9f2d5aed,3,3000
4573989901,451,5149.23,APPROVED,b0154cbb-c693-4062-88b9-a8acf4402b56,1,3000
4595367756,830,9179.3,APPROVED,bcebc30c-15e5-48e2-9c32-c86d886f82a0,1,2000
4528230170,613,4570.79,QUOTATION,37bf8863-0046-49cb-a72c-f7e41661214b,2,3000
4559742205,501,5591.05,QUOTATION,8ca5ca23-a910-469b-aec1-73bd31d74ba2,4,2000
4595600605,732,531.07,WAITING,cea90057-5542-4a9f-8ad8-2fa263b39b7b,1,2000
4564366823,299,4293.47,REJECTED,834a14f7-cbd7-4220-9587-cd61c93c8253,4,3000
4560542876,210,4619.03,APPROVED,8ca5ca23-a910-469b-aec1-73bd31d74ba2,1,3000
4511570498,196,2652.74,REJECTED,77b34563-244c-46da-b014-af1a9c7fa9e4,5,3000
4555295890,980,9667.47,REJECTED,d7da1df8-a4af-4efe-a657-570c6d350470,2,4000
4506295224,379,8988.72,APPROVED,d4dbba0a-2b26-4233-9017-bb25b2e860f3,5,4000
4576616642,330,9636.11,QUOTATION,915bda23-d2b3-4bab-9d3b-0b701beb76fa,3,2000
4570315929,315,8294.12,WAITING,2c6e3cb9-21cb-4de6-ae38-f117a3cbdfe2,1,3000
4578871261,861,7366.65,REJECTED,ba3d4978-80db-4a12-9f06-e4c698936184,1,3000
4548153600,146,2302.08,APPROVED,3f3292d8-3056-42da-9ec5-d080c252a223,5,2000
4573319591,398,5789.14,QUOTATION,a9da22e7-f42f-4428-9083-96395b7a7e9a,1,1000
4584215243,825,4263.0,APPROVED,b6bbc970-46d2-4ff4-9c52-80f378cfe8ea,2,2000
4557124512,75,7931.66,REJECTED,12a301b9-4c71-4181-a853-d29be7b6bd18,1,4000
4584286107,531,8484.5,QUOTATION,3f3292d8-3056-42da-9ec5-d080c252a223,3,1000
4573768962,654,8560.5,APPROVED,3d3527a9-4ef5-45d5-83c2-4178789f9921,3,4000
4584182184,737,8570.25,REJECTED,d4dbba0a-2b26-4233-9017-bb25b2e860f3,3,3000
4579750112,328,3259.12,WAITING,da731710-48f7-4c02-8dd6-917ff4c62e3b,3,4000
4521309388,312,2562.07,REJECTED,bf599d91-442c-4e09-b5ae-b9f08a417d11,2,1000
4592223364,992,6368.08,APPROVED,4029508a-afa4-4faf-b175-4bb65b8a4dbb,3,2000
4574900364,539,2076.26,WAITING,8ca5ca23-a910-469b-aec1-73bd31d74ba2,4,4000
4506037884,366,830.51,APPROVED,6c55f239-a4f0-4edd-afe8-02d129db9eda,5,4000
4518488242,83,834.44,QUOTATION,b0154cbb-c693-4062-88b9-a8acf4402b56,4,3000
4550400421,349,6923.58,REJECTED,77b34563-244c-46da-b014-af1a9c7fa9e4,5,4000
4542301681,648,8127.85,APPROVED,bf599d91-442c-4e09-b5ae-b9f08a417d11,5,2000
4586519259,470,981.34,APPROVED,834a14f7-cbd7-4220-9587-cd61c93c8253,3,4000
4528691182,956,8910.26,QUOTATION,56ae9e46-c0b2-46ca-b51d-5686e00ce4a6,5,3000
4535768972,800,6403.99,REJECTED,82ebf1b0-6982-4deb-ac51-c7a6d0a68c5d,5,3000
4509318085,586,4953.3,QUOTATION,fe53d2be-049c-47fa-871a-c4a8b1a10e40,2,3000
4512358333,7,2569.0,QUOTATION,110f8801-eea1-420d-98e6-dd439569747b,1,1000
4531611215,9,480.24,QUOTATION,4029508a-afa4-4faf-b175-4bb65b8a4dbb,2,4000
4511805095,540,4175.97,QUOTATION,9c7454a7-b80c-4d19-b841-4c0343b75add,1,2000
4542775485,370,2805.93,APPROVED,d5b6a98e-464a-4e85-ad1c-7fd6be7df835,5,2000
4571523739,519,5788.48,APPROVED,77b34563-244c-46da-b014-af1a9c7fa9e4,4,3000
4585177100,425,8317.42,WAITING,134244b2-90f7-4d62-8488-d71e29828266,1,3000
4570108136,470,6149.66,REJECTED,ad64acbd-9045-44ec-9111-f6b3b90cb060,5,3000
4560915554,855,1802.39,QUOTATION,73df3d25-bcec-47a6-8d66-6b628e81ed2d,5,2000
4501360616,827,7380.27,QUOTATION,0439439c-8945-42c4-b079-5340d85df97c,2,1000
4529675305,144,3251.01,WAITING,ce1eeb99-74a8-4547-b95c-345102c07d21,3,3000
4503679206,4,7221.78,APPROVED,f524f9ee-95cb-4e66-a6c1-b58f8296e7f3,2,3000
4597414713,436,906.75,REJECTED,975480d4-8c15-44ba-8c55-a9938bdaa2c4,1,2000
4596125154,426,2736.58,REJECTED,bf599d91-442c-4e09-b5ae-b9f08a417d11,1,3000
4539060512,550,1996.09,QUOTATION,6cc3c3b9-23fa-4969-8791-af89dedc62c9,1,1000
4522166073,25,9764.06,APPROVED,68681084-7b12-4fd9-9704-7da3802cb451,4,1000
4577947512,363,4881.39,QUOTATION,31ac60a6-1bc1-442c-ae10-4a420f770538,1,2000
4591069029,341,6395.08,APPROVED,2c7b9d8a-6b92-4a21-a03e-024e434a203d,3,3000
4576189071,444,7310.71,APPROVED,b6bbc970-46d2-4ff4-9c52-80f378cfe8ea,4,3000
4532068480,328,6661.9,APPROVED,6cc3c3b9-23fa-4969-8791-af89dedc62c9,3,1000
4578822282,64,3557.13,REJECTED,408c4fe5-9066-4997-8f1c-ad8daae4b1f6,2,2000
4583847947,899,5465.34,WAITING,9c7454a7-b80c-4d19-b841-4c0343b75add,3,2000
4554942330,461,3857.39,WAITING,a9da22e7-f42f-4428-9083-96395b7a7e9a,3,1000
4524982769,819,6353.21,APPROVED,791660af-f0db-4fbd-a3a4-86bd38182556,1,3000
4575576197,261,5094.59,REJECTED,3c65561d-5119-4985-87e7-48965fe9f62c,4,4000
4523306207,362,8488.42,WAITING,12a301b9-4c71-4181-a853-d29be7b6bd18,3,2000
4555394354,188,359.57,QUOTATION,975480d4-8c15-44ba-8c55-a9938bdaa2c4,3,1000
4513138670,558,9803.22,WAITING,de541e55-b7b6-404a-8ce0-a6f1ea925750,5,3000
4530714200,538,6262.36,APPROVED,dbce3e63-1a5c-4595-a1f9-d09c3d978567,3,1000
4584135671,137,6046.58,QUOTATION,62117371-6664-4e90-9e4c-e3939789c81a,2,2000
4589594917,281,8921.76,APPROVED,77b34563-244c-46da-b014-af1a9c7fa9e4,5,2000
4552660826,898,495.02,QUOTATION,e7ba4d18-37bf-472c-9d3a-7756c21a55c9,5,1000
4567391965,247,9760.16,WAITING,5257f4f1-580e-4eb3-89f9-6cae458e4509,1,4000
4569308511,970,2438.1,REJECTED,0a58bce2-1697-4c89-b568-ae280f33f982,5,2000
4549565360,144,4793.82,REJECTED,0f7e95f4-4fb9-4987-a1e1-5264880e721e,4,1000
4551861245,67,1852.41,REJECTED,f524f9ee-95cb-4e66-a6c1-b58f8296e7f3,2,1000
4524581742,129,1716.76,REJECTED,ad64acbd-9045-44ec-9111-f6b3b90cb060,3,3000
4552594629,941,9159.15,REJECTED,d4dbba0a-2b26-4233-9017-bb25b2e860f3,1,1000
4585203900,897,4235.66,APPROVED,aa51a37d-2867-459b-8885-b5c8b161616a,2,4000
4527841345,574,4248.78,QUOTATION,dbce3e63-1a5c-4595-a1f9-d09c3d978567,4,1000
4570095028,533,6506.4,APPROVED,28d388a1-0e70-41d0-a8a1-abb9e3263b7b,1,2000
4545249173,796,1508.85,QUOTATION,15ddc72a-7103-4a88-a951-49c5aa75affd,5,2000
4507864955,353,7173.33,WAITING,b020551c-5fe7-45ea-881a-6fa78332362d,3,4000
4524003058,528,6311.86,QUOTATION,d5b6a98e-464a-4e85-ad1c-7fd6be7df835,4,3000
4572203308,839,9736.61,APPROVED,3c65561d-5119-4985-87e7-48965fe9f62c,2,2000
4523032338,324,5381.49,WAITING,b020551c-5fe7-45ea-881a-6fa78332362d,2,1000
4516796620,719,3816.47,REJECTED,ea38b7e1-b488-4873-ab04-3066d219b434,5,4000
4549669618,119,7337.68,REJECTED,73df3d25-bcec-47a6-8d66-6b628e81ed2d,4,1000
4574779110,161,1730.72,APPROVED,3d3527a9-4ef5-45d5-83c2-4178789f9921,2,4000
4577289602,96,1936.56,WAITING,31ac60a6-1bc1-442c-ae10-4a420f770538,5,2000
4571383631,49,5722.29,QUOTATION,4a5df305-6d85-4b5a-81ca-b2a776017f8f,2,4000
4533440047,124,1953.08,QUOTATION,f524f9ee-95cb-4e66-a6c1-b58f8296e7f3,1,3000
4511532457,468,1846.22,QUOTATION,2c7b9d8a-6b92-4a21-a03e-024e434a203d,1,3000
4502983165,920,9375.31,APPROVED,41e46c83-90d4-4836-a022-b900a018b3fa,3,3000
4518408649,174,6409.23,APPROVED,975480d4-8c15-44ba-8c55-a9938bdaa2c4,2,3000
4527644724,525,5287.77,QUOTATION,fe53d2be-049c-47fa-871a-c4a8b1a10e40,3,2000
4509361583,897,7540.77,REJECTED,35672019-b6d1-42b4-b906-8819b248182e,1,1000
4530360905,657,3071.12,REJECTED,35672019-b6d1-42b4-b906-8819b248182e,1,2000
4529682441,523,5470.82,WAITING,00a417fb-f2b9-4bb8-90c0-0787c3f2e3c7,3,3000
4535248879,471,1955.99,QUOTATION,b0154cbb-c693-4062-88b9-a8acf4402b56,2,3000
4556700576,51,450.86,QUOTATION,a1ad3c2b-45ca-491c-8ef2-a64af7d19e43,1,1000
4500713470,382,4499.28,REJECTED,32149af9-a4f0-4e80-a73d-490a9faef06f,5,1000
4531598657,835,4542.15,WAITING,4029508a-afa4-4faf-b175-4bb65b8a4dbb,1,2000
4583363072,380,3480.44,WAITING,41f3b33b-8871-42fd-90d5-1d1d9f2d5aed,5,1000
4569266225,689,7711.5,QUOTATION,aa51a37d-2867-459b-8885-b5c8b161616a,3,4000
4530425177,705,6984.54,QUOTATION,651e8d5b-8636-4635-a934-6f9427d506b8,5,4000
4594619526,834,5653.51,QUOTATION,17dffc12-ac1a-44ed-ad09-3c824851c624,1,2000
4555956456,826,3072.2,QUOTATION,3341d7ea-5bed-42e4-82c2-18d0adfbcdf1,4,3000
4597494856,626,7387.82,REJECTED,384bae62-8ba8-4cac-b8ad-3df4e68bcafa,3,1000
4539507400,413,1319.72,WAITING,ad64acbd-9045-44ec-9111-f6b3b90cb060,4,2000
4582250597,330,5175.71,REJECTED,ce1eeb99-74a8-4547-b95c-345102c07d21,4,2000
4500939491,237,9476.51,WAITING,ce1eeb99-74a8-4547-b95c-345102c07d21,5,4000
4503709019,349,3360.76,QUOTATION,d7da1df8-a4af-4efe-a657-570c6d350470,3,1000
4555961435,42,9544.67,WAITING,3d3527a9-4ef5-45d5-83c2-4178789f9921,3,3000
4569018036,613,6442.88,APPROVED,a1a6e723-19c6-46fd-a584-917efe27f127,2,2000
4525391552,589,2350.13,APPROVED,41f3b33b-8871-42fd-90d5-1d1d9f2d5aed,3,3000
4590124108,545,1723.79,WAITING,975480d4-8c15-44ba-8c55-a9938bdaa2c4,1,3000
4502394366,652,4117.73,APPROVED,d4dbba0a-2b26-4233-9017-bb25b2e860f3,2,4000
4519770453,219,5774.24,APPROVED,cea90057-5542-4a9f-8ad8-2fa263b39b7b,2,4000
4592711284,6,3783.71,APPROVED,0c328cd6-def4-4097-8b5d-ef9b4362cfd3,3,1000
4518924925,513,3391.91,APPROVED,b577718c-a2a9-4f8a-a41c-7cac0d102aab,2,1000
4555305597,761,8856.12,QUOTATION,3f3292d8-3056-42da-9ec5-d080c252a223,3,2000
4525178735,859,8205.92,QUOTATION,ce1eeb99-74a8-4547-b95c-345102c07d21,1,1000
4582962599,472,7925.02,QUOTATION,2c6e3cb9-21cb-4de6-ae38-f117a3cbdfe2,3,4000
4510301110,878,9602.14,REJECTED,d5b6a98e-464a-4e85-ad1c-7fd6be7df835,2,1000
4588325028,567,4471.55,REJECTED,daffc87a-fdb5-424e-9155-782c6cd1b731,5,1000
4528980852,338,6115.02,REJECTED,68681084-7b12-4fd9-9704-7da3802cb451,2,1000
4585262015,994,7877.27,QUOTATION,3d3527a9-4ef5-45d5-83c2-4178789f9921,5,3000
4518075518,246,9988.71,APPROVED,b0154cbb-c693-4062-88b9-a8acf4402b56,5,1000
4532004483,75,3589.8,APPROVED,9c7454a7-b80c-4d19-b841-4c0343b75add,2,2000
4512801501,384,8868.81,REJECTED,9ec93c76-9578-4947-a5ca-def516b026cb,2,4000
4535780599,282,826.11,REJECTED,3ee51816-f540-45e6-8401-474c5df84e78,1,4000
4536931636,994,3143.61,QUOTATION,d0d94739-009d-44aa-ae3d-8c35a65083c5,2,2000
4544856736,247,1811.47,QUOTATION,ad64acbd-9045-44ec-9111-f6b3b90cb060,3,2000
4599375022,804,8794.66,REJECTED,4a2d279e-2495-496f-80d9-bc5a45e3b6b4,5,1000
4554927451,17,9392.78,QUOTATION,f6dd041e-f994-407c-9a1b-2ee8a39b9b25,3,4000
4530208716,452,9194.81,QUOTATION,00a417fb-f2b9-4bb8-90c0-0787c3f2e3c7,5,2000
4552669862,312,3408.72,WAITING,fe53d2be-049c-47fa-871a-c4a8b1a10e40,2,1000
4508300697,450,2375.84,QUOTATION,0e752cfe-75ff-427d-8214-57710b509b33,1,1000
4573588750,456,4800.64,WAITING,5c250769-58e7-4a67-92b8-05566aab2cd0,3,4000
4529154434,325,8230.09,WAITING,b020551c-5fe7-45ea-881a-6fa78332362d,4,3000
4568444885,55,1217.65,APPROVED,b0154cbb-c693-4062-88b9-a8acf4402b56,3,3000
4596837810,730,9065.59,QUOTATION,2c6e3cb9-21cb-4de6-ae38-f117a3cbdfe2,5,3000
4517200087,896,6065.33,REJECTED,a4926703-442b-4179-808a-04de7d4e1015,1,4000
4583173805,268,3227.75,REJECTED,f6979cad-3c89-4280-985d-d7f07aaa8c2b,5,1000
4518775633,558,7401.8,WAITING,dbce3e63-1a5c-4595-a1f9-d09c3d978567,4,1000
4587026804,746,8637.24,WAITING,da731710-48f7-4c02-8dd6-917ff4c62e3b,1,4000
4575493415,977,1749.82,REJECTED,d5b6a98e-464a-4e85-ad1c-7fd6be7df835,3,4000
4550934555,248,3581.77,QUOTATION,51991c98-a328-457f-a862-0962b2d30ddc,3,4000
4594884593,336,3828.11,QUOTATION,daffc87a-fdb5-424e-9155-782c6cd1b731,1,1000
4573983006,203,2289.78,QUOTATION,fffeaf8f-4b6b-4357-a309-89f4769c36da,1,2000
4580352433,375,5102.98,APPROVED,31ac60a6-1bc1-442c-ae10-4a420f770538,3,3000
4568383238,505,3244.21,REJECTED,9ec93c76-9578-4947-a5ca-def516b026cb,3,3000
4524084708,125,6657.41,REJECTED,651e8d5b-8636-4635-a934-6f9427d506b8,1,4000
4573094724,842,525.5,REJECTED,0b319577-4ab0-4684-b112-b27aad212cb1,1,3000
4527315599,175,6875.59,WAITING,76fa0c16-dc3a-4a9b-b914-de6a0097f3dc,3,4000
4556054198,935,6731.53,APPROVED,4029508a-afa4-4faf-b175-4bb65b8a4dbb,2,3000
4563715611,640,1191.52,REJECTED,32149af9-a4f0-4e80-a73d-490a9faef06f,2,4000
4527400151,122,4343.1,QUOTATION,ce1eeb99-74a8-4547-b95c-345102c07d21,3,1000
4543216242,497,771.18,APPROVED,41f3b33b-8871-42fd-90d5-1d1d9f2d5aed,1,2000
4544162828,255,1715.98,WAITING,6c55f239-a4f0-4edd-afe8-02d129db9eda,3,1000
4572167326,131,9321.63,REJECTED,ba5b8587-5d45-44ac-9e4e-16cb4b3afecc,1,3000
4547351345,255,7309.99,QUOTATION,bcebc30c-15e5-48e2-9c32-c86d886f82a0,4,1000
4556775355,725,4395.83,APPROVED,651e8d5b-8636-4635-a934-6f9427d506b8,5,1000
4510048305,446,28.87,REJECTED,2c6e3cb9-21cb-4de6-ae38-f117a3cbdfe2,2,4000
4500048214,695,2845.24,REJECTED,b020551c-5fe7-45ea-881a-6fa78332362d,5,1000
4596862561,989,1424.31,APPROVED,d4dbba0a-2b26-4233-9017-bb25b2e860f3,2,1000
4539506055,377,4912.1,APPROVED,41f3b33b-8871-42fd-90d5-1d1d9f2d5aed,1,4000
4574693697,514,1279.31,QUOTATION,3d3527a9-4ef5-45d5-83c2-4178789f9921,1,4000
4564913816,952,3424.74,APPROVED,d0d94739-009d-44aa-ae3d-8c35a65083c5,1,4000
4525099137,158,373.61,WAITING,834a14f7-cbd7-4220-9587-cd61c93c8253,2,2000
4521734448,607,2037.82,WAITING,fe53d2be-049c-47fa-871a-c4a8b1a10e40,4,3000
4579517278,502,545.89,REJECTED,0c328cd6-def4-4097-8b5d-ef9b4362cfd3,4,3000
4520712222,351,190.79,WAITING,b577718c-a2a9-4f8a-a41c-7cac0d102aab,3,3000
4592943989,512,2313.39,APPROVED,74d238f7-61d4-41c6-9d51-b05f2eddcb36,4,4000
4504438827,76,8968.14,QUOTATION,da731710-48f7-4c02-8dd6-917ff4c62e3b,5,2000
4584545708,400,6379.11,REJECTED,ba3d4978-80db-4a12-9f06-e4c698936184,2,2000
4590187383,630,7017.89,APPROVED,3d3527a9-4ef5-45d5-83c2-4178789f9921,1,4000
4557337570,482,8149.44,APPROVED,8df0c99e-2745-44ae-94ee-ad79cb114fdb,3,2000
4561246177,873,3565.49,REJECTED,134244b2-90f7-4d62-8488-d71e29828266,5,4000
4551160575,363,9338.35,APPROVED,74d238f7-61d4-41c6-9d51-b05f2eddcb36,3,1000
4521558545,75,1245.13,APPROVED,834a14f7-cbd7-4220-9587-cd61c93c8253,4,1000
4537079243,234,4896.44,REJECTED,c40f8a37-9024-4fcd-80a6-7917301ba6bd,2,3000
4569113966,205,9911.21,QUOTATION,9ec93c76-9578-4947-a5ca-def516b026cb,5,3000
4530891220,407,8663.01,REJECTED,134244b2-90f7-4d62-8488-d71e29828266,1,3000
4567480011,171,2024.53,APPROVED,b0154cbb-c693-4062-88b9-a8acf4402b56,2,2000
4548910229,541,7318.85,REJECTED,611eefb3-ef38-4a2e-831a-15aff1dde8f8,3,2000
4511107240,973,6119.51,APPROVED,a1a6e723-19c6-46fd-a584-917efe27f127,2,2000
4580076094,833,5502.13,REJECTED,fe53d2be-049c-47fa-871a-c4a8b1a10e40,3,1000
4526407263,838,6139.99,REJECTED,de541e55-b7b6-404a-8ce0-a6f1ea925750,1,1000
4547609983,541,7415.3,QUOTATION,791660af-f0db-4fbd-a3a4-86bd38182556,2,1000
4523893892,146,6209.01,APPROVED,15ddc72a-7103-4a88-a951-49c5aa75affd,5,1000
4563585236,690,3674.46,REJECTED,de541e55-b7b6-404a-8ce0-a6f1ea925750,4,4000
4570762383,956,494.35,WAITING,71b893be-0a75-41a7-9a52-bcdb771cc5ec,5,1000
4588886233,560,9942.72,WAITING,35672019-b6d1-42b4-b906-8819b248182e,1,3000
4534424746,921,6002.05,WAITING,ea38b7e1-b488-4873-ab04-3066d219b434,5,1000
4578508199,311,3292.46,WAITING,51991c98-a328-457f-a862-0962b2d30ddc,5,4000
4551908706,790,4195.11,APPROVED,975480d4-8c15-44ba-8c55-a9938bdaa2c4,1,3000
4567085307,570,7073.64,APPROVED,cea90057-5542-4a9f-8ad8-2fa263b39b7b,3,4000
4509865316,248,1704.01,REJECTED,0a58bce2-1697-4c89-b568-ae280f33f982,4,2000
4592020268,658,9652.22,REJECTED,4029508a-afa4-4faf-b175-4bb65b8a4dbb,5,1000
4502156257,817,5596.03,QUOTATION,a9da22e7-f42f-4428-9083-96395b7a7e9a,2,2000
4574848170,626,6507.12,QUOTATION,9a109dc4-7be3-4aec-94bb-ede38f79ae14,5,4000
4587812667,973,9922.12,QUOTATION,fe53d2be-049c-47fa-871a-c4a8b1a10e40,1,3000
4519776967,589,9257.93,REJECTED,cea90057-5542-4a9f-8ad8-2fa263b39b7b,2,4000
4532783953,858,5425.02,REJECTED,0e752cfe-75ff-427d-8214-57710b509b33,2,2000
4512573216,695,4384.07,WAITING,12a301b9-4c71-4181-a853-d29be7b6bd18,5,1000
4582911438,921,3094.56,REJECTED,73df3d25-bcec-47a6-8d66-6b628e81ed2d,5,2000
4509546592,22,2190.38,APPROVED,a1ad3c2b-45ca-491c-8ef2-a64af7d19e43,2,2000
4599997281,369,5194.02,REJECTED,791660af-f0db-4fbd-a3a4-86bd38182556,1,4000
4566369470,854,674.34,REJECTED,3f3292d8-3056-42da-9ec5-d080c252a223,4,3000
4584984222,955,2858.82,APPROVED,9ec93c76-9578-4947-a5ca-def516b026cb,3,4000
4588805195,18,2517.46,WAITING,915bda23-d2b3-4bab-9d3b-0b701beb76fa,1,1000
4553757433,719,476.4,QUOTATION,37bf8863-0046-49cb-a72c-f7e41661214b,1,3000
4566203412,46,7242.5,QUOTATION,8df0c99e-2745-44ae-94ee-ad79cb114fdb,4,3000
4540102403,312,6173.95,QUOTATION,f524f9ee-95cb-4e66-a6c1-b58f8296e7f3,1,3000
4527199523,643,3602.93,WAITING,f6dd041e-f994-407c-9a1b-2ee8a39b9b25,2,3000
4564978651,574,320.31,QUOTATION,37bf8863-0046-49cb-a72c-f7e41661214b,3,2000
4537709868,607,5846.02,WAITING,f6979cad-3c89-4280-985d-d7f07aaa8c2b,3,2000
4529682574,666,1989.13,REJECTED,f6dd041e-f994-407c-9a1b-2ee8a39b9b25,4,2000
4574643606,871,6033.8,QUOTATION,fffeaf8f-4b6b-4357-a309-89f4769c36da,1,4000
4534771576,713,6571.86,QUOTATION,9567383e-1921-4683-803b-509faa2bc9d5,1,2000
4590075222,734,8238.48,REJECTED,cf11fe2a-443a-44e9-96b0-e6b91ddfa87d,3,1000
4555985100,899,6806.43,WAITING,2c7b9d8a-6b92-4a21-a03e-024e434a203d,3,1000
4517100123,461,4557.46,WAITING,384bae62-8ba8-4cac-b8ad-3df4e68bcafa,3,4000
4535887950,356,1701.03,REJECTED,a1ad3c2b-45ca-491c-8ef2-a64af7d19e43,4,4000
4528888916,656,5487.81,REJECTED,05767575-2944-4457-9aa7-06e1dae2ae25,3,4000
4558876211,258,6500.88,APPROVED,32149af9-a4f0-4e80-a73d-490a9faef06f,3,2000
4531971509,531,9336.53,APPROVED,791660af-f0db-4fbd-a3a4-86bd38182556,4,2000
4575317657,979,1520.09,WAITING,b577718c-a2a9-4f8a-a41c-7cac0d102aab,5,3000
4514277884,660,6545.97,QUOTATION,fe53d2be-049c-47fa-871a-c4a8b1a10e40,5,3000
4525326078,518,8202.55,REJECTED,3341d7ea-5bed-42e4-82c2-18d0adfbcdf1,5,3000
4554428823,820,9382.04,WAITING,791660af-f0db-4fbd-a3a4-86bd38182556,5,4000
4575795918,981,7906.7,QUOTATION,3ee51816-f540-45e6-8401-474c5df84e78,1,2000
4585645745,457,7549.14,REJECTED,6cc3c3b9-23fa-4969-8791-af89dedc62c9,5,2000
4561849490,275,1303.86,APPROVED,28d388a1-0e70-41d0-a8a1-abb9e3263b7b,2,2000
4574838454,590,671.51,REJECTED,68681084-7b12-4fd9-9704-7da3802cb451,2,4000
4592027660,925,2772.67,APPROVED,0e752cfe-75ff-427d-8214-57710b509b33,1,3000
4565427396,926,3921.65,REJECTED,e7ba4d18-37bf-472c-9d3a-7756c21a55c9,4,4000
4539108347,766,7992.16,WAITING,31ac60a6-1bc1-442c-ae10-4a420f770538,3,1000
4574093988,401,9069.84,APPROVED,12a301b9-4c71-4181-a853-d29be7b6bd18,4,1000
4513392831,315,6138.01,QUOTATION,31ac60a6-1bc1-442c-ae10-4a420f770538,2,3000
4559768771,248,6908.41,WAITING,ba5b8587-5d45-44ac-9e4e-16cb4b3afecc,2,4000
4549456169,236,7825.5,REJECTED,aa51a37d-2867-459b-8885-b5c8b161616a,2,2000
4501562569,746,1527.71,WAITING,ebfe58ef-0dee-41d8-859e-ae2bff66e7fc,1,1000
4565117026,800,4771.92,QUOTATION,c40f8a37-9024-4fcd-80a6-7917301ba6bd,5,2000
4528998190,839,2523.24,QUOTATION,0c328cd6-def4-4097-8b5d-ef9b4362cfd3,4,1000
4571441048,479,5052.01,WAITING,dbce3e63-1a5c-4595-a1f9-d09c3d978567,4,4000
4509024806,862,4120.69,QUOTATION,5c250769-58e7-4a67-92b8-05566aab2cd0,3,1000
4591044044,583,3152.2,REJECTED,d5b6a98e-464a-4e85-ad1c-7fd6be7df835,2,4000
4588006492,104,8977.81,APPROVED,384bae62-8ba8-4cac-b8ad-3df4e68bcafa,1,3000
4518608988,555,6833.18,REJECTED,9c7454a7-b80c-4d19-b841-4c0343b75add,1,4000
4560049041,239,9349.84,QUOTATION,a4926703-442b-4179-808a-04de7d4e1015,1,2000
4595379518,917,6346.61,REJECTED,6cc3c3b9-23fa-4969-8791-af89dedc62c9,2,4000
4518892074,409,3284.77,REJECTED,0c328cd6-def4-4097-8b5d-ef9b4362cfd3,1,3000
4507103692,688,5256.61,APPROVED,2ab670e8-49e3-4a95-9871-d937f77b5927,1,3000
4502773999,878,4630.97,REJECTED,a1a6e723-19c6-46fd-a584-917efe27f127,4,1000
4573509719,591,1838.02,WAITING,d5b6a98e-464a-4e85-ad1c-7fd6be7df835,3,1000
4541645217,731,220.38,QUOTATION,17dffc12-ac1a-44ed-ad09-3c824851c624,2,1000
4521080611,401,1542.67,WAITING,0e752cfe-75ff-427d-8214-57710b509b33,2,3000
4518312365,110,6175.94,APPROVED,2ab670e8-49e3-4a95-9871-d937f77b5927,2,3000
4569645533,676,5251.94,WAITING,68681084-7b12-4fd9-9704-7da3802cb451,4,3000
4558354388,987,4268.32,APPROVED,a4926703-442b-4179-808a-04de7d4e1015,4,1000
4585163276,468,8078.71,APPROVED,e7ba4d18-37bf-472c-9d3a-7756c21a55c9,3,4000
4546066073,443,8747.22,REJECTED,3f3292d8-3056-42da-9ec5-d080c252a223,5,2000
4535333742,362,9172.72,WAITING,384bae62-8ba8-4cac-b8ad-3df4e68bcafa,4,4000
4571581684,185,2152.09,APPROVED,41e46c83-90d4-4836-a022-b900a018b3fa,3,2000
4561876780,761,6689.96,WAITING,3ee51816-f540-45e6-8401-474c5df84e78,3,3000
4591338162,323,9002.03,REJECTED,71b893be-0a75-41a7-9a52-bcdb771cc5ec,2,4000
4571542741,292,6945.12,APPROVED,915bda23-d2b3-4bab-9d3b-0b701beb76fa,5,3000
4544889189,986,7361.03,WAITING,f6dd041e-f994-407c-9a1b-2ee8a39b9b25,2,3000
4551278383,563,7610.0,QUOTATION,71b893be-0a75-41a7-9a52-bcdb771cc5ec,5,4000
4507443123,366,9951.0,APPROVED,ce1eeb99-74a8-4547-b95c-345102c07d21,1,1000
4530526728,120,5533.72,APPROVED,d5b6a98e-464a-4e85-ad1c-7fd6be7df835,3,1000
4557539518,919,8371.07,QUOTATION,ad64acbd-9045-44ec-9111-f6b3b90cb060,4,3000
4580167237,107,8029.66,QUOTATION,b577718c-a2a9-4f8a-a41c-7cac0d102aab,2,3000
4569697660,259,5412.97,REJECTED,8df0c99e-2745-44ae-94ee-ad79cb114fdb,1,2000
4505845622,553,6015.31,REJECTED,41f3b33b-8871-42fd-90d5-1d1d9f2d5aed,3,4000
4546309967,178,5182.95,WAITING,ad64acbd-9045-44ec-9111-f6b3b90cb060,3,4000
4547475262,201,9746.57,REJECTED,b6bbc970-46d2-4ff4-9c52-80f378cfe8ea,2,2000
4561571215,201,4123.82,QUOTATION,84aadcf6-499b-4416-9a35-3e546eb39a5c,3,4000
4502113734,516,3906.95,QUOTATION,b020551c-5fe7-45ea-881a-6fa78332362d,4,1000
4516558668,258,7411.14,REJECTED,2c6e3cb9-21cb-4de6-ae38-f117a3cbdfe2,1,3000
4532881408,609,2504.28,WAITING,76fa0c16-dc3a-4a9b-b914-de6a0097f3dc,2,3000
4548251162,286,864.37,QUOTATION,a9da22e7-f42f-4428-9083-96395b7a7e9a,5,1000
4500418826,49,8388.88,WAITING,3ee51816-f540-45e6-8401-474c5df84e78,3,3000
4507912146,497,2930.67,WAITING,de541e55-b7b6-404a-8ce0-a6f1ea925750,3,2000
4541927453,653,6562.44,QUOTATION,6c55f239-a4f0-4edd-afe8-02d129db9eda,2,1000
4514916298,337,1188.59,WAITING,834a14f7-cbd7-4220-9587-cd61c93c8253,4,1000
4509370802,715,7161.09,APPROVED,d4dbba0a-2b26-4233-9017-bb25b2e860f3,5,2000
4513229409,950,8018.65,QUOTATION,915bda23-d2b3-4bab-9d3b-0b701beb76fa,2,3000
4561166203,529,2387.41,WAITING,f524f9ee-95cb-4e66-a6c1-b58f8296e7f3,1,2000
4522047723,3,8211.66,REJECTED,fe53d2be-049c-47fa-871a-c4a8b1a10e40,2,4000
4559047368,974,3121.68,APPROVED,9c7454a7-b80c-4d19-b841-4c0343b75add,1,2000
4579872261,621,1598.33,APPROVED,00a417fb-f2b9-4bb8-90c0-0787c3f2e3c7,1,1000
4564534575,257,5218.92,APPROVED,71b893be-0a75-41a7-9a52-bcdb771cc5ec,3,1000
4586668808,741,7399.23,WAITING,3ee51816-f540-45e6-8401-474c5df84e78,3,3000
4569333178,132,829.53,QUOTATION,3341d7ea-5bed-42e4-82c2-18d0adfbcdf1,3,4000
4534962703,915,7624.92,APPROVED,fffeaf8f-4b6b-4357-a309-89f4769c36da,2,3000
4540498095,955,1514.98,REJECTED,ea38b7e1-b488-4873-ab04-3066d219b434,3,4000
4543868861,685,6976.9,REJECTED,51991c98-a328-457f-a862-0962b2d30ddc,2,1000
4532424442,50,5619.42,WAITING,35672019-b6d1-42b4-b906-8819b248182e,3,4000
4539397662,19,7519.22,REJECTED,32149af9-a4f0-4e80-a73d-490a9faef06f,4,3000
4569570455,639,6377.22,WAITING,56ae9e46-c0b2-46ca-b51d-5686e00ce4a6,5,3000
4566405803,427,481.72,REJECTED,9a109dc4-7be3-4aec-94bb-ede38f79ae14,1,3000
4512965962,190,725.34,QUOTATION,da731710-48f7-4c02-8dd6-917ff4c62e3b,3,4000
4519217711,966,194.99,QUOTATION,2c7b9d8a-6b92-4a21-a03e-024e434a203d,5,1000
4573196686,21,5255.54,QUOTATION,b6bbc970-46d2-4ff4-9c52-80f378cfe8ea,3,2000
4507671280,342,7332.88,QUOTATION,daffc87a-fdb5-424e-9155-782c6cd1b731,1,4000
4573156334,7,7533.14,REJECTED,a1a6e723-19c6-46fd-a584-917efe27f127,5,4000
4563848192,300,3385.29,QUOTATION,62117371-6664-4e90-9e4c-e3939789c81a,4,1000
4506672904,936,9148.84,WAITING,651e8d5b-8636-4635-a934-6f9427d506b8,4,1000
4590511030,72,9524.31,QUOTATION,84aadcf6-499b-4416-9a35-3e546eb39a5c,1,4000
4512438630,23,6384.91,APPROVED,41f3b33b-8871-42fd-90d5-1d1d9f2d5aed,2,2000
4587975420,466,3862.79,APPROVED,ce1eeb99-74a8-4547-b95c-345102c07d21,5,4000
4517430919,437,6051.85,WAITING,fffeaf8f-4b6b-4357-a309-89f4769c36da,4,2000
4553997363,992,6181.35,APPROVED,4a5df305-6d85-4b5a-81ca-b2a776017f8f,4,4000
4500359363,672,8242.78,APPROVED,791660af-f0db-4fbd-a3a4-86bd38182556,1,3000
4549631747,927,5952.33,QUOTATION,ce1eeb99-74a8-4547-b95c-345102c07d21,5,1000
4559883147,851,964.44,APPROVED,5c250769-58e7-4a67-92b8-05566aab2cd0,1,1000
4568977217,507,7826.51,APPROVED,00a417fb-f2b9-4bb8-90c0-0787c3f2e3c7,2,1000
4514773271,635,6747.61,WAITING,77b34563-244c-46da-b014-af1a9c7fa9e4,5,4000
4594440785,474,62.23,APPROVED,3c65561d-5119-4985-87e7-48965fe9f62c,3,1000
4509064677,107,6241.87,WAITING,f6dd041e-f994-407c-9a1b-2ee8a39b9b25,3,3000
4594365664,651,5810.96,REJECTED,15ddc72a-7103-4a88-a951-49c5aa75affd,3,2000
4512000763,129,4715.18,APPROVED,3f3292d8-3056-42da-9ec5-d080c252a223,1,2000
4570121840,441,2018.01,APPROVED,74d238f7-61d4-41c6-9d51-b05f2eddcb36,3,4000
4565548394,916,5866.62,APPROVED,12a301b9-4c71-4181-a853-d29be7b6bd18,4,3000
4523751208,483,3368.03,QUOTATION,f524f9ee-95cb-4e66-a6c1-b58f8296e7f3,1,3000
4583944267,940,998.84,WAITING,b0154cbb-c693-4062-88b9-a8acf4402b56,4,2000
4502820679,124,9734.61,QUOTATION,2ab670e8-49e3-4a95-9871-d937f77b5927,2,4000
4505105562,425,4855.33,QUOTATION,3c65561d-5119-4985-87e7-48965fe9f62c,2,1000
4587846301,844,6350.43,QUOTATION,2c7b9d8a-6b92-4a21-a03e-024e434a203d,5,2000
4591495954,374,2257.58,WAITING,834a14f7-cbd7-4220-9587-cd61c93c8253,1,4000
4593855504,281,4986.6,QUOTATION,ebfe58ef-0dee-41d8-859e-ae2bff66e7fc,1,1000
4549606124,836,4346.44,REJECTED,71b893be-0a75-41a7-9a52-bcdb771cc5ec,5,2000
4528880172,553,2254.81,REJECTED,01bb5e4b-33d3-4db2-85a2-499f5c9e31b4,3,2000
4573464612,12,4491.53,REJECTED,975480d4-8c15-44ba-8c55-a9938bdaa2c4,5,3000
4528900719,640,2266.5,WAITING,82ebf1b0-6982-4deb-ac51-c7a6d0a68c5d,5,3000
4515479156,679,3919.39,APPROVED,3ee51816-f540-45e6-8401-474c5df84e78,5,4000
4553854768,556,8808.55,WAITING,fcc9df1e-2761-4b55-8f60-015b21066d78,4,2000
4587723265,242,3328.35,REJECTED,ebfe58ef-0dee-41d8-859e-ae2bff66e7fc,1,3000
4578171633,416,9284.69,REJECTED,134244b2-90f7-4d62-8488-d71e29828266,2,2000
4535515936,582,200.05,QUOTATION,e7ba4d18-37bf-472c-9d3a-7756c21a55c9,2,3000
4527802285,934,8792.63,APPROVED,d7da1df8-a4af-4efe-a657-570c6d350470,4,1000
4559886962,432,475.65,WAITING,56ae9e46-c0b2-46ca-b51d-5686e00ce4a6,2,4000
4570928187,88,9446.96,REJECTED,5257f4f1-580e-4eb3-89f9-6cae458e4509,1,4000
4519799715,443,4195.84,QUOTATION,b0154cbb-c693-4062-88b9-a8acf4402b56,1,2000
4590285244,627,1211.54,APPROVED,77b34563-244c-46da-b014-af1a9c7fa9e4,2,4000
4549403449,37,9286.51,APPROVED,ebfe58ef-0dee-41d8-859e-ae2bff66e7fc,4,3000
4521718651,531,2161.5,REJECTED,fcc9df1e-2761-4b55-8f60-015b21066d78,2,3000
4526335987,366,6881.76,REJECTED,3c65561d-5119-4985-87e7-48965fe9f62c,3,2000
4535589957,78,824.26,WAITING,915bda23-d2b3-4bab-9d3b-0b701beb76fa,2,4000
4518642079,922,864.85,QUOTATION,17dffc12-ac1a-44ed-ad09-3c824851c624,5,4000
4593415300,905,4689.39,REJECTED,daffc87a-fdb5-424e-9155-782c6cd1b731,5,4000
4533599939,560,3217.75,WAITING,41f3b33b-8871-42fd-90d5-1d1d9f2d5aed,1,2000
4504532157,826,2185.5,APPROVED,84aadcf6-499b-4416-9a35-3e546eb39a5c,2,3000
4528004670,823,9924.2,APPROVED,a4926703-442b-4179-808a-04de7d4e1015,3,1000
4569526671,69,9034.26,REJECTED,71b893be-0a75-41a7-9a52-bcdb771cc5ec,1,4000
4554080306,13,2757.92,WAITING,110f8801-eea1-420d-98e6-dd439569747b,1,3000
4571141149,528,7449.98,QUOTATION,41f3b33b-8871-42fd-90d5-1d1d9f2d5aed,5,1000
4522050432,931,9473.16,QUOTATION,4029508a-afa4-4faf-b175-4bb65b8a4dbb,2,2000
4557875073,421,1077.95,WAITING,01bb5e4b-33d3-4db2-85a2-499f5c9e31b4,3,3000
4572097080,159,4634.24,APPROVED,56ae9e46-c0b2-46ca-b51d-5686e00ce4a6,1,3000
4585915736,914,8146.85,REJECTED,0b319577-4ab0-4684-b112-b27aad212cb1,3,4000
4527450632,401,7021.87,QUOTATION,71b893be-0a75-41a7-9a52-bcdb771cc5ec,3,1000
4538013090,735,351.97,REJECTED,56ae9e46-c0b2-46ca-b51d-5686e00ce4a6,3,4000
4543443776,542,6533.58,APPROVED,110f8801-eea1-420d-98e6-dd439569747b,3,1000
4567852949,480,8731.09,APPROVED,a1a6e723-19c6-46fd-a584-917efe27f127,4,3000
4518370864,95,8466.67,QUOTATION,15ddc72a-7103-4a88-a951-49c5aa75affd,4,1000
4560096296,36,6270.13,APPROVED,de541e55-b7b6-404a-8ce0-a6f1ea925750,1,3000
4517859868,654,5826.67,WAITING,41f3b33b-8871-42fd-90d5-1d1d9f2d5aed,2,1000
4521528890,850,3236.14,APPROVED,b0154cbb-c693-4062-88b9-a8acf4402b56,3,3000
4592427785,473,5449.23,REJECTED,6cc3c3b9-23fa-4969-8791-af89dedc62c9,5,2000
4542212474,245,431.21,QUOTATION,d7da1df8-a4af-4efe-a657-570c6d350470,2,3000
4578432727,445,5218.56,APPROVED,c40f8a37-9024-4fcd-80a6-7917301ba6bd,3,1000
4597361989,383,3871.69,APPROVED,3c65561d-5119-4985-87e7-48965fe9f62c,5,4000
4569295741,539,893.08,REJECTED,32149af9-a4f0-4e80-a73d-490a9faef06f,5,1000
4555484851,66,5189.79,WAITING,ea38b7e1-b488-4873-ab04-3066d219b434,2,3000
4550910077,304,8197.97,WAITING,3f3292d8-3056-42da-9ec5-d080c252a223,5,1000
4514089337,502,5981.53,APPROVED,0f7e95f4-4fb9-4987-a1e1-5264880e721e,1,1000
4555958811,653,8412.8,APPROVED,611eefb3-ef38-4a2e-831a-15aff1dde8f8,4,4000
4538659416,479,8045.04,WAITING,a1ad3c2b-45ca-491c-8ef2-a64af7d19e43,5,3000
4527829723,601,8484.38,WAITING,9ec93c76-9578-4947-a5ca-def516b026cb,4,2000
4581694173,326,4481.65,APPROVED,73df3d25-bcec-47a6-8d66-6b628e81ed2d,1,2000
4566856144,957,1312.22,REJECTED,aa51a37d-2867-459b-8885-b5c8b161616a,1,2000
4534486557,884,7698.74,APPROVED,f524f9ee-95cb-4e66-a6c1-b58f8296e7f3,1,1000
4537588310,330,9290.57,APPROVED,2c6e3cb9-21cb-4de6-ae38-f117a3cbdfe2,4,3000
4561703953,226,64.7,REJECTED,05767575-2944-4457-9aa7-06e1dae2ae25,2,2000
4500785496,762,9460.27,QUOTATION,82ebf1b0-6982-4deb-ac51-c7a6d0a68c5d,1,4000
4591704933,503,4089.83,REJECTED,975480d4-8c15-44ba-8c55-a9938bdaa2c4,2,2000
4524915779,361,2077.1,APPROVED,12a301b9-4c71-4181-a853-d29be7b6bd18,1,3000
4571469022,752,7169.61,QUOTATION,6cc3c3b9-23fa-4969-8791-af89dedc62c9,1,2000
4572499392,755,1941.93,APPROVED,2c7b9d8a-6b92-4a21-a03e-024e434a203d,1,4000
4521710928,990,5339.34,REJECTED,791660af-f0db-4fbd-a3a4-86bd38182556,4,1000
4533968575,372,1723.44,WAITING,0c328cd6-def4-4097-8b5d-ef9b4362cfd3,2,1000
4529548773,477,9455.68,QUOTATION,ad64acbd-9045-44ec-9111-f6b3b90cb060,1,2000
4550178325,51,9319.79,REJECTED,975480d4-8c15-44ba-8c55-a9938bdaa2c4,4,1000
4569149373,201,8863.82,QUOTATION,cea90057-5542-4a9f-8ad8-2fa263b39b7b,3,1000
4541956325,174,5175.7,REJECTED,4a5df305-6d85-4b5a-81ca-b2a776017f8f,1,1000
4565334444,500,4964.58,APPROVED,651e8d5b-8636-4635-a934-6f9427d506b8,5,4000
4504869545,15,3203.66,APPROVED,ba5b8587-5d45-44ac-9e4e-16cb4b3afecc,4,1000
4515252879,222,2484.64,QUOTATION,b020551c-5fe7-45ea-881a-6fa78332362d,2,2000
4523808874,590,6265.26,REJECTED,dbce3e63-1a5c-4595-a1f9-d09c3d978567,3,2000
4575693165,899,1016.46,REJECTED,82ebf1b0-6982-4deb-ac51-c7a6d0a68c5d,1,4000
4559879523,823,8585.34,REJECTED,a1a6e723-19c6-46fd-a584-917efe27f127,4,1000
4523235727,992,7736.3,WAITING,12a301b9-4c71-4181-a853-d29be7b6bd18,2,4000
4534743323,747,6450.64,APPROVED,3f3292d8-3056-42da-9ec5-d080c252a223,4,3000
4561454186,741,4494.18,WAITING,791660af-f0db-4fbd-a3a4-86bd38182556,4,1000
4585517308,361,306.0,WAITING,a1a6e723-19c6-46fd-a584-917efe27f127,5,3000
4552255663,46,4265.85,REJECTED,9567383e-1921-4683-803b-509faa2bc9d5,4,1000
4539130935,757,3074.72,QUOTATION,611eefb3-ef38-4a2e-831a-15aff1dde8f8,3,1000
4518414861,715,9689.09,WAITING,975480d4-8c15-44ba-8c55-a9938bdaa2c4,2,3000
4506411762,419,3354.44,WAITING,a9da22e7-f42f-4428-9083-96395b7a7e9a,4,1000
4520200460,383,493.87,REJECTED,110f8801-eea1-420d-98e6-dd439569747b,2,2000
4547367922,959,1118.24,WAITING,4a2d279e-2495-496f-80d9-bc5a45e3b6b4,3,2000
4552770749,458,2021.93,QUOTATION,bcebc30c-15e5-48e2-9c32-c86d886f82a0,3,4000
4513637672,523,7226.85,APPROVED,5257f4f1-580e-4eb3-89f9-6cae458e4509,3,3000
4535830487,362,9504.52,APPROVED,a9da22e7-f42f-4428-9083-96395b7a7e9a,1,3000
4568546333,524,4993.08,QUOTATION,f6979cad-3c89-4280-985d-d7f07aaa8c2b,3,3000
4541717374,228,3371.67,QUOTATION,408c4fe5-9066-4997-8f1c-ad8daae4b1f6,2,1000
4509677077,526,6663.9,REJECTED,eb8e5632-45d0-47e9-bcc0-ee76bf030643,5,1000
4577755270,970,6085.17,APPROVED,2cf52c48-a37c-4244-a030-3fe16c443ecd,2,1000
4566767793,507,7358.0,WAITING,f6dd041e-f994-407c-9a1b-2ee8a39b9b25,2,1000
4575157250,852,8504.66,APPROVED,384bae62-8ba8-4cac-b8ad-3df4e68bcafa,3,2000
4546062576,752,1424.31,WAITING,611eefb3-ef38-4a2e-831a-15aff1dde8f8,4,1000
4569311675,916,8792.78,REJECTED,e069016d-d217-4fbc-b438-1e8790b731fb,4,2000
4536486173,155,9081.9,WAITING,3f3292d8-3056-42da-9ec5-d080c252a223,4,3000
4561225468,817,2739.58,APPROVED,2c6e3cb9-21cb-4de6-ae38-f117a3cbdfe2,4,3000
4523026353,127,1653.72,QUOTATION,9c7454a7-b80c-4d19-b841-4c0343b75add,1,1000
4547191884,194,2036.31,WAITING,4a5df305-6d85-4b5a-81ca-b2a776017f8f,2,2000
4540871874,258,4013.78,REJECTED,791660af-f0db-4fbd-a3a4-86bd38182556,5,1000
4562185968,338,2290.77,REJECTED,62117371-6664-4e90-9e4c-e3939789c81a,4,1000
4539747855,687,359.53,QUOTATION,915bda23-d2b3-4bab-9d3b-0b701beb76fa,2,1000
4560919301,442,52.24,QUOTATION,0c328cd6-def4-4097-8b5d-ef9b4362cfd3,1,3000
4573506723,942,4661.6,APPROVED,3c65561d-5119-4985-87e7-48965fe9f62c,2,3000
4545538777,641,7324.08,APPROVED,975480d4-8c15-44ba-8c55-a9938bdaa2c4,1,2000
4539461913,86,9195.45,QUOTATION,daffc87a-fdb5-424e-9155-782c6cd1b731,4,3000
4576906028,115,1415.67,QUOTATION,32149af9-a4f0-4e80-a73d-490a9faef06f,3,4000
4500677221,241,3534.81,WAITING,915bda23-d2b3-4bab-9d3b-0b701beb76fa,5,1000
4527788086,663,9426.32,WAITING,b0154cbb-c693-4062-88b9-a8acf4402b56,2,1000
4501860855,828,1105.71,APPROVED,71b893be-0a75-41a7-9a52-bcdb771cc5ec,4,4000
4501031658,255,6584.7,APPROVED,9fc109ea-2585-4c23-9329-2ccda2d964eb,5,2000
4584884281,269,2921.61,WAITING,611eefb3-ef38-4a2e-831a-15aff1dde8f8,1,3000
4540385772,720,6093.39,REJECTED,76fa0c16-dc3a-4a9b-b914-de6a0097f3dc,3,2000
4560587998,786,8643.42,APPROVED,74d238f7-61d4-41c6-9d51-b05f2eddcb36,5,2000
4513774336,469,4136.81,APPROVED,0b319577-4ab0-4684-b112-b27aad212cb1,2,3000
4502716267,1,2384.02,REJECTED,82ebf1b0-6982-4deb-ac51-c7a6d0a68c5d,4,2000
4581811150,833,959.11,QUOTATION,b6bbc970-46d2-4ff4-9c52-80f378cfe8ea,2,3000
4578856054,150,9546.75,APPROVED,915bda23-d2b3-4bab-9d3b-0b701beb76fa,3,2000
4507913478,233,7391.36,WAITING,56ae9e46-c0b2-46ca-b51d-5686e00ce4a6,3,1000
4511204627,516,7108.96,APPROVED,d0d94739-009d-44aa-ae3d-8c35a65083c5,1,3000
4502013607,42,2584.51,QUOTATION,35672019-b6d1-42b4-b906-8819b248182e,3,1000
4539628995,589,1392.65,APPROVED,384bae62-8ba8-4cac-b8ad-3df4e68bcafa,4,2000
4541477679,466,4132.64,APPROVED,32149af9-a4f0-4e80-a73d-490a9faef06f,1,2000
4589611131,897,6624.43,APPROVED,a1ad3c2b-45ca-491c-8ef2-a64af7d19e43,5,4000
4503623552,56,5814.36,QUOTATION,3ee51816-f540-45e6-8401-474c5df84e78,4,1000
4584774963,873,295.57,REJECTED,ebfe58ef-0dee-41d8-859e-ae2bff66e7fc,2,3000
4593179061,176,6843.65,APPROVED,2ab670e8-49e3-4a95-9871-d937f77b5927,4,2000
4579074084,265,1367.51,WAITING,834a14f7-cbd7-4220-9587-cd61c93c8253,5,3000
4574221841,399,8458.51,APPROVED,110f8801-eea1-420d-98e6-dd439569747b,4,2000
4581161842,653,5209.95,WAITING,ce1eeb99-74a8-4547-b95c-345102c07d21,2,3000
4583885256,366,3805.04,APPROVED,aa51a37d-2867-459b-8885-b5c8b161616a,4,4000
4517147396,198,2565.27,REJECTED,110f8801-eea1-420d-98e6-dd439569747b,3,3000
4535238233,703,5017.46,QUOTATION,74d238f7-61d4-41c6-9d51-b05f2eddcb36,5,1000
4548242554,616,5994.21,QUOTATION,da731710-48f7-4c02-8dd6-917ff4c62e3b,4,3000
4562703034,750,9066.79,REJECTED,f6979cad-3c89-4280-985d-d7f07aaa8c2b,4,2000
4534205387,185,6697.31,REJECTED,f6979cad-3c89-4280-985d-d7f07aaa8c2b,5,4000
4543381851,340,6543.98,REJECTED,35672019-b6d1-42b4-b906-8819b248182e,4,3000
4582743382,643,6941.39,QUOTATION,a1ad3c2b-45ca-491c-8ef2-a64af7d19e43,4,3000
4561656977,99,9527.51,WAITING,73df3d25-bcec-47a6-8d66-6b628e81ed2d,5,3000
4561926958,5,6752.94,APPROVED,384bae62-8ba8-4cac-b8ad-3df4e68bcafa,4,1000
4580653226,953,1596.15,REJECTED,3ee51816-f540-45e6-8401-474c5df84e78,2,1000
4525724723,628,9676.85,APPROVED,b577718c-a2a9-4f8a-a41c-7cac0d102aab,4,3000
4599308337,662,8344.13,WAITING,35672019-b6d1-42b4-b906-8819b248182e,5,4000
4568441507,341,950.79,APPROVED,ebfe58ef-0dee-41d8-859e-ae2bff66e7fc,2,1000
4556258908,63,8470.92,QUOTATION,17dffc12-ac1a-44ed-ad09-3c824851c624,3,3000
4591406838,52,2876.7,REJECTED,ce1eeb99-74a8-4547-b95c-345102c07d21,1,4000
4597566426,618,9894.7,APPROVED,4a2d279e-2495-496f-80d9-bc5a45e3b6b4,4,1000
4519012452,547,5640.02,REJECTED,41e46c83-90d4-4836-a022-b900a018b3fa,4,1000
4532680206,124,6198.83,QUOTATION,5c250769-58e7-4a67-92b8-05566aab2cd0,1,3000
4503927727,614,2123.74,REJECTED,ba5b8587-5d45-44ac-9e4e-16cb4b3afecc,5,3000
4579339690,312,5587.25,REJECTED,01bb5e4b-33d3-4db2-85a2-499f5c9e31b4,3,2000
4501300496,366,4252.63,APPROVED,74d238f7-61d4-41c6-9d51-b05f2eddcb36,4,1000
4517111894,458,9910.66,APPROVED,ea38b7e1-b488-4873-ab04-3066d219b434,4,2000
4524991777,701,8526.84,APPROVED,41f3b33b-8871-42fd-90d5-1d1d9f2d5aed,5,1000
4551068695,714,5235.19,APPROVED,bf599d91-442c-4e09-b5ae-b9f08a417d11,5,1000
4569433044,58,9404.55,REJECTED,b6bbc970-46d2-4ff4-9c52-80f378cfe8ea,2,2000
4563504735,270,7583.24,APPROVED,cea90057-5542-4a9f-8ad8-2fa263b39b7b,4,3000
4599219603,785,8980.99,WAITING,4a5df305-6d85-4b5a-81ca-b2a776017f8f,3,1000
4520364000,788,4896.71,REJECTED,41f3b33b-8871-42fd-90d5-1d1d9f2d5aed,5,3000
4551419239,761,8347.63,APPROVED,2ab670e8-49e3-4a95-9871-d937f77b5927,5,1000
4574589762,487,6110.18,QUOTATION,de541e55-b7b6-404a-8ce0-a6f1ea925750,1,2000
4555863515,421,313.75,QUOTATION,de541e55-b7b6-404a-8ce0-a6f1ea925750,5,3000
4545518420,966,3749.83,WAITING,eb8e5632-45d0-47e9-bcc0-ee76bf030643,4,1000
4534277574,485,9467.88,APPROVED,2c7b9d8a-6b92-4a21-a03e-024e434a203d,3,2000
4574635709,656,2302.77,WAITING,28d388a1-0e70-41d0-a8a1-abb9e3263b7b,2,2000
4592728999,541,2533.26,WAITING,9567383e-1921-4683-803b-509faa2bc9d5,5,1000
4567619742,132,3203.13,QUOTATION,9c7454a7-b80c-4d19-b841-4c0343b75add,3,3000
4562923768,72,8313.46,REJECTED,de541e55-b7b6-404a-8ce0-a6f1ea925750,4,3000
4585654355,146,9856.26,QUOTATION,74d238f7-61d4-41c6-9d51-b05f2eddcb36,3,2000
4525810352,844,5169.36,WAITING,daffc87a-fdb5-424e-9155-782c6cd1b731,5,4000
4575258566,897,3374.81,REJECTED,791660af-f0db-4fbd-a3a4-86bd38182556,1,2000
4512055004,550,3081.12,APPROVED,05767575-2944-4457-9aa7-06e1dae2ae25,5,1000
4552207707,446,6114.74,QUOTATION,51991c98-a328-457f-a862-0962b2d30ddc,1,4000
4559173096,228,5853.55,QUOTATION,35672019-b6d1-42b4-b906-8819b248182e,5,4000
4521876283,106,284.46,REJECTED,fcc9df1e-2761-4b55-8f60-015b21066d78,1,3000
4574116692,94,1057.34,APPROVED,68681084-7b12-4fd9-9704-7da3802cb451,2,2000
4526517031,764,5478.29,WAITING,ea38b7e1-b488-4873-ab04-3066d219b434,5,3000
4510392662,289,7076.51,WAITING,3c65561d-5119-4985-87e7-48965fe9f62c,4,2000
4527593174,125,7254.84,APPROVED,8ca5ca23-a910-469b-aec1-73bd31d74ba2,1,1000
4515593751,597,6812.54,QUOTATION,fe53d2be-049c-47fa-871a-c4a8b1a10e40,2,3000
4585337684,628,8463.05,WAITING,9ec93c76-9578-4947-a5ca-def516b026cb,5,1000
4525545978,696,5121.31,QUOTATION,28d388a1-0e70-41d0-a8a1-abb9e3263b7b,2,2000
4511976082,908,8282.98,APPROVED,71b893be-0a75-41a7-9a52-bcdb771cc5ec,1,3000
4518566426,481,1810.8,WAITING,35672019-b6d1-42b4-b906-8819b248182e,5,3000
4554167110,346,6508.06,WAITING,ebfe58ef-0dee-41d8-859e-ae2bff66e7fc,1,3000
4503171371,674,6926.86,APPROVED,01bb5e4b-33d3-4db2-85a2-499f5c9e31b4,1,1000
4520272901,179,571.02,QUOTATION,3ee51816-f540-45e6-8401-474c5df84e78,1,2000
4579237691,859,4223.73,REJECTED,110f8801-eea1-420d-98e6-dd439569747b,3,1000
4501519082,430,4154.53,WAITING,51991c98-a328-457f-a862-0962b2d30ddc,2,1000
4558072899,497,1736.38,QUOTATION,ea38b7e1-b488-4873-ab04-3066d219b434,1,3000
4568315504,471,9057.22,QUOTATION,b577718c-a2a9-4f8a-a41c-7cac0d102aab,5,1000
4505618613,466,9453.75,REJECTED,71b893be-0a75-41a7-9a52-bcdb771cc5ec,4,1000
4519619910,739,3212.21,WAITING,17dffc12-ac1a-44ed-ad09-3c824851c624,5,1000
4512574894,161,4431.16,REJECTED,28d388a1-0e70-41d0-a8a1-abb9e3263b7b,3,4000
4541871448,525,3492.48,WAITING,5257f4f1-580e-4eb3-89f9-6cae458e4509,5,1000
4586849028,644,1182.83,QUOTATION,2c7b9d8a-6b92-4a21-a03e-024e434a203d,4,3000
4544687589,714,5608.36,WAITING,32149af9-a4f0-4e80-a73d-490a9faef06f,5,1000
4581444365,847,6933.78,APPROVED,00a417fb-f2b9-4bb8-90c0-0787c3f2e3c7,2,2000
4561881748,158,189.32,QUOTATION,01bb5e4b-33d3-4db2-85a2-499f5c9e31b4,4,1000
4570334771,88,9522.76,QUOTATION,0439439c-8945-42c4-b079-5340d85df97c,2,1000
4584672095,371,2311.32,REJECTED,2c7b9d8a-6b92-4a21-a03e-024e434a203d,1,1000
4540751448,411,7625.89,APPROVED,8df0c99e-2745-44ae-94ee-ad79cb114fdb,4,1000
4535498629,552,3602.91,WAITING,cf11fe2a-443a-44e9-96b0-e6b91ddfa87d,4,2000
4511422126,117,7719.58,QUOTATION,73df3d25-bcec-47a6-8d66-6b628e81ed2d,5,4000
4503291676,131,3425.01,QUOTATION,de541e55-b7b6-404a-8ce0-a6f1ea925750,5,1000
4561012302,990,1140.91,REJECTED,975480d4-8c15-44ba-8c55-a9938bdaa2c4,5,4000
4557500667,349,8821.63,WAITING,4a2d279e-2495-496f-80d9-bc5a45e3b6b4,5,1000
4596296597,28,3865.62,WAITING,15ddc72a-7103-4a88-a951-49c5aa75affd,1,2000
4580852027,313,3175.08,QUOTATION,0b319577-4ab0-4684-b112-b27aad212cb1,4,4000
4502089472,658,4135.72,REJECTED,51991c98-a328-457f-a862-0962b2d30ddc,4,3000
4591564531,917,7401.42,WAITING,0a58bce2-1697-4c89-b568-ae280f33f982,1,3000
4520212928,628,4371.57,WAITING,a1ad3c2b-45ca-491c-8ef2-a64af7d19e43,2,3000
4519980543,76,3396.04,APPROVED,05767575-2944-4457-9aa7-06e1dae2ae25,4,2000
4595627306,934,6068.78,QUOTATION,b577718c-a2a9-4f8a-a41c-7cac0d102aab,5,2000
4524733943,708,268.84,APPROVED,51991c98-a328-457f-a862-0962b2d30ddc,4,2000
4592979287,459,8584.02,WAITING,651e8d5b-8636-4635-a934-6f9427d506b8,2,3000
4527376372,978,767.96,APPROVED,dbce3e63-1a5c-4595-a1f9-d09c3d978567,5,1000
4549750925,829,2107.96,APPROVED,fffeaf8f-4b6b-4357-a309-89f4769c36da,4,4000
4585047039,203,5193.25,WAITING,daffc87a-fdb5-424e-9155-782c6cd1b731,4,3000
4523845278,137,9052.49,WAITING,b577718c-a2a9-4f8a-a41c-7cac0d102aab,5,1000
4534776895,1000,9848.23,QUOTATION,41f3b33b-8871-42fd-90d5-1d1d9f2d5aed,4,1000
4570880357,866,3038.28,REJECTED,77b34563-244c-46da-b014-af1a9c7fa9e4,1,3000
4598180691,583,3074.63,REJECTED,834a14f7-cbd7-4220-9587-cd61c93c8253,4,2000
4549548148,700,4256.67,QUOTATION,a4926703-442b-4179-808a-04de7d4e1015,5,3000
4564547474,569,3619.22,WAITING,ad64acbd-9045-44ec-9111-f6b3b90cb060,3,4000
4503031520,914,9256.32,APPROVED,a1a6e723-19c6-46fd-a584-917efe27f127,5,3000
4503230882,420,1872.47,REJECTED,01bb5e4b-33d3-4db2-85a2-499f5c9e31b4,4,4000
4596793299,301,9273.64,APPROVED,82ebf1b0-6982-4deb-ac51-c7a6d0a68c5d,4,2000
4511616435,946,3316.46,APPROVED,4029508a-afa4-4faf-b175-4bb65b8a4dbb,4,1000
4563106870,845,4225.9,WAITING,611eefb3-ef38-4a2e-831a-15aff1dde8f8,2,3000
4517594434,235,9159.03,WAITING,fcc9df1e-2761-4b55-8f60-015b21066d78,4,4000
4549255890,552,466.11,REJECTED,975480d4-8c15-44ba-8c55-a9938bdaa2c4,3,2000
4591753949,11,3269.68,REJECTED,0b319577-4ab0-4684-b112-b27aad212cb1,4,1000
4578498236,784,5008.28,APPROVED,408c4fe5-9066-4997-8f1c-ad8daae4b1f6,1,2000
4524346064,354,3327.05,REJECTED,d5b6a98e-464a-4e85-ad1c-7fd6be7df835,5,1000
4562408429,267,2205.57,WAITING,15ddc72a-7103-4a88-a951-49c5aa75affd,2,2000
4593796430,970,9188.21,REJECTED,9567383e-1921-4683-803b-509faa2bc9d5,5,4000
4567139770,665,1888.24,APPROVED,0e752cfe-75ff-427d-8214-57710b509b33,2,2000
4515513739,324,2070.44,WAITING,0a58bce2-1697-4c89-b568-ae280f33f982,5,1000
4575931601,194,2070.04,APPROVED,51991c98-a328-457f-a862-0962b2d30ddc,2,4000
4531210971,17,823.87,WAITING,915bda23-d2b3-4bab-9d3b-0b701beb76fa,1,1000
4572229463,797,2548.63,QUOTATION,a9da22e7-f42f-4428-9083-96395b7a7e9a,1,2000
4543521502,900,8644.46,QUOTATION,15ddc72a-7103-4a88-a951-49c5aa75affd,3,3000
4598511324,501,2497.24,REJECTED,0c328cd6-def4-4097-8b5d-ef9b4362cfd3,1,2000
4583394496,369,1055.54,QUOTATION,9c7454a7-b80c-4d19-b841-4c0343b75add,3,1000
4508033895,249,8706.65,APPROVED,3ee51816-f540-45e6-8401-474c5df84e78,3,4000
4532310887,896,5543.6,REJECTED,37bf8863-0046-49cb-a72c-f7e41661214b,3,1000
4556782316,525,9437.36,WAITING,d7da1df8-a4af-4efe-a657-570c6d350470,2,2000
4551358370,53,2141.24,QUOTATION,915bda23-d2b3-4bab-9d3b-0b701beb76fa,3,1000
4590365772,45,4543.21,QUOTATION,b020551c-5fe7-45ea-881a-6fa78332362d,4,3000
4582508003,575,8458.52,REJECTED,8ca5ca23-a910-469b-aec1-73bd31d74ba2,1,3000
4553460038,122,5494.38,QUOTATION,68681084-7b12-4fd9-9704-7da3802cb451,3,4000
4595649348,444,723.05,QUOTATION,2cf52c48-a37c-4244-a030-3fe16c443ecd,2,1000
4564134382,993,2234.79,QUOTATION,2cf52c48-a37c-4244-a030-3fe16c443ecd,5,2000
4574419290,375,8464.77,WAITING,3341d7ea-5bed-42e4-82c2-18d0adfbcdf1,2,4000
4540253628,528,3985.95,REJECTED,a9da22e7-f42f-4428-9083-96395b7a7e9a,5,4000
4536271909,214,6354.69,QUOTATION,d4dbba0a-2b26-4233-9017-bb25b2e860f3,3,1000
4588755784,179,9265.1,REJECTED,41e46c83-90d4-4836-a022-b900a018b3fa,1,2000
4587333206,470,9494.77,REJECTED,5257f4f1-580e-4eb3-89f9-6cae458e4509,3,2000
4565269177,767,4816.81,QUOTATION,31ac60a6-1bc1-442c-ae10-4a420f770538,1,4000
4540713714,469,6465.9,APPROVED,fcc9df1e-2761-4b55-8f60-015b21066d78,1,1000
4557287299,742,6850.65,APPROVED,de541e55-b7b6-404a-8ce0-a6f1ea925750,5,2000
4589409395,262,5391.33,APPROVED,daffc87a-fdb5-424e-9155-782c6cd1b731,3,1000
4531250487,578,4415.62,APPROVED,17dffc12-ac1a-44ed-ad09-3c824851c624,1,1000
4580017754,717,4085.84,APPROVED,d4dbba0a-2b26-4233-9017-bb25b2e860f3,2,3000
4580798049,455,7360.55,QUOTATION,41e46c83-90d4-4836-a022-b900a018b3fa,3,2000
4510513897,205,6932.77,WAITING,eb8e5632-45d0-47e9-bcc0-ee76bf030643,1,1000
4583898349,502,9212.67,QUOTATION,4a2d279e-2495-496f-80d9-bc5a45e3b6b4,1,3000
4574980626,344,8587.74,WAITING,37bf8863-0046-49cb-a72c-f7e41661214b,3,1000
4519010272,915,2175.66,WAITING,3ee51816-f540-45e6-8401-474c5df84e78,5,2000
4567346355,810,8883.71,QUOTATION,a4926703-442b-4179-808a-04de7d4e1015,4,1000
4531418062,317,4130.43,REJECTED,41f3b33b-8871-42fd-90d5-1d1d9f2d5aed,5,3000
4525947440,221,5314.91,WAITING,134244b2-90f7-4d62-8488-d71e29828266,3,2000
4502479340,305,4981.85,APPROVED,b577718c-a2a9-4f8a-a41c-7cac0d102aab,5,4000
4594947477,422,2075.79,WAITING,0439439c-8945-42c4-b079-5340d85df97c,3,2000
4517913237,557,4878.52,APPROVED,ad64acbd-9045-44ec-9111-f6b3b90cb060,5,4000
4538134440,699,7943.93,QUOTATION,4a5df305-6d85-4b5a-81ca-b2a776017f8f,3,1000
4566392895,540,2493.08,WAITING,00a417fb-f2b9-4bb8-90c0-0787c3f2e3c7,3,4000
4566492085,677,1116.86,REJECTED,d0d94739-009d-44aa-ae3d-8c35a65083c5,3,3000
4578314584,942,7153.36,WAITING,41f3b33b-8871-42fd-90d5-1d1d9f2d5aed,4,1000
4598577615,452,2612.57,REJECTED,35672019-b6d1-42b4-b906-8819b248182e,5,1000
4588799971,747,1745.99,WAITING,da731710-48f7-4c02-8dd6-917ff4c62e3b,3,4000
4562813701,256,9542.71,REJECTED,834a14f7-cbd7-4220-9587-cd61c93c8253,1,3000
4529220175,309,9785.66,QUOTATION,3ee51816-f540-45e6-8401-474c5df84e78,5,2000
4525519614,876,5255.45,REJECTED,51991c98-a328-457f-a862-0962b2d30ddc,1,4000
4509956792,153,4865.42,WAITING,110f8801-eea1-420d-98e6-dd439569747b,3,2000
4514574200,244,7939.97,REJECTED,cea90057-5542-4a9f-8ad8-2fa263b39b7b,2,1000
4528651976,314,8032.05,APPROVED,ad64acbd-9045-44ec-9111-f6b3b90cb060,2,2000
4550789436,202,9873.45,APPROVED,975480d4-8c15-44ba-8c55-a9938bdaa2c4,4,3000
4545697618,155,4312.2,QUOTATION,c40f8a37-9024-4fcd-80a6-7917301ba6bd,4,4000
4552935280,85,1610.67,WAITING,eb8e5632-45d0-47e9-bcc0-ee76bf030643,5,1000
4514433463,41,6830.53,REJECTED,f6979cad-3c89-4280-985d-d7f07aaa8c2b,3,1000
4502132827,535,3261.38,APPROVED,82ebf1b0-6982-4deb-ac51-c7a6d0a68c5d,3,1000
4559971260,246,1798.76,APPROVED,31ac60a6-1bc1-442c-ae10-4a420f770538,4,2000
4588570244,566,6819.14,WAITING,975480d4-8c15-44ba-8c55-a9938bdaa2c4,2,1000
4513104631,189,6869.71,QUOTATION,0b319577-4ab0-4684-b112-b27aad212cb1,3,4000
4534240147,857,6008.28,REJECTED,ad64acbd-9045-44ec-9111-f6b3b90cb060,2,1000
4509797937,992,2178.98,QUOTATION,9a109dc4-7be3-4aec-94bb-ede38f79ae14,2,3000
4507041246,183,1813.82,APPROVED,651e8d5b-8636-4635-a934-6f9427d506b8,2,1000
4553824569,468,9116.21,APPROVED,d4dbba0a-2b26-4233-9017-bb25b2e860f3,3,2000
4560489006,681,8111.19,WAITING,3341d7ea-5bed-42e4-82c2-18d0adfbcdf1,3,4000
4581274963,17,2610.18,REJECTED,b020551c-5fe7-45ea-881a-6fa78332362d,5,4000
4514154767,374,2370.61,WAITING,12a301b9-4c71-4181-a853-d29be7b6bd18,5,1000
4530039006,104,8964.46,QUOTATION,9567383e-1921-4683-803b-509faa2bc9d5,4,1000
4500178000,150,8270.68,QUOTATION,bf599d91-442c-4e09-b5ae-b9f08a417d11,1,3000
4524046404,333,4408.51,REJECTED,ba5b8587-5d45-44ac-9e4e-16cb4b3afecc,5,1000
4590989938,503,2265.25,QUOTATION,2c7b9d8a-6b92-4a21-a03e-024e434a203d,2,1000
4597892497,888,9526.32,WAITING,3f3292d8-3056-42da-9ec5-d080c252a223,1,3000
4519185721,813,2691.69,REJECTED,0c328cd6-def4-4097-8b5d-ef9b4362cfd3,5,1000
4552537121,991,2589.27,APPROVED,2c6e3cb9-21cb-4de6-ae38-f117a3cbdfe2,4,4000
4506285393,12,9806.61,WAITING,a9da22e7-f42f-4428-9083-96395b7a7e9a,4,4000
4568206283,405,8866.8,WAITING,82ebf1b0-6982-4deb-ac51-c7a6d0a68c5d,3,1000
4504525936,237,4435.82,APPROVED,0e752cfe-75ff-427d-8214-57710b509b33,5,2000
4584702312,664,7748.58,APPROVED,2cf52c48-a37c-4244-a030-3fe16c443ecd,5,2000
4511060262,60,8746.55,APPROVED,4a5df305-6d85-4b5a-81ca-b2a776017f8f,4,3000
4563849123,535,8664.18,WAITING,15ddc72a-7103-4a88-a951-49c5aa75affd,2,1000
4512843021,401,5756.22,WAITING,28d388a1-0e70-41d0-a8a1-abb9e3263b7b,2,1000
4503055563,947,3532.35,WAITING,fe53d2be-049c-47fa-871a-c4a8b1a10e40,3,1000
4580789565,616,7392.45,APPROVED,73df3d25-bcec-47a6-8d66-6b628e81ed2d,5,1000
4555887682,112,9155.61,REJECTED,9ec93c76-9578-4947-a5ca-def516b026cb,1,2000
4573008893,725,9842.62,APPROVED,0c328cd6-def4-4097-8b5d-ef9b4362cfd3,2,3000
4578483834,722,5749.33,QUOTATION,f524f9ee-95cb-4e66-a6c1-b58f8296e7f3,4,2000
4536382785,488,7616.19,REJECTED,82ebf1b0-6982-4deb-ac51-c7a6d0a68c5d,4,1000
4555570129,877,3101.8,QUOTATION,f524f9ee-95cb-4e66-a6c1-b58f8296e7f3,5,4000
4548289853,878,5318.58,APPROVED,c40f8a37-9024-4fcd-80a6-7917301ba6bd,1,2000
4577775537,139,5120.22,QUOTATION,ebfe58ef-0dee-41d8-859e-ae2bff66e7fc,4,2000
4523512498,57,4669.85,QUOTATION,8ca5ca23-a910-469b-aec1-73bd31d74ba2,3,4000
4556252901,115,5184.34,QUOTATION,ce1eeb99-74a8-4547-b95c-345102c07d21,3,3000
4510727204,100,5771.39,WAITING,ebfe58ef-0dee-41d8-859e-ae2bff66e7fc,3,1000
4571720771,430,5642.05,WAITING,408c4fe5-9066-4997-8f1c-ad8daae4b1f6,2,2000
4586167340,474,4398.0,REJECTED,4a5df305-6d85-4b5a-81ca-b2a776017f8f,4,1000
4533983231,826,7400.98,APPROVED,bf599d91-442c-4e09-b5ae-b9f08a417d11,3,3000
4567365557,769,9357.51,REJECTED,fffeaf8f-4b6b-4357-a309-89f4769c36da,5,2000
4512578190,400,4186.6,WAITING,37bf8863-0046-49cb-a72c-f7e41661214b,4,3000
4584427693,881,5096.76,APPROVED,6cc3c3b9-23fa-4969-8791-af89dedc62c9,5,3000
4560253364,842,2471.93,REJECTED,dbce3e63-1a5c-4595-a1f9-d09c3d978567,1,1000
4511366698,114,5346.74,QUOTATION,0439439c-8945-42c4-b079-5340d85df97c,2,3000
4522870917,780,7859.09,APPROVED,bcebc30c-15e5-48e2-9c32-c86d886f82a0,2,4000
4517511535,696,7031.5,QUOTATION,9ec93c76-9578-4947-a5ca-def516b026cb,4,1000
4559641479,923,719.87,APPROVED,0439439c-8945-42c4-b079-5340d85df97c,5,4000
4576840954,156,1801.08,QUOTATION,0439439c-8945-42c4-b079-5340d85df97c,2,3000
4533260768,989,458.93,REJECTED,4a5df305-6d85-4b5a-81ca-b2a776017f8f,3,1000
4533924262,47,7990.42,QUOTATION,84aadcf6-499b-4416-9a35-3e546eb39a5c,1,1000
4501598277,714,1497.55,QUOTATION,f524f9ee-95cb-4e66-a6c1-b58f8296e7f3,4,2000
4512537515,945,9529.91,REJECTED,aa51a37d-2867-459b-8885-b5c8b161616a,5,4000
4519719258,901,5335.26,REJECTED,bcebc30c-15e5-48e2-9c32-c86d886f82a0,4,1000
4565655300,51,3857.92,REJECTED,834a14f7-cbd7-4220-9587-cd61c93c8253,3,4000
4588467761,295,7666.36,APPROVED,73df3d25-bcec-47a6-8d66-6b628e81ed2d,3,3000
4532265277,494,5075.7,APPROVED,68681084-7b12-4fd9-9704-7da3802cb451,3,1000
4544778408,676,3510.94,QUOTATION,fffeaf8f-4b6b-4357-a309-89f4769c36da,3,3000
4555752459,170,3243.37,APPROVED,37bf8863-0046-49cb-a72c-f7e41661214b,3,4000
4569428897,898,7916.46,APPROVED,fcc9df1e-2761-4b55-8f60-015b21066d78,4,2000
4585091422,717,7154.94,APPROVED,8df0c99e-2745-44ae-94ee-ad79cb114fdb,4,4000
4566375844,449,8399.45,APPROVED,915bda23-d2b3-4bab-9d3b-0b701beb76fa,1,1000
4543321200,501,8511.36,QUOTATION,84aadcf6-499b-4416-9a35-3e546eb39a5c,5,1000
4507408442,876,494.51,REJECTED,28d388a1-0e70-41d0-a8a1-abb9e3263b7b,1,3000
4563535220,267,9548.94,APPROVED,32149af9-a4f0-4e80-a73d-490a9faef06f,2,3000
4575349599,25,5085.48,REJECTED,834a14f7-cbd7-4220-9587-cd61c93c8253,4,1000
4513175463,954,5328.35,APPROVED,05767575-2944-4457-9aa7-06e1dae2ae25,2,1000
4529816629,159,9122.21,REJECTED,ad64acbd-9045-44ec-9111-f6b3b90cb060,5,1000
4538073875,434,3708.97,APPROVED,9ec93c76-9578-4947-a5ca-def516b026cb,1,3000
4567077473,548,9500.01,QUOTATION,de541e55-b7b6-404a-8ce0-a6f1ea925750,4,3000
4579001251,406,7867.58,REJECTED,37bf8863-0046-49cb-a72c-f7e41661214b,3,1000
4513572461,299,6179.18,REJECTED,2ab670e8-49e3-4a95-9871-d937f77b5927,1,1000
4535145060,163,6500.62,QUOTATION,a1a6e723-19c6-46fd-a584-917efe27f127,5,2000
4576082283,655,1888.54,QUOTATION,cf11fe2a-443a-44e9-96b0-e6b91ddfa87d,3,1000
4520842649,940,4760.9,REJECTED,ce1eeb99-74a8-4547-b95c-345102c07d21,4,1000
4585981941,843,3145.12,WAITING,f6dd041e-f994-407c-9a1b-2ee8a39b9b25,2,1000
4505703878,258,4484.88,QUOTATION,17dffc12-ac1a-44ed-ad09-3c824851c624,1,4000
4506421921,968,4369.81,WAITING,2ab670e8-49e3-4a95-9871-d937f77b5927,5,4000
4542170383,521,6891.59,QUOTATION,4a2d279e-2495-496f-80d9-bc5a45e3b6b4,4,2000
4516583014,293,8365.46,APPROVED,84aadcf6-499b-4416-9a35-3e546eb39a5c,2,4000
4589610128,347,9699.54,QUOTATION,ad64acbd-9045-44ec-9111-f6b3b90cb060,3,2000
4551761439,296,684.31,WAITING,3c65561d-5119-4985-87e7-48965fe9f62c,3,1000
4590115789,528,3232.55,REJECTED,17dffc12-ac1a-44ed-ad09-3c824851c624,5,1000
4520511007,609,5072.46,QUOTATION,de541e55-b7b6-404a-8ce0-a6f1ea925750,3,3000
4524175784,162,5830.53,REJECTED,76fa0c16-dc3a-4a9b-b914-de6a0097f3dc,1,2000
4509886541,880,4199.91,WAITING,bcebc30c-15e5-48e2-9c32-c86d886f82a0,5,4000
4536100996,900,9997.39,QUOTATION,2ab670e8-49e3-4a95-9871-d937f77b5927,5,3000
4569461781,767,9467.66,WAITING,cea90057-5542-4a9f-8ad8-2fa263b39b7b,2,3000
4530927396,569,4885.92,WAITING,56ae9e46-c0b2-46ca-b51d-5686e00ce4a6,1,3000
4571636210,334,8320.47,REJECTED,134244b2-90f7-4d62-8488-d71e29828266,4,2000
4568437778,722,5771.17,WAITING,aa51a37d-2867-459b-8885-b5c8b161616a,3,2000
4597817312,877,322.95,REJECTED,0439439c-8945-42c4-b079-5340d85df97c,5,2000
4507879709,763,4218.66,WAITING,31ac60a6-1bc1-442c-ae10-4a420f770538,2,2000
4566377152,794,536.99,QUOTATION,71b893be-0a75-41a7-9a52-bcdb771cc5ec,5,3000
4508372784,421,2423.12,REJECTED,daffc87a-fdb5-424e-9155-782c6cd1b731,4,1000
4552859072,852,5532.71,WAITING,0e752cfe-75ff-427d-8214-57710b509b33,2,3000
4521845824,333,827.59,WAITING,834a14f7-cbd7-4220-9587-cd61c93c8253,1,2000
4530535726,215,4486.13,REJECTED,da731710-48f7-4c02-8dd6-917ff4c62e3b,1,1000
4544438094,32,2095.75,QUOTATION,74d238f7-61d4-41c6-9d51-b05f2eddcb36,1,3000
4524429862,202,1029.29,APPROVED,9c7454a7-b80c-4d19-b841-4c0343b75add,1,2000
4567564386,92,5291.05,QUOTATION,de541e55-b7b6-404a-8ce0-a6f1ea925750,5,2000
4556547372,403,6947.56,REJECTED,d4dbba0a-2b26-4233-9017-bb25b2e860f3,2,2000
4548766113,748,7007.62,QUOTATION,aa51a37d-2867-459b-8885-b5c8b161616a,5,4000
4558536099,221,4854.01,APPROVED,2c6e3cb9-21cb-4de6-ae38-f117a3cbdfe2,4,2000
4532771809,812,2004.7,REJECTED,71b893be-0a75-41a7-9a52-bcdb771cc5ec,5,3000
4532400438,612,8578.86,QUOTATION,32149af9-a4f0-4e80-a73d-490a9faef06f,2,3000
4582324717,585,2808.97,WAITING,3c65561d-5119-4985-87e7-48965fe9f62c,4,2000
4599664079,423,6025.42,APPROVED,ba3d4978-80db-4a12-9f06-e4c698936184,5,1000
4542257178,577,4785.67,QUOTATION,a1ad3c2b-45ca-491c-8ef2-a64af7d19e43,1,3000
4523811345,573,903.31,WAITING,15ddc72a-7103-4a88-a951-49c5aa75affd,5,3000
4555556626,93,3636.21,APPROVED,35672019-b6d1-42b4-b906-8819b248182e,4,3000
4531854759,271,7018.21,REJECTED,791660af-f0db-4fbd-a3a4-86bd38182556,5,1000
4564250839,676,113.67,QUOTATION,a1ad3c2b-45ca-491c-8ef2-a64af7d19e43,1,3000
4547322954,500,6587.14,REJECTED,0e752cfe-75ff-427d-8214-57710b509b33,2,3000
4570665406,141,1140.17,REJECTED,fe53d2be-049c-47fa-871a-c4a8b1a10e40,2,4000
4533548061,666,4663.39,APPROVED,384bae62-8ba8-4cac-b8ad-3df4e68bcafa,3,2000
4545713651,228,6999.53,APPROVED,8df0c99e-2745-44ae-94ee-ad79cb114fdb,5,2000
4566891702,924,9347.0,WAITING,384bae62-8ba8-4cac-b8ad-3df4e68bcafa,5,3000
4544591376,853,9005.82,QUOTATION,daffc87a-fdb5-424e-9155-782c6cd1b731,1,3000
4598484751,522,288.02,APPROVED,c40f8a37-9024-4fcd-80a6-7917301ba6bd,2,4000
4548021480,813,3872.83,QUOTATION,ad64acbd-9045-44ec-9111-f6b3b90cb060,5,4000
4588117949,404,745.64,QUOTATION,3d3527a9-4ef5-45d5-83c2-4178789f9921,1,2000
4508285668,125,4735.25,WAITING,408c4fe5-9066-4997-8f1c-ad8daae4b1f6,2,1000
4525191653,159,4829.16,APPROVED,a1a6e723-19c6-46fd-a584-917efe27f127,3,1000
4595947094,274,7532.72,REJECTED,b020551c-5fe7-45ea-881a-6fa78332362d,2,4000
4572666509,672,76.98,WAITING,a9da22e7-f42f-4428-9083-96395b7a7e9a,3,1000
4579002365,986,7466.72,APPROVED,b577718c-a2a9-4f8a-a41c-7cac0d102aab,1,1000
4510217382,33,8266.23,WAITING,a1ad3c2b-45ca-491c-8ef2-a64af7d19e43,4,4000
4598327446,686,3805.59,WAITING,c40f8a37-9024-4fcd-80a6-7917301ba6bd,4,1000
4582252435,394,2759.73,WAITING,4a2d279e-2495-496f-80d9-bc5a45e3b6b4,1,2000
4507993408,730,1210.41,WAITING,37bf8863-0046-49cb-a72c-f7e41661214b,1,1000
4593889484,106,774.39,QUOTATION,8ca5ca23-a910-469b-aec1-73bd31d74ba2,2,2000
4530302993,662,4544.23,QUOTATION,0e752cfe-75ff-427d-8214-57710b509b33,4,3000
4574060907,677,9786.44,REJECTED,408c4fe5-9066-4997-8f1c-ad8daae4b1f6,2,3000
4563997306,20,6808.06,QUOTATION,ad64acbd-9045-44ec-9111-f6b3b90cb060,3,4000
4575383797,265,2892.56,REJECTED,3c65561d-5119-4985-87e7-48965fe9f62c,1,2000
4549348950,649,3434.44,REJECTED,d7da1df8-a4af-4efe-a657-570c6d350470,5,1000
4515660143,902,9624.63,APPROVED,384bae62-8ba8-4cac-b8ad-3df4e68bcafa,2,4000
4577361954,259,359.4,APPROVED,2c7b9d8a-6b92-4a21-a03e-024e434a203d,4,4000
4503673773,913,7520.46,APPROVED,a9da22e7-f42f-4428-9083-96395b7a7e9a,5,4000
4579973084,440,3832.95,APPROVED,fcc9df1e-2761-4b55-8f60-015b21066d78,5,2000
4541327178,613,1623.69,WAITING,37bf8863-0046-49cb-a72c-f7e41661214b,1,4000
4570955909,195,1610.21,WAITING,05767575-2944-4457-9aa7-06e1dae2ae25,5,3000
4519864557,831,3267.49,QUOTATION,68681084-7b12-4fd9-9704-7da3802cb451,1,2000
4574600791,194,2888.82,APPROVED,68681084-7b12-4fd9-9704-7da3802cb451,4,2000
4586820364,72,3181.18,REJECTED,28d388a1-0e70-41d0-a8a1-abb9e3263b7b,5,1000
4505698541,861,9847.36,APPROVED,611eefb3-ef38-4a2e-831a-15aff1dde8f8,4,3000
4591550012,274,1280.82,APPROVED,ce1eeb99-74a8-4547-b95c-345102c07d21,4,2000
4517961357,384,1336.68,APPROVED,ba3d4978-80db-4a12-9f06-e4c698936184,1,1000
4504352415,463,7180.5,REJECTED,31ac60a6-1bc1-442c-ae10-4a420f770538,2,3000
4582958288,159,4015.74,APPROVED,71b893be-0a75-41a7-9a52-bcdb771cc5ec,2,1000
4560133382,784,7336.74,QUOTATION,bf599d91-442c-4e09-b5ae-b9f08a417d11,1,3000
4574030291,772,8046.06,REJECTED,dbce3e63-1a5c-4595-a1f9-d09c3d978567,2,3000
4582093563,327,9824.06,WAITING,5257f4f1-580e-4eb3-89f9-6cae458e4509,4,3000
4558435177,452,1039.31,QUOTATION,834a14f7-cbd7-4220-9587-cd61c93c8253,4,2000
4547422044,223,1163.64,WAITING,8ca5ca23-a910-469b-aec1-73bd31d74ba2,2,1000
4579498241,123,275.02,APPROVED,01bb5e4b-33d3-4db2-85a2-499f5c9e31b4,3,1000
4544800870,127,6401.78,APPROVED,3f3292d8-3056-42da-9ec5-d080c252a223,1,4000
4525497517,939,6611.0,WAITING,cea90057-5542-4a9f-8ad8-2fa263b39b7b,5,3000
4540337088,374,5394.43,REJECTED,56ae9e46-c0b2-46ca-b51d-5686e00ce4a6,5,3000
4577419002,882,2434.79,APPROVED,77b34563-244c-46da-b014-af1a9c7fa9e4,1,3000
4513662134,749,5441.41,WAITING,fffeaf8f-4b6b-4357-a309-89f4769c36da,2,3000
4599031601,460,4740.11,APPROVED,3f3292d8-3056-42da-9ec5-d080c252a223,5,1000
4538981481,979,5281.51,WAITING,73df3d25-bcec-47a6-8d66-6b628e81ed2d,4,3000
4588352951,208,8641.48,APPROVED,b6bbc970-46d2-4ff4-9c52-80f378cfe8ea,1,1000
4537308792,750,3465.3,REJECTED,aa51a37d-2867-459b-8885-b5c8b161616a,1,1000
4520264567,84,4822.31,QUOTATION,fcc9df1e-2761-4b55-8f60-015b21066d78,4,2000
4516634697,80,1926.65,QUOTATION,8df0c99e-2745-44ae-94ee-ad79cb114fdb,2,2000
4506110812,737,1907.63,QUOTATION,41e46c83-90d4-4836-a022-b900a018b3fa,2,4000
4519002985,32,314.72,QUOTATION,6c55f239-a4f0-4edd-afe8-02d129db9eda,3,4000
4507904447,206,1190.78,APPROVED,6c55f239-a4f0-4edd-afe8-02d129db9eda,2,2000
4586350261,712,8117.78,REJECTED,834a14f7-cbd7-4220-9587-cd61c93c8253,5,2000
4568858608,254,6167.17,REJECTED,2c7b9d8a-6b92-4a21-a03e-024e434a203d,3,1000
4539042364,701,6823.58,REJECTED,3341d7ea-5bed-42e4-82c2-18d0adfbcdf1,1,3000
4534500946,630,9821.38,QUOTATION,4a2d279e-2495-496f-80d9-bc5a45e3b6b4,5,3000
4555206241,214,8892.29,QUOTATION,8ca5ca23-a910-469b-aec1-73bd31d74ba2,4,1000
4522194817,234,4117.28,WAITING,73df3d25-bcec-47a6-8d66-6b628e81ed2d,3,1000
4506143782,961,6169.58,REJECTED,ad64acbd-9045-44ec-9111-f6b3b90cb060,4,1000
4598604152,619,3607.54,REJECTED,32149af9-a4f0-4e80-a73d-490a9faef06f,3,3000
4547802363,798,734.18,APPROVED,de541e55-b7b6-404a-8ce0-a6f1ea925750,2,2000
4557972378,380,950.34,REJECTED,73df3d25-bcec-47a6-8d66-6b628e81ed2d,1,4000
4545002406,543,9351.02,QUOTATION,ce1eeb99-74a8-4547-b95c-345102c07d21,5,2000
4583243110,252,3878.53,APPROVED,32149af9-a4f0-4e80-a73d-490a9faef06f,5,1000
4504251115,734,913.74,WAITING,9c7454a7-b80c-4d19-b841-4c0343b75add,3,1000
4548169814,75,8322.97,QUOTATION,17dffc12-ac1a-44ed-ad09-3c824851c624,1,3000
4596544259,895,1189.07,APPROVED,ce1eeb99-74a8-4547-b95c-345102c07d21,2,4000
4569603824,294,1433.68,WAITING,74d238f7-61d4-41c6-9d51-b05f2eddcb36,4,1000
4565372207,327,3047.92,APPROVED,fffeaf8f-4b6b-4357-a309-89f4769c36da,1,3000
4508295540,193,4988.17,APPROVED,28d388a1-0e70-41d0-a8a1-abb9e3263b7b,3,1000
4584550806,347,5744.96,QUOTATION,ba3d4978-80db-4a12-9f06-e4c698936184,2,1000
4518917597,74,1021.55,REJECTED,134244b2-90f7-4d62-8488-d71e29828266,1,2000
4526785220,693,4099.55,QUOTATION,0b319577-4ab0-4684-b112-b27aad212cb1,1,1000
4577382721,992,2131.78,REJECTED,611eefb3-ef38-4a2e-831a-15aff1dde8f8,4,1000
4596415592,527,8562.93,REJECTED,4a2d279e-2495-496f-80d9-bc5a45e3b6b4,5,1000
4505336604,525,9859.64,REJECTED,0e752cfe-75ff-427d-8214-57710b509b33,1,1000
4569612744,536,7592.95,WAITING,84aadcf6-499b-4416-9a35-3e546eb39a5c,4,1000
4545561639,610,7170.95,QUOTATION,32149af9-a4f0-4e80-a73d-490a9faef06f,1,4000
4511883204,87,1301.53,QUOTATION,ba3d4978-80db-4a12-9f06-e4c698936184,1,2000
4595210306,184,4401.87,QUOTATION,134244b2-90f7-4d62-8488-d71e29828266,3,1000
4559725395,845,7933.51,APPROVED,cf11fe2a-443a-44e9-96b0-e6b91ddfa87d,3,4000
4585468308,817,5442.72,QUOTATION,611eefb3-ef38-4a2e-831a-15aff1dde8f8,2,4000
4542697726,667,2318.38,QUOTATION,d0d94739-009d-44aa-ae3d-8c35a65083c5,3,1000
4586770999,664,4486.71,REJECTED,384bae62-8ba8-4cac-b8ad-3df4e68bcafa,3,1000
4572081816,345,6360.86,WAITING,3341d7ea-5bed-42e4-82c2-18d0adfbcdf1,2,4000
4528209995,988,9777.25,APPROVED,0439439c-8945-42c4-b079-5340d85df97c,5,1000
4501251497,62,128.48,QUOTATION,e069016d-d217-4fbc-b438-1e8790b731fb,3,1000
4532085642,902,7382.71,QUOTATION,28d388a1-0e70-41d0-a8a1-abb9e3263b7b,3,1000
4518010398,511,5711.54,REJECTED,ba5b8587-5d45-44ac-9e4e-16cb4b3afecc,4,4000
4528397311,543,5840.34,REJECTED,a9da22e7-f42f-4428-9083-96395b7a7e9a,2,4000
4509746458,47,4190.76,QUOTATION,aa51a37d-2867-459b-8885-b5c8b161616a,3,2000
4506271902,888,9984.19,WAITING,b6bbc970-46d2-4ff4-9c52-80f378cfe8ea,1,1000
4518546686,514,7793.17,WAITING,ad64acbd-9045-44ec-9111-f6b3b90cb060,5,1000
4501296335,129,2959.96,WAITING,651e8d5b-8636-4635-a934-6f9427d506b8,5,1000
4591887671,53,4416.16,QUOTATION,15ddc72a-7103-4a88-a951-49c5aa75affd,3,1000
4545377920,943,886.3,REJECTED,0439439c-8945-42c4-b079-5340d85df97c,3,4000
4501547039,821,310.36,REJECTED,15ddc72a-7103-4a88-a951-49c5aa75affd,5,1000
4554876384,949,8324.06,WAITING,fcc9df1e-2761-4b55-8f60-015b21066d78,2,2000
4521398273,694,3746.12,APPROVED,41f3b33b-8871-42fd-90d5-1d1d9f2d5aed,3,3000
4503093985,185,8742.42,QUOTATION,b0154cbb-c693-4062-88b9-a8acf4402b56,5,1000
4531358850,646,1045.09,QUOTATION,110f8801-eea1-420d-98e6-dd439569747b,2,2000
4586682748,515,6253.32,QUOTATION,28d388a1-0e70-41d0-a8a1-abb9e3263b7b,1,2000
4573215009,426,1260.46,REJECTED,5257f4f1-580e-4eb3-89f9-6cae458e4509,1,2000
4508650652,941,5673.04,WAITING,fffeaf8f-4b6b-4357-a309-89f4769c36da,2,1000
4598309342,953,7385.78,WAITING,8df0c99e-2745-44ae-94ee-ad79cb114fdb,4,1000
4501765247,577,4782.3,QUOTATION,975480d4-8c15-44ba-8c55-a9938bdaa2c4,2,1000
4581901806,991,4807.93,REJECTED,6cc3c3b9-23fa-4969-8791-af89dedc62c9,3,1000
4553138775,228,6679.49,REJECTED,aa51a37d-2867-459b-8885-b5c8b161616a,4,4000
4516678675,973,1759.11,REJECTED,a9da22e7-f42f-4428-9083-96395b7a7e9a,2,2000
4508652086,431,7332.52,APPROVED,bcebc30c-15e5-48e2-9c32-c86d886f82a0,1,3000
4562717629,629,9343.38,APPROVED,cea90057-5542-4a9f-8ad8-2fa263b39b7b,4,3000
4568172273,677,532.1,QUOTATION,68681084-7b12-4fd9-9704-7da3802cb451,2,3000
4521915885,153,1164.05,REJECTED,bf599d91-442c-4e09-b5ae-b9f08a417d11,5,3000
4562222332,141,4831.99,WAITING,f6dd041e-f994-407c-9a1b-2ee8a39b9b25,3,3000
4536151242,923,255.59,QUOTATION,3ee51816-f540-45e6-8401-474c5df84e78,3,3000
4503235390,552,5802.38,APPROVED,0e752cfe-75ff-427d-8214-57710b509b33,3,3000
4511264368,893,8733.26,WAITING,0b319577-4ab0-4684-b112-b27aad212cb1,1,4000
4598150075,68,3794.87,QUOTATION,4a5df305-6d85-4b5a-81ca-b2a776017f8f,5,3000
4501913044,726,7091.63,QUOTATION,76fa0c16-dc3a-4a9b-b914-de6a0097f3dc,4,3000
4531340744,538,1843.8,WAITING,2c6e3cb9-21cb-4de6-ae38-f117a3cbdfe2,2,3000
4502083559,177,5832.3,QUOTATION,5257f4f1-580e-4eb3-89f9-6cae458e4509,2,3000
4598793819,814,6217.08,APPROVED,76fa0c16-dc3a-4a9b-b914-de6a0097f3dc,1,2000
4529361194,503,888.74,REJECTED,d4dbba0a-2b26-4233-9017-bb25b2e860f3,1,4000
4584417008,669,6768.25,WAITING,a4926703-442b-4179-808a-04de7d4e1015,2,2000
4505024730,660,5984.12,APPROVED,fcc9df1e-2761-4b55-8f60-015b21066d78,1,2000
4591023152,991,980.05,WAITING,5257f4f1-580e-4eb3-89f9-6cae458e4509,3,4000
4590177523,582,7270.09,WAITING,74d238f7-61d4-41c6-9d51-b05f2eddcb36,3,4000
4540014416,554,8998.23,QUOTATION,15ddc72a-7103-4a88-a951-49c5aa75affd,1,1000
4513038716,296,2988.12,QUOTATION,12a301b9-4c71-4181-a853-d29be7b6bd18,3,4000
4565356365,820,1047.85,REJECTED,ebfe58ef-0dee-41d8-859e-ae2bff66e7fc,5,2000
4597362013,171,8080.52,REJECTED,bcebc30c-15e5-48e2-9c32-c86d886f82a0,4,3000
4592153521,872,9619.77,APPROVED,eb8e5632-45d0-47e9-bcc0-ee76bf030643,2,4000
4561610122,116,8143.74,APPROVED,b020551c-5fe7-45ea-881a-6fa78332362d,3,1000
4590959128,8,3365.29,REJECTED,76fa0c16-dc3a-4a9b-b914-de6a0097f3dc,3,1000
4558584878,708,2414.11,REJECTED,77b34563-244c-46da-b014-af1a9c7fa9e4,4,4000
4562369675,1,5505.02,REJECTED,ce1eeb99-74a8-4547-b95c-345102c07d21,2,1000
4560337122,819,4941.88,REJECTED,de541e55-b7b6-404a-8ce0-a6f1ea925750,1,1000
4502604432,194,4036.96,QUOTATION,3f3292d8-3056-42da-9ec5-d080c252a223,1,4000
4552275238,649,987.78,QUOTATION,5c250769-58e7-4a67-92b8-05566aab2cd0,5,4000
4508981102,439,5715.19,WAITING,384bae62-8ba8-4cac-b8ad-3df4e68bcafa,5,2000
4504778714,813,2009.45,WAITING,62117371-6664-4e90-9e4c-e3939789c81a,4,3000
4532954956,148,2639.98,APPROVED,84aadcf6-499b-4416-9a35-3e546eb39a5c,1,2000
4553233367,410,3404.0,REJECTED,fe53d2be-049c-47fa-871a-c4a8b1a10e40,3,2000
4523484373,978,1810.63,WAITING,77b34563-244c-46da-b014-af1a9c7fa9e4,3,1000
4554751963,51,537.97,REJECTED,b0154cbb-c693-4062-88b9-a8acf4402b56,2,4000
4506011122,380,2975.39,APPROVED,e7ba4d18-37bf-472c-9d3a-7756c21a55c9,4,4000
4531166742,209,6612.65,QUOTATION,84aadcf6-499b-4416-9a35-3e546eb39a5c,3,2000
4550838287,240,5375.04,APPROVED,0439439c-8945-42c4-b079-5340d85df97c,1,4000
4518225804,764,4432.11,QUOTATION,d0d94739-009d-44aa-ae3d-8c35a65083c5,1,3000
4578453443,390,7838.89,APPROVED,8ca5ca23-a910-469b-aec1-73bd31d74ba2,2,2000
4556465438,231,8543.41,WAITING,28d388a1-0e70-41d0-a8a1-abb9e3263b7b,3,2000
4532189722,75,893.19,REJECTED,cea90057-5542-4a9f-8ad8-2fa263b39b7b,2,2000
4530033526,449,8146.66,APPROVED,408c4fe5-9066-4997-8f1c-ad8daae4b1f6,5,4000
4557921174,614,7083.36,QUOTATION,a1ad3c2b-45ca-491c-8ef2-a64af7d19e43,4,3000
4508898081,415,1262.19,WAITING,73df3d25-bcec-47a6-8d66-6b628e81ed2d,3,1000
4576145060,586,6659.2,WAITING,3ee51816-f540-45e6-8401-474c5df84e78,2,3000
4588548176,918,7201.87,WAITING,e7ba4d18-37bf-472c-9d3a-7756c21a55c9,3,1000
4503674632,584,5546.19,QUOTATION,2cf52c48-a37c-4244-a030-3fe16c443ecd,5,4000
4538819071,355,7965.43,QUOTATION,611eefb3-ef38-4a2e-831a-15aff1dde8f8,5,1000
4537802318,656,2702.94,REJECTED,e069016d-d217-4fbc-b438-1e8790b731fb,3,4000
4550225982,791,6867.93,WAITING,6c55f239-a4f0-4edd-afe8-02d129db9eda,5,4000
4551354611,875,5513.53,APPROVED,56ae9e46-c0b2-46ca-b51d-5686e00ce4a6,1,1000
4509287597,155,7663.12,QUOTATION,17dffc12-ac1a-44ed-ad09-3c824851c624,2,2000
4582370545,289,7723.05,APPROVED,01bb5e4b-33d3-4db2-85a2-499f5c9e31b4,1,2000
4581826083,263,9915.51,REJECTED,9567383e-1921-4683-803b-509faa2bc9d5,2,2000
4533279329,646,9627.03,REJECTED,d7da1df8-a4af-4efe-a657-570c6d350470,3,4000
4539243624,942,2183.06,WAITING,73df3d25-bcec-47a6-8d66-6b628e81ed2d,1,4000
4541896376,782,4335.95,QUOTATION,a1a6e723-19c6-46fd-a584-917efe27f127,5,1000
4513745556,126,6437.13,APPROVED,8df0c99e-2745-44ae-94ee-ad79cb114fdb,5,1000
4575997458,907,8566.43,QUOTATION,15ddc72a-7103-4a88-a951-49c5aa75affd,2,4000
4514026819,187,6229.63,REJECTED,0439439c-8945-42c4-b079-5340d85df97c,2,1000
4532236713,911,6375.29,WAITING,eb8e5632-45d0-47e9-bcc0-ee76bf030643,2,2000
4531085747,574,6686.11,APPROVED,41e46c83-90d4-4836-a022-b900a018b3fa,1,4000
4556328490,284,6689.76,QUOTATION,975480d4-8c15-44ba-8c55-a9938bdaa2c4,3,2000
4554300585,367,2464.79,QUOTATION,d0d94739-009d-44aa-ae3d-8c35a65083c5,5,3000
4512531375,437,847.02,WAITING,e7ba4d18-37bf-472c-9d3a-7756c21a55c9,1,4000
4593582067,65,2053.16,QUOTATION,791660af-f0db-4fbd-a3a4-86bd38182556,3,2000
4568899861,673,6060.41,QUOTATION,975480d4-8c15-44ba-8c55-a9938bdaa2c4,5,1000
4549740742,364,4035.71,APPROVED,3d3527a9-4ef5-45d5-83c2-4178789f9921,5,1000
4586441071,475,2803.86,REJECTED,41f3b33b-8871-42fd-90d5-1d1d9f2d5aed,4,3000
4559131517,548,9749.86,QUOTATION,15ddc72a-7103-4a88-a951-49c5aa75affd,3,1000
4512619566,530,6491.34,QUOTATION,01bb5e4b-33d3-4db2-85a2-499f5c9e31b4,2,1000
4540629302,947,5168.48,QUOTATION,35672019-b6d1-42b4-b906-8819b248182e,1,1000
4517716312,294,2995.09,APPROVED,73df3d25-bcec-47a6-8d66-6b628e81ed2d,5,3000
4539667813,143,479.79,QUOTATION,408c4fe5-9066-4997-8f1c-ad8daae4b1f6,4,4000
4517773883,599,4664.89,QUOTATION,4029508a-afa4-4faf-b175-4bb65b8a4dbb,3,4000
4588584849,226,1987.92,APPROVED,ba5b8587-5d45-44ac-9e4e-16cb4b3afecc,2,3000
4599066475,503,461.33,REJECTED,0c328cd6-def4-4097-8b5d-ef9b4362cfd3,1,3000
4557045406,286,2642.59,APPROVED,9ec93c76-9578-4947-a5ca-def516b026cb,2,4000
4511409261,451,7973.21,REJECTED,110f8801-eea1-420d-98e6-dd439569747b,3,4000
4516566571,734,4541.98,APPROVED,d0d94739-009d-44aa-ae3d-8c35a65083c5,3,4000
4531216130,265,6192.38,WAITING,fe53d2be-049c-47fa-871a-c4a8b1a10e40,4,1000
4551539259,622,2409.61,QUOTATION,8ca5ca23-a910-469b-aec1-73bd31d74ba2,4,4000
4545043815,550,7506.62,QUOTATION,b6bbc970-46d2-4ff4-9c52-80f378cfe8ea,4,1000
4532570570,90,1477.4,REJECTED,cea90057-5542-4a9f-8ad8-2fa263b39b7b,3,1000
4540671122,143,7950.98,REJECTED,9ec93c76-9578-4947-a5ca-def516b026cb,2,1000
4502657686,550,81.01,WAITING,d4dbba0a-2b26-4233-9017-bb25b2e860f3,4,2000
4584253102,855,7689.39,APPROVED,84aadcf6-499b-4416-9a35-3e546eb39a5c,5,4000
4590024437,268,4598.5,APPROVED,fcc9df1e-2761-4b55-8f60-015b21066d78,4,3000
4585748985,453,1040.69,REJECTED,e7ba4d18-37bf-472c-9d3a-7756c21a55c9,2,1000
4534952524,955,7425.07,WAITING,35672019-b6d1-42b4-b906-8819b248182e,5,2000
4565091961,580,1661.23,REJECTED,d4dbba0a-2b26-4233-9017-bb25b2e860f3,3,1000
4503794120,927,8790.97,APPROVED,384bae62-8ba8-4cac-b8ad-3df4e68bcafa,2,1000
4554202604,405,9858.21,QUOTATION,fe53d2be-049c-47fa-871a-c4a8b1a10e40,5,4000
4542001773,365,2276.93,REJECTED,ebfe58ef-0dee-41d8-859e-ae2bff66e7fc,3,2000
4528454250,575,7597.52,WAITING,bf599d91-442c-4e09-b5ae-b9f08a417d11,1,2000
4515713935,70,7586.63,APPROVED,ba3d4978-80db-4a12-9f06-e4c698936184,1,1000
4599063111,799,6756.85,QUOTATION,c40f8a37-9024-4fcd-80a6-7917301ba6bd,2,4000
4597451845,556,4587.85,REJECTED,ba3d4978-80db-4a12-9f06-e4c698936184,3,2000
4579949514,409,9614.0,APPROVED,2ab670e8-49e3-4a95-9871-d937f77b5927,2,1000
4536622078,7,4514.97,REJECTED,5c250769-58e7-4a67-92b8-05566aab2cd0,4,3000
4553843959,685,4083.9,QUOTATION,3f3292d8-3056-42da-9ec5-d080c252a223,3,3000
4547199867,189,8437.58,REJECTED,110f8801-eea1-420d-98e6-dd439569747b,1,2000
4524824187,947,4368.24,APPROVED,2c7b9d8a-6b92-4a21-a03e-024e434a203d,1,2000
4552388343,985,6903.75,APPROVED,73df3d25-bcec-47a6-8d66-6b628e81ed2d,3,3000
4510919532,484,7965.09,REJECTED,9c7454a7-b80c-4d19-b841-4c0343b75add,1,3000
4523696333,915,7973.64,QUOTATION,834a14f7-cbd7-4220-9587-cd61c93c8253,1,2000
4568511982,23,271.84,QUOTATION,fcc9df1e-2761-4b55-8f60-015b21066d78,1,3000
4509507775,374,1682.23,APPROVED,31ac60a6-1bc1-442c-ae10-4a420f770538,2,4000
4564744028,229,766.27,REJECTED,9ec93c76-9578-4947-a5ca-def516b026cb,3,1000
4562428605,18,1031.84,APPROVED,35672019-b6d1-42b4-b906-8819b248182e,4,4000
4531486565,425,5753.33,QUOTATION,de541e55-b7b6-404a-8ce0-a6f1ea925750,4,4000
4559921343,42,9246.03,APPROVED,ebfe58ef-0dee-41d8-859e-ae2bff66e7fc,3,3000
4508057695,261,952.92,QUOTATION,00a417fb-f2b9-4bb8-90c0-0787c3f2e3c7,4,3000
4513790811,676,7593.77,REJECTED,d0d94739-009d-44aa-ae3d-8c35a65083c5,5,2000
4590431894,935,2127.38,APPROVED,fe53d2be-049c-47fa-871a-c4a8b1a10e40,1,4000
4585089174,203,3340.06,REJECTED,3f3292d8-3056-42da-9ec5-d080c252a223,4,1000
4550665603,570,9511.78,REJECTED,cea90057-5542-4a9f-8ad8-2fa263b39b7b,1,1000
4523038917,242,4463.23,WAITING,12a301b9-4c71-4181-a853-d29be7b6bd18,4,2000
4592731047,414,3515.55,APPROVED,0f7e95f4-4fb9-4987-a1e1-5264880e721e,1,2000
4591036002,550,9325.51,APPROVED,c40f8a37-9024-4fcd-80a6-7917301ba6bd,1,1000
4563218753,477,3840.23,WAITING,408c4fe5-9066-4997-8f1c-ad8daae4b1f6,5,4000
4507242962,450,3498.66,REJECTED,b020551c-5fe7-45ea-881a-6fa78332362d,1,1000
4560326609,282,7306.57,WAITING,cea90057-5542-4a9f-8ad8-2fa263b39b7b,4,4000
4535526871,907,8276.93,REJECTED,2c7b9d8a-6b92-4a21-a03e-024e434a203d,3,2000
4584904486,840,227.05,REJECTED,0e752cfe-75ff-427d-8214-57710b509b33,4,1000
4529767782,705,6626.24,REJECTED,56ae9e46-c0b2-46ca-b51d-5686e00ce4a6,2,3000
4555272446,744,2942.71,APPROVED,da731710-48f7-4c02-8dd6-917ff4c62e3b,1,2000
4545008994,944,5276.24,APPROVED,ebfe58ef-0dee-41d8-859e-ae2bff66e7fc,2,4000
4514600015,541,6052.64,REJECTED,384bae62-8ba8-4cac-b8ad-3df4e68bcafa,1,2000
4556288245,852,7006.26,WAITING,05767575-2944-4457-9aa7-06e1dae2ae25,2,3000
4528048830,730,1280.31,REJECTED,384bae62-8ba8-4cac-b8ad-3df4e68bcafa,2,3000
4598219819,227,2396.21,WAITING,de541e55-b7b6-404a-8ce0-a6f1ea925750,5,3000
4524834529,461,3053.68,QUOTATION,110f8801-eea1-420d-98e6-dd439569747b,2,1000
4578207783,987,8791.86,QUOTATION,4a2d279e-2495-496f-80d9-bc5a45e3b6b4,1,1000
4507409786,143,7640.06,WAITING,8ca5ca23-a910-469b-aec1-73bd31d74ba2,1,4000
4507116723,798,605.59,APPROVED,0b319577-4ab0-4684-b112-b27aad212cb1,5,2000
4553279696,487,7344.93,APPROVED,2ab670e8-49e3-4a95-9871-d937f77b5927,3,4000
4570107082,473,3921.44,APPROVED,01bb5e4b-33d3-4db2-85a2-499f5c9e31b4,4,3000
4532227068,644,8374.02,REJECTED,611eefb3-ef38-4a2e-831a-15aff1dde8f8,5,3000
4567063260,596,5578.09,APPROVED,a1a6e723-19c6-46fd-a584-917efe27f127,5,3000
4503655736,382,3549.58,REJECTED,82ebf1b0-6982-4deb-ac51-c7a6d0a68c5d,3,3000
4509480020,201,8938.04,REJECTED,17dffc12-ac1a-44ed-ad09-3c824851c624,2,2000
4557681344,661,6488.08,APPROVED,f6dd041e-f994-407c-9a1b-2ee8a39b9b25,4,4000
4521322003,10,3414.31,REJECTED,62117371-6664-4e90-9e4c-e3939789c81a,5,2000
4596709630,756,1724.0,WAITING,dbce3e63-1a5c-4595-a1f9-d09c3d978567,1,4000
4514566199,521,9588.1,WAITING,3341d7ea-5bed-42e4-82c2-18d0adfbcdf1,2,1000
4577427877,829,1173.89,APPROVED,e069016d-d217-4fbc-b438-1e8790b731fb,5,3000
4540164682,408,9136.4,QUOTATION,ba3d4978-80db-4a12-9f06-e4c698936184,5,2000
4596989221,695,5084.75,QUOTATION,0439439c-8945-42c4-b079-5340d85df97c,4,4000
4500760798,150,6051.41,QUOTATION,110f8801-eea1-420d-98e6-dd439569747b,4,4000
4585954225,166,8039.45,WAITING,651e8d5b-8636-4635-a934-6f9427d506b8,1,3000
4563189451,333,8127.27,WAITING,ba5b8587-5d45-44ac-9e4e-16cb4b3afecc,3,2000
4500099715,744,9487.84,QUOTATION,73df3d25-bcec-47a6-8d66-6b628e81ed2d,2,3000
4527397894,529,2016.5,WAITING,4029508a-afa4-4faf-b175-4bb65b8a4dbb,3,3000
4558536643,516,4854.41,WAITING,aa51a37d-2867-459b-8885-b5c8b161616a,5,1000
4557689646,615,6660.77,REJECTED,84aadcf6-499b-4416-9a35-3e546eb39a5c,5,4000
4530285363,136,3900.01,APPROVED,dbce3e63-1a5c-4595-a1f9-d09c3d978567,5,3000
4506724795,543,2870.47,APPROVED,d5b6a98e-464a-4e85-ad1c-7fd6be7df835,4,1000
4547752795,273,7228.13,REJECTED,3341d7ea-5bed-42e4-82c2-18d0adfbcdf1,4,1000
4561465240,455,5441.08,APPROVED,e7ba4d18-37bf-472c-9d3a-7756c21a55c9,1,1000
4583663789,686,5734.3,WAITING,ad64acbd-9045-44ec-9111-f6b3b90cb060,2,1000
4525235607,585,7213.89,QUOTATION,d4dbba0a-2b26-4233-9017-bb25b2e860f3,1,3000
4575883129,855,2720.94,REJECTED,d7da1df8-a4af-4efe-a657-570c6d350470,1,4000
4548909231,929,8012.35,WAITING,651e8d5b-8636-4635-a934-6f9427d506b8,3,1000
4503521147,574,4351.81,WAITING,82ebf1b0-6982-4deb-ac51-c7a6d0a68c5d,1,2000
4567566477,16,1413.31,REJECTED,791660af-f0db-4fbd-a3a4-86bd38182556,5,1000
4503060494,931,3586.03,REJECTED,dbce3e63-1a5c-4595-a1f9-d09c3d978567,4,2000
4519977071,555,3583.74,REJECTED,01bb5e4b-33d3-4db2-85a2-499f5c9e31b4,2,4000
4583249457,57,7197.49,REJECTED,0f7e95f4-4fb9-4987-a1e1-5264880e721e,3,2000
4503239989,187,6846.9,APPROVED,ebfe58ef-0dee-41d8-859e-ae2bff66e7fc,4,3000
4506158387,932,712.72,REJECTED,5c250769-58e7-4a67-92b8-05566aab2cd0,4,4000
4558485083,185,8060.74,WAITING,9ec93c76-9578-4947-a5ca-def516b026cb,1,2000
4568811037,616,7154.34,REJECTED,b0154cbb-c693-4062-88b9-a8acf4402b56,5,2000
4549236784,851,7471.14,REJECTED,e069016d-d217-4fbc-b438-1e8790b731fb,1,1000
4586191730,515,7555.5,QUOTATION,b6bbc970-46d2-4ff4-9c52-80f378cfe8ea,4,3000
4596153579,61,7268.81,APPROVED,77b34563-244c-46da-b014-af1a9c7fa9e4,4,1000
4580229855,333,8821.9,REJECTED,e069016d-d217-4fbc-b438-1e8790b731fb,5,2000
4516906962,849,9373.06,REJECTED,aa51a37d-2867-459b-8885-b5c8b161616a,3,4000
4546702073,622,2212.67,REJECTED,2c7b9d8a-6b92-4a21-a03e-024e434a203d,5,1000
4500570757,902,7481.55,WAITING,ad64acbd-9045-44ec-9111-f6b3b90cb060,1,1000
4503599326,802,6429.29,WAITING,01bb5e4b-33d3-4db2-85a2-499f5c9e31b4,1,3000
4537950213,527,4544.42,QUOTATION,6c55f239-a4f0-4edd-afe8-02d129db9eda,3,1000
4562320099,800,9258.37,QUOTATION,0a58bce2-1697-4c89-b568-ae280f33f982,4,1000
4542197919,174,7294.91,WAITING,0e752cfe-75ff-427d-8214-57710b509b33,2,1000
4585595652,15,2802.19,WAITING,35672019-b6d1-42b4-b906-8819b248182e,5,3000
4505169117,220,9908.8,REJECTED,ba5b8587-5d45-44ac-9e4e-16cb4b3afecc,4,2000
4598780058,622,2336.07,WAITING,41f3b33b-8871-42fd-90d5-1d1d9f2d5aed,5,2000
4504268665,462,6950.0,WAITING,0e752cfe-75ff-427d-8214-57710b509b33,1,3000
4564531138,766,6882.01,APPROVED,74d238f7-61d4-41c6-9d51-b05f2eddcb36,2,3000
4559225503,380,3085.44,APPROVED,fe53d2be-049c-47fa-871a-c4a8b1a10e40,1,1000
4548539559,539,9600.85,REJECTED,834a14f7-cbd7-4220-9587-cd61c93c8253,5,2000
4556105967,750,4627.6,QUOTATION,37bf8863-0046-49cb-a72c-f7e41661214b,2,2000
4536891114,287,1927.48,APPROVED,b020551c-5fe7-45ea-881a-6fa78332362d,3,1000
4542869471,491,9883.7,QUOTATION,fe53d2be-049c-47fa-871a-c4a8b1a10e40,1,4000
4574510710,5,2193.4,WAITING,8df0c99e-2745-44ae-94ee-ad79cb114fdb,5,1000
4555835877,726,654.66,WAITING,cea90057-5542-4a9f-8ad8-2fa263b39b7b,1,1000
4599341763,740,9982.8,WAITING,bf599d91-442c-4e09-b5ae-b9f08a417d11,1,1000
4592583042,563,8840.3,QUOTATION,0439439c-8945-42c4-b079-5340d85df97c,1,3000
4514572386,6,7313.6,APPROVED,71b893be-0a75-41a7-9a52-bcdb771cc5ec,3,2000
4567670592,985,4768.96,QUOTATION,0a58bce2-1697-4c89-b568-ae280f33f982,2,3000
4546993887,213,2709.4,REJECTED,ea38b7e1-b488-4873-ab04-3066d219b434,3,4000
4563039741,251,9098.99,QUOTATION,77b34563-244c-46da-b014-af1a9c7fa9e4,2,1000
4530493406,913,694.2,QUOTATION,71b893be-0a75-41a7-9a52-bcdb771cc5ec,1,3000
4563029153,660,6007.87,APPROVED,9ec93c76-9578-4947-a5ca-def516b026cb,5,4000
4583902682,757,8833.06,QUOTATION,00a417fb-f2b9-4bb8-90c0-0787c3f2e3c7,1,3000
4560644251,464,6326.86,APPROVED,a1ad3c2b-45ca-491c-8ef2-a64af7d19e43,5,1000
4546638935,745,3056.47,APPROVED,2ab670e8-49e3-4a95-9871-d937f77b5927,1,1000
4508360743,400,6768.1,QUOTATION,4029508a-afa4-4faf-b175-4bb65b8a4dbb,2,4000
4564008978,226,6441.88,REJECTED,71b893be-0a75-41a7-9a52-bcdb771cc5ec,2,3000
4571296675,410,9669.56,REJECTED,a4926703-442b-4179-808a-04de7d4e1015,5,1000
4515671853,700,9047.44,WAITING,bf599d91-442c-4e09-b5ae-b9f08a417d11,2,3000
4580170772,963,5221.71,REJECTED,3f3292d8-3056-42da-9ec5-d080c252a223,2,4000
4526048531,888,4074.88,QUOTATION,15ddc72a-7103-4a88-a951-49c5aa75affd,1,3000
4599795968,594,4573.43,QUOTATION,bcebc30c-15e5-48e2-9c32-c86d886f82a0,1,3000
4573424756,823,2039.46,QUOTATION,e7ba4d18-37bf-472c-9d3a-7756c21a55c9,2,1000
4595878308,682,7833.17,REJECTED,71b893be-0a75-41a7-9a52-bcdb771cc5ec,5,1000
4501626406,65,9174.04,QUOTATION,5257f4f1-580e-4eb3-89f9-6cae458e4509,3,4000
4528950604,415,1982.76,QUOTATION,68681084-7b12-4fd9-9704-7da3802cb451,4,1000
4564386015,145,4272.57,QUOTATION,8ca5ca23-a910-469b-aec1-73bd31d74ba2,4,2000
4505447236,656,5155.7,WAITING,a1a6e723-19c6-46fd-a584-917efe27f127,1,3000
4541878125,341,2058.37,QUOTATION,76fa0c16-dc3a-4a9b-b914-de6a0097f3dc,2,3000
4593991685,158,3388.0,REJECTED,4029508a-afa4-4faf-b175-4bb65b8a4dbb,3,1000
4555035734,788,7370.51,REJECTED,b0154cbb-c693-4062-88b9-a8acf4402b56,4,4000
4567437834,726,3604.78,REJECTED,915bda23-d2b3-4bab-9d3b-0b701beb76fa,5,3000
4526341826,533,8963.13,QUOTATION,9fc109ea-2585-4c23-9329-2ccda2d964eb,3,1000
4582749146,911,1329.52,WAITING,975480d4-8c15-44ba-8c55-a9938bdaa2c4,2,3000
4523770470,571,7811.47,REJECTED,0439439c-8945-42c4-b079-5340d85df97c,2,1000
4566742174,750,6364.73,REJECTED,00a417fb-f2b9-4bb8-90c0-0787c3f2e3c7,3,4000
4592903299,859,5010.08,REJECTED,0b319577-4ab0-4684-b112-b27aad212cb1,3,3000
4571841181,197,970.97,REJECTED,51991c98-a328-457f-a862-0962b2d30ddc,2,3000
4555576147,565,9245.16,WAITING,3341d7ea-5bed-42e4-82c2-18d0adfbcdf1,5,2000
4569871943,31,442.7,REJECTED,62117371-6664-4e90-9e4c-e3939789c81a,1,2000
4553455000,463,8416.28,APPROVED,56ae9e46-c0b2-46ca-b51d-5686e00ce4a6,3,2000
4551230592,291,6836.82,QUOTATION,5c250769-58e7-4a67-92b8-05566aab2cd0,2,1000
4577820013,918,5160.53,QUOTATION,00a417fb-f2b9-4bb8-90c0-0787c3f2e3c7,4,4000
4567437557,119,1609.65,APPROVED,3d3527a9-4ef5-45d5-83c2-4178789f9921,1,4000
4560944784,303,5202.94,QUOTATION,32149af9-a4f0-4e80-a73d-490a9faef06f,5,2000
4553492045,245,7148.11,WAITING,cf11fe2a-443a-44e9-96b0-e6b91ddfa87d,2,1000
4548085451,874,4800.94,WAITING,ba3d4978-80db-4a12-9f06-e4c698936184,2,2000
4584022951,928,2484.42,REJECTED,9c7454a7-b80c-4d19-b841-4c0343b75add,3,3000
4507370656,298,4670.33,QUOTATION,ce1eeb99-74a8-4547-b95c-345102c07d21,2,2000
4580121069,72,9939.8,APPROVED,41f3b33b-8871-42fd-90d5-1d1d9f2d5aed,4,4000
4576400940,818,2159.16,APPROVED,41f3b33b-8871-42fd-90d5-1d1d9f2d5aed,5,3000
4522687642,766,1144.87,WAITING,6cc3c3b9-23fa-4969-8791-af89dedc62c9,4,1000
4504417930,883,9425.84,REJECTED,de541e55-b7b6-404a-8ce0-a6f1ea925750,3,4000
4595712883,917,5906.49,REJECTED,b6bbc970-46d2-4ff4-9c52-80f378cfe8ea,3,2000
4584134738,540,9544.35,APPROVED,de541e55-b7b6-404a-8ce0-a6f1ea925750,4,4000
4519401850,965,881.46,REJECTED,32149af9-a4f0-4e80-a73d-490a9faef06f,1,1000
4563030301,625,5499.54,REJECTED,791660af-f0db-4fbd-a3a4-86bd38182556,3,2000
4598364226,987,4655.08,QUOTATION,fffeaf8f-4b6b-4357-a309-89f4769c36da,2,1000
4595764566,992,5633.66,APPROVED,31ac60a6-1bc1-442c-ae10-4a420f770538,2,1000
4573004388,689,4763.37,REJECTED,fe53d2be-049c-47fa-871a-c4a8b1a10e40,2,4000
4560788263,59,7569.55,WAITING,76fa0c16-dc3a-4a9b-b914-de6a0097f3dc,1,1000
4581206463,289,7497.27,REJECTED,3d3527a9-4ef5-45d5-83c2-4178789f9921,4,2000
4593554223,616,9015.06,QUOTATION,8ca5ca23-a910-469b-aec1-73bd31d74ba2,4,3000
4597560452,826,1819.06,WAITING,a9da22e7-f42f-4428-9083-96395b7a7e9a,2,1000
4558175591,328,4572.9,APPROVED,384bae62-8ba8-4cac-b8ad-3df4e68bcafa,5,2000
4534174449,678,1806.97,REJECTED,9567383e-1921-4683-803b-509faa2bc9d5,5,1000
4516109865,419,1240.86,REJECTED,de541e55-b7b6-404a-8ce0-a6f1ea925750,3,2000
4503173650,577,1730.42,REJECTED,71b893be-0a75-41a7-9a52-bcdb771cc5ec,5,1000
4524594403,410,6083.31,REJECTED,d4dbba0a-2b26-4233-9017-bb25b2e860f3,4,3000
4500950481,569,876.4,QUOTATION,ba5b8587-5d45-44ac-9e4e-16cb4b3afecc,4,4000
4578066970,621,3922.0,WAITING,791660af-f0db-4fbd-a3a4-86bd38182556,4,2000
4590397668,43,3739.11,APPROVED,f524f9ee-95cb-4e66-a6c1-b58f8296e7f3,5,2000
4517426545,801,2421.32,WAITING,3f3292d8-3056-42da-9ec5-d080c252a223,2,4000
4587494811,181,3985.71,QUOTATION,d4dbba0a-2b26-4233-9017-bb25b2e860f3,5,2000
4547328262,570,6174.39,APPROVED,3341d7ea-5bed-42e4-82c2-18d0adfbcdf1,2,4000
4595245416,570,9422.51,WAITING,77b34563-244c-46da-b014-af1a9c7fa9e4,2,3000
4525758249,934,9732.63,WAITING,e069016d-d217-4fbc-b438-1e8790b731fb,2,2000
4520483522,18,3305.9,APPROVED,0439439c-8945-42c4-b079-5340d85df97c,4,3000
4578033256,59,6924.73,APPROVED,0439439c-8945-42c4-b079-5340d85df97c,2,3000
4572170557,652,6106.77,QUOTATION,41e46c83-90d4-4836-a022-b900a018b3fa,4,3000
4551482014,242,6582.7,REJECTED,00a417fb-f2b9-4bb8-90c0-0787c3f2e3c7,1,1000
4552927668,904,5786.88,QUOTATION,c40f8a37-9024-4fcd-80a6-7917301ba6bd,1,2000
4543339563,568,6200.5,REJECTED,bf599d91-442c-4e09-b5ae-b9f08a417d11,4,1000
4501072910,309,2794.65,APPROVED,a1a6e723-19c6-46fd-a584-917efe27f127,5,2000
4500440250,714,8014.42,APPROVED,31ac60a6-1bc1-442c-ae10-4a420f770538,4,2000
4591197070,815,1895.48,REJECTED,d0d94739-009d-44aa-ae3d-8c35a65083c5,5,2000
4516039039,296,9827.47,REJECTED,17dffc12-ac1a-44ed-ad09-3c824851c624,3,1000
4528781427,451,3891.33,APPROVED,0439439c-8945-42c4-b079-5340d85df97c,5,3000
4501424047,804,2853.57,WAITING,3341d7ea-5bed-42e4-82c2-18d0adfbcdf1,2,4000
4527029293,43,8517.92,APPROVED,37bf8863-0046-49cb-a72c-f7e41661214b,4,1000
4590902230,951,59.41,REJECTED,9567383e-1921-4683-803b-509faa2bc9d5,2,3000
4586878425,787,4542.07,APPROVED,8ca5ca23-a910-469b-aec1-73bd31d74ba2,5,4000
4509488924,455,4330.33,APPROVED,a9da22e7-f42f-4428-9083-96395b7a7e9a,1,2000
4576941310,522,6296.53,APPROVED,bcebc30c-15e5-48e2-9c32-c86d886f82a0,5,1000
4566851227,76,8764.09,APPROVED,8df0c99e-2745-44ae-94ee-ad79cb114fdb,3,4000
4523032912,895,867.34,WAITING,408c4fe5-9066-4997-8f1c-ad8daae4b1f6,2,3000
4546534829,770,797.76,WAITING,3341d7ea-5bed-42e4-82c2-18d0adfbcdf1,5,4000
4520385189,86,4068.74,QUOTATION,975480d4-8c15-44ba-8c55-a9938bdaa2c4,3,4000
4551737131,279,3324.28,QUOTATION,37bf8863-0046-49cb-a72c-f7e41661214b,3,3000
4519812505,628,9361.79,QUOTATION,84aadcf6-499b-4416-9a35-3e546eb39a5c,4,1000
4592964613,3,8685.74,WAITING,cf11fe2a-443a-44e9-96b0-e6b91ddfa87d,3,2000
4588278655,747,3541.55,WAITING,a4926703-442b-4179-808a-04de7d4e1015,4,2000
4557387582,929,5710.9,QUOTATION,41f3b33b-8871-42fd-90d5-1d1d9f2d5aed,2,2000
4541259556,439,2500.03,WAITING,41e46c83-90d4-4836-a022-b900a018b3fa,1,4000
4564528059,878,2765.71,WAITING,6c55f239-a4f0-4edd-afe8-02d129db9eda,2,4000
4500479191,155,4516.82,REJECTED,e7ba4d18-37bf-472c-9d3a-7756c21a55c9,4,1000
4561380935,656,5743.83,APPROVED,28d388a1-0e70-41d0-a8a1-abb9e3263b7b,2,4000
4543344985,581,682.04,QUOTATION,915bda23-d2b3-4bab-9d3b-0b701beb76fa,4,2000
4590724480,888,3752.37,REJECTED,8ca5ca23-a910-469b-aec1-73bd31d74ba2,4,4000
4537968747,420,6761.46,APPROVED,de541e55-b7b6-404a-8ce0-a6f1ea925750,3,1000
4559121340,971,7625.66,QUOTATION,f6979cad-3c89-4280-985d-d7f07aaa8c2b,3,2000
4590167717,117,9581.33,QUOTATION,4a2d279e-2495-496f-80d9-bc5a45e3b6b4,1,1000
4593541672,375,1669.83,WAITING,0a58bce2-1697-4c89-b568-ae280f33f982,4,1000
4503292105,633,593.91,REJECTED,611eefb3-ef38-4a2e-831a-15aff1dde8f8,1,1000
4551505025,421,3871.87,QUOTATION,82ebf1b0-6982-4deb-ac51-c7a6d0a68c5d,4,2000
4527630685,874,4421.33,WAITING,2c6e3cb9-21cb-4de6-ae38-f117a3cbdfe2,3,1000
4514918953,20,8501.49,WAITING,9a109dc4-7be3-4aec-94bb-ede38f79ae14,5,4000
4594157995,300,9418.18,REJECTED,6cc3c3b9-23fa-4969-8791-af89dedc62c9,1,1000
4516556937,182,83.4,WAITING,134244b2-90f7-4d62-8488-d71e29828266,2,1000
4513457106,965,4803.41,REJECTED,56ae9e46-c0b2-46ca-b51d-5686e00ce4a6,4,1000
4592718004,49,2183.82,APPROVED,3341d7ea-5bed-42e4-82c2-18d0adfbcdf1,5,4000
4512798077,567,5570.33,QUOTATION,9c7454a7-b80c-4d19-b841-4c0343b75add,1,4000
4540164137,262,213.6,QUOTATION,37bf8863-0046-49cb-a72c-f7e41661214b,2,2000
4538155608,491,3747.51,APPROVED,28d388a1-0e70-41d0-a8a1-abb9e3263b7b,4,1000
4536987479,494,1422.6,WAITING,6cc3c3b9-23fa-4969-8791-af89dedc62c9,3,3000
4540487873,218,1024.04,WAITING,eb8e5632-45d0-47e9-bcc0-ee76bf030643,1,3000
4537220767,673,2213.37,WAITING,74d238f7-61d4-41c6-9d51-b05f2eddcb36,2,3000
4513216191,109,5038.49,APPROVED,77b34563-244c-46da-b014-af1a9c7fa9e4,3,1000
4568650395,662,3810.79,WAITING,cf11fe2a-443a-44e9-96b0-e6b91ddfa87d,2,3000
4536831860,449,7059.7,REJECTED,daffc87a-fdb5-424e-9155-782c6cd1b731,5,4000
4555526023,733,1481.44,QUOTATION,84aadcf6-499b-4416-9a35-3e546eb39a5c,5,2000
4563802837,261,1555.24,WAITING,8df0c99e-2745-44ae-94ee-ad79cb114fdb,3,1000
4599637543,479,9143.72,REJECTED,b0154cbb-c693-4062-88b9-a8acf4402b56,5,3000
4597332912,675,4642.56,QUOTATION,9a109dc4-7be3-4aec-94bb-ede38f79ae14,4,3000
4568878834,250,3824.4,APPROVED,73df3d25-bcec-47a6-8d66-6b628e81ed2d,3,2000
4507015432,153,1680.46,REJECTED,74d238f7-61d4-41c6-9d51-b05f2eddcb36,1,1000
4566142541,544,8871.53,QUOTATION,28d388a1-0e70-41d0-a8a1-abb9e3263b7b,5,2000
4552662195,30,4689.11,APPROVED,f6979cad-3c89-4280-985d-d7f07aaa8c2b,3,3000
4574330321,968,2127.7,REJECTED,9a109dc4-7be3-4aec-94bb-ede38f79ae14,4,1000
4592598539,441,1918.54,WAITING,2c7b9d8a-6b92-4a21-a03e-024e434a203d,5,3000
4501085483,354,1668.39,APPROVED,41e46c83-90d4-4836-a022-b900a018b3fa,4,4000
4556783227,197,8531.32,REJECTED,32149af9-a4f0-4e80-a73d-490a9faef06f,5,2000
4584738364,384,4235.49,WAITING,834a14f7-cbd7-4220-9587-cd61c93c8253,4,1000
4563720883,823,2141.81,QUOTATION,35672019-b6d1-42b4-b906-8819b248182e,5,3000
4514974102,126,5630.94,APPROVED,01bb5e4b-33d3-4db2-85a2-499f5c9e31b4,4,3000
4568783850,499,8386.31,APPROVED,aa51a37d-2867-459b-8885-b5c8b161616a,4,2000
4570136647,501,4567.96,WAITING,37bf8863-0046-49cb-a72c-f7e41661214b,4,3000
4519169879,910,4263.79,REJECTED,e069016d-d217-4fbc-b438-1e8790b731fb,5,3000
4514443729,641,2907.54,WAITING,9fc109ea-2585-4c23-9329-2ccda2d964eb,4,4000
4559103651,673,1899.45,REJECTED,a9da22e7-f42f-4428-9083-96395b7a7e9a,3,4000
4500595698,221,8168.03,APPROVED,68681084-7b12-4fd9-9704-7da3802cb451,3,2000
4547594638,863,3467.93,REJECTED,2c6e3cb9-21cb-4de6-ae38-f117a3cbdfe2,1,2000
4524414978,735,2857.42,APPROVED,31ac60a6-1bc1-442c-ae10-4a420f770538,1,2000
4534230530,603,7526.61,REJECTED,b577718c-a2a9-4f8a-a41c-7cac0d102aab,2,3000
4563390271,952,1879.23,QUOTATION,b577718c-a2a9-4f8a-a41c-7cac0d102aab,3,4000
4533754790,304,2593.2,QUOTATION,f524f9ee-95cb-4e66-a6c1-b58f8296e7f3,5,4000
4530000976,904,4124.38,WAITING,68681084-7b12-4fd9-9704-7da3802cb451,3,3000
4530402349,427,7309.43,REJECTED,651e8d5b-8636-4635-a934-6f9427d506b8,3,4000
4549120328,398,9079.68,QUOTATION,4029508a-afa4-4faf-b175-4bb65b8a4dbb,4,2000
4508167617,766,5158.83,REJECTED,9fc109ea-2585-4c23-9329-2ccda2d964eb,1,2000
4599548846,204,8916.31,REJECTED,4a2d279e-2495-496f-80d9-bc5a45e3b6b4,1,4000
4556424547,474,343.63,REJECTED,15ddc72a-7103-4a88-a951-49c5aa75affd,2,2000
4570704111,8,2949.24,WAITING,ad64acbd-9045-44ec-9111-f6b3b90cb060,2,1000
4528622935,147,1770.58,QUOTATION,9ec93c76-9578-4947-a5ca-def516b026cb,1,4000
4542481184,142,7473.38,WAITING,37bf8863-0046-49cb-a72c-f7e41661214b,4,2000
4548345897,792,4283.64,QUOTATION,68681084-7b12-4fd9-9704-7da3802cb451,2,3000
4544979123,611,1787.49,QUOTATION,0e752cfe-75ff-427d-8214-57710b509b33,3,2000
4572660116,861,2497.3,APPROVED,110f8801-eea1-420d-98e6-dd439569747b,2,2000
4539249151,903,7632.52,QUOTATION,611eefb3-ef38-4a2e-831a-15aff1dde8f8,5,4000
4520330633,677,4033.23,REJECTED,834a14f7-cbd7-4220-9587-cd61c93c8253,1,3000
4533625992,506,9529.05,REJECTED,611eefb3-ef38-4a2e-831a-15aff1dde8f8,2,3000
4596070748,188,5700.21,REJECTED,3f3292d8-3056-42da-9ec5-d080c252a223,2,3000
4581160418,26,336.55,QUOTATION,41f3b33b-8871-42fd-90d5-1d1d9f2d5aed,5,2000
4550009506,835,876.76,APPROVED,975480d4-8c15-44ba-8c55-a9938bdaa2c4,3,3000
4538092762,6,3847.26,WAITING,15ddc72a-7103-4a88-a951-49c5aa75affd,2,4000
4593731637,63,9288.89,WAITING,ad64acbd-9045-44ec-9111-f6b3b90cb060,1,4000
4575772633,184,1308.48,WAITING,17dffc12-ac1a-44ed-ad09-3c824851c624,2,1000
4594231939,731,4316.7,APPROVED,56ae9e46-c0b2-46ca-b51d-5686e00ce4a6,3,3000
4574203678,752,5486.2,APPROVED,a4926703-442b-4179-808a-04de7d4e1015,5,3000
4544560378,318,7913.05,REJECTED,35672019-b6d1-42b4-b906-8819b248182e,4,4000
4524775412,620,9629.43,APPROVED,b6bbc970-46d2-4ff4-9c52-80f378cfe8ea,1,1000
4564890632,859,6286.51,APPROVED,05767575-2944-4457-9aa7-06e1dae2ae25,1,4000
4513475928,497,6607.4,QUOTATION,b020551c-5fe7-45ea-881a-6fa78332362d,4,3000
4569417955,798,4992.54,QUOTATION,a1ad3c2b-45ca-491c-8ef2-a64af7d19e43,4,4000
4592666159,486,2544.42,APPROVED,6c55f239-a4f0-4edd-afe8-02d129db9eda,4,4000
4591984721,433,363.78,QUOTATION,68681084-7b12-4fd9-9704-7da3802cb451,3,3000
4544506913,97,1302.46,QUOTATION,a9da22e7-f42f-4428-9083-96395b7a7e9a,3,2000
4546118630,296,2634.13,QUOTATION,37bf8863-0046-49cb-a72c-f7e41661214b,3,1000
4590329355,785,2553.29,QUOTATION,110f8801-eea1-420d-98e6-dd439569747b,5,4000
4560151812,785,1901.11,APPROVED,37bf8863-0046-49cb-a72c-f7e41661214b,1,3000
4557626038,727,3118.76,WAITING,0e752cfe-75ff-427d-8214-57710b509b33,5,1000
4579378702,496,8503.5,QUOTATION,2c6e3cb9-21cb-4de6-ae38-f117a3cbdfe2,2,4000
4539601281,496,1906.64,WAITING,76fa0c16-dc3a-4a9b-b914-de6a0097f3dc,1,3000
4528870641,44,3412.21,QUOTATION,ba3d4978-80db-4a12-9f06-e4c698936184,1,4000
4505164267,173,7283.99,WAITING,d0d94739-009d-44aa-ae3d-8c35a65083c5,1,4000
4500093188,565,6188.94,REJECTED,ba3d4978-80db-4a12-9f06-e4c698936184,4,4000
4538550075,108,152.79,APPROVED,ebfe58ef-0dee-41d8-859e-ae2bff66e7fc,3,2000
4579851194,41,3178.28,APPROVED,15ddc72a-7103-4a88-a951-49c5aa75affd,4,1000
4510546241,331,7369.14,QUOTATION,daffc87a-fdb5-424e-9155-782c6cd1b731,3,4000
4527211345,442,1841.99,WAITING,915bda23-d2b3-4bab-9d3b-0b701beb76fa,4,1000
4537341837,47,8482.01,APPROVED,fe53d2be-049c-47fa-871a-c4a8b1a10e40,3,2000
4571102917,131,2787.2,APPROVED,bf599d91-442c-4e09-b5ae-b9f08a417d11,1,3000
4585131045,388,8626.93,WAITING,611eefb3-ef38-4a2e-831a-15aff1dde8f8,3,3000
4560906819,762,149.6,WAITING,c40f8a37-9024-4fcd-80a6-7917301ba6bd,1,2000
4554327607,770,4051.7,REJECTED,9a109dc4-7be3-4aec-94bb-ede38f79ae14,3,2000
4554417311,754,7999.68,QUOTATION,5c250769-58e7-4a67-92b8-05566aab2cd0,2,2000
4522372124,307,2265.28,WAITING,0e752cfe-75ff-427d-8214-57710b509b33,4,3000
4542305559,882,8966.38,QUOTATION,134244b2-90f7-4d62-8488-d71e29828266,2,1000
4571275206,367,1636.09,REJECTED,834a14f7-cbd7-4220-9587-cd61c93c8253,3,4000
4596788261,972,9905.87,REJECTED,6cc3c3b9-23fa-4969-8791-af89dedc62c9,2,4000
4554927278,610,4759.96,REJECTED,56ae9e46-c0b2-46ca-b51d-5686e00ce4a6,5,4000
4539082379,556,2289.2,WAITING,e7ba4d18-37bf-472c-9d3a-7756c21a55c9,1,2000
4538132658,398,9924.18,APPROVED,4029508a-afa4-4faf-b175-4bb65b8a4dbb,5,4000
4553622502,106,496.42,APPROVED,c40f8a37-9024-4fcd-80a6-7917301ba6bd,2,3000
4590362954,330,5366.12,REJECTED,ba5b8587-5d45-44ac-9e4e-16cb4b3afecc,4,3000
4591907875,848,6469.28,APPROVED,0a58bce2-1697-4c89-b568-ae280f33f982,3,4000
4574331848,948,2520.68,REJECTED,ebfe58ef-0dee-41d8-859e-ae2bff66e7fc,3,2000
4502872246,367,3954.67,REJECTED,71b893be-0a75-41a7-9a52-bcdb771cc5ec,1,3000
4591107849,680,9234.84,APPROVED,76fa0c16-dc3a-4a9b-b914-de6a0097f3dc,2,3000
4536707748,246,4795.45,APPROVED,12a301b9-4c71-4181-a853-d29be7b6bd18,4,4000
4548073053,659,8875.2,WAITING,408c4fe5-9066-4997-8f1c-ad8daae4b1f6,3,3000
4531528739,762,2174.83,REJECTED,da731710-48f7-4c02-8dd6-917ff4c62e3b,4,2000
4524667327,845,3658.29,QUOTATION,3d3527a9-4ef5-45d5-83c2-4178789f9921,5,4000
4531354038,956,4650.69,QUOTATION,e069016d-d217-4fbc-b438-1e8790b731fb,5,3000
4559505860,922,9323.5,WAITING,ba3d4978-80db-4a12-9f06-e4c698936184,3,2000
4589326405,442,363.76,REJECTED,ad64acbd-9045-44ec-9111-f6b3b90cb060,3,2000
4521994046,218,6125.84,REJECTED,2ab670e8-49e3-4a95-9871-d937f77b5927,4,1000
4595176719,714,1811.95,WAITING,4029508a-afa4-4faf-b175-4bb65b8a4dbb,3,1000
4542897745,873,9572.58,APPROVED,a1ad3c2b-45ca-491c-8ef2-a64af7d19e43,3,3000
4557115057,691,9260.79,QUOTATION,f6979cad-3c89-4280-985d-d7f07aaa8c2b,3,1000
4577460050,568,4101.03,QUOTATION,9c7454a7-b80c-4d19-b841-4c0343b75add,1,2000
4592055020,641,1676.37,REJECTED,d7da1df8-a4af-4efe-a657-570c6d350470,5,3000
4597150415,768,1837.82,QUOTATION,0f7e95f4-4fb9-4987-a1e1-5264880e721e,2,1000
4597521673,777,6554.65,APPROVED,3c65561d-5119-4985-87e7-48965fe9f62c,5,4000
4512514622,1000,745.48,QUOTATION,77b34563-244c-46da-b014-af1a9c7fa9e4,1,2000
4525213930,994,584.33,WAITING,71b893be-0a75-41a7-9a52-bcdb771cc5ec,1,2000
4532794031,869,1928.93,APPROVED,9fc109ea-2585-4c23-9329-2ccda2d964eb,5,3000
4584527800,420,8582.85,REJECTED,fffeaf8f-4b6b-4357-a309-89f4769c36da,5,2000
4514388884,434,5612.05,REJECTED,5257f4f1-580e-4eb3-89f9-6cae458e4509,1,4000
4541965421,931,2752.71,REJECTED,3341d7ea-5bed-42e4-82c2-18d0adfbcdf1,1,3000
4544726561,195,4425.06,QUOTATION,d5b6a98e-464a-4e85-ad1c-7fd6be7df835,2,4000
4560615010,724,5720.82,QUOTATION,fe53d2be-049c-47fa-871a-c4a8b1a10e40,1,4000
4553108695,420,783.81,APPROVED,ebfe58ef-0dee-41d8-859e-ae2bff66e7fc,1,2000
4537056351,311,7766.66,WAITING,5c250769-58e7-4a67-92b8-05566aab2cd0,1,1000
4534054905,861,6469.67,REJECTED,0e752cfe-75ff-427d-8214-57710b509b33,3,3000
4563611919,622,2853.77,QUOTATION,0f7e95f4-4fb9-4987-a1e1-5264880e721e,4,3000
4571500418,891,3747.44,REJECTED,aa51a37d-2867-459b-8885-b5c8b161616a,2,1000
4584349728,433,7327.53,APPROVED,fffeaf8f-4b6b-4357-a309-89f4769c36da,3,2000
4509641666,51,2205.33,APPROVED,0e752cfe-75ff-427d-8214-57710b509b33,4,1000
4546604126,717,6979.9,APPROVED,a4926703-442b-4179-808a-04de7d4e1015,2,4000
4575554312,140,8463.54,WAITING,110f8801-eea1-420d-98e6-dd439569747b,1,3000
4578242514,104,8502.88,APPROVED,daffc87a-fdb5-424e-9155-782c6cd1b731,5,3000
4596797294,187,9873.76,WAITING,00a417fb-f2b9-4bb8-90c0-0787c3f2e3c7,5,4000
4535963840,840,9550.21,QUOTATION,915bda23-d2b3-4bab-9d3b-0b701beb76fa,5,3000
4579241152,837,8296.09,APPROVED,b020551c-5fe7-45ea-881a-6fa78332362d,4,2000
4532320858,867,7073.29,WAITING,611eefb3-ef38-4a2e-831a-15aff1dde8f8,3,4000
4574186316,573,2112.75,WAITING,b6bbc970-46d2-4ff4-9c52-80f378cfe8ea,4,4000
4560911389,291,1021.69,APPROVED,384bae62-8ba8-4cac-b8ad-3df4e68bcafa,2,4000
4557177996,949,1846.86,REJECTED,6cc3c3b9-23fa-4969-8791-af89dedc62c9,5,1000
4560397420,123,2371.43,QUOTATION,0f7e95f4-4fb9-4987-a1e1-5264880e721e,2,3000
4590930139,60,3214.75,QUOTATION,9fc109ea-2585-4c23-9329-2ccda2d964eb,5,1000
4569011541,381,5115.2,QUOTATION,d5b6a98e-464a-4e85-ad1c-7fd6be7df835,4,4000
4569136041,465,6348.29,APPROVED,3f3292d8-3056-42da-9ec5-d080c252a223,1,3000
4511593627,879,5812.86,QUOTATION,6c55f239-a4f0-4edd-afe8-02d129db9eda,2,2000
4591453395,618,5657.16,WAITING,b6bbc970-46d2-4ff4-9c52-80f378cfe8ea,5,2000
4561056902,866,3904.41,REJECTED,ce1eeb99-74a8-4547-b95c-345102c07d21,5,4000
4583405797,95,315.94,REJECTED,17dffc12-ac1a-44ed-ad09-3c824851c624,5,1000
4593079056,436,6162.07,APPROVED,51991c98-a328-457f-a862-0962b2d30ddc,5,4000
4501087521,432,1251.96,REJECTED,2c7b9d8a-6b92-4a21-a03e-024e434a203d,4,4000
4514394182,727,5701.29,APPROVED,ad64acbd-9045-44ec-9111-f6b3b90cb060,2,3000
4563676411,393,67.29,APPROVED,cf11fe2a-443a-44e9-96b0-e6b91ddfa87d,4,3000
4507784244,441,7453.69,REJECTED,b577718c-a2a9-4f8a-a41c-7cac0d102aab,4,4000
4536419463,56,4514.98,QUOTATION,eb8e5632-45d0-47e9-bcc0-ee76bf030643,4,3000
4517715690,790,6749.88,QUOTATION,134244b2-90f7-4d62-8488-d71e29828266,2,1000
4599880241,97,9732.67,REJECTED,975480d4-8c15-44ba-8c55-a9938bdaa2c4,4,3000
4506970013,710,3571.75,WAITING,51991c98-a328-457f-a862-0962b2d30ddc,1,1000
4539140053,214,8850.64,QUOTATION,d0d94739-009d-44aa-ae3d-8c35a65083c5,2,3000
4567853919,322,2717.63,WAITING,3f3292d8-3056-42da-9ec5-d080c252a223,3,3000
4518612190,880,467.23,WAITING,e7ba4d18-37bf-472c-9d3a-7756c21a55c9,5,4000
4579305146,425,4423.29,APPROVED,15ddc72a-7103-4a88-a951-49c5aa75affd,3,3000
4567222599,674,8390.82,WAITING,56ae9e46-c0b2-46ca-b51d-5686e00ce4a6,1,1000
4567267586,255,7621.63,WAITING,71b893be-0a75-41a7-9a52-bcdb771cc5ec,4,4000
4502734775,824,3447.65,QUOTATION,41e46c83-90d4-4836-a022-b900a018b3fa,5,4000
4587354277,486,4226.92,WAITING,71b893be-0a75-41a7-9a52-bcdb771cc5ec,2,4000
4567645588,794,9890.57,APPROVED,41e46c83-90d4-4836-a022-b900a018b3fa,4,3000
4546800587,506,4774.57,QUOTATION,8df0c99e-2745-44ae-94ee-ad79cb114fdb,2,3000
4537398062,855,9133.95,QUOTATION,82ebf1b0-6982-4deb-ac51-c7a6d0a68c5d,4,1000
4574294848,989,2577.61,QUOTATION,0b319577-4ab0-4684-b112-b27aad212cb1,3,1000
4527913939,370,8002.41,WAITING,62117371-6664-4e90-9e4c-e3939789c81a,5,4000
4599056038,689,2459.48,REJECTED,9ec93c76-9578-4947-a5ca-def516b026cb,1,1000
4505717110,553,3801.68,QUOTATION,0f7e95f4-4fb9-4987-a1e1-5264880e721e,5,3000
4560528076,813,7381.48,REJECTED,73df3d25-bcec-47a6-8d66-6b628e81ed2d,5,3000
4521925130,601,2350.32,APPROVED,fffeaf8f-4b6b-4357-a309-89f4769c36da,4,1000
4579572328,436,3129.03,QUOTATION,975480d4-8c15-44ba-8c55-a9938bdaa2c4,1,1000
4553409432,706,2321.22,APPROVED,3341d7ea-5bed-42e4-82c2-18d0adfbcdf1,2,2000
4541554579,288,6386.57,QUOTATION,2c7b9d8a-6b92-4a21-a03e-024e434a203d,3,2000
4549276213,835,9582.73,APPROVED,c40f8a37-9024-4fcd-80a6-7917301ba6bd,5,4000
4509492050,10,8936.56,REJECTED,15ddc72a-7103-4a88-a951-49c5aa75affd,5,3000
4560415097,166,7636.15,QUOTATION,611eefb3-ef38-4a2e-831a-15aff1dde8f8,5,4000
4571419600,32,8547.82,REJECTED,82ebf1b0-6982-4deb-ac51-c7a6d0a68c5d,2,2000
4573696647,30,7329.86,WAITING,9ec93c76-9578-4947-a5ca-def516b026cb,5,4000
4580174195,202,7693.46,WAITING,8ca5ca23-a910-469b-aec1-73bd31d74ba2,2,3000
4576416306,630,4858.88,QUOTATION,ce1eeb99-74a8-4547-b95c-345102c07d21,5,4000
4565714835,196,7942.32,REJECTED,e069016d-d217-4fbc-b438-1e8790b731fb,3,4000
4547260449,63,9886.69,APPROVED,3f3292d8-3056-42da-9ec5-d080c252a223,3,2000
4581096677,40,7780.28,REJECTED,35672019-b6d1-42b4-b906-8819b248182e,3,1000
4589288081,460,7765.3,REJECTED,05767575-2944-4457-9aa7-06e1dae2ae25,2,3000
4524209813,629,5174.89,REJECTED,0f7e95f4-4fb9-4987-a1e1-5264880e721e,3,1000
4539906960,306,7243.34,QUOTATION,2c6e3cb9-21cb-4de6-ae38-f117a3cbdfe2,1,2000
4594179889,93,7266.97,WAITING,cf11fe2a-443a-44e9-96b0-e6b91ddfa87d,2,4000
4558023694,502,8789.52,QUOTATION,110f8801-eea1-420d-98e6-dd439569747b,2,4000
4551263059,366,3386.82,WAITING,9fc109ea-2585-4c23-9329-2ccda2d964eb,3,3000
4564003146,733,6464.81,QUOTATION,651e8d5b-8636-4635-a934-6f9427d506b8,2,2000
4517187815,397,5852.22,APPROVED,9fc109ea-2585-4c23-9329-2ccda2d964eb,1,4000
4550672959,532,2119.45,WAITING,daffc87a-fdb5-424e-9155-782c6cd1b731,5,2000
4578529987,576,7916.34,QUOTATION,17dffc12-ac1a-44ed-ad09-3c824851c624,1,4000
4539955008,710,23.37,QUOTATION,bcebc30c-15e5-48e2-9c32-c86d886f82a0,2,2000
4558953389,789,6605.14,QUOTATION,daffc87a-fdb5-424e-9155-782c6cd1b731,2,3000
4536622023,412,1171.48,APPROVED,3d3527a9-4ef5-45d5-83c2-4178789f9921,4,2000
4569972009,491,9318.67,APPROVED,4a2d279e-2495-496f-80d9-bc5a45e3b6b4,2,2000
4563073827,278,541.27,WAITING,e069016d-d217-4fbc-b438-1e8790b731fb,5,1000
4510399561,113,4752.83,APPROVED,fcc9df1e-2761-4b55-8f60-015b21066d78,2,3000
4550627236,660,106.35,WAITING,a1a6e723-19c6-46fd-a584-917efe27f127,1,2000
4534725098,674,9633.45,WAITING,b577718c-a2a9-4f8a-a41c-7cac0d102aab,3,1000
4560797422,897,974.12,REJECTED,28d388a1-0e70-41d0-a8a1-abb9e3263b7b,2,3000
4591125538,621,9040.47,WAITING,611eefb3-ef38-4a2e-831a-15aff1dde8f8,1,3000
4593238009,786,7029.75,APPROVED,ebfe58ef-0dee-41d8-859e-ae2bff66e7fc,2,3000
4574403833,12,3687.83,APPROVED,56ae9e46-c0b2-46ca-b51d-5686e00ce4a6,1,2000
4581286459,767,363.44,WAITING,eb8e5632-45d0-47e9-bcc0-ee76bf030643,4,3000
4577783105,905,6169.78,QUOTATION,41e46c83-90d4-4836-a022-b900a018b3fa,3,1000
4571198402,728,2870.54,REJECTED,77b34563-244c-46da-b014-af1a9c7fa9e4,1,4000
4539514637,189,3050.71,REJECTED,9a109dc4-7be3-4aec-94bb-ede38f79ae14,3,1000
4529874525,424,9918.36,WAITING,e7ba4d18-37bf-472c-9d3a-7756c21a55c9,1,2000
4536032996,616,7899.3,WAITING,0f7e95f4-4fb9-4987-a1e1-5264880e721e,2,1000
4526443272,446,386.64,REJECTED,384bae62-8ba8-4cac-b8ad-3df4e68bcafa,3,3000
4578981712,651,7101.2,REJECTED,15ddc72a-7103-4a88-a951-49c5aa75affd,3,4000
4546211778,391,6944.66,REJECTED,51991c98-a328-457f-a862-0962b2d30ddc,3,2000
4510340480,104,6428.89,WAITING,c40f8a37-9024-4fcd-80a6-7917301ba6bd,1,3000
4550011564,39,4039.43,QUOTATION,b577718c-a2a9-4f8a-a41c-7cac0d102aab,5,1000
4571813944,487,4506.98,REJECTED,15ddc72a-7103-4a88-a951-49c5aa75affd,5,1000
4590882182,22,3058.92,APPROVED,f524f9ee-95cb-4e66-a6c1-b58f8296e7f3,5,2000
4598857641,123,5751.93,WAITING,ba3d4978-80db-4a12-9f06-e4c698936184,1,1000
4591593084,724,7635.81,WAITING,a1a6e723-19c6-46fd-a584-917efe27f127,2,4000
4599536928,203,1103.82,APPROVED,ea38b7e1-b488-4873-ab04-3066d219b434,3,1000
4551629342,243,9496.63,APPROVED,bf599d91-442c-4e09-b5ae-b9f08a417d11,4,3000
4542686349,543,4907.11,APPROVED,74d238f7-61d4-41c6-9d51-b05f2eddcb36,4,3000
4538359821,803,5038.82,WAITING,9ec93c76-9578-4947-a5ca-def516b026cb,1,4000
4570058210,284,6613.33,WAITING,de541e55-b7b6-404a-8ce0-a6f1ea925750,1,2000
4500066787,114,558.12,APPROVED,110f8801-eea1-420d-98e6-dd439569747b,3,2000
4591527227,213,627.26,QUOTATION,15ddc72a-7103-4a88-a951-49c5aa75affd,2,1000
4510670616,369,6314.17,APPROVED,0c328cd6-def4-4097-8b5d-ef9b4362cfd3,3,1000
4559333912,700,8801.58,QUOTATION,4a5df305-6d85-4b5a-81ca-b2a776017f8f,1,2000
4563922006,111,3294.73,APPROVED,da731710-48f7-4c02-8dd6-917ff4c62e3b,1,4000
4595185540,267,4830.18,QUOTATION,9c7454a7-b80c-4d19-b841-4c0343b75add,1,1000
4514682507,625,287.92,REJECTED,ce1eeb99-74a8-4547-b95c-345102c07d21,1,1000
4572329677,639,7283.87,QUOTATION,9ec93c76-9578-4947-a5ca-def516b026cb,4,2000
4579640935,387,6853.98,WAITING,408c4fe5-9066-4997-8f1c-ad8daae4b1f6,2,1000
4542694455,724,3838.56,QUOTATION,651e8d5b-8636-4635-a934-6f9427d506b8,3,4000
4571187670,225,8468.41,WAITING,3c65561d-5119-4985-87e7-48965fe9f62c,1,2000
4543919443,751,1023.05,WAITING,ad64acbd-9045-44ec-9111-f6b3b90cb060,3,2000
4540380909,502,6750.2,REJECTED,9a109dc4-7be3-4aec-94bb-ede38f79ae14,1,3000
4591735921,878,191.63,REJECTED,00a417fb-f2b9-4bb8-90c0-0787c3f2e3c7,2,1000
4520612393,942,3578.63,APPROVED,82ebf1b0-6982-4deb-ac51-c7a6d0a68c5d,1,3000
4589274556,577,4796.31,QUOTATION,05767575-2944-4457-9aa7-06e1dae2ae25,4,4000
4507560119,407,4567.72,WAITING,71b893be-0a75-41a7-9a52-bcdb771cc5ec,2,4000
4545582045,859,9818.51,APPROVED,2c7b9d8a-6b92-4a21-a03e-024e434a203d,3,1000
4558515111,164,4042.07,APPROVED,56ae9e46-c0b2-46ca-b51d-5686e00ce4a6,5,4000
4560317004,955,1013.13,REJECTED,4a5df305-6d85-4b5a-81ca-b2a776017f8f,4,1000
4535749337,776,7721.94,WAITING,37bf8863-0046-49cb-a72c-f7e41661214b,5,1000
4542300240,401,7973.99,QUOTATION,dbce3e63-1a5c-4595-a1f9-d09c3d978567,4,3000
4586085970,622,2988.9,REJECTED,4a2d279e-2495-496f-80d9-bc5a45e3b6b4,2,2000
4569716292,403,3569.04,WAITING,9fc109ea-2585-4c23-9329-2ccda2d964eb,3,1000
4593502870,789,8994.16,QUOTATION,73df3d25-bcec-47a6-8d66-6b628e81ed2d,2,1000
4581297138,19,7442.02,APPROVED,17dffc12-ac1a-44ed-ad09-3c824851c624,4,4000
4517066244,270,3874.86,WAITING,51991c98-a328-457f-a862-0962b2d30ddc,5,3000
4569433008,449,8264.61,QUOTATION,3ee51816-f540-45e6-8401-474c5df84e78,3,1000
4588448403,727,142.47,APPROVED,d7da1df8-a4af-4efe-a657-570c6d350470,1,3000
4571899256,752,8513.26,APPROVED,3c65561d-5119-4985-87e7-48965fe9f62c,3,2000
4550430815,586,459.24,QUOTATION,8ca5ca23-a910-469b-aec1-73bd31d74ba2,4,3000
4507495466,725,5844.7,REJECTED,b0154cbb-c693-4062-88b9-a8acf4402b56,3,4000
4506613159,801,6773.8,APPROVED,4029508a-afa4-4faf-b175-4bb65b8a4dbb,3,3000
4523863917,766,7019.62,APPROVED,68681084-7b12-4fd9-9704-7da3802cb451,2,3000
4506251397,675,73.91,QUOTATION,9ec93c76-9578-4947-a5ca-def516b026cb,3,2000
4566325364,365,4021.8,QUOTATION,2ab670e8-49e3-4a95-9871-d937f77b5927,2,2000
4541954839,578,2574.56,APPROVED,fe53d2be-049c-47fa-871a-c4a8b1a10e40,4,4000
4583678654,898,484.26,WAITING,a1a6e723-19c6-46fd-a584-917efe27f127,1,3000
4546133733,118,4938.52,APPROVED,bcebc30c-15e5-48e2-9c32-c86d886f82a0,3,2000
4513040183,691,9867.59,REJECTED,35672019-b6d1-42b4-b906-8819b248182e,4,4000
4565424494,861,6732.64,WAITING,e7ba4d18-37bf-472c-9d3a-7756c21a55c9,3,1000
4523753442,563,3906.14,QUOTATION,56ae9e46-c0b2-46ca-b51d-5686e00ce4a6,2,2000
4522938336,278,4597.92,QUOTATION,74d238f7-61d4-41c6-9d51-b05f2eddcb36,5,2000
4511402778,56,868.96,WAITING,cea90057-5542-4a9f-8ad8-2fa263b39b7b,5,1000
4596858704,159,8954.9,REJECTED,31ac60a6-1bc1-442c-ae10-4a420f770538,5,4000
4534059669,667,9032.31,QUOTATION,71b893be-0a75-41a7-9a52-bcdb771cc5ec,1,4000
4547989403,911,1728.47,APPROVED,aa51a37d-2867-459b-8885-b5c8b161616a,3,4000
4541518879,344,6473.38,QUOTATION,17dffc12-ac1a-44ed-ad09-3c824851c624,3,2000
4553273989,4,6185.01,REJECTED,ba3d4978-80db-4a12-9f06-e4c698936184,3,2000
4509673497,997,650.59,WAITING,b577718c-a2a9-4f8a-a41c-7cac0d102aab,1,1000
4582990579,56,2194.21,QUOTATION,384bae62-8ba8-4cac-b8ad-3df4e68bcafa,2,4000
4593913108,831,341.14,REJECTED,384bae62-8ba8-4cac-b8ad-3df4e68bcafa,2,4000
4565874131,850,3084.94,WAITING,f6dd041e-f994-407c-9a1b-2ee8a39b9b25,5,2000
4587419568,475,5403.04,APPROVED,9fc109ea-2585-4c23-9329-2ccda2d964eb,5,2000
4505072315,946,1219.79,REJECTED,2c7b9d8a-6b92-4a21-a03e-024e434a203d,5,2000
4506082413,779,5870.28,QUOTATION,110f8801-eea1-420d-98e6-dd439569747b,4,4000
4571738048,929,6042.79,WAITING,2cf52c48-a37c-4244-a030-3fe16c443ecd,2,4000
4511575150,450,1577.97,QUOTATION,4029508a-afa4-4faf-b175-4bb65b8a4dbb,2,4000
4506067823,935,4238.25,REJECTED,32149af9-a4f0-4e80-a73d-490a9faef06f,3,3000
4596490673,168,8072.48,WAITING,a1a6e723-19c6-46fd-a584-917efe27f127,3,2000
4592445624,332,3347.98,REJECTED,a1a6e723-19c6-46fd-a584-917efe27f127,4,3000
4561722003,513,8105.25,WAITING,3341d7ea-5bed-42e4-82c2-18d0adfbcdf1,5,4000
4529066972,268,9984.3,REJECTED,ba3d4978-80db-4a12-9f06-e4c698936184,3,1000
4535326710,517,9134.89,WAITING,8df0c99e-2745-44ae-94ee-ad79cb114fdb,1,4000
4533368828,363,8718.36,APPROVED,35672019-b6d1-42b4-b906-8819b248182e,4,2000
4576543636,827,5581.6,APPROVED,b020551c-5fe7-45ea-881a-6fa78332362d,1,4000
4573109083,497,3990.67,APPROVED,32149af9-a4f0-4e80-a73d-490a9faef06f,4,4000
4574988514,294,1028.35,APPROVED,110f8801-eea1-420d-98e6-dd439569747b,5,3000
4597927445,111,8254.5,WAITING,84aadcf6-499b-4416-9a35-3e546eb39a5c,2,1000
4555328936,630,2984.34,REJECTED,2ab670e8-49e3-4a95-9871-d937f77b5927,2,2000
4509980418,354,196.37,WAITING,f524f9ee-95cb-4e66-a6c1-b58f8296e7f3,5,1000
4540782837,744,6112.82,WAITING,da731710-48f7-4c02-8dd6-917ff4c62e3b,1,3000
4560869578,576,4434.32,QUOTATION,8df0c99e-2745-44ae-94ee-ad79cb114fdb,5,3000
4531388044,224,8189.54,APPROVED,da731710-48f7-4c02-8dd6-917ff4c62e3b,2,3000
4557358226,943,4617.49,WAITING,791660af-f0db-4fbd-a3a4-86bd38182556,1,2000
4521291029,206,939.62,WAITING,611eefb3-ef38-4a2e-831a-15aff1dde8f8,1,3000
4585993824,858,1353.72,REJECTED,b6bbc970-46d2-4ff4-9c52-80f378cfe8ea,5,3000
4513422705,744,5104.03,APPROVED,8ca5ca23-a910-469b-aec1-73bd31d74ba2,5,4000
4511998074,928,1477.83,WAITING,f6dd041e-f994-407c-9a1b-2ee8a39b9b25,1,1000
4520621099,335,5871.83,WAITING,8ca5ca23-a910-469b-aec1-73bd31d74ba2,1,4000
4577439331,314,1054.12,APPROVED,a1ad3c2b-45ca-491c-8ef2-a64af7d19e43,1,1000
4576404490,213,5842.43,QUOTATION,56ae9e46-c0b2-46ca-b51d-5686e00ce4a6,5,4000
4599878513,13,7788.18,QUOTATION,834a14f7-cbd7-4220-9587-cd61c93c8253,5,4000
4595386231,13,8816.67,REJECTED,5257f4f1-580e-4eb3-89f9-6cae458e4509,3,3000
4519448357,216,1561.56,QUOTATION,ea38b7e1-b488-4873-ab04-3066d219b434,3,1000
4582198543,428,3364.71,WAITING,12a301b9-4c71-4181-a853-d29be7b6bd18,4,2000
4514033191,729,811.54,QUOTATION,37bf8863-0046-49cb-a72c-f7e41661214b,3,3000
4560113430,199,9338.26,QUOTATION,651e8d5b-8636-4635-a934-6f9427d506b8,3,2000
4507284106,244,6783.62,REJECTED,a4926703-442b-4179-808a-04de7d4e1015,4,3000
4550031696,131,9129.5,QUOTATION,408c4fe5-9066-4997-8f1c-ad8daae4b1f6,4,4000
4568126491,53,7401.59,QUOTATION,2ab670e8-49e3-4a95-9871-d937f77b5927,4,4000
4598226620,576,894.81,QUOTATION,35672019-b6d1-42b4-b906-8819b248182e,5,1000
4541016983,277,6962.0,APPROVED,05767575-2944-4457-9aa7-06e1dae2ae25,1,4000
4519659153,788,5244.67,WAITING,da731710-48f7-4c02-8dd6-917ff4c62e3b,5,3000
4515083428,666,434.8,APPROVED,f524f9ee-95cb-4e66-a6c1-b58f8296e7f3,5,2000
4568679144,300,1837.43,REJECTED,9a109dc4-7be3-4aec-94bb-ede38f79ae14,2,2000
4589847839,275,5591.95,REJECTED,0e752cfe-75ff-427d-8214-57710b509b33,3,2000
4536084283,109,8017.83,APPROVED,32149af9-a4f0-4e80-a73d-490a9faef06f,1,4000
4576204002,83,7477.94,REJECTED,0c328cd6-def4-4097-8b5d-ef9b4362cfd3,5,2000
4552025695,152,3343.22,WAITING,4a5df305-6d85-4b5a-81ca-b2a776017f8f,2,4000
4542993969,859,3523.07,WAITING,d4dbba0a-2b26-4233-9017-bb25b2e860f3,4,1000
4564408632,881,5933.03,WAITING,975480d4-8c15-44ba-8c55-a9938bdaa2c4,3,2000
4511779390,936,2165.0,QUOTATION,ba5b8587-5d45-44ac-9e4e-16cb4b3afecc,5,1000
4585806531,932,9400.48,QUOTATION,611eefb3-ef38-4a2e-831a-15aff1dde8f8,3,1000
4551755743,816,6099.74,WAITING,73df3d25-bcec-47a6-8d66-6b628e81ed2d,5,3000
4567225084,965,9128.62,WAITING,82ebf1b0-6982-4deb-ac51-c7a6d0a68c5d,4,2000
4553011128,377,7382.31,WAITING,12a301b9-4c71-4181-a853-d29be7b6bd18,2,4000
4507519851,41,4676.98,APPROVED,5c250769-58e7-4a67-92b8-05566aab2cd0,3,3000
4522387443,704,2688.87,WAITING,76fa0c16-dc3a-4a9b-b914-de6a0097f3dc,3,1000
4524894236,573,6666.51,QUOTATION,a4926703-442b-4179-808a-04de7d4e1015,4,4000
4513313683,769,8734.9,APPROVED,eb8e5632-45d0-47e9-bcc0-ee76bf030643,3,1000
4509913928,612,9560.86,APPROVED,b6bbc970-46d2-4ff4-9c52-80f378cfe8ea,2,4000
4500789463,374,3093.28,APPROVED,d5b6a98e-464a-4e85-ad1c-7fd6be7df835,3,4000
4592134025,284,5216.04,APPROVED,3ee51816-f540-45e6-8401-474c5df84e78,4,1000
4589819468,1,2320.58,APPROVED,2ab670e8-49e3-4a95-9871-d937f77b5927,5,3000
4588279850,277,4123.6,APPROVED,2c7b9d8a-6b92-4a21-a03e-024e434a203d,5,3000
4561323644,509,7402.05,QUOTATION,9c7454a7-b80c-4d19-b841-4c0343b75add,1,2000
4574143536,462,8771.63,REJECTED,da731710-48f7-4c02-8dd6-917ff4c62e3b,3,3000
4531909176,137,4825.91,REJECTED,dbce3e63-1a5c-4595-a1f9-d09c3d978567,5,3000
4525449001,517,4791.62,APPROVED,51991c98-a328-457f-a862-0962b2d30ddc,5,3000
4503642009,405,9372.15,APPROVED,8df0c99e-2745-44ae-94ee-ad79cb114fdb,5,1000
4583921590,445,5453.14,REJECTED,384bae62-8ba8-4cac-b8ad-3df4e68bcafa,4,1000
4591964765,454,3185.5,REJECTED,3f3292d8-3056-42da-9ec5-d080c252a223,3,4000
4587745917,727,6443.6,QUOTATION,ce1eeb99-74a8-4547-b95c-345102c07d21,4,4000
4516562229,324,5514.98,WAITING,3ee51816-f540-45e6-8401-474c5df84e78,3,4000
4531001029,716,8897.23,WAITING,fcc9df1e-2761-4b55-8f60-015b21066d78,4,3000
4576791622,906,4011.24,APPROVED,8df0c99e-2745-44ae-94ee-ad79cb114fdb,1,2000
4528119962,625,6547.65,WAITING,12a301b9-4c71-4181-a853-d29be7b6bd18,1,4000
4525385509,108,5105.04,APPROVED,82ebf1b0-6982-4deb-ac51-c7a6d0a68c5d,2,1000
4531125086,2,3604.87,WAITING,da731710-48f7-4c02-8dd6-917ff4c62e3b,1,2000
4559724455,20,1715.06,REJECTED,9c7454a7-b80c-4d19-b841-4c0343b75add,4,3000
4523590712,681,4289.59,WAITING,35672019-b6d1-42b4-b906-8819b248182e,5,3000
4598242770,979,3002.39,WAITING,35672019-b6d1-42b4-b906-8819b248182e,5,2000
4552583340,645,8446.15,WAITING,bf599d91-442c-4e09-b5ae-b9f08a417d11,1,3000
4553959386,742,6133.64,WAITING,9c7454a7-b80c-4d19-b841-4c0343b75add,4,2000
4510534716,38,4461.22,WAITING,d4dbba0a-2b26-4233-9017-bb25b2e860f3,4,4000
4579726631,390,9616.08,QUOTATION,de541e55-b7b6-404a-8ce0-a6f1ea925750,4,3000
4554346692,851,2476.83,QUOTATION,d5b6a98e-464a-4e85-ad1c-7fd6be7df835,5,4000
4592255127,311,8162.56,WAITING,41e46c83-90d4-4836-a022-b900a018b3fa,1,3000
4597324498,170,8056.94,WAITING,eb8e5632-45d0-47e9-bcc0-ee76bf030643,5,2000
4538883226,687,5632.59,WAITING,5257f4f1-580e-4eb3-89f9-6cae458e4509,2,2000
4580364349,981,3935.29,REJECTED,2c6e3cb9-21cb-4de6-ae38-f117a3cbdfe2,5,1000
4543032537,378,4238.48,QUOTATION,0439439c-8945-42c4-b079-5340d85df97c,2,1000
4560704939,240,2884.84,WAITING,fe53d2be-049c-47fa-871a-c4a8b1a10e40,4,2000
4525642411,173,157.49,REJECTED,3f3292d8-3056-42da-9ec5-d080c252a223,3,3000
4516993679,868,1261.18,QUOTATION,d0d94739-009d-44aa-ae3d-8c35a65083c5,1,4000
4584522693,207,9657.56,REJECTED,74d238f7-61d4-41c6-9d51-b05f2eddcb36,2,2000
4520795993,524,9152.95,REJECTED,82ebf1b0-6982-4deb-ac51-c7a6d0a68c5d,2,3000
4519733877,957,8623.41,QUOTATION,a9da22e7-f42f-4428-9083-96395b7a7e9a,1,4000
4556602937,65,6723.48,REJECTED,0f7e95f4-4fb9-4987-a1e1-5264880e721e,2,2000
4522292633,953,4627.04,REJECTED,05767575-2944-4457-9aa7-06e1dae2ae25,3,1000
4523505155,298,1892.38,QUOTATION,e7ba4d18-37bf-472c-9d3a-7756c21a55c9,3,3000
4572883103,785,4407.85,APPROVED,d0d94739-009d-44aa-ae3d-8c35a65083c5,1,1000
4541964682,833,5431.32,QUOTATION,fcc9df1e-2761-4b55-8f60-015b21066d78,1,4000
4597793045,438,2011.94,APPROVED,00a417fb-f2b9-4bb8-90c0-0787c3f2e3c7,3,3000
4540083773,900,2348.5,QUOTATION,0a58bce2-1697-4c89-b568-ae280f33f982,1,1000
4536377732,475,5149.08,APPROVED,0a58bce2-1697-4c89-b568-ae280f33f982,1,3000
4599925257,820,1610.06,REJECTED,28d388a1-0e70-41d0-a8a1-abb9e3263b7b,3,3000
4516663743,172,2088.27,QUOTATION,384bae62-8ba8-4cac-b8ad-3df4e68bcafa,4,3000
4543611637,756,495.57,REJECTED,daffc87a-fdb5-424e-9155-782c6cd1b731,5,3000
4559533395,241,8347.56,REJECTED,4029508a-afa4-4faf-b175-4bb65b8a4dbb,2,2000
4539718486,754,9676.27,QUOTATION,3ee51816-f540-45e6-8401-474c5df84e78,3,1000
4540908461,342,293.33,WAITING,384bae62-8ba8-4cac-b8ad-3df4e68bcafa,5,4000
4579813423,628,9212.01,WAITING,ba5b8587-5d45-44ac-9e4e-16cb4b3afecc,2,2000
4545052834,63,7059.23,WAITING,37bf8863-0046-49cb-a72c-f7e41661214b,2,4000
4592345475,34,6955.06,QUOTATION,134244b2-90f7-4d62-8488-d71e29828266,2,4000
4555419225,118,1610.89,QUOTATION,c40f8a37-9024-4fcd-80a6-7917301ba6bd,4,3000
4533349419,112,7227.3,QUOTATION,b0154cbb-c693-4062-88b9-a8acf4402b56,2,4000
4596240813,849,3227.82,REJECTED,915bda23-d2b3-4bab-9d3b-0b701beb76fa,4,3000
4592689008,388,5140.77,QUOTATION,c40f8a37-9024-4fcd-80a6-7917301ba6bd,2,3000
4584969944,947,4292.33,QUOTATION,62117371-6664-4e90-9e4c-e3939789c81a,1,2000
4502548459,592,8927.26,APPROVED,fe53d2be-049c-47fa-871a-c4a8b1a10e40,1,3000
4537487959,37,5223.83,REJECTED,9a109dc4-7be3-4aec-94bb-ede38f79ae14,3,2000
4543974409,522,7917.49,QUOTATION,9567383e-1921-4683-803b-509faa2bc9d5,2,3000
4590141405,815,8912.32,APPROVED,ba3d4978-80db-4a12-9f06-e4c698936184,5,1000
4586470413,46,2273.75,APPROVED,0439439c-8945-42c4-b079-5340d85df97c,4,1000
4557783557,721,7312.63,REJECTED,62117371-6664-4e90-9e4c-e3939789c81a,2,4000
4568249307,973,9090.22,QUOTATION,611eefb3-ef38-4a2e-831a-15aff1dde8f8,3,3000
4589962334,773,5997.01,QUOTATION,fe53d2be-049c-47fa-871a-c4a8b1a10e40,2,2000
4563232631,683,4277.06,WAITING,17dffc12-ac1a-44ed-ad09-3c824851c624,5,4000
4531331423,291,4416.75,WAITING,da731710-48f7-4c02-8dd6-917ff4c62e3b,3,2000
4554579221,916,553.55,REJECTED,3f3292d8-3056-42da-9ec5-d080c252a223,1,4000
4538913494,632,5538.01,APPROVED,ea38b7e1-b488-4873-ab04-3066d219b434,2,4000
4567943774,784,4757.21,QUOTATION,01bb5e4b-33d3-4db2-85a2-499f5c9e31b4,2,2000
4567864360,239,3140.5,QUOTATION,73df3d25-bcec-47a6-8d66-6b628e81ed2d,2,1000
4589326750,515,5895.02,QUOTATION,fcc9df1e-2761-4b55-8f60-015b21066d78,1,2000
4549851940,975,9063.61,QUOTATION,76fa0c16-dc3a-4a9b-b914-de6a0097f3dc,1,1000
4540670215,819,6051.47,APPROVED,ea38b7e1-b488-4873-ab04-3066d219b434,4,2000
4502612275,941,824.33,APPROVED,6cc3c3b9-23fa-4969-8791-af89dedc62c9,5,3000
4508058575,840,2081.15,APPROVED,73df3d25-bcec-47a6-8d66-6b628e81ed2d,3,2000
4596524949,449,1524.62,WAITING,6c55f239-a4f0-4edd-afe8-02d129db9eda,2,4000
4562409723,797,4384.92,APPROVED,eb8e5632-45d0-47e9-bcc0-ee76bf030643,1,2000
4572122631,210,9722.28,WAITING,e069016d-d217-4fbc-b438-1e8790b731fb,4,4000
4539032735,820,8505.13,REJECTED,da731710-48f7-4c02-8dd6-917ff4c62e3b,4,2000
4521238917,603,5059.92,WAITING,15ddc72a-7103-4a88-a951-49c5aa75affd,4,4000
4550184012,636,3367.93,APPROVED,41e46c83-90d4-4836-a022-b900a018b3fa,4,4000
4557625693,741,4332.14,WAITING,17dffc12-ac1a-44ed-ad09-3c824851c624,2,4000
4579570431,153,6844.69,REJECTED,d4dbba0a-2b26-4233-9017-bb25b2e860f3,2,3000
4503311675,130,4794.7,REJECTED,0a58bce2-1697-4c89-b568-ae280f33f982,1,1000
4591643517,473,1791.4,APPROVED,b577718c-a2a9-4f8a-a41c-7cac0d102aab,4,2000
4545657853,570,4656.88,QUOTATION,408c4fe5-9066-4997-8f1c-ad8daae4b1f6,2,4000
4521893090,661,9409.33,WAITING,6cc3c3b9-23fa-4969-8791-af89dedc62c9,2,2000
4579773631,460,2591.56,APPROVED,a1a6e723-19c6-46fd-a584-917efe27f127,2,4000
4596848494,923,2.17,WAITING,b020551c-5fe7-45ea-881a-6fa78332362d,2,2000
4590200657,450,7458.84,WAITING,2c6e3cb9-21cb-4de6-ae38-f117a3cbdfe2,4,3000
4525857909,721,5415.77,REJECTED,4a5df305-6d85-4b5a-81ca-b2a776017f8f,4,4000
4589488806,454,6161.62,QUOTATION,15ddc72a-7103-4a88-a951-49c5aa75affd,5,3000
4568655194,753,9285.78,APPROVED,bcebc30c-15e5-48e2-9c32-c86d886f82a0,5,1000
4508076054,267,1560.75,WAITING,5257f4f1-580e-4eb3-89f9-6cae458e4509,5,2000
4560425860,656,5282.64,APPROVED,975480d4-8c15-44ba-8c55-a9938bdaa2c4,1,1000
4523792189,559,2660.47,QUOTATION,915bda23-d2b3-4bab-9d3b-0b701beb76fa,4,2000
4578080694,764,6527.93,APPROVED,4a5df305-6d85-4b5a-81ca-b2a776017f8f,3,3000
4576257502,621,5719.01,APPROVED,da731710-48f7-4c02-8dd6-917ff4c62e3b,2,4000
4526213769,996,4911.88,REJECTED,12a301b9-4c71-4181-a853-d29be7b6bd18,2,1000
4544868711,880,4457.87,WAITING,791660af-f0db-4fbd-a3a4-86bd38182556,4,3000
4524414169,108,3740.62,APPROVED,cea90057-5542-4a9f-8ad8-2fa263b39b7b,5,4000
4508473872,409,5803.67,WAITING,84aadcf6-499b-4416-9a35-3e546eb39a5c,1,1000
4564424366,19,9630.68,WAITING,4029508a-afa4-4faf-b175-4bb65b8a4dbb,4,2000
4571883107,897,8323.46,APPROVED,9567383e-1921-4683-803b-509faa2bc9d5,2,2000
4558826989,347,8605.16,APPROVED,dbce3e63-1a5c-4595-a1f9-d09c3d978567,2,4000
4585745400,898,8664.74,REJECTED,9c7454a7-b80c-4d19-b841-4c0343b75add,3,2000
4538757457,650,4710.31,WAITING,28d388a1-0e70-41d0-a8a1-abb9e3263b7b,4,3000
4512850749,1,7377.21,WAITING,2ab670e8-49e3-4a95-9871-d937f77b5927,3,1000
4540372510,789,4887.44,WAITING,84aadcf6-499b-4416-9a35-3e546eb39a5c,5,2000
4510459033,473,1043.11,WAITING,dbce3e63-1a5c-4595-a1f9-d09c3d978567,5,3000
4527104732,457,166.96,QUOTATION,ad64acbd-9045-44ec-9111-f6b3b90cb060,5,3000
4560337218,800,9559.56,WAITING,aa51a37d-2867-459b-8885-b5c8b161616a,2,3000
4545297515,222,4268.58,APPROVED,110f8801-eea1-420d-98e6-dd439569747b,2,4000
4540737484,530,9863.38,REJECTED,b577718c-a2a9-4f8a-a41c-7cac0d102aab,5,2000
4527959098,429,7278.05,REJECTED,41e46c83-90d4-4836-a022-b900a018b3fa,1,3000
4502624132,204,8370.88,QUOTATION,aa51a37d-2867-459b-8885-b5c8b161616a,1,1000
4569123666,113,8210.79,QUOTATION,01bb5e4b-33d3-4db2-85a2-499f5c9e31b4,5,3000
4539815532,991,4235.93,REJECTED,71b893be-0a75-41a7-9a52-bcdb771cc5ec,1,4000
4585118102,639,9224.27,QUOTATION,d0d94739-009d-44aa-ae3d-8c35a65083c5,2,2000
4599078960,561,9571.17,REJECTED,0e752cfe-75ff-427d-8214-57710b509b33,5,1000
4551191937,446,2564.52,QUOTATION,d4dbba0a-2b26-4233-9017-bb25b2e860f3,2,4000
4511410590,189,192.6,REJECTED,cea90057-5542-4a9f-8ad8-2fa263b39b7b,3,4000
4557553813,342,2315.89,REJECTED,b577718c-a2a9-4f8a-a41c-7cac0d102aab,2,2000
4536578548,403,6192.72,REJECTED,651e8d5b-8636-4635-a934-6f9427d506b8,1,2000
4531379393,257,216.05,APPROVED,d7da1df8-a4af-4efe-a657-570c6d350470,3,4000
4509909170,421,5908.72,REJECTED,aa51a37d-2867-459b-8885-b5c8b161616a,1,1000
4555515461,833,6401.02,QUOTATION,791660af-f0db-4fbd-a3a4-86bd38182556,2,2000
4591726589,484,2234.28,REJECTED,3341d7ea-5bed-42e4-82c2-18d0adfbcdf1,3,4000
4576439225,269,2721.42,APPROVED,b020551c-5fe7-45ea-881a-6fa78332362d,5,2000
4530668536,395,2529.81,APPROVED,2c7b9d8a-6b92-4a21-a03e-024e434a203d,2,4000
4515995594,212,5545.69,QUOTATION,ce1eeb99-74a8-4547-b95c-345102c07d21,5,3000
4516194899,929,6432.12,REJECTED,fffeaf8f-4b6b-4357-a309-89f4769c36da,5,1000
4505688441,621,8558.13,WAITING,791660af-f0db-4fbd-a3a4-86bd38182556,5,1000
4564772603,745,1686.01,APPROVED,384bae62-8ba8-4cac-b8ad-3df4e68bcafa,2,1000
4510934448,562,8473.57,QUOTATION,56ae9e46-c0b2-46ca-b51d-5686e00ce4a6,3,4000
4551451992,167,5446.36,WAITING,68681084-7b12-4fd9-9704-7da3802cb451,1,2000
4549811795,1000,9119.93,QUOTATION,4029508a-afa4-4faf-b175-4bb65b8a4dbb,4,4000
4500112359,461,844.37,APPROVED,76fa0c16-dc3a-4a9b-b914-de6a0097f3dc,5,4000
4569165733,924,1310.29,REJECTED,ba3d4978-80db-4a12-9f06-e4c698936184,4,3000
4507260297,278,372.63,REJECTED,51991c98-a328-457f-a862-0962b2d30ddc,3,4000
4529217534,378,9911.24,APPROVED,d0d94739-009d-44aa-ae3d-8c35a65083c5,4,4000
4525647246,823,8467.44,WAITING,ea38b7e1-b488-4873-ab04-3066d219b434,3,3000
4581580746,792,2929.95,REJECTED,01bb5e4b-33d3-4db2-85a2-499f5c9e31b4,4,4000
4543512695,297,5822.58,APPROVED,da731710-48f7-4c02-8dd6-917ff4c62e3b,3,3000
4539517036,983,2181.81,APPROVED,82ebf1b0-6982-4deb-ac51-c7a6d0a68c5d,4,4000
4590832640,345,203.79,APPROVED,73df3d25-bcec-47a6-8d66-6b628e81ed2d,1,3000
4507145975,958,3084.49,QUOTATION,37bf8863-0046-49cb-a72c-f7e41661214b,3,3000
4593795559,574,643.04,QUOTATION,d5b6a98e-464a-4e85-ad1c-7fd6be7df835,2,3000
4544445479,809,9417.73,QUOTATION,cf11fe2a-443a-44e9-96b0-e6b91ddfa87d,5,2000
4535430819,167,2496.09,WAITING,ea38b7e1-b488-4873-ab04-3066d219b434,3,2000
4546024995,107,9547.68,WAITING,aa51a37d-2867-459b-8885-b5c8b161616a,5,3000
4502854181,227,5002.97,QUOTATION,84aadcf6-499b-4416-9a35-3e546eb39a5c,2,1000
4503306077,357,7041.51,REJECTED,110f8801-eea1-420d-98e6-dd439569747b,3,2000
4575796473,754,3206.31,APPROVED,9fc109ea-2585-4c23-9329-2ccda2d964eb,1,1000
4555122953,830,5438.78,REJECTED,35672019-b6d1-42b4-b906-8819b248182e,4,4000
4572894708,106,1461.1,QUOTATION,a1a6e723-19c6-46fd-a584-917efe27f127,1,1000
4523530530,32,8812.81,WAITING,ce1eeb99-74a8-4547-b95c-345102c07d21,4,1000
4559520105,863,6107.31,REJECTED,ce1eeb99-74a8-4547-b95c-345102c07d21,2,2000
4513046018,87,48.35,REJECTED,51991c98-a328-457f-a862-0962b2d30ddc,3,4000
4594221567,898,1590.93,REJECTED,05767575-2944-4457-9aa7-06e1dae2ae25,5,1000
4550904263,308,4923.17,QUOTATION,9ec93c76-9578-4947-a5ca-def516b026cb,3,2000
4534315730,336,7586.49,QUOTATION,9567383e-1921-4683-803b-509faa2bc9d5,5,3000
4538587262,727,3417.36,WAITING,ad64acbd-9045-44ec-9111-f6b3b90cb060,1,2000
4511722258,366,434.24,APPROVED,0c328cd6-def4-4097-8b5d-ef9b4362cfd3,2,1000
4511462655,584,4585.04,REJECTED,3ee51816-f540-45e6-8401-474c5df84e78,2,1000
4595084516,402,3594.49,QUOTATION,0c328cd6-def4-4097-8b5d-ef9b4362cfd3,5,2000
4545850836,673,3848.36,REJECTED,17dffc12-ac1a-44ed-ad09-3c824851c624,2,1000
4574416116,827,7008.92,QUOTATION,15ddc72a-7103-4a88-a951-49c5aa75affd,5,1000
4539449250,203,4282.9,WAITING,fffeaf8f-4b6b-4357-a309-89f4769c36da,4,3000
4587730147,736,7270.92,REJECTED,3c65561d-5119-4985-87e7-48965fe9f62c,2,1000
4519831310,215,3705.62,QUOTATION,a1a6e723-19c6-46fd-a584-917efe27f127,1,3000
4557013416,61,9333.49,APPROVED,6c55f239-a4f0-4edd-afe8-02d129db9eda,3,2000
4517308907,484,100.5,APPROVED,834a14f7-cbd7-4220-9587-cd61c93c8253,3,4000
4539302207,916,8310.53,REJECTED,834a14f7-cbd7-4220-9587-cd61c93c8253,1,2000
4562729755,624,349.81,QUOTATION,bcebc30c-15e5-48e2-9c32-c86d886f82a0,3,1000
4504698993,765,8766.04,REJECTED,f6979cad-3c89-4280-985d-d7f07aaa8c2b,1,3000
4545303383,210,8626.7,REJECTED,134244b2-90f7-4d62-8488-d71e29828266,1,3000
4542963423,464,2161.64,APPROVED,ea38b7e1-b488-4873-ab04-3066d219b434,2,3000
4556151064,668,9588.03,REJECTED,3c65561d-5119-4985-87e7-48965fe9f62c,3,4000
4562958428,850,7979.01,APPROVED,2c6e3cb9-21cb-4de6-ae38-f117a3cbdfe2,5,2000
4554126873,199,5300.76,QUOTATION,bcebc30c-15e5-48e2-9c32-c86d886f82a0,2,3000
4547986621,886,8876.2,REJECTED,134244b2-90f7-4d62-8488-d71e29828266,3,1000
4532015419,648,1135.24,WAITING,bcebc30c-15e5-48e2-9c32-c86d886f82a0,2,1000
4594768817,522,9923.76,REJECTED,0f7e95f4-4fb9-4987-a1e1-5264880e721e,3,4000
4595645121,486,3272.51,REJECTED,8ca5ca23-a910-469b-aec1-73bd31d74ba2,4,1000
4530699800,798,9153.52,APPROVED,d4dbba0a-2b26-4233-9017-bb25b2e860f3,5,2000
4515571132,579,74.49,WAITING,2cf52c48-a37c-4244-a030-3fe16c443ecd,3,2000
4597910530,246,6297.58,WAITING,15ddc72a-7103-4a88-a951-49c5aa75affd,2,4000
4505726775,874,5173.92,WAITING,12a301b9-4c71-4181-a853-d29be7b6bd18,4,1000
4524623965,811,6585.8,QUOTATION,e7ba4d18-37bf-472c-9d3a-7756c21a55c9,3,2000
4566457951,202,9629.04,QUOTATION,4a5df305-6d85-4b5a-81ca-b2a776017f8f,1,4000
4557965360,351,1116.63,QUOTATION,84aadcf6-499b-4416-9a35-3e546eb39a5c,3,2000
4505759616,783,1862.66,REJECTED,a4926703-442b-4179-808a-04de7d4e1015,1,2000
4596509932,723,721.3,APPROVED,37bf8863-0046-49cb-a72c-f7e41661214b,3,4000
4539998718,2,3447.56,APPROVED,da731710-48f7-4c02-8dd6-917ff4c62e3b,2,2000
4524455326,764,1533.47,QUOTATION,0f7e95f4-4fb9-4987-a1e1-5264880e721e,3,3000
4533576264,401,2062.16,WAITING,9567383e-1921-4683-803b-509faa2bc9d5,1,1000
4509509593,473,8774.95,APPROVED,f6dd041e-f994-407c-9a1b-2ee8a39b9b25,3,2000
4577532226,490,2254.37,WAITING,5257f4f1-580e-4eb3-89f9-6cae458e4509,5,1000
4573143294,878,6036.36,APPROVED,f6979cad-3c89-4280-985d-d7f07aaa8c2b,4,3000
4522535215,607,4930.55,APPROVED,de541e55-b7b6-404a-8ce0-a6f1ea925750,1,3000
4586639469,121,3223.0,WAITING,5257f4f1-580e-4eb3-89f9-6cae458e4509,3,1000
4572816157,466,7038.68,REJECTED,01bb5e4b-33d3-4db2-85a2-499f5c9e31b4,4,3000
4502948256,902,9322.46,QUOTATION,611eefb3-ef38-4a2e-831a-15aff1dde8f8,4,2000
4511713198,699,9725.1,WAITING,62117371-6664-4e90-9e4c-e3939789c81a,3,2000
4571172053,960,1337.74,APPROVED,37bf8863-0046-49cb-a72c-f7e41661214b,4,4000
4589959698,343,3285.38,REJECTED,84aadcf6-499b-4416-9a35-3e546eb39a5c,4,1000
4545047873,712,475.42,QUOTATION,12a301b9-4c71-4181-a853-d29be7b6bd18,2,2000
4577071270,515,7162.52,WAITING,56ae9e46-c0b2-46ca-b51d-5686e00ce4a6,1,1000
4512761255,545,4961.62,APPROVED,c40f8a37-9024-4fcd-80a6-7917301ba6bd,1,2000
4599813843,272,1286.81,APPROVED,84aadcf6-499b-4416-9a35-3e546eb39a5c,5,4000
4514132886,955,810.04,QUOTATION,134244b2-90f7-4d62-8488-d71e29828266,2,4000
4575921388,174,7806.84,REJECTED,daffc87a-fdb5-424e-9155-782c6cd1b731,5,2000
4514421950,594,5762.59,REJECTED,b0154cbb-c693-4062-88b9-a8acf4402b56,4,1000
4588343049,798,6528.95,WAITING,c40f8a37-9024-4fcd-80a6-7917301ba6bd,4,4000
4546281077,479,3166.77,APPROVED,35672019-b6d1-42b4-b906-8819b248182e,5,3000
4535924544,586,5621.43,APPROVED,bcebc30c-15e5-48e2-9c32-c86d886f82a0,5,1000
4584960644,769,6818.33,APPROVED,cf11fe2a-443a-44e9-96b0-e6b91ddfa87d,3,1000
4519034271,937,9439.89,WAITING,eb8e5632-45d0-47e9-bcc0-ee76bf030643,4,3000
4538388409,388,6055.89,REJECTED,8df0c99e-2745-44ae-94ee-ad79cb114fdb,5,3000
4530483638,252,5639.85,WAITING,77b34563-244c-46da-b014-af1a9c7fa9e4,4,2000
4511286819,328,66.96,APPROVED,00a417fb-f2b9-4bb8-90c0-0787c3f2e3c7,1,2000
4516617120,523,5912.06,QUOTATION,4029508a-afa4-4faf-b175-4bb65b8a4dbb,4,2000
4528443061,45,7510.58,QUOTATION,73df3d25-bcec-47a6-8d66-6b628e81ed2d,2,4000
4501183222,593,5149.39,APPROVED,8df0c99e-2745-44ae-94ee-ad79cb114fdb,3,4000
4551066368,252,4540.94,QUOTATION,fcc9df1e-2761-4b55-8f60-015b21066d78,3,3000
4560826142,346,8674.79,REJECTED,2c7b9d8a-6b92-4a21-a03e-024e434a203d,1,1000
4592478812,785,4261.14,QUOTATION,3ee51816-f540-45e6-8401-474c5df84e78,4,2000
4546285935,79,5867.05,QUOTATION,f6dd041e-f994-407c-9a1b-2ee8a39b9b25,4,3000
4528045529,319,5913.32,QUOTATION,4029508a-afa4-4faf-b175-4bb65b8a4dbb,3,4000
4594183580,477,5342.55,APPROVED,9c7454a7-b80c-4d19-b841-4c0343b75add,5,3000
4562464911,416,2147.34,APPROVED,0c328cd6-def4-4097-8b5d-ef9b4362cfd3,2,1000
4582639695,95,8098.17,REJECTED,b0154cbb-c693-4062-88b9-a8acf4402b56,3,4000
4521749867,798,6444.46,APPROVED,9567383e-1921-4683-803b-509faa2bc9d5,1,3000
4597740572,159,8352.48,WAITING,84aadcf6-499b-4416-9a35-3e546eb39a5c,5,4000
4590225808,164,270.52,QUOTATION,84aadcf6-499b-4416-9a35-3e546eb39a5c,1,3000
4543480276,562,832.31,QUOTATION,0c328cd6-def4-4097-8b5d-ef9b4362cfd3,5,4000
4596462007,602,22.91,QUOTATION,37bf8863-0046-49cb-a72c-f7e41661214b,4,1000
4570801008,31,4698.98,APPROVED,5257f4f1-580e-4eb3-89f9-6cae458e4509,4,4000
4559391589,490,4781.71,REJECTED,eb8e5632-45d0-47e9-bcc0-ee76bf030643,1,4000
4583452758,144,438.64,WAITING,fffeaf8f-4b6b-4357-a309-89f4769c36da,2,3000
4529898805,101,5719.31,APPROVED,bcebc30c-15e5-48e2-9c32-c86d886f82a0,2,1000
4567239962,766,6031.97,QUOTATION,611eefb3-ef38-4a2e-831a-15aff1dde8f8,5,3000
4572296027,297,1998.77,REJECTED,134244b2-90f7-4d62-8488-d71e29828266,3,4000
4582477486,460,2906.31,APPROVED,d5b6a98e-464a-4e85-ad1c-7fd6be7df835,4,3000
4547326133,906,5595.26,WAITING,f6dd041e-f994-407c-9a1b-2ee8a39b9b25,1,2000
4581949157,426,4499.47,APPROVED,9a109dc4-7be3-4aec-94bb-ede38f79ae14,3,2000
4567611382,410,310.37,REJECTED,15ddc72a-7103-4a88-a951-49c5aa75affd,2,1000
4593700035,847,4799.72,APPROVED,bcebc30c-15e5-48e2-9c32-c86d886f82a0,5,1000
4513793691,765,9423.38,WAITING,3d3527a9-4ef5-45d5-83c2-4178789f9921,1,2000
4584768329,261,1260.07,REJECTED,3ee51816-f540-45e6-8401-474c5df84e78,3,4000
4579279077,968,2656.31,WAITING,b020551c-5fe7-45ea-881a-6fa78332362d,5,4000
4587103811,520,6165.94,APPROVED,15ddc72a-7103-4a88-a951-49c5aa75affd,1,4000
4503978496,563,6455.13,QUOTATION,8ca5ca23-a910-469b-aec1-73bd31d74ba2,3,3000
4586321286,488,3825.97,WAITING,0b319577-4ab0-4684-b112-b27aad212cb1,1,2000
4513532234,159,3660.42,QUOTATION,de541e55-b7b6-404a-8ce0-a6f1ea925750,1,1000
4531007743,473,2853.55,REJECTED,9567383e-1921-4683-803b-509faa2bc9d5,3,4000
4515991200,422,2824.33,WAITING,31ac60a6-1bc1-442c-ae10-4a420f770538,1,1000
4583407450,894,6336.2,QUOTATION,b6bbc970-46d2-4ff4-9c52-80f378cfe8ea,5,4000
4518385664,83,1882.56,REJECTED,3ee51816-f540-45e6-8401-474c5df84e78,2,4000
4561542518,311,1769.69,QUOTATION,e069016d-d217-4fbc-b438-1e8790b731fb,2,4000
4565918130,787,7151.76,APPROVED,cea90057-5542-4a9f-8ad8-2fa263b39b7b,5,2000
4570473960,227,8416.25,APPROVED,3341d7ea-5bed-42e4-82c2-18d0adfbcdf1,1,2000
4513745914,439,9500.63,QUOTATION,0a58bce2-1697-4c89-b568-ae280f33f982,5,2000
4559745490,157,9756.75,REJECTED,c40f8a37-9024-4fcd-80a6-7917301ba6bd,5,1000
4548777184,372,6696.93,WAITING,cf11fe2a-443a-44e9-96b0-e6b91ddfa87d,1,1000
4572842754,930,1990.24,APPROVED,35672019-b6d1-42b4-b906-8819b248182e,5,1000
4518103747,696,6420.67,REJECTED,aa51a37d-2867-459b-8885-b5c8b161616a,3,4000
4568108708,959,5915.17,REJECTED,5257f4f1-580e-4eb3-89f9-6cae458e4509,3,1000
4510993767,267,65.96,REJECTED,3c65561d-5119-4985-87e7-48965fe9f62c,5,2000
4521691526,884,8474.67,APPROVED,6cc3c3b9-23fa-4969-8791-af89dedc62c9,3,2000
4589535151,335,6158.83,REJECTED,975480d4-8c15-44ba-8c55-a9938bdaa2c4,4,3000
4562867973,890,8341.56,WAITING,da731710-48f7-4c02-8dd6-917ff4c62e3b,4,1000
4524851468,506,6851.94,QUOTATION,2c7b9d8a-6b92-4a21-a03e-024e434a203d,1,4000
4529647361,869,8783.35,QUOTATION,5c250769-58e7-4a67-92b8-05566aab2cd0,3,3000
4586876161,425,4567.79,REJECTED,41e46c83-90d4-4836-a022-b900a018b3fa,3,1000
4545238606,211,184.91,WAITING,6c55f239-a4f0-4edd-afe8-02d129db9eda,5,3000
4582458678,131,4754.18,APPROVED,01bb5e4b-33d3-4db2-85a2-499f5c9e31b4,3,1000
4534096062,879,7005.07,WAITING,fcc9df1e-2761-4b55-8f60-015b21066d78,1,2000
4586621531,698,9520.19,REJECTED,0439439c-8945-42c4-b079-5340d85df97c,3,3000
4509690485,524,819.04,APPROVED,8ca5ca23-a910-469b-aec1-73bd31d74ba2,5,1000
4595461986,58,8930.68,QUOTATION,28d388a1-0e70-41d0-a8a1-abb9e3263b7b,2,4000
4549912817,573,8837.2,APPROVED,cf11fe2a-443a-44e9-96b0-e6b91ddfa87d,1,4000
4538252230,890,2595.94,WAITING,110f8801-eea1-420d-98e6-dd439569747b,2,4000
4579644919,260,9305.58,REJECTED,fcc9df1e-2761-4b55-8f60-015b21066d78,1,3000
4538056534,709,7947.7,APPROVED,110f8801-eea1-420d-98e6-dd439569747b,5,3000
4561645743,238,4633.15,REJECTED,28d388a1-0e70-41d0-a8a1-abb9e3263b7b,2,2000
4565563194,555,3249.86,APPROVED,28d388a1-0e70-41d0-a8a1-abb9e3263b7b,3,4000
4582134888,154,9673.62,REJECTED,ea38b7e1-b488-4873-ab04-3066d219b434,5,3000
4573813122,508,8553.42,REJECTED,5257f4f1-580e-4eb3-89f9-6cae458e4509,4,1000
4516321125,827,9711.88,QUOTATION,611eefb3-ef38-4a2e-831a-15aff1dde8f8,5,2000
4517236401,810,3352.33,QUOTATION,611eefb3-ef38-4a2e-831a-15aff1dde8f8,5,2000
4598067301,396,4378.82,WAITING,35672019-b6d1-42b4-b906-8819b248182e,4,2000
4596892917,496,7680.31,QUOTATION,408c4fe5-9066-4997-8f1c-ad8daae4b1f6,2,1000
4559093935,518,72.99,REJECTED,b020551c-5fe7-45ea-881a-6fa78332362d,4,2000
4572779043,372,9011.32,REJECTED,84aadcf6-499b-4416-9a35-3e546eb39a5c,1,3000
4586984568,20,5346.45,REJECTED,ce1eeb99-74a8-4547-b95c-345102c07d21,2,1000
4535915646,14,9811.93,QUOTATION,05767575-2944-4457-9aa7-06e1dae2ae25,3,4000
4515575085,924,5027.36,REJECTED,a1a6e723-19c6-46fd-a584-917efe27f127,4,2000
4584639274,416,4941.87,WAITING,9c7454a7-b80c-4d19-b841-4c0343b75add,2,3000
4593235532,652,8367.17,REJECTED,37bf8863-0046-49cb-a72c-f7e41661214b,4,2000
4592411805,693,4318.73,REJECTED,f6979cad-3c89-4280-985d-d7f07aaa8c2b,1,3000
4521817892,99,4332.04,APPROVED,3ee51816-f540-45e6-8401-474c5df84e78,3,3000
4547611812,865,4152.17,REJECTED,fe53d2be-049c-47fa-871a-c4a8b1a10e40,1,1000
4530328482,512,6289.59,WAITING,bcebc30c-15e5-48e2-9c32-c86d886f82a0,2,4000
4524937687,319,8519.28,REJECTED,834a14f7-cbd7-4220-9587-cd61c93c8253,5,4000
4523279082,519,9934.7,WAITING,e7ba4d18-37bf-472c-9d3a-7756c21a55c9,3,2000
4509548815,303,8390.91,WAITING,0439439c-8945-42c4-b079-5340d85df97c,2,4000
4573642352,767,576.71,APPROVED,a1ad3c2b-45ca-491c-8ef2-a64af7d19e43,2,2000
4579389547,737,6561.77,WAITING,62117371-6664-4e90-9e4c-e3939789c81a,5,1000
4596264883,417,2454.99,APPROVED,dbce3e63-1a5c-4595-a1f9-d09c3d978567,2,2000
4573119074,367,1122.74,WAITING,77b34563-244c-46da-b014-af1a9c7fa9e4,2,1000
4504233108,358,9480.28,APPROVED,f6dd041e-f994-407c-9a1b-2ee8a39b9b25,1,4000
4567887012,423,9151.15,REJECTED,834a14f7-cbd7-4220-9587-cd61c93c8253,3,4000
4598151058,543,2218.54,APPROVED,b577718c-a2a9-4f8a-a41c-7cac0d102aab,5,2000
4510774190,10,1316.49,QUOTATION,408c4fe5-9066-4997-8f1c-ad8daae4b1f6,5,1000
4590514873,127,411.24,WAITING,0f7e95f4-4fb9-4987-a1e1-5264880e721e,2,3000
4526996984,65,9890.88,APPROVED,0a58bce2-1697-4c89-b568-ae280f33f982,2,3000
4530501006,464,5220.47,REJECTED,915bda23-d2b3-4bab-9d3b-0b701beb76fa,5,2000
4520165412,701,7016.45,APPROVED,4a2d279e-2495-496f-80d9-bc5a45e3b6b4,1,1000
4504232594,197,182.08,WAITING,00a417fb-f2b9-4bb8-90c0-0787c3f2e3c7,4,1000
4594481531,232,7721.75,APPROVED,a4926703-442b-4179-808a-04de7d4e1015,5,3000
4525223075,762,9172.5,WAITING,aa51a37d-2867-459b-8885-b5c8b161616a,4,3000
4550361294,12,479.56,REJECTED,74d238f7-61d4-41c6-9d51-b05f2eddcb36,4,1000
4541871604,673,4843.25,REJECTED,31ac60a6-1bc1-442c-ae10-4a420f770538,4,1000
4529030763,457,3656.96,QUOTATION,0439439c-8945-42c4-b079-5340d85df97c,4,3000
4590178917,937,8302.32,APPROVED,56ae9e46-c0b2-46ca-b51d-5686e00ce4a6,5,3000
4508874352,380,6088.5,WAITING,da731710-48f7-4c02-8dd6-917ff4c62e3b,3,3000
4548811729,565,618.19,REJECTED,c40f8a37-9024-4fcd-80a6-7917301ba6bd,2,4000
4596613284,56,3971.91,WAITING,4a2d279e-2495-496f-80d9-bc5a45e3b6b4,1,1000
4560829795,84,4769.39,REJECTED,5257f4f1-580e-4eb3-89f9-6cae458e4509,2,3000
4512292369,60,3484.07,APPROVED,d5b6a98e-464a-4e85-ad1c-7fd6be7df835,2,4000
4584306627,319,266.69,APPROVED,8ca5ca23-a910-469b-aec1-73bd31d74ba2,5,4000
4505422782,593,2655.67,APPROVED,611eefb3-ef38-4a2e-831a-15aff1dde8f8,3,2000
4577403992,356,9728.74,WAITING,fe53d2be-049c-47fa-871a-c4a8b1a10e40,1,3000
4569862643,944,887.12,REJECTED,ba5b8587-5d45-44ac-9e4e-16cb4b3afecc,4,3000
4565662917,133,194.72,REJECTED,3d3527a9-4ef5-45d5-83c2-4178789f9921,1,3000
4551879804,70,5764.36,REJECTED,05767575-2944-4457-9aa7-06e1dae2ae25,3,3000
4594254127,369,1239.83,REJECTED,bf599d91-442c-4e09-b5ae-b9f08a417d11,1,4000
4564831497,359,3657.75,APPROVED,76fa0c16-dc3a-4a9b-b914-de6a0097f3dc,5,2000
4586990394,329,6594.25,APPROVED,9a109dc4-7be3-4aec-94bb-ede38f79ae14,4,1000
4552218699,699,3981.0,REJECTED,791660af-f0db-4fbd-a3a4-86bd38182556,3,3000
4559519369,810,4280.85,APPROVED,bf599d91-442c-4e09-b5ae-b9f08a417d11,2,3000
4537325233,729,2788.52,APPROVED,51991c98-a328-457f-a862-0962b2d30ddc,5,4000
4573735850,761,7968.06,WAITING,0e752cfe-75ff-427d-8214-57710b509b33,2,3000
4560363056,747,2760.2,APPROVED,de541e55-b7b6-404a-8ce0-a6f1ea925750,4,3000
4516143569,29,3225.82,APPROVED,2c6e3cb9-21cb-4de6-ae38-f117a3cbdfe2,2,2000
4500209659,827,1647.49,REJECTED,b6bbc970-46d2-4ff4-9c52-80f378cfe8ea,4,3000
4572421409,285,1554.06,APPROVED,611eefb3-ef38-4a2e-831a-15aff1dde8f8,3,4000
4502687761,154,4041.6,QUOTATION,daffc87a-fdb5-424e-9155-782c6cd1b731,4,1000
4558907369,580,2845.34,WAITING,9fc109ea-2585-4c23-9329-2ccda2d964eb,1,3000
4546369661,234,8141.27,REJECTED,2ab670e8-49e3-4a95-9871-d937f77b5927,5,3000
4562847319,454,2516.44,QUOTATION,384bae62-8ba8-4cac-b8ad-3df4e68bcafa,5,1000
4593587398,168,3667.46,QUOTATION,12a301b9-4c71-4181-a853-d29be7b6bd18,4,3000
4569327133,770,1801.2,APPROVED,e069016d-d217-4fbc-b438-1e8790b731fb,4,4000
4516056858,558,8510.41,REJECTED,6c55f239-a4f0-4edd-afe8-02d129db9eda,5,1000
4562604576,930,9001.49,APPROVED,834a14f7-cbd7-4220-9587-cd61c93c8253,4,2000
4548191839,528,8007.94,WAITING,2cf52c48-a37c-4244-a030-3fe16c443ecd,2,3000
4504124134,972,7136.91,REJECTED,b577718c-a2a9-4f8a-a41c-7cac0d102aab,3,3000
4521971389,378,1631.45,QUOTATION,cf11fe2a-443a-44e9-96b0-e6b91ddfa87d,1,4000
4543227061,720,7278.74,QUOTATION,4029508a-afa4-4faf-b175-4bb65b8a4dbb,5,3000
4549568846,604,8510.67,APPROVED,28d388a1-0e70-41d0-a8a1-abb9e3263b7b,1,4000
4597614651,396,5908.9,REJECTED,76fa0c16-dc3a-4a9b-b914-de6a0097f3dc,3,4000
4517134727,481,1926.88,WAITING,8df0c99e-2745-44ae-94ee-ad79cb114fdb,1,3000
4537641900,342,4299.47,WAITING,ce1eeb99-74a8-4547-b95c-345102c07d21,4,3000
4509259199,942,7756.74,QUOTATION,a1ad3c2b-45ca-491c-8ef2-a64af7d19e43,4,4000
4540917569,52,959.12,REJECTED,12a301b9-4c71-4181-a853-d29be7b6bd18,2,1000
4577713208,895,7066.84,QUOTATION,f6979cad-3c89-4280-985d-d7f07aaa8c2b,3,1000
4561953777,973,6620.24,APPROVED,0e752cfe-75ff-427d-8214-57710b509b33,1,4000
4551667224,59,1035.2,QUOTATION,915bda23-d2b3-4bab-9d3b-0b701beb76fa,5,2000
4535739742,264,664.91,WAITING,d0d94739-009d-44aa-ae3d-8c35a65083c5,1,2000
4593654286,83,280.32,WAITING,f524f9ee-95cb-4e66-a6c1-b58f8296e7f3,1,4000
4552378250,871,8089.29,WAITING,dbce3e63-1a5c-4595-a1f9-d09c3d978567,5,3000
4569149021,767,2598.4,REJECTED,ba3d4978-80db-4a12-9f06-e4c698936184,1,1000
4526944441,663,6043.48,WAITING,cf11fe2a-443a-44e9-96b0-e6b91ddfa87d,1,1000
4542238293,862,5566.94,QUOTATION,fcc9df1e-2761-4b55-8f60-015b21066d78,5,3000
4540421290,601,9487.59,REJECTED,bf599d91-442c-4e09-b5ae-b9f08a417d11,5,2000
4507758302,402,7794.34,REJECTED,84aadcf6-499b-4416-9a35-3e546eb39a5c,2,1000
4569565671,495,328.14,WAITING,9567383e-1921-4683-803b-509faa2bc9d5,5,1000
4560283707,404,4018.78,APPROVED,b6bbc970-46d2-4ff4-9c52-80f378cfe8ea,2,4000
4504888270,117,9168.11,REJECTED,3d3527a9-4ef5-45d5-83c2-4178789f9921,1,1000
4587398974,622,9874.79,WAITING,fe53d2be-049c-47fa-871a-c4a8b1a10e40,2,1000
4534820708,210,4665.72,WAITING,b577718c-a2a9-4f8a-a41c-7cac0d102aab,3,1000
4506686702,540,7337.73,WAITING,f6dd041e-f994-407c-9a1b-2ee8a39b9b25,1,1000
4519152570,154,8982.89,REJECTED,b577718c-a2a9-4f8a-a41c-7cac0d102aab,1,2000
4505918869,425,1545.75,REJECTED,bf599d91-442c-4e09-b5ae-b9f08a417d11,5,1000
4517837208,563,1955.74,APPROVED,3d3527a9-4ef5-45d5-83c2-4178789f9921,1,2000
4543564907,514,3039.42,APPROVED,68681084-7b12-4fd9-9704-7da3802cb451,4,3000
4505549663,67,3777.28,APPROVED,2c6e3cb9-21cb-4de6-ae38-f117a3cbdfe2,4,2000
4589058339,989,1766.1,APPROVED,76fa0c16-dc3a-4a9b-b914-de6a0097f3dc,4,4000
4540349764,194,7671.98,WAITING,17dffc12-ac1a-44ed-ad09-3c824851c624,2,1000
4516094586,678,2541.5,APPROVED,de541e55-b7b6-404a-8ce0-a6f1ea925750,5,2000
4523539083,962,5675.48,APPROVED,fcc9df1e-2761-4b55-8f60-015b21066d78,5,2000
4554775468,789,600.98,APPROVED,fffeaf8f-4b6b-4357-a309-89f4769c36da,2,2000
4598563787,430,6302.22,WAITING,bf599d91-442c-4e09-b5ae-b9f08a417d11,3,1000
4539864198,168,9159.84,QUOTATION,d4dbba0a-2b26-4233-9017-bb25b2e860f3,3,1000
4567771099,504,465.39,APPROVED,41f3b33b-8871-42fd-90d5-1d1d9f2d5aed,3,3000
4589884123,798,4708.47,REJECTED,82ebf1b0-6982-4deb-ac51-c7a6d0a68c5d,2,4000
4554458936,373,9251.33,WAITING,791660af-f0db-4fbd-a3a4-86bd38182556,2,2000
4597952754,803,5583.19,QUOTATION,0c328cd6-def4-4097-8b5d-ef9b4362cfd3,3,4000
4574420847,323,3994.46,APPROVED,01bb5e4b-33d3-4db2-85a2-499f5c9e31b4,1,2000
4509734054,839,4295.35,QUOTATION,384bae62-8ba8-4cac-b8ad-3df4e68bcafa,4,3000
4553539154,637,70.84,WAITING,76fa0c16-dc3a-4a9b-b914-de6a0097f3dc,4,4000
4548244069,997,2112.16,REJECTED,32149af9-a4f0-4e80-a73d-490a9faef06f,5,3000
4505119227,63,4809.59,REJECTED,0b319577-4ab0-4684-b112-b27aad212cb1,5,4000
4575486408,986,2691.52,REJECTED,651e8d5b-8636-4635-a934-6f9427d506b8,1,3000
4532952975,664,2583.65,QUOTATION,b577718c-a2a9-4f8a-a41c-7cac0d102aab,1,1000
4503709772,26,898.97,QUOTATION,791660af-f0db-4fbd-a3a4-86bd38182556,1,1000
4586980928,283,8394.2,APPROVED,5257f4f1-580e-4eb3-89f9-6cae458e4509,4,2000
4514935380,423,9594.71,REJECTED,3d3527a9-4ef5-45d5-83c2-4178789f9921,1,2000
4503035291,492,23.41,REJECTED,e069016d-d217-4fbc-b438-1e8790b731fb,4,4000
4597374072,393,8221.12,WAITING,31ac60a6-1bc1-442c-ae10-4a420f770538,3,4000
4550911598,874,1541.15,APPROVED,b0154cbb-c693-4062-88b9-a8acf4402b56,2,1000
4544390256,362,8022.99,QUOTATION,a9da22e7-f42f-4428-9083-96395b7a7e9a,2,3000
4549740187,144,6061.95,APPROVED,110f8801-eea1-420d-98e6-dd439569747b,3,2000
4526342325,228,9478.96,APPROVED,6c55f239-a4f0-4edd-afe8-02d129db9eda,1,1000
4536743514,419,9785.72,WAITING,56ae9e46-c0b2-46ca-b51d-5686e00ce4a6,3,4000
4573799079,747,7092.91,WAITING,ad64acbd-9045-44ec-9111-f6b3b90cb060,5,3000
4504944801,627,9771.87,APPROVED,9fc109ea-2585-4c23-9329-2ccda2d964eb,3,3000
4509731620,479,1328.15,WAITING,12a301b9-4c71-4181-a853-d29be7b6bd18,1,3000
4549949286,59,773.54,WAITING,ebfe58ef-0dee-41d8-859e-ae2bff66e7fc,3,2000
4558144104,670,986.0,APPROVED,37bf8863-0046-49cb-a72c-f7e41661214b,3,4000
4502603325,517,3456.87,WAITING,2ab670e8-49e3-4a95-9871-d937f77b5927,5,3000
4551718938,304,1958.82,REJECTED,ce1eeb99-74a8-4547-b95c-345102c07d21,1,2000
4514476889,733,8640.6,QUOTATION,eb8e5632-45d0-47e9-bcc0-ee76bf030643,4,3000
4592250517,994,4984.9,WAITING,56ae9e46-c0b2-46ca-b51d-5686e00ce4a6,1,3000
4506930923,981,2767.41,WAITING,b020551c-5fe7-45ea-881a-6fa78332362d,5,3000
4551759673,375,3047.4,APPROVED,8ca5ca23-a910-469b-aec1-73bd31d74ba2,3,2000
4599478882,772,6881.58,APPROVED,d4dbba0a-2b26-4233-9017-bb25b2e860f3,5,1000
4597340466,469,5234.62,REJECTED,de541e55-b7b6-404a-8ce0-a6f1ea925750,4,1000
4508219652,662,1569.57,REJECTED,31ac60a6-1bc1-442c-ae10-4a420f770538,4,4000
4506507581,953,2975.87,APPROVED,15ddc72a-7103-4a88-a951-49c5aa75affd,1,3000
4594947268,35,3948.29,WAITING,12a301b9-4c71-4181-a853-d29be7b6bd18,2,1000
4523699391,445,7380.62,APPROVED,3ee51816-f540-45e6-8401-474c5df84e78,5,3000
4508838048,929,9711.52,QUOTATION,a9da22e7-f42f-4428-9083-96395b7a7e9a,5,2000
4599997373,250,4641.06,QUOTATION,fcc9df1e-2761-4b55-8f60-015b21066d78,1,4000
4576997267,308,2250.3,WAITING,d0d94739-009d-44aa-ae3d-8c35a65083c5,4,3000
4584421846,151,6057.83,REJECTED,6cc3c3b9-23fa-4969-8791-af89dedc62c9,3,4000
4533213993,170,5760.38,QUOTATION,ce1eeb99-74a8-4547-b95c-345102c07d21,1,4000
4527634971,197,3376.07,APPROVED,ba3d4978-80db-4a12-9f06-e4c698936184,4,3000
4525097644,236,6045.23,WAITING,a4926703-442b-4179-808a-04de7d4e1015,4,3000
4528455067,258,8051.25,APPROVED,bcebc30c-15e5-48e2-9c32-c86d886f82a0,2,2000
4593155610,57,3359.07,REJECTED,408c4fe5-9066-4997-8f1c-ad8daae4b1f6,4,4000
4586930944,463,8079.33,WAITING,41e46c83-90d4-4836-a022-b900a018b3fa,4,3000
4545790591,908,1135.62,QUOTATION,110f8801-eea1-420d-98e6-dd439569747b,1,4000
4565035543,298,8349.25,QUOTATION,eb8e5632-45d0-47e9-bcc0-ee76bf030643,1,4000
4538019698,709,9202.54,APPROVED,b6bbc970-46d2-4ff4-9c52-80f378cfe8ea,5,2000
4545873042,257,2186.49,APPROVED,5257f4f1-580e-4eb3-89f9-6cae458e4509,3,1000
4507408200,83,4230.37,WAITING,384bae62-8ba8-4cac-b8ad-3df4e68bcafa,1,2000
4562162748,415,8412.43,WAITING,dbce3e63-1a5c-4595-a1f9-d09c3d978567,2,2000
4599320656,875,2485.71,QUOTATION,00a417fb-f2b9-4bb8-90c0-0787c3f2e3c7,3,2000
4514942566,233,5680.52,WAITING,0c328cd6-def4-4097-8b5d-ef9b4362cfd3,3,2000
4568692320,14,3879.39,QUOTATION,2cf52c48-a37c-4244-a030-3fe16c443ecd,1,3000
4516975692,400,7463.56,REJECTED,ba3d4978-80db-4a12-9f06-e4c698936184,4,2000
4550686412,274,1568.54,APPROVED,9fc109ea-2585-4c23-9329-2ccda2d964eb,5,2000
4516188235,255,4013.65,QUOTATION,41f3b33b-8871-42fd-90d5-1d1d9f2d5aed,3,3000
4555915168,967,5388.69,WAITING,4a5df305-6d85-4b5a-81ca-b2a776017f8f,4,1000
4589285085,206,1162.7,APPROVED,9c7454a7-b80c-4d19-b841-4c0343b75add,2,2000
4590036025,402,5112.0,REJECTED,fcc9df1e-2761-4b55-8f60-015b21066d78,3,2000
4570639907,282,6410.84,REJECTED,e7ba4d18-37bf-472c-9d3a-7756c21a55c9,3,2000
4542281998,673,8277.68,REJECTED,aa51a37d-2867-459b-8885-b5c8b161616a,1,4000
4546893561,322,8109.86,WAITING,28d388a1-0e70-41d0-a8a1-abb9e3263b7b,2,2000
4577302436,308,7612.52,WAITING,791660af-f0db-4fbd-a3a4-86bd38182556,4,1000
4505611116,650,1580.94,APPROVED,b577718c-a2a9-4f8a-a41c-7cac0d102aab,3,2000
4526969295,981,7971.8,QUOTATION,15ddc72a-7103-4a88-a951-49c5aa75affd,4,4000
4560941880,175,5534.8,APPROVED,3d3527a9-4ef5-45d5-83c2-4178789f9921,2,4000
4502236948,368,1757.91,REJECTED,834a14f7-cbd7-4220-9587-cd61c93c8253,4,4000
4501941683,307,3485.6,REJECTED,791660af-f0db-4fbd-a3a4-86bd38182556,2,4000
4521597567,392,8544.68,WAITING,b6bbc970-46d2-4ff4-9c52-80f378cfe8ea,5,1000
4542691667,192,782.67,QUOTATION,a1ad3c2b-45ca-491c-8ef2-a64af7d19e43,1,2000
4531197399,601,94.52,APPROVED,28d388a1-0e70-41d0-a8a1-abb9e3263b7b,1,1000
4565647878,160,953.16,QUOTATION,2ab670e8-49e3-4a95-9871-d937f77b5927,2,3000
4558672342,420,3470.84,QUOTATION,651e8d5b-8636-4635-a934-6f9427d506b8,3,3000
4554217267,503,9749.3,WAITING,e069016d-d217-4fbc-b438-1e8790b731fb,2,1000
4583648448,237,2361.54,WAITING,12a301b9-4c71-4181-a853-d29be7b6bd18,2,2000
4569957235,638,6070.43,REJECTED,3f3292d8-3056-42da-9ec5-d080c252a223,4,2000
4523055286,359,6274.31,QUOTATION,68681084-7b12-4fd9-9704-7da3802cb451,3,3000
4519685392,502,6012.71,WAITING,77b34563-244c-46da-b014-af1a9c7fa9e4,4,4000
4527868822,760,3296.89,WAITING,0c328cd6-def4-4097-8b5d-ef9b4362cfd3,3,2000
4566921048,238,5422.91,APPROVED,68681084-7b12-4fd9-9704-7da3802cb451,3,1000
4564235422,703,12.51,WAITING,76fa0c16-dc3a-4a9b-b914-de6a0097f3dc,4,3000
4583075579,317,3677.22,WAITING,de541e55-b7b6-404a-8ce0-a6f1ea925750,1,2000
4537160249,33,8326.45,QUOTATION,76fa0c16-dc3a-4a9b-b914-de6a0097f3dc,5,3000
4540564035,199,511.81,WAITING,4029508a-afa4-4faf-b175-4bb65b8a4dbb,2,3000
4512475789,700,5991.38,REJECTED,9fc109ea-2585-4c23-9329-2ccda2d964eb,5,4000
4539051474,190,4168.47,APPROVED,28d388a1-0e70-41d0-a8a1-abb9e3263b7b,5,3000
4599380092,711,7074.62,APPROVED,ebfe58ef-0dee-41d8-859e-ae2bff66e7fc,2,3000
4515599813,76,1332.0,APPROVED,daffc87a-fdb5-424e-9155-782c6cd1b731,3,3000
4586522543,478,2085.11,QUOTATION,0f7e95f4-4fb9-4987-a1e1-5264880e721e,1,1000
4543725105,133,1112.68,REJECTED,0439439c-8945-42c4-b079-5340d85df97c,1,1000
4507613666,88,8221.43,REJECTED,4a5df305-6d85-4b5a-81ca-b2a776017f8f,2,2000
4555936939,605,9323.5,QUOTATION,a1ad3c2b-45ca-491c-8ef2-a64af7d19e43,2,3000
4542577513,315,535.21,APPROVED,9c7454a7-b80c-4d19-b841-4c0343b75add,1,2000
4591786780,827,8582.64,REJECTED,62117371-6664-4e90-9e4c-e3939789c81a,1,2000
4589178472,252,3095.4,REJECTED,4a2d279e-2495-496f-80d9-bc5a45e3b6b4,2,1000
4525791460,596,8257.68,WAITING,408c4fe5-9066-4997-8f1c-ad8daae4b1f6,4,2000
4511506084,515,4621.9,QUOTATION,37bf8863-0046-49cb-a72c-f7e41661214b,5,1000
4588494675,419,5791.68,QUOTATION,2ab670e8-49e3-4a95-9871-d937f77b5927,3,2000
4573804078,3,26.95,APPROVED,12a301b9-4c71-4181-a853-d29be7b6bd18,5,1000
4537636313,982,3768.28,REJECTED,73df3d25-bcec-47a6-8d66-6b628e81ed2d,5,1000
4515975175,342,8983.72,REJECTED,e069016d-d217-4fbc-b438-1e8790b731fb,1,4000
4580401530,643,5873.12,QUOTATION,56ae9e46-c0b2-46ca-b51d-5686e00ce4a6,3,3000
4526359442,950,9290.79,QUOTATION,134244b2-90f7-4d62-8488-d71e29828266,1,3000
4571992846,105,476.15,QUOTATION,12a301b9-4c71-4181-a853-d29be7b6bd18,1,4000
4570419055,646,6028.79,REJECTED,2ab670e8-49e3-4a95-9871-d937f77b5927,2,1000
4596287463,875,1817.92,REJECTED,9fc109ea-2585-4c23-9329-2ccda2d964eb,5,4000
4552095869,997,2950.11,QUOTATION,0f7e95f4-4fb9-4987-a1e1-5264880e721e,2,3000
4534261974,970,9157.03,QUOTATION,e069016d-d217-4fbc-b438-1e8790b731fb,1,1000
4522550438,492,840.83,QUOTATION,3d3527a9-4ef5-45d5-83c2-4178789f9921,5,2000
4575361787,255,902.82,APPROVED,8df0c99e-2745-44ae-94ee-ad79cb114fdb,5,3000
4537172649,286,9355.29,QUOTATION,82ebf1b0-6982-4deb-ac51-c7a6d0a68c5d,5,3000
4585235033,448,1338.63,APPROVED,2ab670e8-49e3-4a95-9871-d937f77b5927,5,2000
4507950010,352,9227.29,WAITING,0a58bce2-1697-4c89-b568-ae280f33f982,4,4000
4512764581,807,9395.04,APPROVED,b0154cbb-c693-4062-88b9-a8acf4402b56,3,3000
4505782484,662,2017.61,APPROVED,a9da22e7-f42f-4428-9083-96395b7a7e9a,3,3000
4535603623,722,8124.22,APPROVED,0c328cd6-def4-4097-8b5d-ef9b4362cfd3,4,1000
4589736446,420,729.67,REJECTED,5c250769-58e7-4a67-92b8-05566aab2cd0,5,1000
4518107685,983,4194.13,REJECTED,e7ba4d18-37bf-472c-9d3a-7756c21a55c9,5,3000
4528623818,42,6561.13,REJECTED,62117371-6664-4e90-9e4c-e3939789c81a,3,4000
4524689521,90,2464.93,WAITING,ba3d4978-80db-4a12-9f06-e4c698936184,3,1000
4544366030,612,8496.86,QUOTATION,bcebc30c-15e5-48e2-9c32-c86d886f82a0,2,2000
4587968901,666,4540.34,REJECTED,35672019-b6d1-42b4-b906-8819b248182e,3,1000
4578304845,640,3547.87,WAITING,dbce3e63-1a5c-4595-a1f9-d09c3d978567,3,2000
4530804314,481,1153.32,WAITING,00a417fb-f2b9-4bb8-90c0-0787c3f2e3c7,2,4000
4556005196,207,1009.58,APPROVED,9c7454a7-b80c-4d19-b841-4c0343b75add,5,2000
4509446921,704,2365.22,APPROVED,8ca5ca23-a910-469b-aec1-73bd31d74ba2,1,1000
4576034698,172,7029.8,WAITING,3341d7ea-5bed-42e4-82c2-18d0adfbcdf1,3,1000
4549770618,40,9125.22,APPROVED,b577718c-a2a9-4f8a-a41c-7cac0d102aab,5,1000
4593378626,183,5393.1,APPROVED,2ab670e8-49e3-4a95-9871-d937f77b5927,2,4000
4590405732,246,6743.77,WAITING,0f7e95f4-4fb9-4987-a1e1-5264880e721e,5,2000
4564690818,247,114.53,WAITING,bf599d91-442c-4e09-b5ae-b9f08a417d11,4,2000
4520466660,135,317.03,QUOTATION,32149af9-a4f0-4e80-a73d-490a9faef06f,3,3000
4566357481,629,1848.08,REJECTED,0e752cfe-75ff-427d-8214-57710b509b33,1,4000
4569861104,580,3217.81,WAITING,b020551c-5fe7-45ea-881a-6fa78332362d,5,3000
4508867893,378,870.41,WAITING,b6bbc970-46d2-4ff4-9c52-80f378cfe8ea,1,2000
4535392198,480,3496.29,REJECTED,4a2d279e-2495-496f-80d9-bc5a45e3b6b4,4,4000
4588583514,204,5596.46,QUOTATION,d5b6a98e-464a-4e85-ad1c-7fd6be7df835,4,4000
4577847613,467,9542.14,WAITING,35672019-b6d1-42b4-b906-8819b248182e,4,4000
4574132457,143,382.08,REJECTED,15ddc72a-7103-4a88-a951-49c5aa75affd,5,1000
4521698706,557,5743.88,APPROVED,2ab670e8-49e3-4a95-9871-d937f77b5927,2,4000
4578697839,40,5355.81,REJECTED,cea90057-5542-4a9f-8ad8-2fa263b39b7b,3,1000
4566832636,87,9705.4,WAITING,408c4fe5-9066-4997-8f1c-ad8daae4b1f6,4,2000
4514181641,68,8177.03,WAITING,ba5b8587-5d45-44ac-9e4e-16cb4b3afecc,5,2000
4505337396,211,3485.86,WAITING,ebfe58ef-0dee-41d8-859e-ae2bff66e7fc,1,3000
4505603392,233,9032.59,REJECTED,384bae62-8ba8-4cac-b8ad-3df4e68bcafa,2,4000
4519804816,579,2750.38,REJECTED,0b319577-4ab0-4684-b112-b27aad212cb1,2,2000
4595550735,901,173.82,APPROVED,68681084-7b12-4fd9-9704-7da3802cb451,3,2000
4552784506,389,3325.27,WAITING,32149af9-a4f0-4e80-a73d-490a9faef06f,2,1000
4546282527,200,532.12,APPROVED,de541e55-b7b6-404a-8ce0-a6f1ea925750,3,3000
4503333685,961,3926.79,APPROVED,8ca5ca23-a910-469b-aec1-73bd31d74ba2,1,4000
4520645045,804,9382.64,APPROVED,76fa0c16-dc3a-4a9b-b914-de6a0097f3dc,3,3000
4552105231,206,5605.27,QUOTATION,dbce3e63-1a5c-4595-a1f9-d09c3d978567,3,4000
4544944956,134,6842.16,WAITING,84aadcf6-499b-4416-9a35-3e546eb39a5c,5,2000
4525659036,685,5009.96,QUOTATION,3f3292d8-3056-42da-9ec5-d080c252a223,1,4000
4527077367,344,6332.94,WAITING,f6dd041e-f994-407c-9a1b-2ee8a39b9b25,3,3000
4583365878,895,9557.89,APPROVED,9c7454a7-b80c-4d19-b841-4c0343b75add,5,1000
4549654683,270,1051.39,APPROVED,b577718c-a2a9-4f8a-a41c-7cac0d102aab,2,2000
4579320988,516,3391.14,WAITING,71b893be-0a75-41a7-9a52-bcdb771cc5ec,4,4000
4536282045,15,2919.92,WAITING,0a58bce2-1697-4c89-b568-ae280f33f982,3,4000
4560219015,542,843.91,WAITING,6c55f239-a4f0-4edd-afe8-02d129db9eda,4,2000
4547190327,729,7258.0,APPROVED,3c65561d-5119-4985-87e7-48965fe9f62c,4,4000
4539798310,465,3515.44,WAITING,0439439c-8945-42c4-b079-5340d85df97c,1,2000
4585033974,642,3669.78,APPROVED,a1ad3c2b-45ca-491c-8ef2-a64af7d19e43,1,1000
4582021497,733,9778.14,QUOTATION,32149af9-a4f0-4e80-a73d-490a9faef06f,3,1000
4525920482,426,9388.67,QUOTATION,9ec93c76-9578-4947-a5ca-def516b026cb,3,3000
4592916528,200,3358.35,WAITING,3c65561d-5119-4985-87e7-48965fe9f62c,2,3000
4568326415,492,2526.42,WAITING,fffeaf8f-4b6b-4357-a309-89f4769c36da,2,4000
4590614284,185,4685.41,WAITING,41f3b33b-8871-42fd-90d5-1d1d9f2d5aed,4,1000
4569860361,121,4870.66,REJECTED,daffc87a-fdb5-424e-9155-782c6cd1b731,3,3000
4514396970,194,2753.46,QUOTATION,bcebc30c-15e5-48e2-9c32-c86d886f82a0,2,4000
4570002805,973,5257.56,QUOTATION,0f7e95f4-4fb9-4987-a1e1-5264880e721e,2,2000
4554283216,703,3403.45,QUOTATION,8ca5ca23-a910-469b-aec1-73bd31d74ba2,2,3000
4588430614,749,5359.73,REJECTED,32149af9-a4f0-4e80-a73d-490a9faef06f,1,1000
4587655956,809,144.07,QUOTATION,01bb5e4b-33d3-4db2-85a2-499f5c9e31b4,2,2000
4552190784,120,9329.87,APPROVED,eb8e5632-45d0-47e9-bcc0-ee76bf030643,4,1000
4598925855,729,1239.25,REJECTED,c40f8a37-9024-4fcd-80a6-7917301ba6bd,5,3000
4521771726,893,3009.74,APPROVED,9a109dc4-7be3-4aec-94bb-ede38f79ae14,2,1000
4542374922,983,6181.62,WAITING,15ddc72a-7103-4a88-a951-49c5aa75affd,4,3000
4555333836,39,7283.13,APPROVED,4a5df305-6d85-4b5a-81ca-b2a776017f8f,1,3000
4507342153,807,4038.62,APPROVED,84aadcf6-499b-4416-9a35-3e546eb39a5c,2,2000
4552630129,439,3211.23,APPROVED,ba5b8587-5d45-44ac-9e4e-16cb4b3afecc,2,4000
4511888765,85,3920.92,APPROVED,2c7b9d8a-6b92-4a21-a03e-024e434a203d,3,2000
4508889285,642,6547.16,WAITING,fffeaf8f-4b6b-4357-a309-89f4769c36da,2,1000
4569502855,375,9037.15,WAITING,9a109dc4-7be3-4aec-94bb-ede38f79ae14,4,2000
4525056768,600,3225.48,WAITING,5257f4f1-580e-4eb3-89f9-6cae458e4509,2,3000
4556940090,530,3934.11,APPROVED,a9da22e7-f42f-4428-9083-96395b7a7e9a,2,4000
4508248312,630,382.36,REJECTED,834a14f7-cbd7-4220-9587-cd61c93c8253,4,1000
4515646895,714,6969.22,REJECTED,ce1eeb99-74a8-4547-b95c-345102c07d21,1,1000
4509187768,776,9087.82,REJECTED,ba5b8587-5d45-44ac-9e4e-16cb4b3afecc,5,4000
4506432823,880,9409.64,APPROVED,4029508a-afa4-4faf-b175-4bb65b8a4dbb,3,4000
4518367480,207,8218.85,WAITING,17dffc12-ac1a-44ed-ad09-3c824851c624,5,2000
4504535416,293,846.4,APPROVED,408c4fe5-9066-4997-8f1c-ad8daae4b1f6,4,1000
4529305635,718,2651.84,REJECTED,dbce3e63-1a5c-4595-a1f9-d09c3d978567,4,3000
4532395615,920,8681.65,QUOTATION,e069016d-d217-4fbc-b438-1e8790b731fb,2,1000
4553286989,483,889.15,QUOTATION,5c250769-58e7-4a67-92b8-05566aab2cd0,1,2000
4525683833,145,4489.94,APPROVED,cf11fe2a-443a-44e9-96b0-e6b91ddfa87d,5,4000
4530457458,137,2619.26,QUOTATION,d5b6a98e-464a-4e85-ad1c-7fd6be7df835,2,3000
4505224773,241,168.72,QUOTATION,fcc9df1e-2761-4b55-8f60-015b21066d78,2,2000
4530076794,381,8931.17,WAITING,00a417fb-f2b9-4bb8-90c0-0787c3f2e3c7,3,3000
4583321649,82,1025.58,WAITING,5c250769-58e7-4a67-92b8-05566aab2cd0,4,2000
4555336425,925,4368.84,REJECTED,a1a6e723-19c6-46fd-a584-917efe27f127,1,2000
4563725870,109,1024.79,WAITING,da731710-48f7-4c02-8dd6-917ff4c62e3b,2,4000
4504843387,684,6382.53,APPROVED,31ac60a6-1bc1-442c-ae10-4a420f770538,2,1000
4541406620,986,6366.16,APPROVED,f6979cad-3c89-4280-985d-d7f07aaa8c2b,2,4000
4521130058,243,107.33,WAITING,eb8e5632-45d0-47e9-bcc0-ee76bf030643,2,1000
4507727719,52,2392.02,REJECTED,0a58bce2-1697-4c89-b568-ae280f33f982,4,3000
4503756144,296,7411.42,REJECTED,c40f8a37-9024-4fcd-80a6-7917301ba6bd,1,3000
4525788032,352,3656.98,WAITING,31ac60a6-1bc1-442c-ae10-4a420f770538,4,4000
4588562857,650,1203.47,REJECTED,d5b6a98e-464a-4e85-ad1c-7fd6be7df835,1,3000
4535796518,535,627.55,APPROVED,15ddc72a-7103-4a88-a951-49c5aa75affd,3,4000
4511795623,236,2614.23,QUOTATION,a9da22e7-f42f-4428-9083-96395b7a7e9a,3,4000
4520284757,974,6439.28,WAITING,915bda23-d2b3-4bab-9d3b-0b701beb76fa,3,4000
4583122336,515,6824.13,WAITING,8ca5ca23-a910-469b-aec1-73bd31d74ba2,3,4000
4549136077,841,7842.54,QUOTATION,62117371-6664-4e90-9e4c-e3939789c81a,5,3000
4524264897,362,1164.43,APPROVED,2c7b9d8a-6b92-4a21-a03e-024e434a203d,4,1000
4597121770,862,6935.47,WAITING,2ab670e8-49e3-4a95-9871-d937f77b5927,5,4000
4586516542,864,7733.2,APPROVED,3341d7ea-5bed-42e4-82c2-18d0adfbcdf1,3,2000
4593689167,865,8589.6,QUOTATION,0c328cd6-def4-4097-8b5d-ef9b4362cfd3,3,1000
4517515503,50,1292.44,WAITING,975480d4-8c15-44ba-8c55-a9938bdaa2c4,1,3000
4550111965,561,5038.5,REJECTED,b6bbc970-46d2-4ff4-9c52-80f378cfe8ea,1,1000
4581566650,985,8710.12,WAITING,da731710-48f7-4c02-8dd6-917ff4c62e3b,5,3000
4510476635,383,352.69,REJECTED,b0154cbb-c693-4062-88b9-a8acf4402b56,1,1000
4504915163,177,5229.69,APPROVED,9a109dc4-7be3-4aec-94bb-ede38f79ae14,1,4000
4533267641,611,6495.4,APPROVED,791660af-f0db-4fbd-a3a4-86bd38182556,2,2000
4588823289,426,7110.87,WAITING,cea90057-5542-4a9f-8ad8-2fa263b39b7b,5,1000
4521519857,426,4491.85,WAITING,41f3b33b-8871-42fd-90d5-1d1d9f2d5aed,4,2000
4582206357,299,9644.88,APPROVED,0b319577-4ab0-4684-b112-b27aad212cb1,1,2000
4517645668,627,5159.09,QUOTATION,cf11fe2a-443a-44e9-96b0-e6b91ddfa87d,2,3000
4593703266,689,1619.86,APPROVED,611eefb3-ef38-4a2e-831a-15aff1dde8f8,2,3000
4510253900,510,6407.38,QUOTATION,73df3d25-bcec-47a6-8d66-6b628e81ed2d,4,4000
4597046520,583,8936.9,REJECTED,3ee51816-f540-45e6-8401-474c5df84e78,4,4000
4503031123,794,8683.04,REJECTED,12a301b9-4c71-4181-a853-d29be7b6bd18,4,3000
4508396648,569,3166.49,WAITING,73df3d25-bcec-47a6-8d66-6b628e81ed2d,4,3000
4515369464,628,6086.01,REJECTED,4a2d279e-2495-496f-80d9-bc5a45e3b6b4,3,3000
4551131615,839,6003.66,QUOTATION,ebfe58ef-0dee-41d8-859e-ae2bff66e7fc,1,4000
4542041833,627,5227.96,QUOTATION,e069016d-d217-4fbc-b438-1e8790b731fb,5,2000
4575145473,949,7783.82,QUOTATION,56ae9e46-c0b2-46ca-b51d-5686e00ce4a6,1,3000
4522795174,820,2412.55,WAITING,b6bbc970-46d2-4ff4-9c52-80f378cfe8ea,3,4000
4566202624,70,9744.58,QUOTATION,6c55f239-a4f0-4edd-afe8-02d129db9eda,2,4000
4554261349,290,9643.47,QUOTATION,05767575-2944-4457-9aa7-06e1dae2ae25,4,2000
4586528297,279,2067.19,APPROVED,ebfe58ef-0dee-41d8-859e-ae2bff66e7fc,3,4000
4547565560,974,9232.61,REJECTED,62117371-6664-4e90-9e4c-e3939789c81a,4,1000
4548490036,907,4204.4,QUOTATION,74d238f7-61d4-41c6-9d51-b05f2eddcb36,3,1000
4578629143,772,8804.06,QUOTATION,daffc87a-fdb5-424e-9155-782c6cd1b731,5,3000
4562376728,239,323.19,APPROVED,41f3b33b-8871-42fd-90d5-1d1d9f2d5aed,3,3000
4551781054,891,7161.15,QUOTATION,5257f4f1-580e-4eb3-89f9-6cae458e4509,2,2000
4566544078,256,5636.81,REJECTED,00a417fb-f2b9-4bb8-90c0-0787c3f2e3c7,3,4000
4501429217,887,6801.63,REJECTED,2ab670e8-49e3-4a95-9871-d937f77b5927,2,4000
4519181693,251,3267.01,REJECTED,3ee51816-f540-45e6-8401-474c5df84e78,1,1000
4572451976,539,6208.88,WAITING,d5b6a98e-464a-4e85-ad1c-7fd6be7df835,1,3000
4550772776,209,3098.4,WAITING,611eefb3-ef38-4a2e-831a-15aff1dde8f8,4,1000
4524769486,456,212.28,REJECTED,aa51a37d-2867-459b-8885-b5c8b161616a,5,4000
4540995740,348,2939.83,WAITING,74d238f7-61d4-41c6-9d51-b05f2eddcb36,4,1000
4521246343,846,4424.81,REJECTED,fcc9df1e-2761-4b55-8f60-015b21066d78,4,4000
4549304671,873,1708.68,QUOTATION,da731710-48f7-4c02-8dd6-917ff4c62e3b,3,3000
4529802082,352,1809.77,APPROVED,01bb5e4b-33d3-4db2-85a2-499f5c9e31b4,4,4000
4515363967,289,1124.61,APPROVED,e7ba4d18-37bf-472c-9d3a-7756c21a55c9,2,1000
4597754827,440,9302.56,WAITING,62117371-6664-4e90-9e4c-e3939789c81a,4,2000
4546430173,890,5901.63,APPROVED,ebfe58ef-0dee-41d8-859e-ae2bff66e7fc,4,1000
4527117293,562,3789.91,APPROVED,e7ba4d18-37bf-472c-9d3a-7756c21a55c9,3,4000
4555217586,79,3786.69,WAITING,31ac60a6-1bc1-442c-ae10-4a420f770538,1,1000
4589421083,379,4123.96,WAITING,84aadcf6-499b-4416-9a35-3e546eb39a5c,2,2000
4556308939,911,8276.54,QUOTATION,3ee51816-f540-45e6-8401-474c5df84e78,4,2000
4553187175,755,4044.45,WAITING,fe53d2be-049c-47fa-871a-c4a8b1a10e40,5,2000
4530009266,699,1542.66,WAITING,d5b6a98e-464a-4e85-ad1c-7fd6be7df835,4,3000
4555350008,207,4549.0,QUOTATION,e7ba4d18-37bf-472c-9d3a-7756c21a55c9,5,4000
4525584382,750,3970.56,QUOTATION,d4dbba0a-2b26-4233-9017-bb25b2e860f3,1,1000
4506124692,716,4023.26,QUOTATION,3341d7ea-5bed-42e4-82c2-18d0adfbcdf1,1,3000
4548031795,607,2742.66,APPROVED,b577718c-a2a9-4f8a-a41c-7cac0d102aab,1,3000
4549970360,110,8313.54,QUOTATION,c40f8a37-9024-4fcd-80a6-7917301ba6bd,5,4000
4551591950,126,2322.55,WAITING,ba3d4978-80db-4a12-9f06-e4c698936184,2,2000
4577914427,573,2522.67,REJECTED,d0d94739-009d-44aa-ae3d-8c35a65083c5,5,4000
4503220408,318,2423.07,WAITING,da731710-48f7-4c02-8dd6-917ff4c62e3b,5,2000
4586468383,661,1235.76,REJECTED,5257f4f1-580e-4eb3-89f9-6cae458e4509,4,3000
4504823906,804,4275.41,REJECTED,834a14f7-cbd7-4220-9587-cd61c93c8253,5,1000
4534617973,81,9328.49,APPROVED,9a109dc4-7be3-4aec-94bb-ede38f79ae14,2,4000
4538595611,783,3340.84,APPROVED,15ddc72a-7103-4a88-a951-49c5aa75affd,1,4000
4543334252,151,446.93,REJECTED,3d3527a9-4ef5-45d5-83c2-4178789f9921,4,1000
4507243374,437,4718.47,QUOTATION,cea90057-5542-4a9f-8ad8-2fa263b39b7b,2,4000
4517619125,445,4229.73,QUOTATION,ad64acbd-9045-44ec-9111-f6b3b90cb060,5,3000
4585957947,747,5317.47,WAITING,d0d94739-009d-44aa-ae3d-8c35a65083c5,5,1000
4573629436,612,2514.78,QUOTATION,b020551c-5fe7-45ea-881a-6fa78332362d,1,2000
4599289169,215,5318.77,WAITING,37bf8863-0046-49cb-a72c-f7e41661214b,3,4000
4587364109,286,7871.55,WAITING,de541e55-b7b6-404a-8ce0-a6f1ea925750,2,1000
4595689347,435,6207.6,WAITING,2c7b9d8a-6b92-4a21-a03e-024e434a203d,5,3000
4550233018,722,4543.43,QUOTATION,eb8e5632-45d0-47e9-bcc0-ee76bf030643,3,3000
4531516985,578,9300.7,APPROVED,31ac60a6-1bc1-442c-ae10-4a420f770538,3,4000
4556697112,635,3124.57,APPROVED,ad64acbd-9045-44ec-9111-f6b3b90cb060,3,4000
4566995442,361,5094.67,REJECTED,b020551c-5fe7-45ea-881a-6fa78332362d,1,2000
4529059612,942,1052.9,QUOTATION,bf599d91-442c-4e09-b5ae-b9f08a417d11,5,2000
4559978323,489,2480.37,REJECTED,d4dbba0a-2b26-4233-9017-bb25b2e860f3,3,1000
4535472676,791,6969.33,REJECTED,8df0c99e-2745-44ae-94ee-ad79cb114fdb,4,4000
4560167256,645,3511.62,WAITING,ea38b7e1-b488-4873-ab04-3066d219b434,3,2000
4505621114,700,1411.57,QUOTATION,3c65561d-5119-4985-87e7-48965fe9f62c,4,2000
4504045373,644,6563.65,APPROVED,da731710-48f7-4c02-8dd6-917ff4c62e3b,1,2000
4547889177,929,6502.26,REJECTED,408c4fe5-9066-4997-8f1c-ad8daae4b1f6,5,1000
4592681419,657,6909.27,REJECTED,f524f9ee-95cb-4e66-a6c1-b58f8296e7f3,2,4000
4575361187,188,400.23,WAITING,84aadcf6-499b-4416-9a35-3e546eb39a5c,5,4000
4533609704,947,9261.18,QUOTATION,8ca5ca23-a910-469b-aec1-73bd31d74ba2,3,3000
4564764780,600,4350.94,REJECTED,0f7e95f4-4fb9-4987-a1e1-5264880e721e,4,3000
4547581622,892,7501.52,QUOTATION,6c55f239-a4f0-4edd-afe8-02d129db9eda,4,3000
4510703396,1,3512.51,APPROVED,ebfe58ef-0dee-41d8-859e-ae2bff66e7fc,4,2000
4517002651,966,9999.8,APPROVED,15ddc72a-7103-4a88-a951-49c5aa75affd,1,3000
4572065858,811,5471.36,APPROVED,0e752cfe-75ff-427d-8214-57710b509b33,2,3000
4548446881,942,5144.46,QUOTATION,834a14f7-cbd7-4220-9587-cd61c93c8253,1,1000
4508438861,630,1508.29,WAITING,51991c98-a328-457f-a862-0962b2d30ddc,4,3000
4573035286,644,8845.17,WAITING,3341d7ea-5bed-42e4-82c2-18d0adfbcdf1,4,3000
4578109301,870,1762.67,REJECTED,9c7454a7-b80c-4d19-b841-4c0343b75add,1,3000
4597824202,342,4324.76,QUOTATION,9a109dc4-7be3-4aec-94bb-ede38f79ae14,3,3000
4591774937,228,9238.37,REJECTED,e7ba4d18-37bf-472c-9d3a-7756c21a55c9,3,3000
4554035121,797,4601.12,REJECTED,3341d7ea-5bed-42e4-82c2-18d0adfbcdf1,5,3000
4576440053,673,9364.12,APPROVED,35672019-b6d1-42b4-b906-8819b248182e,1,3000
4508011604,841,6135.37,WAITING,408c4fe5-9066-4997-8f1c-ad8daae4b1f6,3,4000
4598290205,634,2772.02,APPROVED,f6dd041e-f994-407c-9a1b-2ee8a39b9b25,2,2000
4522346007,5,3573.45,REJECTED,ba5b8587-5d45-44ac-9e4e-16cb4b3afecc,2,1000
4582500019,743,4750.84,APPROVED,76fa0c16-dc3a-4a9b-b914-de6a0097f3dc,5,1000
4576076040,626,2989.52,QUOTATION,15ddc72a-7103-4a88-a951-49c5aa75affd,1,3000
4523565094,911,7723.84,APPROVED,28d388a1-0e70-41d0-a8a1-abb9e3263b7b,4,4000
4500229988,173,2456.71,QUOTATION,2c7b9d8a-6b92-4a21-a03e-024e434a203d,2,2000
4502823636,490,8670.12,QUOTATION,791660af-f0db-4fbd-a3a4-86bd38182556,2,3000
4555275221,220,7522.3,WAITING,0f7e95f4-4fb9-4987-a1e1-5264880e721e,1,4000
4590703749,805,1047.49,QUOTATION,4a2d279e-2495-496f-80d9-bc5a45e3b6b4,1,2000
4594022754,305,6119.92,APPROVED,134244b2-90f7-4d62-8488-d71e29828266,5,2000
4532396897,384,7384.67,WAITING,4a2d279e-2495-496f-80d9-bc5a45e3b6b4,4,4000
4569656449,908,1779.53,REJECTED,110f8801-eea1-420d-98e6-dd439569747b,4,1000
4505361812,773,1274.73,APPROVED,f524f9ee-95cb-4e66-a6c1-b58f8296e7f3,1,1000
4539523676,637,327.43,REJECTED,31ac60a6-1bc1-442c-ae10-4a420f770538,4,1000
4512431932,935,8679.43,REJECTED,84aadcf6-499b-4416-9a35-3e546eb39a5c,4,4000
4572282766,599,1092.3,WAITING,56ae9e46-c0b2-46ca-b51d-5686e00ce4a6,4,3000
4504866118,195,8451.16,QUOTATION,62117371-6664-4e90-9e4c-e3939789c81a,1,1000
4540884500,780,7855.28,REJECTED,15ddc72a-7103-4a88-a951-49c5aa75affd,3,4000
4515147808,519,8075.33,QUOTATION,3341d7ea-5bed-42e4-82c2-18d0adfbcdf1,1,2000
4572345543,791,2744.22,REJECTED,35672019-b6d1-42b4-b906-8819b248182e,2,1000
4564757844,970,6414.18,REJECTED,4a5df305-6d85-4b5a-81ca-b2a776017f8f,5,3000
4536898343,332,4614.72,APPROVED,915bda23-d2b3-4bab-9d3b-0b701beb76fa,2,2000
4570063550,36,8316.08,REJECTED,791660af-f0db-4fbd-a3a4-86bd38182556,2,2000
4572126326,653,801.57,WAITING,fffeaf8f-4b6b-4357-a309-89f4769c36da,3,4000
4599410582,458,9653.48,APPROVED,84aadcf6-499b-4416-9a35-3e546eb39a5c,4,2000
4593370761,913,5061.6,WAITING,915bda23-d2b3-4bab-9d3b-0b701beb76fa,4,2000
4503819103,745,6405.49,REJECTED,f6979cad-3c89-4280-985d-d7f07aaa8c2b,5,3000
4556378497,131,4689.31,QUOTATION,74d238f7-61d4-41c6-9d51-b05f2eddcb36,4,3000
4549906627,871,8332.2,WAITING,a1a6e723-19c6-46fd-a584-917efe27f127,5,2000
4594491352,868,719.07,WAITING,cf11fe2a-443a-44e9-96b0-e6b91ddfa87d,4,1000
4567921612,473,7517.94,WAITING,daffc87a-fdb5-424e-9155-782c6cd1b731,2,3000
4564500710,732,4609.76,QUOTATION,77b34563-244c-46da-b014-af1a9c7fa9e4,5,3000
4589827769,829,421.51,REJECTED,fe53d2be-049c-47fa-871a-c4a8b1a10e40,4,2000
4597030990,904,3533.02,QUOTATION,e069016d-d217-4fbc-b438-1e8790b731fb,5,1000
4582494288,115,458.62,WAITING,0c328cd6-def4-4097-8b5d-ef9b4362cfd3,1,2000
4597077225,325,3940.09,QUOTATION,4a5df305-6d85-4b5a-81ca-b2a776017f8f,4,2000
4594467720,921,5944.85,WAITING,82ebf1b0-6982-4deb-ac51-c7a6d0a68c5d,2,1000
4541893684,132,4363.44,QUOTATION,62117371-6664-4e90-9e4c-e3939789c81a,4,3000
4521499175,590,3879.68,APPROVED,41e46c83-90d4-4836-a022-b900a018b3fa,4,4000
4503671826,647,7328.48,WAITING,37bf8863-0046-49cb-a72c-f7e41661214b,4,3000
4510523758,667,2692.07,REJECTED,62117371-6664-4e90-9e4c-e3939789c81a,5,1000
4526046973,343,5708.48,QUOTATION,ad64acbd-9045-44ec-9111-f6b3b90cb060,5,1000
4587458082,529,2754.47,WAITING,ea38b7e1-b488-4873-ab04-3066d219b434,1,2000
4537230778,423,8234.34,QUOTATION,3ee51816-f540-45e6-8401-474c5df84e78,2,3000
4599874452,979,5703.51,APPROVED,a9da22e7-f42f-4428-9083-96395b7a7e9a,4,3000
4548671602,331,147.66,WAITING,611eefb3-ef38-4a2e-831a-15aff1dde8f8,5,1000
4537940694,614,4388.81,WAITING,68681084-7b12-4fd9-9704-7da3802cb451,2,4000
4532716491,154,1470.04,APPROVED,ad64acbd-9045-44ec-9111-f6b3b90cb060,3,4000
4555778860,299,5365.18,APPROVED,eb8e5632-45d0-47e9-bcc0-ee76bf030643,3,4000
4528869015,269,5546.59,WAITING,2c6e3cb9-21cb-4de6-ae38-f117a3cbdfe2,4,3000
4553554306,52,7829.57,WAITING,e7ba4d18-37bf-472c-9d3a-7756c21a55c9,4,1000
4573174135,127,6111.59,APPROVED,76fa0c16-dc3a-4a9b-b914-de6a0097f3dc,5,4000
4556638089,263,5390.94,APPROVED,62117371-6664-4e90-9e4c-e3939789c81a,4,2000
4578124909,541,2956.69,REJECTED,17dffc12-ac1a-44ed-ad09-3c824851c624,4,1000
4550673894,535,1505.34,APPROVED,da731710-48f7-4c02-8dd6-917ff4c62e3b,5,3000
4531457022,827,5143.49,QUOTATION,834a14f7-cbd7-4220-9587-cd61c93c8253,1,3000
4546360319,736,788.86,APPROVED,28d388a1-0e70-41d0-a8a1-abb9e3263b7b,3,1000
4598478265,104,7468.72,REJECTED,3341d7ea-5bed-42e4-82c2-18d0adfbcdf1,2,2000
4522652607,928,8427.97,WAITING,975480d4-8c15-44ba-8c55-a9938bdaa2c4,2,4000
4511017217,296,1322.34,APPROVED,cea90057-5542-4a9f-8ad8-2fa263b39b7b,1,4000
4569570710,417,8687.85,REJECTED,56ae9e46-c0b2-46ca-b51d-5686e00ce4a6,1,1000
4547149115,107,7772.61,WAITING,b0154cbb-c693-4062-88b9-a8acf4402b56,4,1000
4579770547,479,4778.3,QUOTATION,28d388a1-0e70-41d0-a8a1-abb9e3263b7b,1,3000
4512293899,469,9616.14,APPROVED,ba5b8587-5d45-44ac-9e4e-16cb4b3afecc,2,3000
4509206722,518,966.46,REJECTED,41e46c83-90d4-4836-a022-b900a018b3fa,2,1000
4536150214,924,8425.37,REJECTED,134244b2-90f7-4d62-8488-d71e29828266,4,3000
4531190944,907,5208.42,QUOTATION,0439439c-8945-42c4-b079-5340d85df97c,2,1000
4575221179,972,877.58,WAITING,915bda23-d2b3-4bab-9d3b-0b701beb76fa,5,3000
4543382729,542,5055.19,WAITING,834a14f7-cbd7-4220-9587-cd61c93c8253,3,1000
4528567254,307,3978.16,APPROVED,82ebf1b0-6982-4deb-ac51-c7a6d0a68c5d,3,1000
4537582417,413,4002.66,WAITING,b6bbc970-46d2-4ff4-9c52-80f378cfe8ea,5,4000
4503806745,398,7577.38,APPROVED,b577718c-a2a9-4f8a-a41c-7cac0d102aab,2,2000
4545643099,724,4244.6,WAITING,651e8d5b-8636-4635-a934-6f9427d506b8,1,4000
4528380208,247,7581.32,APPROVED,84aadcf6-499b-4416-9a35-3e546eb39a5c,3,2000
4541169317,493,4293.42,WAITING,31ac60a6-1bc1-442c-ae10-4a420f770538,4,1000
4513229470,375,2033.48,REJECTED,3f3292d8-3056-42da-9ec5-d080c252a223,3,4000
4533696836,968,9652.0,APPROVED,74d238f7-61d4-41c6-9d51-b05f2eddcb36,1,1000
4536242798,450,3497.79,APPROVED,e7ba4d18-37bf-472c-9d3a-7756c21a55c9,3,4000
4567817957,592,868.55,REJECTED,2cf52c48-a37c-4244-a030-3fe16c443ecd,5,4000
4506320553,722,9179.23,QUOTATION,2ab670e8-49e3-4a95-9871-d937f77b5927,5,3000
4533949888,456,7574.21,QUOTATION,fcc9df1e-2761-4b55-8f60-015b21066d78,2,4000
4538977940,861,5311.65,REJECTED,b6bbc970-46d2-4ff4-9c52-80f378cfe8ea,1,1000
4527706777,199,231.81,APPROVED,110f8801-eea1-420d-98e6-dd439569747b,5,3000
4581104416,175,1742.41,REJECTED,834a14f7-cbd7-4220-9587-cd61c93c8253,3,4000
4504316552,412,4939.95,WAITING,3f3292d8-3056-42da-9ec5-d080c252a223,1,2000
4563342054,315,1904.72,REJECTED,5257f4f1-580e-4eb3-89f9-6cae458e4509,3,3000
4592271379,870,3761.24,REJECTED,8ca5ca23-a910-469b-aec1-73bd31d74ba2,2,1000
4595180933,179,2783.82,APPROVED,ba3d4978-80db-4a12-9f06-e4c698936184,1,3000
4551424273,863,787.7,APPROVED,28d388a1-0e70-41d0-a8a1-abb9e3263b7b,5,4000
4565208674,16,7749.8,APPROVED,15ddc72a-7103-4a88-a951-49c5aa75affd,2,3000
4537459962,228,3256.61,QUOTATION,ba5b8587-5d45-44ac-9e4e-16cb4b3afecc,5,4000
4546015337,148,7145.76,QUOTATION,00a417fb-f2b9-4bb8-90c0-0787c3f2e3c7,1,2000
4541773354,958,445.49,APPROVED,77b34563-244c-46da-b014-af1a9c7fa9e4,2,3000
4530963739,303,6638.7,REJECTED,9c7454a7-b80c-4d19-b841-4c0343b75add,3,3000
4579736159,229,1313.15,APPROVED,9c7454a7-b80c-4d19-b841-4c0343b75add,2,4000
4577339344,230,4373.26,QUOTATION,daffc87a-fdb5-424e-9155-782c6cd1b731,3,4000
4592314407,866,2339.33,APPROVED,41f3b33b-8871-42fd-90d5-1d1d9f2d5aed,5,1000
4560844788,989,5818.63,APPROVED,f524f9ee-95cb-4e66-a6c1-b58f8296e7f3,1,4000
4516867566,756,5301.63,APPROVED,4a2d279e-2495-496f-80d9-bc5a45e3b6b4,3,3000
4560162937,763,5499.52,WAITING,ebfe58ef-0dee-41d8-859e-ae2bff66e7fc,3,3000
4546384475,856,9929.0,REJECTED,110f8801-eea1-420d-98e6-dd439569747b,5,3000
4582669730,724,2321.76,QUOTATION,daffc87a-fdb5-424e-9155-782c6cd1b731,3,3000
4521762715,330,387.21,APPROVED,b577718c-a2a9-4f8a-a41c-7cac0d102aab,4,1000
4590339605,170,5645.59,APPROVED,cea90057-5542-4a9f-8ad8-2fa263b39b7b,3,2000
4545219764,924,7657.41,APPROVED,4029508a-afa4-4faf-b175-4bb65b8a4dbb,3,1000
4560536844,327,6997.91,APPROVED,e069016d-d217-4fbc-b438-1e8790b731fb,5,2000
4549259777,977,8611.96,REJECTED,35672019-b6d1-42b4-b906-8819b248182e,5,4000
4548601572,563,3002.08,REJECTED,71b893be-0a75-41a7-9a52-bcdb771cc5ec,4,4000
4560742782,496,3626.5,APPROVED,b0154cbb-c693-4062-88b9-a8acf4402b56,3,4000
4578848625,305,8329.61,WAITING,3d3527a9-4ef5-45d5-83c2-4178789f9921,4,1000
4516250995,397,3679.19,APPROVED,5c250769-58e7-4a67-92b8-05566aab2cd0,2,2000
4564921830,498,6055.41,APPROVED,9567383e-1921-4683-803b-509faa2bc9d5,2,4000
4562301214,964,5789.9,REJECTED,a1ad3c2b-45ca-491c-8ef2-a64af7d19e43,3,2000
4582200518,335,5681.75,APPROVED,d4dbba0a-2b26-4233-9017-bb25b2e860f3,4,3000
4542032755,792,5318.88,WAITING,12a301b9-4c71-4181-a853-d29be7b6bd18,2,4000
4573323561,397,4818.67,WAITING,134244b2-90f7-4d62-8488-d71e29828266,4,3000
4556763044,337,3942.01,REJECTED,4029508a-afa4-4faf-b175-4bb65b8a4dbb,5,2000
4503629807,694,3851.23,WAITING,9fc109ea-2585-4c23-9329-2ccda2d964eb,1,1000
4593999600,164,5789.01,APPROVED,01bb5e4b-33d3-4db2-85a2-499f5c9e31b4,1,3000
4557649182,677,5833.13,WAITING,32149af9-a4f0-4e80-a73d-490a9faef06f,5,2000
4508850743,816,1006.27,APPROVED,41f3b33b-8871-42fd-90d5-1d1d9f2d5aed,1,2000
4506088651,899,301.48,REJECTED,73df3d25-bcec-47a6-8d66-6b628e81ed2d,4,4000
4592364818,190,4909.74,REJECTED,3c65561d-5119-4985-87e7-48965fe9f62c,1,2000
4565619737,367,8328.41,APPROVED,12a301b9-4c71-4181-a853-d29be7b6bd18,4,4000
4540512661,12,5390.33,WAITING,e069016d-d217-4fbc-b438-1e8790b731fb,3,3000
4551160784,507,8566.11,WAITING,9567383e-1921-4683-803b-509faa2bc9d5,1,4000
4518668040,882,8455.98,QUOTATION,791660af-f0db-4fbd-a3a4-86bd38182556,5,1000
4593492737,865,4669.28,WAITING,68681084-7b12-4fd9-9704-7da3802cb451,2,4000
4529502380,198,7421.95,REJECTED,0c328cd6-def4-4097-8b5d-ef9b4362cfd3,4,1000
4573835537,828,8938.79,QUOTATION,ba3d4978-80db-4a12-9f06-e4c698936184,5,4000
4505220996,968,1247.28,WAITING,d4dbba0a-2b26-4233-9017-bb25b2e860f3,4,1000
4514605009,738,7786.46,REJECTED,0f7e95f4-4fb9-4987-a1e1-5264880e721e,1,2000
4573836665,581,4213.12,QUOTATION,0e752cfe-75ff-427d-8214-57710b509b33,4,4000
4577339476,276,3197.01,APPROVED,82ebf1b0-6982-4deb-ac51-c7a6d0a68c5d,5,4000
4556834249,548,1028.98,WAITING,74d238f7-61d4-41c6-9d51-b05f2eddcb36,1,1000
4505328895,901,9466.75,WAITING,41f3b33b-8871-42fd-90d5-1d1d9f2d5aed,2,4000
4552810215,468,6899.71,WAITING,ce1eeb99-74a8-4547-b95c-345102c07d21,3,4000
4596740555,138,966.4,WAITING,d7da1df8-a4af-4efe-a657-570c6d350470,1,2000
4544479016,615,800.09,WAITING,384bae62-8ba8-4cac-b8ad-3df4e68bcafa,5,3000
4520906647,945,3827.15,WAITING,32149af9-a4f0-4e80-a73d-490a9faef06f,4,1000
4561929239,482,9812.15,REJECTED,a1a6e723-19c6-46fd-a584-917efe27f127,2,2000
4585860274,273,2453.25,WAITING,9ec93c76-9578-4947-a5ca-def516b026cb,4,1000
4531734084,890,5231.73,REJECTED,12a301b9-4c71-4181-a853-d29be7b6bd18,5,2000
4525450611,773,9995.64,REJECTED,ebfe58ef-0dee-41d8-859e-ae2bff66e7fc,5,1000
4565294723,365,3838.74,WAITING,6cc3c3b9-23fa-4969-8791-af89dedc62c9,3,3000
4512873031,25,2193.0,QUOTATION,8ca5ca23-a910-469b-aec1-73bd31d74ba2,4,1000
4531464523,682,6174.35,WAITING,77b34563-244c-46da-b014-af1a9c7fa9e4,5,2000
4597854075,360,3640.63,REJECTED,8ca5ca23-a910-469b-aec1-73bd31d74ba2,3,3000
4596205153,806,1770.3,APPROVED,0a58bce2-1697-4c89-b568-ae280f33f982,4,1000
4526010177,608,2647.41,APPROVED,3c65561d-5119-4985-87e7-48965fe9f62c,1,4000
4548595780,620,1183.75,APPROVED,73df3d25-bcec-47a6-8d66-6b628e81ed2d,3,1000
4506499643,698,3347.47,QUOTATION,68681084-7b12-4fd9-9704-7da3802cb451,4,1000
4505178702,853,5291.46,QUOTATION,ce1eeb99-74a8-4547-b95c-345102c07d21,5,4000
4522104955,619,3808.51,QUOTATION,a1a6e723-19c6-46fd-a584-917efe27f127,2,3000
4515786635,83,3449.45,APPROVED,6c55f239-a4f0-4edd-afe8-02d129db9eda,2,1000
4580866986,318,9397.66,QUOTATION,d0d94739-009d-44aa-ae3d-8c35a65083c5,5,2000
4539769008,224,1948.77,REJECTED,9c7454a7-b80c-4d19-b841-4c0343b75add,4,3000
4509055515,82,6582.11,APPROVED,ea38b7e1-b488-4873-ab04-3066d219b434,4,1000
4527963160,424,4993.3,WAITING,9ec93c76-9578-4947-a5ca-def516b026cb,1,4000
4596246095,319,5043.19,WAITING,3c65561d-5119-4985-87e7-48965fe9f62c,4,2000
4582256728,445,7830.77,REJECTED,d7da1df8-a4af-4efe-a657-570c6d350470,5,2000
4512213666,580,3046.05,WAITING,3f3292d8-3056-42da-9ec5-d080c252a223,4,1000
4577797421,356,6810.42,QUOTATION,daffc87a-fdb5-424e-9155-782c6cd1b731,4,2000
4516326244,72,1258.21,APPROVED,51991c98-a328-457f-a862-0962b2d30ddc,1,3000
4550714638,503,4789.49,WAITING,8df0c99e-2745-44ae-94ee-ad79cb114fdb,1,1000
4517853722,344,8849.44,APPROVED,bf599d91-442c-4e09-b5ae-b9f08a417d11,3,4000
4599746470,24,7599.16,REJECTED,611eefb3-ef38-4a2e-831a-15aff1dde8f8,1,1000
4590224008,856,1216.69,QUOTATION,2cf52c48-a37c-4244-a030-3fe16c443ecd,4,1000
4570389714,926,7284.47,REJECTED,8df0c99e-2745-44ae-94ee-ad79cb114fdb,3,2000
4541598541,898,4270.87,QUOTATION,4029508a-afa4-4faf-b175-4bb65b8a4dbb,4,3000
4566071745,639,2734.61,APPROVED,84aadcf6-499b-4416-9a35-3e546eb39a5c,1,2000
4513736920,804,7124.85,APPROVED,dbce3e63-1a5c-4595-a1f9-d09c3d978567,3,4000
4540332057,926,554.51,QUOTATION,b020551c-5fe7-45ea-881a-6fa78332362d,5,2000
4588337981,925,6190.23,REJECTED,fcc9df1e-2761-4b55-8f60-015b21066d78,5,3000
4548649779,989,3525.66,REJECTED,8df0c99e-2745-44ae-94ee-ad79cb114fdb,4,3000
4564354520,994,9996.85,WAITING,a4926703-442b-4179-808a-04de7d4e1015,5,3000
4525181973,531,8938.74,WAITING,00a417fb-f2b9-4bb8-90c0-0787c3f2e3c7,1,4000
4531828663,518,9399.03,APPROVED,01bb5e4b-33d3-4db2-85a2-499f5c9e31b4,1,4000
4533260102,68,1536.53,WAITING,da731710-48f7-4c02-8dd6-917ff4c62e3b,3,4000
4528860768,615,5030.39,WAITING,5c250769-58e7-4a67-92b8-05566aab2cd0,1,3000
4536778925,887,9375.0,QUOTATION,76fa0c16-dc3a-4a9b-b914-de6a0097f3dc,5,1000
4545668308,658,9734.07,WAITING,ba3d4978-80db-4a12-9f06-e4c698936184,4,3000
4526856468,601,6040.1,QUOTATION,41f3b33b-8871-42fd-90d5-1d1d9f2d5aed,5,3000
4523768501,468,3082.08,REJECTED,f6979cad-3c89-4280-985d-d7f07aaa8c2b,5,3000
4599577926,962,3929.91,REJECTED,31ac60a6-1bc1-442c-ae10-4a420f770538,1,1000
4533771104,941,6573.59,APPROVED,eb8e5632-45d0-47e9-bcc0-ee76bf030643,3,4000
4560456891,326,6894.84,REJECTED,3341d7ea-5bed-42e4-82c2-18d0adfbcdf1,5,1000
4544633752,37,5956.61,QUOTATION,3d3527a9-4ef5-45d5-83c2-4178789f9921,3,4000
4527813546,978,5856.3,REJECTED,da731710-48f7-4c02-8dd6-917ff4c62e3b,2,3000
4508390869,316,2225.21,APPROVED,ba3d4978-80db-4a12-9f06-e4c698936184,1,3000
4592479681,410,1991.77,REJECTED,4029508a-afa4-4faf-b175-4bb65b8a4dbb,3,2000
4523357398,705,4622.67,APPROVED,01bb5e4b-33d3-4db2-85a2-499f5c9e31b4,3,3000
4529735058,341,5598.02,QUOTATION,6c55f239-a4f0-4edd-afe8-02d129db9eda,1,1000
4545246739,862,540.85,QUOTATION,f524f9ee-95cb-4e66-a6c1-b58f8296e7f3,4,2000
4549585669,690,6114.66,REJECTED,dbce3e63-1a5c-4595-a1f9-d09c3d978567,5,2000
4545079892,832,6543.77,REJECTED,a9da22e7-f42f-4428-9083-96395b7a7e9a,5,4000
4537421293,45,7512.45,REJECTED,76fa0c16-dc3a-4a9b-b914-de6a0097f3dc,5,4000
4537280715,620,7079.05,WAITING,0f7e95f4-4fb9-4987-a1e1-5264880e721e,1,4000
4541837033,857,8490.93,REJECTED,ba3d4978-80db-4a12-9f06-e4c698936184,2,1000
4574109292,221,3592.81,QUOTATION,daffc87a-fdb5-424e-9155-782c6cd1b731,2,2000
4564877623,267,1739.66,WAITING,fcc9df1e-2761-4b55-8f60-015b21066d78,5,3000
4515228773,368,4129.59,QUOTATION,2c7b9d8a-6b92-4a21-a03e-024e434a203d,2,4000
4541333407,618,5500.67,REJECTED,62117371-6664-4e90-9e4c-e3939789c81a,3,1000
4501446182,77,7155.35,APPROVED,6cc3c3b9-23fa-4969-8791-af89dedc62c9,5,3000
4582020407,343,2831.39,REJECTED,eb8e5632-45d0-47e9-bcc0-ee76bf030643,2,2000
4527355830,814,3392.51,APPROVED,2ab670e8-49e3-4a95-9871-d937f77b5927,5,2000
4584451939,896,7357.18,REJECTED,76fa0c16-dc3a-4a9b-b914-de6a0097f3dc,4,1000
4508486288,296,6695.36,APPROVED,4a5df305-6d85-4b5a-81ca-b2a776017f8f,1,4000
4523376671,417,4364.94,WAITING,f6979cad-3c89-4280-985d-d7f07aaa8c2b,1,1000
4562137542,845,8088.91,WAITING,dbce3e63-1a5c-4595-a1f9-d09c3d978567,1,2000
4543400491,289,3585.21,REJECTED,5257f4f1-580e-4eb3-89f9-6cae458e4509,3,4000
4503781908,738,7704.13,WAITING,56ae9e46-c0b2-46ca-b51d-5686e00ce4a6,4,3000
4514354819,606,181.17,QUOTATION,408c4fe5-9066-4997-8f1c-ad8daae4b1f6,5,1000
4597587566,544,1955.72,QUOTATION,611eefb3-ef38-4a2e-831a-15aff1dde8f8,4,4000
4563004406,972,1355.85,REJECTED,fffeaf8f-4b6b-4357-a309-89f4769c36da,5,4000
4539711944,280,6723.95,WAITING,a4926703-442b-4179-808a-04de7d4e1015,5,4000
4525705588,897,1918.72,QUOTATION,975480d4-8c15-44ba-8c55-a9938bdaa2c4,3,3000
4562032401,392,4437.27,REJECTED,ce1eeb99-74a8-4547-b95c-345102c07d21,2,1000
4577171425,778,8264.77,REJECTED,c40f8a37-9024-4fcd-80a6-7917301ba6bd,2,4000
4549849557,134,5765.97,WAITING,3341d7ea-5bed-42e4-82c2-18d0adfbcdf1,3,3000
4536895112,195,3240.46,WAITING,00a417fb-f2b9-4bb8-90c0-0787c3f2e3c7,4,1000
4529747090,941,2820.68,REJECTED,3f3292d8-3056-42da-9ec5-d080c252a223,1,2000
4504710535,406,5809.1,QUOTATION,fe53d2be-049c-47fa-871a-c4a8b1a10e40,3,1000
4593340180,991,764.98,APPROVED,76fa0c16-dc3a-4a9b-b914-de6a0097f3dc,5,3000
4527016802,796,3460.09,WAITING,71b893be-0a75-41a7-9a52-bcdb771cc5ec,4,1000
4556385734,363,6047.57,WAITING,35672019-b6d1-42b4-b906-8819b248182e,1,2000
4501636548,720,3896.06,WAITING,0f7e95f4-4fb9-4987-a1e1-5264880e721e,2,3000
4554110617,967,7775.16,WAITING,9fc109ea-2585-4c23-9329-2ccda2d964eb,3,2000
4592497344,60,3873.74,APPROVED,01bb5e4b-33d3-4db2-85a2-499f5c9e31b4,5,4000
4548873738,59,4130.49,QUOTATION,b020551c-5fe7-45ea-881a-6fa78332362d,1,2000
4553599602,616,1188.91,QUOTATION,b577718c-a2a9-4f8a-a41c-7cac0d102aab,4,4000
4539655584,319,6147.12,QUOTATION,73df3d25-bcec-47a6-8d66-6b628e81ed2d,1,2000
4517011762,804,8603.89,WAITING,fcc9df1e-2761-4b55-8f60-015b21066d78,4,4000
4571716293,533,8238.54,REJECTED,01bb5e4b-33d3-4db2-85a2-499f5c9e31b4,5,3000
4541403326,300,5829.69,APPROVED,408c4fe5-9066-4997-8f1c-ad8daae4b1f6,3,1000
4540173371,750,5063.88,QUOTATION,56ae9e46-c0b2-46ca-b51d-5686e00ce4a6,1,1000
4558206113,58,4867.21,WAITING,aa51a37d-2867-459b-8885-b5c8b161616a,1,1000
4586887617,769,6376.95,QUOTATION,9c7454a7-b80c-4d19-b841-4c0343b75add,2,1000
4502286820,876,7187.73,WAITING,ba3d4978-80db-4a12-9f06-e4c698936184,2,4000
4578120844,744,3793.6,REJECTED,2ab670e8-49e3-4a95-9871-d937f77b5927,5,4000
4585061615,280,1963.56,APPROVED,b020551c-5fe7-45ea-881a-6fa78332362d,5,2000
4544092851,951,915.36,APPROVED,41e46c83-90d4-4836-a022-b900a018b3fa,5,2000
4546374689,417,6799.8,REJECTED,ea38b7e1-b488-4873-ab04-3066d219b434,2,2000
4564459700,629,6753.66,QUOTATION,e069016d-d217-4fbc-b438-1e8790b731fb,2,3000
4573129036,613,576.66,APPROVED,2cf52c48-a37c-4244-a030-3fe16c443ecd,3,4000
4510544672,643,1378.6,APPROVED,fe53d2be-049c-47fa-871a-c4a8b1a10e40,4,2000
4532212620,624,8316.52,WAITING,4a2d279e-2495-496f-80d9-bc5a45e3b6b4,3,4000
4539351312,32,3315.52,APPROVED,28d388a1-0e70-41d0-a8a1-abb9e3263b7b,4,1000
4575187745,46,6459.03,APPROVED,00a417fb-f2b9-4bb8-90c0-0787c3f2e3c7,2,1000
4519345013,735,3885.5,WAITING,73df3d25-bcec-47a6-8d66-6b628e81ed2d,2,1000
4581545626,390,898.38,APPROVED,d4dbba0a-2b26-4233-9017-bb25b2e860f3,5,2000
4512564687,217,9363.52,REJECTED,d7da1df8-a4af-4efe-a657-570c6d350470,5,2000
4597448601,309,5299.28,REJECTED,aa51a37d-2867-459b-8885-b5c8b161616a,3,4000
4590209712,907,3113.17,QUOTATION,35672019-b6d1-42b4-b906-8819b248182e,2,3000
4506053355,169,6539.5,WAITING,b6bbc970-46d2-4ff4-9c52-80f378cfe8ea,1,3000
4500346336,202,553.61,QUOTATION,b0154cbb-c693-4062-88b9-a8acf4402b56,1,4000
4531638148,217,6016.95,APPROVED,77b34563-244c-46da-b014-af1a9c7fa9e4,2,1000
4529435072,928,1435.36,QUOTATION,9ec93c76-9578-4947-a5ca-def516b026cb,5,1000
4567598415,646,9675.56,REJECTED,ce1eeb99-74a8-4547-b95c-345102c07d21,2,1000
4572427264,142,5676.02,QUOTATION,5c250769-58e7-4a67-92b8-05566aab2cd0,1,2000
4539916016,128,2444.7,QUOTATION,ebfe58ef-0dee-41d8-859e-ae2bff66e7fc,1,1000
4532826600,166,2543.81,REJECTED,f524f9ee-95cb-4e66-a6c1-b58f8296e7f3,2,1000
4578121219,882,2302.33,REJECTED,0f7e95f4-4fb9-4987-a1e1-5264880e721e,3,2000
4503757430,163,5937.85,WAITING,ebfe58ef-0dee-41d8-859e-ae2bff66e7fc,5,2000
4546625157,643,7075.3,REJECTED,2c7b9d8a-6b92-4a21-a03e-024e434a203d,3,3000
4588831277,731,3669.65,WAITING,17dffc12-ac1a-44ed-ad09-3c824851c624,3,2000
4599525912,866,146.57,APPROVED,f6dd041e-f994-407c-9a1b-2ee8a39b9b25,4,4000
4556910838,863,3119.93,APPROVED,6cc3c3b9-23fa-4969-8791-af89dedc62c9,2,3000
4548088026,625,5506.15,APPROVED,bcebc30c-15e5-48e2-9c32-c86d886f82a0,4,1000
4559329551,889,469.25,WAITING,110f8801-eea1-420d-98e6-dd439569747b,3,1000
4532388977,784,3783.55,APPROVED,ebfe58ef-0dee-41d8-859e-ae2bff66e7fc,2,4000
4515749799,566,8068.35,APPROVED,0f7e95f4-4fb9-4987-a1e1-5264880e721e,2,2000
4541141477,63,4005.21,QUOTATION,bf599d91-442c-4e09-b5ae-b9f08a417d11,3,1000
4528974844,479,72.6,WAITING,f6dd041e-f994-407c-9a1b-2ee8a39b9b25,1,2000
4535403198,341,1759.85,REJECTED,0c328cd6-def4-4097-8b5d-ef9b4362cfd3,3,2000
4538515990,230,508.89,QUOTATION,73df3d25-bcec-47a6-8d66-6b628e81ed2d,4,3000
4580259156,587,6009.64,APPROVED,9c7454a7-b80c-4d19-b841-4c0343b75add,5,1000
4515280532,711,5301.67,APPROVED,f524f9ee-95cb-4e66-a6c1-b58f8296e7f3,4,2000
4514532896,169,666.08,REJECTED,bf599d91-442c-4e09-b5ae-b9f08a417d11,1,2000
4501953186,790,2455.2,WAITING,fe53d2be-049c-47fa-871a-c4a8b1a10e40,2,1000
4542546364,823,5837.21,APPROVED,51991c98-a328-457f-a862-0962b2d30ddc,5,4000
4586105589,257,20.1,REJECTED,4a5df305-6d85-4b5a-81ca-b2a776017f8f,1,2000
4552451680,977,5452.12,WAITING,0e752cfe-75ff-427d-8214-57710b509b33,4,2000
4531686802,52,5419.81,REJECTED,384bae62-8ba8-4cac-b8ad-3df4e68bcafa,1,4000
4502549600,372,8628.41,QUOTATION,ba5b8587-5d45-44ac-9e4e-16cb4b3afecc,2,4000
4577400074,369,9731.14,QUOTATION,9fc109ea-2585-4c23-9329-2ccda2d964eb,2,3000
4557825951,15,7060.66,QUOTATION,0c328cd6-def4-4097-8b5d-ef9b4362cfd3,5,3000
4592715661,94,492.64,QUOTATION,32149af9-a4f0-4e80-a73d-490a9faef06f,5,2000
4599015480,406,1357.76,APPROVED,e069016d-d217-4fbc-b438-1e8790b731fb,4,1000
4579749109,502,4304.04,WAITING,4a2d279e-2495-496f-80d9-bc5a45e3b6b4,3,1000
4529659435,126,3392.89,WAITING,8df0c99e-2745-44ae-94ee-ad79cb114fdb,3,1000
4508443288,226,5087.94,WAITING,32149af9-a4f0-4e80-a73d-490a9faef06f,3,1000
4550338088,960,5087.84,QUOTATION,3c65561d-5119-4985-87e7-48965fe9f62c,3,3000
4563936212,947,4542.15,REJECTED,31ac60a6-1bc1-442c-ae10-4a420f770538,2,1000
4589891576,775,5974.11,APPROVED,e069016d-d217-4fbc-b438-1e8790b731fb,2,3000
4580834747,286,8401.03,APPROVED,28d388a1-0e70-41d0-a8a1-abb9e3263b7b,5,3000
4565643131,484,9341.49,WAITING,00a417fb-f2b9-4bb8-90c0-0787c3f2e3c7,5,4000
4554640735,151,128.67,REJECTED,cea90057-5542-4a9f-8ad8-2fa263b39b7b,3,2000
4526475150,430,8915.34,APPROVED,0439439c-8945-42c4-b079-5340d85df97c,5,3000
4577087604,717,4532.47,REJECTED,f6979cad-3c89-4280-985d-d7f07aaa8c2b,3,3000
4594540919,625,6999.85,QUOTATION,17dffc12-ac1a-44ed-ad09-3c824851c624,5,1000
4511966590,270,1603.53,REJECTED,611eefb3-ef38-4a2e-831a-15aff1dde8f8,1,1000
4502558736,481,9927.6,REJECTED,d5b6a98e-464a-4e85-ad1c-7fd6be7df835,2,1000
4577247134,215,4253.14,QUOTATION,9ec93c76-9578-4947-a5ca-def516b026cb,1,3000
4576255814,197,8595.84,QUOTATION,01bb5e4b-33d3-4db2-85a2-499f5c9e31b4,3,3000
4594560145,841,5956.72,REJECTED,73df3d25-bcec-47a6-8d66-6b628e81ed2d,2,4000
4550175957,326,639.34,REJECTED,d0d94739-009d-44aa-ae3d-8c35a65083c5,5,2000
4586279657,181,2398.91,WAITING,4029508a-afa4-4faf-b175-4bb65b8a4dbb,2,1000
4572975276,980,340.75,QUOTATION,f6dd041e-f994-407c-9a1b-2ee8a39b9b25,1,2000
4553850805,161,4468.45,APPROVED,384bae62-8ba8-4cac-b8ad-3df4e68bcafa,3,1000
4565892849,964,3354.7,APPROVED,975480d4-8c15-44ba-8c55-a9938bdaa2c4,4,2000
4556998551,204,9428.97,QUOTATION,2c6e3cb9-21cb-4de6-ae38-f117a3cbdfe2,4,3000
4541461498,308,6492.51,APPROVED,9fc109ea-2585-4c23-9329-2ccda2d964eb,3,4000
4591345644,496,9463.37,APPROVED,3341d7ea-5bed-42e4-82c2-18d0adfbcdf1,1,4000
4509396266,622,4510.09,REJECTED,15ddc72a-7103-4a88-a951-49c5aa75affd,1,4000
4508098452,137,7984.24,REJECTED,8ca5ca23-a910-469b-aec1-73bd31d74ba2,2,1000
4541294631,191,6894.68,APPROVED,b577718c-a2a9-4f8a-a41c-7cac0d102aab,2,4000
4522851061,150,1571.83,APPROVED,384bae62-8ba8-4cac-b8ad-3df4e68bcafa,2,2000
4538384612,102,6333.84,QUOTATION,bf599d91-442c-4e09-b5ae-b9f08a417d11,1,3000
4513902480,589,6056.21,QUOTATION,9a109dc4-7be3-4aec-94bb-ede38f79ae14,5,1000
4576077769,608,946.11,APPROVED,5257f4f1-580e-4eb3-89f9-6cae458e4509,2,2000
4585151081,569,5493.36,APPROVED,da731710-48f7-4c02-8dd6-917ff4c62e3b,2,1000
4587332038,366,376.89,QUOTATION,41f3b33b-8871-42fd-90d5-1d1d9f2d5aed,3,1000
4541755212,273,8824.05,WAITING,0e752cfe-75ff-427d-8214-57710b509b33,3,4000
4572079564,352,1372.76,QUOTATION,2c6e3cb9-21cb-4de6-ae38-f117a3cbdfe2,1,3000
4586613162,688,5466.75,QUOTATION,b0154cbb-c693-4062-88b9-a8acf4402b56,4,1000
4543979231,436,5716.46,QUOTATION,62117371-6664-4e90-9e4c-e3939789c81a,2,3000
4582386380,651,4683.92,QUOTATION,3341d7ea-5bed-42e4-82c2-18d0adfbcdf1,3,1000
4515653953,208,3729.63,APPROVED,fe53d2be-049c-47fa-871a-c4a8b1a10e40,3,1000
4593537869,794,5868.67,REJECTED,651e8d5b-8636-4635-a934-6f9427d506b8,2,4000
4518342479,448,1101.91,QUOTATION,975480d4-8c15-44ba-8c55-a9938bdaa2c4,4,4000
4520381822,597,3970.62,QUOTATION,ce1eeb99-74a8-4547-b95c-345102c07d21,4,4000
4589342032,136,4175.38,REJECTED,b0154cbb-c693-4062-88b9-a8acf4402b56,1,3000
4508472623,775,1267.7,QUOTATION,15ddc72a-7103-4a88-a951-49c5aa75affd,2,1000
4585298341,35,6448.46,APPROVED,dbce3e63-1a5c-4595-a1f9-d09c3d978567,4,1000
4509859614,469,5689.63,REJECTED,01bb5e4b-33d3-4db2-85a2-499f5c9e31b4,1,1000
4508156813,465,496.73,APPROVED,aa51a37d-2867-459b-8885-b5c8b161616a,3,2000
4552644160,701,8789.52,REJECTED,975480d4-8c15-44ba-8c55-a9938bdaa2c4,5,2000
4506117709,916,5928.27,WAITING,3c65561d-5119-4985-87e7-48965fe9f62c,1,2000
4563691526,819,8749.99,WAITING,fffeaf8f-4b6b-4357-a309-89f4769c36da,1,1000
4568796839,234,6123.42,REJECTED,c40f8a37-9024-4fcd-80a6-7917301ba6bd,2,3000
4561444342,838,7509.82,WAITING,ce1eeb99-74a8-4547-b95c-345102c07d21,5,4000
4578757708,742,5435.07,REJECTED,f524f9ee-95cb-4e66-a6c1-b58f8296e7f3,2,1000
4586677688,849,3456.98,REJECTED,2c6e3cb9-21cb-4de6-ae38-f117a3cbdfe2,3,1000
4521764349,91,411.05,WAITING,76fa0c16-dc3a-4a9b-b914-de6a0097f3dc,1,3000
4522251354,181,4107.55,WAITING,76fa0c16-dc3a-4a9b-b914-de6a0097f3dc,2,1000
4516599278,911,4530.18,APPROVED,ebfe58ef-0dee-41d8-859e-ae2bff66e7fc,3,4000
4560852435,501,1560.09,QUOTATION,b6bbc970-46d2-4ff4-9c52-80f378cfe8ea,4,4000
4579771831,553,7965.59,QUOTATION,01bb5e4b-33d3-4db2-85a2-499f5c9e31b4,2,2000
4507736946,589,8767.85,REJECTED,b0154cbb-c693-4062-88b9-a8acf4402b56,3,2000
4523351159,928,3918.11,WAITING,2cf52c48-a37c-4244-a030-3fe16c443ecd,5,1000
4561218558,390,6292.0,WAITING,84aadcf6-499b-4416-9a35-3e546eb39a5c,3,2000
4549589203,125,8861.77,WAITING,0a58bce2-1697-4c89-b568-ae280f33f982,1,1000
4511800235,216,7510.51,QUOTATION,6c55f239-a4f0-4edd-afe8-02d129db9eda,1,4000
4577190041,407,625.04,QUOTATION,bf599d91-442c-4e09-b5ae-b9f08a417d11,2,4000
4517323879,815,4990.54,WAITING,0b319577-4ab0-4684-b112-b27aad212cb1,3,1000
4513004869,975,7998.25,APPROVED,17dffc12-ac1a-44ed-ad09-3c824851c624,3,3000
4553424924,978,3491.62,WAITING,134244b2-90f7-4d62-8488-d71e29828266,2,2000
4590880528,902,784.75,WAITING,f6979cad-3c89-4280-985d-d7f07aaa8c2b,1,4000
4536293195,545,3522.04,REJECTED,3ee51816-f540-45e6-8401-474c5df84e78,4,3000
4562393278,566,6796.87,WAITING,8ca5ca23-a910-469b-aec1-73bd31d74ba2,3,1000
4515404330,745,8618.8,APPROVED,a1ad3c2b-45ca-491c-8ef2-a64af7d19e43,1,2000
4559690348,266,9017.81,WAITING,975480d4-8c15-44ba-8c55-a9938bdaa2c4,3,1000
4596936651,602,1633.16,APPROVED,77b34563-244c-46da-b014-af1a9c7fa9e4,1,3000
4504082882,48,277.12,APPROVED,2cf52c48-a37c-4244-a030-3fe16c443ecd,1,3000
4515934394,417,4389.26,WAITING,4a5df305-6d85-4b5a-81ca-b2a776017f8f,2,3000
4549903587,146,733.19,REJECTED,15ddc72a-7103-4a88-a951-49c5aa75affd,4,1000
4563743069,864,4573.76,WAITING,9ec93c76-9578-4947-a5ca-def516b026cb,3,1000
4578962100,266,1950.84,WAITING,4a2d279e-2495-496f-80d9-bc5a45e3b6b4,4,2000
4519075529,711,7648.21,APPROVED,daffc87a-fdb5-424e-9155-782c6cd1b731,3,4000
4508143319,285,8082.43,REJECTED,00a417fb-f2b9-4bb8-90c0-0787c3f2e3c7,4,1000
4569806851,702,6379.77,WAITING,a9da22e7-f42f-4428-9083-96395b7a7e9a,2,4000
4577165480,116,7210.53,QUOTATION,d5b6a98e-464a-4e85-ad1c-7fd6be7df835,2,2000
4561698574,63,2064.04,REJECTED,d0d94739-009d-44aa-ae3d-8c35a65083c5,1,3000
4595207864,119,6908.37,WAITING,37bf8863-0046-49cb-a72c-f7e41661214b,5,4000
4594103078,951,5369.84,APPROVED,62117371-6664-4e90-9e4c-e3939789c81a,4,4000
4576112178,223,8528.24,QUOTATION,134244b2-90f7-4d62-8488-d71e29828266,2,1000
4531658100,909,3088.11,REJECTED,b577718c-a2a9-4f8a-a41c-7cac0d102aab,4,4000
4534388130,843,2378.91,APPROVED,3ee51816-f540-45e6-8401-474c5df84e78,3,2000
4512950691,83,5874.24,WAITING,9fc109ea-2585-4c23-9329-2ccda2d964eb,3,3000
4532790831,538,3816.71,APPROVED,01bb5e4b-33d3-4db2-85a2-499f5c9e31b4,5,2000
4580949877,116,6921.55,REJECTED,9c7454a7-b80c-4d19-b841-4c0343b75add,5,1000
4571052163,285,8781.05,WAITING,fffeaf8f-4b6b-4357-a309-89f4769c36da,5,1000
4561712532,383,9903.15,REJECTED,31ac60a6-1bc1-442c-ae10-4a420f770538,2,1000
4557197708,181,2088.46,QUOTATION,2c6e3cb9-21cb-4de6-ae38-f117a3cbdfe2,5,1000
4530266209,131,8391.83,APPROVED,9c7454a7-b80c-4d19-b841-4c0343b75add,3,1000
4514455424,766,2608.4,REJECTED,ce1eeb99-74a8-4547-b95c-345102c07d21,2,3000
4570616621,745,2014.23,REJECTED,3d3527a9-4ef5-45d5-83c2-4178789f9921,1,2000
4503794180,884,3512.86,REJECTED,37bf8863-0046-49cb-a72c-f7e41661214b,3,3000
4523216502,150,9989.74,REJECTED,e7ba4d18-37bf-472c-9d3a-7756c21a55c9,2,3000
4559377621,846,2954.03,QUOTATION,56ae9e46-c0b2-46ca-b51d-5686e00ce4a6,3,2000
4545692735,197,771.43,WAITING,3ee51816-f540-45e6-8401-474c5df84e78,5,2000
4578431366,218,537.09,REJECTED,651e8d5b-8636-4635-a934-6f9427d506b8,2,3000
4515689112,45,2572.26,QUOTATION,3c65561d-5119-4985-87e7-48965fe9f62c,5,4000
4566834801,943,7901.14,QUOTATION,4a5df305-6d85-4b5a-81ca-b2a776017f8f,4,2000
4545281501,488,9735.38,WAITING,975480d4-8c15-44ba-8c55-a9938bdaa2c4,5,1000
4513323668,601,2941.29,WAITING,3d3527a9-4ef5-45d5-83c2-4178789f9921,1,1000
4524943335,762,7758.45,WAITING,ea38b7e1-b488-4873-ab04-3066d219b434,3,3000
4507335492,715,2507.56,REJECTED,37bf8863-0046-49cb-a72c-f7e41661214b,4,4000
4519589082,328,935.82,APPROVED,37bf8863-0046-49cb-a72c-f7e41661214b,5,4000
4546035548,619,8995.46,REJECTED,0b319577-4ab0-4684-b112-b27aad212cb1,4,4000
4596492456,22,4509.97,REJECTED,28d388a1-0e70-41d0-a8a1-abb9e3263b7b,1,1000
4507692501,220,5815.42,QUOTATION,41f3b33b-8871-42fd-90d5-1d1d9f2d5aed,2,4000
4528910974,79,8509.11,WAITING,ce1eeb99-74a8-4547-b95c-345102c07d21,3,2000
4570187950,750,5029.46,APPROVED,d0d94739-009d-44aa-ae3d-8c35a65083c5,1,2000
4572300281,380,5480.22,REJECTED,9fc109ea-2585-4c23-9329-2ccda2d964eb,5,4000
4511449448,994,4215.88,APPROVED,17dffc12-ac1a-44ed-ad09-3c824851c624,2,3000
4546078559,43,697.36,QUOTATION,ea38b7e1-b488-4873-ab04-3066d219b434,3,4000
4553321248,200,1696.58,REJECTED,73df3d25-bcec-47a6-8d66-6b628e81ed2d,2,3000
4541934850,933,2138.61,WAITING,dbce3e63-1a5c-4595-a1f9-d09c3d978567,5,4000
4574548132,677,6056.18,APPROVED,a4926703-442b-4179-808a-04de7d4e1015,5,3000
4535806559,174,1724.24,APPROVED,0a58bce2-1697-4c89-b568-ae280f33f982,5,2000
4514030480,982,3701.07,WAITING,384bae62-8ba8-4cac-b8ad-3df4e68bcafa,5,4000
4545668438,326,7791.23,QUOTATION,2c6e3cb9-21cb-4de6-ae38-f117a3cbdfe2,1,1000
4519332850,733,1290.35,QUOTATION,b6bbc970-46d2-4ff4-9c52-80f378cfe8ea,2,4000
4538204266,803,5662.27,APPROVED,2cf52c48-a37c-4244-a030-3fe16c443ecd,4,3000
4557543523,259,7053.87,WAITING,b577718c-a2a9-4f8a-a41c-7cac0d102aab,5,3000
4566013718,628,4458.92,WAITING,ad64acbd-9045-44ec-9111-f6b3b90cb060,2,4000
4573893451,225,4860.42,QUOTATION,e069016d-d217-4fbc-b438-1e8790b731fb,4,4000
4582209652,910,6552.7,WAITING,9ec93c76-9578-4947-a5ca-def516b026cb,4,3000
4554058941,723,770.67,APPROVED,68681084-7b12-4fd9-9704-7da3802cb451,3,1000
4592801746,776,9220.75,WAITING,b6bbc970-46d2-4ff4-9c52-80f378cfe8ea,3,4000
4538980255,937,8171.91,WAITING,5257f4f1-580e-4eb3-89f9-6cae458e4509,1,1000
4546819489,397,8120.6,WAITING,28d388a1-0e70-41d0-a8a1-abb9e3263b7b,1,4000
4598245665,846,4644.1,APPROVED,3d3527a9-4ef5-45d5-83c2-4178789f9921,1,2000
4599741480,114,7522.61,QUOTATION,ba5b8587-5d45-44ac-9e4e-16cb4b3afecc,3,4000
4564564568,611,1830.66,QUOTATION,37bf8863-0046-49cb-a72c-f7e41661214b,4,1000
4595343937,679,695.75,WAITING,01bb5e4b-33d3-4db2-85a2-499f5c9e31b4,1,2000
4526757638,649,2129.04,QUOTATION,0a58bce2-1697-4c89-b568-ae280f33f982,4,2000
4537363959,203,4960.47,QUOTATION,84aadcf6-499b-4416-9a35-3e546eb39a5c,4,2000
4502926225,51,9343.77,WAITING,15ddc72a-7103-4a88-a951-49c5aa75affd,2,1000
4581870169,624,8870.44,QUOTATION,62117371-6664-4e90-9e4c-e3939789c81a,2,3000
4567280277,852,9438.24,QUOTATION,ad64acbd-9045-44ec-9111-f6b3b90cb060,4,2000
4534796255,560,7350.53,REJECTED,17dffc12-ac1a-44ed-ad09-3c824851c624,1,2000
4589170641,144,424.61,REJECTED,0b319577-4ab0-4684-b112-b27aad212cb1,2,4000
4516617123,246,1934.95,REJECTED,e069016d-d217-4fbc-b438-1e8790b731fb,2,2000
4508465357,178,8876.03,REJECTED,b020551c-5fe7-45ea-881a-6fa78332362d,2,2000
4592684440,472,4461.88,APPROVED,3ee51816-f540-45e6-8401-474c5df84e78,5,2000
4587049423,973,4852.8,WAITING,3d3527a9-4ef5-45d5-83c2-4178789f9921,5,2000
4538832289,788,9056.81,WAITING,e069016d-d217-4fbc-b438-1e8790b731fb,3,3000
4571122160,162,2302.77,APPROVED,4029508a-afa4-4faf-b175-4bb65b8a4dbb,3,2000
4578888015,305,4929.38,WAITING,cea90057-5542-4a9f-8ad8-2fa263b39b7b,4,4000
4564043669,75,9287.1,QUOTATION,ad64acbd-9045-44ec-9111-f6b3b90cb060,1,3000
4578857966,730,9059.86,APPROVED,b6bbc970-46d2-4ff4-9c52-80f378cfe8ea,3,3000
4553062606,517,264.9,REJECTED,a4926703-442b-4179-808a-04de7d4e1015,1,4000
4563074457,577,7099.05,REJECTED,41f3b33b-8871-42fd-90d5-1d1d9f2d5aed,5,4000
4576099532,425,9773.23,REJECTED,82ebf1b0-6982-4deb-ac51-c7a6d0a68c5d,2,1000
4541887617,212,9108.39,WAITING,a9da22e7-f42f-4428-9083-96395b7a7e9a,3,4000
4532045174,323,2818.95,REJECTED,4029508a-afa4-4faf-b175-4bb65b8a4dbb,2,2000
4505176433,611,7773.11,REJECTED,71b893be-0a75-41a7-9a52-bcdb771cc5ec,5,1000
4538413370,874,1367.69,WAITING,110f8801-eea1-420d-98e6-dd439569747b,1,3000
4518565166,533,8049.03,WAITING,aa51a37d-2867-459b-8885-b5c8b161616a,2,3000
4584818464,363,7127.07,WAITING,cea90057-5542-4a9f-8ad8-2fa263b39b7b,1,1000
4541565220,97,703.97,WAITING,28d388a1-0e70-41d0-a8a1-abb9e3263b7b,1,1000
4571082012,924,9372.67,WAITING,611eefb3-ef38-4a2e-831a-15aff1dde8f8,4,1000
4581736155,816,9567.52,QUOTATION,32149af9-a4f0-4e80-a73d-490a9faef06f,1,4000
4552259452,631,2741.8,QUOTATION,51991c98-a328-457f-a862-0962b2d30ddc,2,4000
4586472890,309,2856.95,WAITING,0e752cfe-75ff-427d-8214-57710b509b33,5,2000
4598620834,751,1175.81,APPROVED,68681084-7b12-4fd9-9704-7da3802cb451,1,2000
4582000812,197,4640.23,QUOTATION,6c55f239-a4f0-4edd-afe8-02d129db9eda,2,4000
4582862592,434,537.91,WAITING,0a58bce2-1697-4c89-b568-ae280f33f982,1,4000
4594346391,835,4386.8,APPROVED,00a417fb-f2b9-4bb8-90c0-0787c3f2e3c7,1,4000
4572109263,753,8604.18,QUOTATION,dbce3e63-1a5c-4595-a1f9-d09c3d978567,5,2000
4524018145,985,5228.58,WAITING,9ec93c76-9578-4947-a5ca-def516b026cb,5,4000
4549267874,502,8345.46,APPROVED,37bf8863-0046-49cb-a72c-f7e41661214b,1,4000
4535216679,226,6820.77,QUOTATION,d7da1df8-a4af-4efe-a657-570c6d350470,2,2000
4563150383,892,3184.62,WAITING,8ca5ca23-a910-469b-aec1-73bd31d74ba2,1,2000
4539868747,727,4137.38,WAITING,a1ad3c2b-45ca-491c-8ef2-a64af7d19e43,5,2000
4570960889,868,4415.15,REJECTED,b0154cbb-c693-4062-88b9-a8acf4402b56,5,1000
4575507998,842,8361.36,APPROVED,15ddc72a-7103-4a88-a951-49c5aa75affd,1,1000
4526848427,224,7041.61,QUOTATION,5257f4f1-580e-4eb3-89f9-6cae458e4509,5,2000
4562953467,583,2657.56,WAITING,6cc3c3b9-23fa-4969-8791-af89dedc62c9,5,2000
4580715421,238,8254.58,APPROVED,408c4fe5-9066-4997-8f1c-ad8daae4b1f6,3,2000
4573876852,98,9100.26,APPROVED,d0d94739-009d-44aa-ae3d-8c35a65083c5,2,4000
4531935490,36,354.15,WAITING,bf599d91-442c-4e09-b5ae-b9f08a417d11,1,3000
4516883951,75,9535.21,QUOTATION,fe53d2be-049c-47fa-871a-c4a8b1a10e40,1,2000
4545739737,173,8623.59,QUOTATION,dbce3e63-1a5c-4595-a1f9-d09c3d978567,5,4000
4573567471,57,6527.55,REJECTED,611eefb3-ef38-4a2e-831a-15aff1dde8f8,1,4000
4518761939,528,1842.53,APPROVED,0439439c-8945-42c4-b079-5340d85df97c,2,3000
4574725439,883,5999.55,APPROVED,cf11fe2a-443a-44e9-96b0-e6b91ddfa87d,1,4000
4571788784,358,8190.66,QUOTATION,134244b2-90f7-4d62-8488-d71e29828266,2,2000
4540886559,311,8211.7,APPROVED,9fc109ea-2585-4c23-9329-2ccda2d964eb,3,3000
4581456076,110,2115.54,WAITING,d5b6a98e-464a-4e85-ad1c-7fd6be7df835,5,2000
4538688440,214,5297.79,QUOTATION,37bf8863-0046-49cb-a72c-f7e41661214b,2,3000
4535883437,654,8694.27,QUOTATION,daffc87a-fdb5-424e-9155-782c6cd1b731,1,1000
4596840207,98,9444.36,WAITING,834a14f7-cbd7-4220-9587-cd61c93c8253,4,3000
4568953204,338,5281.21,APPROVED,3341d7ea-5bed-42e4-82c2-18d0adfbcdf1,3,3000
4567827337,120,4950.14,REJECTED,12a301b9-4c71-4181-a853-d29be7b6bd18,1,2000
4555713540,548,4549.48,APPROVED,6c55f239-a4f0-4edd-afe8-02d129db9eda,2,3000
4546780010,214,681.14,REJECTED,9c7454a7-b80c-4d19-b841-4c0343b75add,1,2000
4536184781,245,9943.24,REJECTED,b020551c-5fe7-45ea-881a-6fa78332362d,3,4000
4580839591,689,6583.03,APPROVED,c40f8a37-9024-4fcd-80a6-7917301ba6bd,5,4000
4519157102,641,5170.91,QUOTATION,834a14f7-cbd7-4220-9587-cd61c93c8253,1,1000
4523630897,931,7408.35,QUOTATION,ad64acbd-9045-44ec-9111-f6b3b90cb060,2,2000
4503401765,283,8169.26,REJECTED,00a417fb-f2b9-4bb8-90c0-0787c3f2e3c7,4,1000
4529053752,85,7921.43,QUOTATION,8ca5ca23-a910-469b-aec1-73bd31d74ba2,1,2000
4570969418,246,5523.22,QUOTATION,de541e55-b7b6-404a-8ce0-a6f1ea925750,2,4000
4578247408,596,7513.46,REJECTED,71b893be-0a75-41a7-9a52-bcdb771cc5ec,3,4000
4549503094,994,5170.01,WAITING,71b893be-0a75-41a7-9a52-bcdb771cc5ec,3,1000
4517247094,38,1044.07,REJECTED,975480d4-8c15-44ba-8c55-a9938bdaa2c4,4,1000
4525131257,298,7668.94,REJECTED,28d388a1-0e70-41d0-a8a1-abb9e3263b7b,4,4000
4503401488,359,8578.57,WAITING,384bae62-8ba8-4cac-b8ad-3df4e68bcafa,1,3000
4561641515,374,6028.84,WAITING,b6bbc970-46d2-4ff4-9c52-80f378cfe8ea,5,3000
4581632669,885,7135.65,REJECTED,17dffc12-ac1a-44ed-ad09-3c824851c624,1,4000
4514960489,326,696.35,WAITING,ba3d4978-80db-4a12-9f06-e4c698936184,1,3000
4576234366,985,5308.6,QUOTATION,bf599d91-442c-4e09-b5ae-b9f08a417d11,1,4000
4528248163,44,8422.9,QUOTATION,0c328cd6-def4-4097-8b5d-ef9b4362cfd3,4,4000
4575778563,448,4985.99,APPROVED,2c6e3cb9-21cb-4de6-ae38-f117a3cbdfe2,2,1000
4509986997,139,3646.77,WAITING,ebfe58ef-0dee-41d8-859e-ae2bff66e7fc,4,1000
4546170656,846,319.74,APPROVED,fffeaf8f-4b6b-4357-a309-89f4769c36da,2,3000
4522209207,723,9213.45,QUOTATION,84aadcf6-499b-4416-9a35-3e546eb39a5c,2,3000
4506575446,405,3025.22,QUOTATION,73df3d25-bcec-47a6-8d66-6b628e81ed2d,5,1000
4564842725,206,5268.04,WAITING,17dffc12-ac1a-44ed-ad09-3c824851c624,4,3000
4529641983,360,5300.18,WAITING,8df0c99e-2745-44ae-94ee-ad79cb114fdb,4,3000
4518570872,843,3404.89,WAITING,ad64acbd-9045-44ec-9111-f6b3b90cb060,1,1000
4571708999,532,5300.72,QUOTATION,a1ad3c2b-45ca-491c-8ef2-a64af7d19e43,4,3000
4599032532,779,7708.57,QUOTATION,dbce3e63-1a5c-4595-a1f9-d09c3d978567,5,1000
4593146289,601,1870.77,WAITING,05767575-2944-4457-9aa7-06e1dae2ae25,3,2000
4550674369,139,9326.21,WAITING,2cf52c48-a37c-4244-a030-3fe16c443ecd,5,1000
4533545168,980,9735.05,WAITING,8ca5ca23-a910-469b-aec1-73bd31d74ba2,5,3000
4524580138,458,7305.76,REJECTED,611eefb3-ef38-4a2e-831a-15aff1dde8f8,1,3000
4505438397,418,6526.19,REJECTED,f524f9ee-95cb-4e66-a6c1-b58f8296e7f3,4,4000
4544329308,684,6598.36,QUOTATION,76fa0c16-dc3a-4a9b-b914-de6a0097f3dc,3,2000
4576923664,861,2231.34,WAITING,0e752cfe-75ff-427d-8214-57710b509b33,1,1000
4581024474,364,227.44,WAITING,5257f4f1-580e-4eb3-89f9-6cae458e4509,1,1000
4577866609,81,7146.95,REJECTED,0e752cfe-75ff-427d-8214-57710b509b33,4,3000
4599642771,666,5197.24,QUOTATION,9fc109ea-2585-4c23-9329-2ccda2d964eb,2,2000
4581660800,178,8011.84,REJECTED,a4926703-442b-4179-808a-04de7d4e1015,3,2000
4505768105,960,6186.41,QUOTATION,0b319577-4ab0-4684-b112-b27aad212cb1,1,4000
4542557935,626,7392.91,QUOTATION,ce1eeb99-74a8-4547-b95c-345102c07d21,4,4000
4557524899,502,8889.49,QUOTATION,74d238f7-61d4-41c6-9d51-b05f2eddcb36,3,2000
4533917599,387,1720.06,APPROVED,0c328cd6-def4-4097-8b5d-ef9b4362cfd3,1,1000
4531159985,323,2540.99,APPROVED,a9da22e7-f42f-4428-9083-96395b7a7e9a,3,2000
4548053634,44,6158.91,WAITING,01bb5e4b-33d3-4db2-85a2-499f5c9e31b4,5,2000
4548837735,339,2206.92,REJECTED,3ee51816-f540-45e6-8401-474c5df84e78,3,3000
4500884581,399,6880.35,APPROVED,6c55f239-a4f0-4edd-afe8-02d129db9eda,5,4000
4591366451,892,8390.16,WAITING,cea90057-5542-4a9f-8ad8-2fa263b39b7b,5,3000
4552644079,394,9289.5,QUOTATION,5c250769-58e7-4a67-92b8-05566aab2cd0,3,3000
4594459694,508,7440.22,APPROVED,a4926703-442b-4179-808a-04de7d4e1015,5,1000
4554414736,187,4008.93,REJECTED,73df3d25-bcec-47a6-8d66-6b628e81ed2d,3,2000
4557126683,551,3962.55,REJECTED,ea38b7e1-b488-4873-ab04-3066d219b434,1,2000
4503987464,141,1809.85,QUOTATION,ce1eeb99-74a8-4547-b95c-345102c07d21,3,1000
4506361460,327,4679.13,QUOTATION,3ee51816-f540-45e6-8401-474c5df84e78,2,3000
4505064576,845,75.96,APPROVED,9c7454a7-b80c-4d19-b841-4c0343b75add,3,1000
4512040757,111,7763.0,QUOTATION,37bf8863-0046-49cb-a72c-f7e41661214b,2,2000
4564233669,895,5636.98,APPROVED,51991c98-a328-457f-a862-0962b2d30ddc,4,1000
4583934580,135,6308.66,APPROVED,f6979cad-3c89-4280-985d-d7f07aaa8c2b,4,4000
4538928995,139,1232.03,REJECTED,8ca5ca23-a910-469b-aec1-73bd31d74ba2,4,3000
4559614425,791,9940.98,APPROVED,fcc9df1e-2761-4b55-8f60-015b21066d78,2,2000
4555346676,57,4994.34,APPROVED,f524f9ee-95cb-4e66-a6c1-b58f8296e7f3,1,2000
4588994041,543,5990.36,REJECTED,fffeaf8f-4b6b-4357-a309-89f4769c36da,2,3000
4598860153,664,424.32,WAITING,0e752cfe-75ff-427d-8214-57710b509b33,4,4000
4519063554,744,9526.81,REJECTED,3341d7ea-5bed-42e4-82c2-18d0adfbcdf1,1,4000
4543721598,444,8774.53,WAITING,84aadcf6-499b-4416-9a35-3e546eb39a5c,3,1000
4574601228,202,4232.35,QUOTATION,ebfe58ef-0dee-41d8-859e-ae2bff66e7fc,5,4000
4504127760,236,1470.95,APPROVED,82ebf1b0-6982-4deb-ac51-c7a6d0a68c5d,1,2000
4550975188,221,5019.49,APPROVED,f6979cad-3c89-4280-985d-d7f07aaa8c2b,1,3000
4504005934,436,2933.0,REJECTED,6c55f239-a4f0-4edd-afe8-02d129db9eda,1,4000
4580422275,894,2458.1,REJECTED,05767575-2944-4457-9aa7-06e1dae2ae25,3,3000
4502982119,734,2087.13,REJECTED,00a417fb-f2b9-4bb8-90c0-0787c3f2e3c7,4,1000
4544725952,369,5731.62,REJECTED,a4926703-442b-4179-808a-04de7d4e1015,1,1000
4588997022,230,3131.37,WAITING,71b893be-0a75-41a7-9a52-bcdb771cc5ec,4,4000
4582415954,925,5089.4,QUOTATION,fe53d2be-049c-47fa-871a-c4a8b1a10e40,3,2000
4593064172,12,9720.19,REJECTED,791660af-f0db-4fbd-a3a4-86bd38182556,3,1000
4543910763,804,3811.99,QUOTATION,110f8801-eea1-420d-98e6-dd439569747b,4,3000
4501090079,954,8951.08,APPROVED,2c7b9d8a-6b92-4a21-a03e-024e434a203d,1,4000
4557948613,978,4023.98,WAITING,791660af-f0db-4fbd-a3a4-86bd38182556,4,4000
4598527967,373,7557.27,WAITING,71b893be-0a75-41a7-9a52-bcdb771cc5ec,2,2000
4555677783,366,7247.87,WAITING,01bb5e4b-33d3-4db2-85a2-499f5c9e31b4,3,4000
4570864698,33,9253.27,REJECTED,2cf52c48-a37c-4244-a030-3fe16c443ecd,3,1000
4514077549,559,6158.08,APPROVED,611eefb3-ef38-4a2e-831a-15aff1dde8f8,1,3000
4544492667,593,3472.14,QUOTATION,6cc3c3b9-23fa-4969-8791-af89dedc62c9,1,4000
4538253789,457,9912.06,WAITING,71b893be-0a75-41a7-9a52-bcdb771cc5ec,3,1000
4536749996,805,7905.92,WAITING,d4dbba0a-2b26-4233-9017-bb25b2e860f3,1,4000
4555701377,888,8853.92,APPROVED,3c65561d-5119-4985-87e7-48965fe9f62c,4,4000
4525622121,642,4274.38,QUOTATION,84aadcf6-499b-4416-9a35-3e546eb39a5c,3,4000
4576659426,629,316.59,REJECTED,15ddc72a-7103-4a88-a951-49c5aa75affd,5,2000
4558887775,583,119.56,WAITING,3ee51816-f540-45e6-8401-474c5df84e78,3,3000
4529476774,276,1901.94,REJECTED,6cc3c3b9-23fa-4969-8791-af89dedc62c9,5,4000
4595763358,248,3133.78,QUOTATION,f6979cad-3c89-4280-985d-d7f07aaa8c2b,1,4000
4558248501,462,2612.23,QUOTATION,82ebf1b0-6982-4deb-ac51-c7a6d0a68c5d,1,3000
4537908169,716,4777.73,WAITING,d4dbba0a-2b26-4233-9017-bb25b2e860f3,2,1000
4580094568,250,870.18,REJECTED,5257f4f1-580e-4eb3-89f9-6cae458e4509,1,3000
4578764593,692,8930.3,APPROVED,8ca5ca23-a910-469b-aec1-73bd31d74ba2,3,3000
4568315828,966,6715.02,REJECTED,b6bbc970-46d2-4ff4-9c52-80f378cfe8ea,3,2000
4555622445,326,5277.5,QUOTATION,74d238f7-61d4-41c6-9d51-b05f2eddcb36,2,3000
4520668675,244,342.13,QUOTATION,74d238f7-61d4-41c6-9d51-b05f2eddcb36,2,1000
4575718928,711,3313.52,WAITING,2c6e3cb9-21cb-4de6-ae38-f117a3cbdfe2,2,2000
4589754062,880,3065.47,APPROVED,2ab670e8-49e3-4a95-9871-d937f77b5927,1,2000
4544658115,237,1637.96,QUOTATION,aa51a37d-2867-459b-8885-b5c8b161616a,5,2000
4595306331,883,5049.29,WAITING,a4926703-442b-4179-808a-04de7d4e1015,5,1000
4566689498,54,3242.6,REJECTED,f524f9ee-95cb-4e66-a6c1-b58f8296e7f3,2,3000
4512363458,705,2300.24,QUOTATION,da731710-48f7-4c02-8dd6-917ff4c62e3b,2,4000
4588239503,489,2717.56,QUOTATION,ebfe58ef-0dee-41d8-859e-ae2bff66e7fc,2,1000
4588338688,40,1950.87,QUOTATION,134244b2-90f7-4d62-8488-d71e29828266,3,1000
4554981737,764,7417.95,REJECTED,ba3d4978-80db-4a12-9f06-e4c698936184,3,2000
4559216585,20,6242.87,QUOTATION,32149af9-a4f0-4e80-a73d-490a9faef06f,2,4000
4571892518,209,5880.59,REJECTED,12a301b9-4c71-4181-a853-d29be7b6bd18,5,4000
4574566100,241,2660.58,REJECTED,35672019-b6d1-42b4-b906-8819b248182e,2,3000
4597414546,452,4583.76,REJECTED,eb8e5632-45d0-47e9-bcc0-ee76bf030643,4,2000
4544871209,525,5938.8,REJECTED,134244b2-90f7-4d62-8488-d71e29828266,3,3000
4541089882,704,9771.38,WAITING,9a109dc4-7be3-4aec-94bb-ede38f79ae14,3,2000
4525084507,624,3932.01,APPROVED,d7da1df8-a4af-4efe-a657-570c6d350470,1,2000
4565426935,475,8929.47,REJECTED,0f7e95f4-4fb9-4987-a1e1-5264880e721e,5,1000
4566858922,539,3968.14,WAITING,2c6e3cb9-21cb-4de6-ae38-f117a3cbdfe2,4,4000
4511698246,922,2203.74,REJECTED,de541e55-b7b6-404a-8ce0-a6f1ea925750,2,3000
4553831895,246,5033.78,QUOTATION,71b893be-0a75-41a7-9a52-bcdb771cc5ec,2,4000
4585736002,99,5852.99,WAITING,eb8e5632-45d0-47e9-bcc0-ee76bf030643,4,2000
4577360403,430,1612.43,APPROVED,384bae62-8ba8-4cac-b8ad-3df4e68bcafa,2,4000
4507427801,95,2738.59,REJECTED,3c65561d-5119-4985-87e7-48965fe9f62c,3,4000
4506643110,611,9486.32,WAITING,f524f9ee-95cb-4e66-a6c1-b58f8296e7f3,3,3000
4588536775,610,347.46,REJECTED,d5b6a98e-464a-4e85-ad1c-7fd6be7df835,4,4000
4598880083,762,8171.8,REJECTED,bf599d91-442c-4e09-b5ae-b9f08a417d11,4,3000
4535645569,638,5360.53,REJECTED,4a2d279e-2495-496f-80d9-bc5a45e3b6b4,1,2000
4501876676,551,8336.18,QUOTATION,5257f4f1-580e-4eb3-89f9-6cae458e4509,1,1000
4572025169,580,1338.77,APPROVED,834a14f7-cbd7-4220-9587-cd61c93c8253,1,1000
4582140183,129,2473.25,APPROVED,0f7e95f4-4fb9-4987-a1e1-5264880e721e,4,3000
4599300797,46,9064.09,QUOTATION,f6979cad-3c89-4280-985d-d7f07aaa8c2b,5,2000
4536390705,75,5189.53,WAITING,bf599d91-442c-4e09-b5ae-b9f08a417d11,1,4000
4588850993,283,4107.9,REJECTED,8ca5ca23-a910-469b-aec1-73bd31d74ba2,4,2000
4599149560,480,1742.46,APPROVED,73df3d25-bcec-47a6-8d66-6b628e81ed2d,5,3000
4513257173,351,6729.16,WAITING,4029508a-afa4-4faf-b175-4bb65b8a4dbb,1,1000
4569978544,129,540.97,REJECTED,9fc109ea-2585-4c23-9329-2ccda2d964eb,2,4000
4536299663,636,3557.09,WAITING,ba5b8587-5d45-44ac-9e4e-16cb4b3afecc,5,2000
4568853035,20,6811.71,REJECTED,b0154cbb-c693-4062-88b9-a8acf4402b56,1,3000
4563138036,877,8601.47,APPROVED,915bda23-d2b3-4bab-9d3b-0b701beb76fa,4,4000
4594643541,415,8237.03,REJECTED,71b893be-0a75-41a7-9a52-bcdb771cc5ec,5,2000
4519109952,487,1782.06,WAITING,84aadcf6-499b-4416-9a35-3e546eb39a5c,4,3000
4520936239,719,1267.13,QUOTATION,daffc87a-fdb5-424e-9155-782c6cd1b731,5,3000
4572470738,145,1606.45,APPROVED,de541e55-b7b6-404a-8ce0-a6f1ea925750,5,2000
4549579959,628,2149.13,QUOTATION,975480d4-8c15-44ba-8c55-a9938bdaa2c4,4,4000
4568336156,47,2317.53,REJECTED,ba5b8587-5d45-44ac-9e4e-16cb4b3afecc,4,1000
4519300395,988,1380.41,APPROVED,6c55f239-a4f0-4edd-afe8-02d129db9eda,3,4000
4523918156,454,3482.74,QUOTATION,62117371-6664-4e90-9e4c-e3939789c81a,4,2000
4523794329,413,3103.69,WAITING,12a301b9-4c71-4181-a853-d29be7b6bd18,2,1000
4577252712,191,8742.02,QUOTATION,74d238f7-61d4-41c6-9d51-b05f2eddcb36,2,3000
4544002766,856,164.88,REJECTED,41e46c83-90d4-4836-a022-b900a018b3fa,1,2000
4508349087,142,3837.2,QUOTATION,651e8d5b-8636-4635-a934-6f9427d506b8,3,3000
4590193720,499,2431.01,WAITING,41f3b33b-8871-42fd-90d5-1d1d9f2d5aed,2,2000
4529772174,892,3363.45,QUOTATION,2cf52c48-a37c-4244-a030-3fe16c443ecd,3,4000
4534568396,923,3862.75,WAITING,fffeaf8f-4b6b-4357-a309-89f4769c36da,2,3000
4589621834,40,5848.59,QUOTATION,aa51a37d-2867-459b-8885-b5c8b161616a,4,1000
4502618065,15,1322.81,APPROVED,8ca5ca23-a910-469b-aec1-73bd31d74ba2,4,3000
4572743705,170,1072.69,QUOTATION,8ca5ca23-a910-469b-aec1-73bd31d74ba2,1,2000
4523835124,73,4388.56,WAITING,fcc9df1e-2761-4b55-8f60-015b21066d78,2,2000
4518623979,393,3837.94,QUOTATION,3c65561d-5119-4985-87e7-48965fe9f62c,5,1000
4580250425,391,3420.8,QUOTATION,eb8e5632-45d0-47e9-bcc0-ee76bf030643,5,1000
4532147044,227,848.87,APPROVED,5257f4f1-580e-4eb3-89f9-6cae458e4509,1,2000
4525855710,486,4731.37,QUOTATION,4a2d279e-2495-496f-80d9-bc5a45e3b6b4,1,4000
4596470514,740,8133.57,APPROVED,daffc87a-fdb5-424e-9155-782c6cd1b731,3,3000
4504178637,593,7997.92,APPROVED,d5b6a98e-464a-4e85-ad1c-7fd6be7df835,4,4000
4570897268,145,4020.3,WAITING,12a301b9-4c71-4181-a853-d29be7b6bd18,5,3000
4513725475,176,5558.88,WAITING,82ebf1b0-6982-4deb-ac51-c7a6d0a68c5d,3,4000
4572778847,191,9531.76,QUOTATION,71b893be-0a75-41a7-9a52-bcdb771cc5ec,5,3000
4543856690,637,2050.46,REJECTED,0f7e95f4-4fb9-4987-a1e1-5264880e721e,5,3000
4594485873,355,7376.88,QUOTATION,00a417fb-f2b9-4bb8-90c0-0787c3f2e3c7,1,3000
4514524077,838,6279.19,APPROVED,00a417fb-f2b9-4bb8-90c0-0787c3f2e3c7,3,2000
4586027711,9,7752.36,WAITING,4029508a-afa4-4faf-b175-4bb65b8a4dbb,3,2000
4598319938,318,342.97,WAITING,51991c98-a328-457f-a862-0962b2d30ddc,4,4000
4596649862,957,7282.89,WAITING,bcebc30c-15e5-48e2-9c32-c86d886f82a0,2,3000
4540318555,411,2027.08,WAITING,ad64acbd-9045-44ec-9111-f6b3b90cb060,3,3000
4522267598,270,9262.29,WAITING,b020551c-5fe7-45ea-881a-6fa78332362d,1,3000
4514924635,884,5611.6,APPROVED,00a417fb-f2b9-4bb8-90c0-0787c3f2e3c7,1,4000
4580323695,989,8117.7,APPROVED,651e8d5b-8636-4635-a934-6f9427d506b8,4,1000
4523712322,46,1643.52,REJECTED,84aadcf6-499b-4416-9a35-3e546eb39a5c,5,1000
4521815610,577,5227.94,APPROVED,05767575-2944-4457-9aa7-06e1dae2ae25,5,3000
4525769959,829,1023.71,REJECTED,51991c98-a328-457f-a862-0962b2d30ddc,4,2000
4597913168,763,278.56,WAITING,2c7b9d8a-6b92-4a21-a03e-024e434a203d,3,1000
4586327548,290,2033.37,WAITING,00a417fb-f2b9-4bb8-90c0-0787c3f2e3c7,2,1000
4596272853,204,1692.54,QUOTATION,ce1eeb99-74a8-4547-b95c-345102c07d21,2,1000
4571346909,570,2017.68,REJECTED,0e752cfe-75ff-427d-8214-57710b509b33,3,2000
4586286942,477,9852.18,QUOTATION,37bf8863-0046-49cb-a72c-f7e41661214b,2,2000
4570528357,296,3865.78,APPROVED,12a301b9-4c71-4181-a853-d29be7b6bd18,1,3000
4547829011,663,3900.82,QUOTATION,2cf52c48-a37c-4244-a030-3fe16c443ecd,2,3000
4535847285,8,6128.97,WAITING,b0154cbb-c693-4062-88b9-a8acf4402b56,1,2000
4508308576,361,7562.79,APPROVED,d5b6a98e-464a-4e85-ad1c-7fd6be7df835,4,2000
4564545145,347,5898.9,QUOTATION,b6bbc970-46d2-4ff4-9c52-80f378cfe8ea,4,2000
4597905461,237,6555.39,APPROVED,62117371-6664-4e90-9e4c-e3939789c81a,4,1000
4511733911,641,9976.47,APPROVED,915bda23-d2b3-4bab-9d3b-0b701beb76fa,1,1000
4501086287,263,9280.54,APPROVED,d5b6a98e-464a-4e85-ad1c-7fd6be7df835,2,3000
4548838138,698,6736.79,QUOTATION,0e752cfe-75ff-427d-8214-57710b509b33,2,4000
4576139387,87,8906.1,APPROVED,9fc109ea-2585-4c23-9329-2ccda2d964eb,3,2000
4585002935,831,1105.09,REJECTED,ea38b7e1-b488-4873-ab04-3066d219b434,1,1000
4586135799,793,5596.12,QUOTATION,0c328cd6-def4-4097-8b5d-ef9b4362cfd3,5,1000
4514986421,870,4788.73,REJECTED,73df3d25-bcec-47a6-8d66-6b628e81ed2d,3,3000
4558917028,291,1534.8,QUOTATION,71b893be-0a75-41a7-9a52-bcdb771cc5ec,1,2000
4588941426,10,9967.78,QUOTATION,0e752cfe-75ff-427d-8214-57710b509b33,5,3000
4555010823,345,586.17,QUOTATION,3341d7ea-5bed-42e4-82c2-18d0adfbcdf1,4,3000
4518660020,143,8974.28,REJECTED,9567383e-1921-4683-803b-509faa2bc9d5,3,1000
4519390995,266,7676.04,REJECTED,da731710-48f7-4c02-8dd6-917ff4c62e3b,3,3000
4589543955,291,7606.55,QUOTATION,6cc3c3b9-23fa-4969-8791-af89dedc62c9,3,4000
4573187322,24,8681.7,APPROVED,4a2d279e-2495-496f-80d9-bc5a45e3b6b4,4,4000
4547048188,723,9789.1,REJECTED,fffeaf8f-4b6b-4357-a309-89f4769c36da,5,1000
4523094590,610,4060.38,REJECTED,f6979cad-3c89-4280-985d-d7f07aaa8c2b,5,4000
4549552678,500,5128.35,QUOTATION,9ec93c76-9578-4947-a5ca-def516b026cb,2,1000
4551051365,357,1473.58,REJECTED,37bf8863-0046-49cb-a72c-f7e41661214b,4,3000
4592927710,829,9806.65,APPROVED,74d238f7-61d4-41c6-9d51-b05f2eddcb36,3,2000
4598024485,956,6301.73,REJECTED,0c328cd6-def4-4097-8b5d-ef9b4362cfd3,5,2000
4549319676,495,5565.42,WAITING,611eefb3-ef38-4a2e-831a-15aff1dde8f8,4,1000
4523837114,803,7360.87,APPROVED,0a58bce2-1697-4c89-b568-ae280f33f982,3,2000
4503959077,939,7569.23,APPROVED,b6bbc970-46d2-4ff4-9c52-80f378cfe8ea,2,4000
4538477642,446,5339.48,QUOTATION,5257f4f1-580e-4eb3-89f9-6cae458e4509,1,1000
4533849675,633,1963.04,APPROVED,17dffc12-ac1a-44ed-ad09-3c824851c624,4,4000
4584366489,110,7711.97,APPROVED,915bda23-d2b3-4bab-9d3b-0b701beb76fa,5,3000
4591262105,723,1596.42,REJECTED,41f3b33b-8871-42fd-90d5-1d1d9f2d5aed,2,1000
4554497424,854,9576.56,APPROVED,ebfe58ef-0dee-41d8-859e-ae2bff66e7fc,4,3000
4528568957,301,4712.14,WAITING,bcebc30c-15e5-48e2-9c32-c86d886f82a0,5,3000
4588232544,341,553.07,APPROVED,8ca5ca23-a910-469b-aec1-73bd31d74ba2,4,4000
4597680678,955,8952.28,WAITING,84aadcf6-499b-4416-9a35-3e546eb39a5c,4,3000
4567043115,660,4666.72,REJECTED,e7ba4d18-37bf-472c-9d3a-7756c21a55c9,4,4000
4586060504,801,9595.34,REJECTED,32149af9-a4f0-4e80-a73d-490a9faef06f,4,1000
4575059426,57,2451.59,WAITING,5c250769-58e7-4a67-92b8-05566aab2cd0,2,3000
4545615295,453,9422.93,REJECTED,32149af9-a4f0-4e80-a73d-490a9faef06f,5,4000
4558839863,972,4594.39,WAITING,ba5b8587-5d45-44ac-9e4e-16cb4b3afecc,1,2000
4524692760,379,2992.83,APPROVED,cf11fe2a-443a-44e9-96b0-e6b91ddfa87d,4,3000
4506799251,276,5853.47,WAITING,17dffc12-ac1a-44ed-ad09-3c824851c624,5,4000
4589398404,422,1812.74,WAITING,a1a6e723-19c6-46fd-a584-917efe27f127,3,2000
4536787092,809,2530.2,QUOTATION,76fa0c16-dc3a-4a9b-b914-de6a0097f3dc,1,3000
4587556413,315,5803.44,APPROVED,84aadcf6-499b-4416-9a35-3e546eb39a5c,1,2000
4504245392,770,1608.88,WAITING,68681084-7b12-4fd9-9704-7da3802cb451,5,3000
4539167608,111,80.11,APPROVED,bf599d91-442c-4e09-b5ae-b9f08a417d11,5,1000
4585269001,413,4497.5,WAITING,3f3292d8-3056-42da-9ec5-d080c252a223,2,1000
4502579730,934,5057.29,QUOTATION,2c7b9d8a-6b92-4a21-a03e-024e434a203d,4,2000
4585966623,15,5508.91,WAITING,ba3d4978-80db-4a12-9f06-e4c698936184,2,1000
4522602022,169,1238.79,REJECTED,611eefb3-ef38-4a2e-831a-15aff1dde8f8,1,3000
4524238756,825,7914.5,QUOTATION,2cf52c48-a37c-4244-a030-3fe16c443ecd,5,3000
4525533439,530,8556.32,WAITING,dbce3e63-1a5c-4595-a1f9-d09c3d978567,2,1000
4559597999,874,2011.23,WAITING,4a5df305-6d85-4b5a-81ca-b2a776017f8f,3,3000
4521990378,108,159.4,APPROVED,0b319577-4ab0-4684-b112-b27aad212cb1,1,3000
4524892428,828,687.87,REJECTED,bf599d91-442c-4e09-b5ae-b9f08a417d11,3,2000
4547038442,261,7989.38,REJECTED,834a14f7-cbd7-4220-9587-cd61c93c8253,2,1000
4501052455,273,7274.51,APPROVED,f524f9ee-95cb-4e66-a6c1-b58f8296e7f3,3,3000
4590290909,737,6118.5,WAITING,d4dbba0a-2b26-4233-9017-bb25b2e860f3,2,2000
4559677346,55,280.59,QUOTATION,76fa0c16-dc3a-4a9b-b914-de6a0097f3dc,4,1000
4531009071,411,2780.37,QUOTATION,4029508a-afa4-4faf-b175-4bb65b8a4dbb,2,1000
4566193410,295,3484.37,REJECTED,0439439c-8945-42c4-b079-5340d85df97c,5,2000
4581491348,399,2609.46,WAITING,aa51a37d-2867-459b-8885-b5c8b161616a,2,2000
4553923233,917,6103.31,APPROVED,6cc3c3b9-23fa-4969-8791-af89dedc62c9,3,4000
4564679370,956,5814.45,QUOTATION,41f3b33b-8871-42fd-90d5-1d1d9f2d5aed,2,3000
4529921881,520,3389.34,APPROVED,ba3d4978-80db-4a12-9f06-e4c698936184,2,1000
4553179318,361,7400.86,WAITING,3d3527a9-4ef5-45d5-83c2-4178789f9921,2,3000
4549308707,579,2762.58,WAITING,bcebc30c-15e5-48e2-9c32-c86d886f82a0,1,1000
4560698748,502,8142.06,WAITING,fe53d2be-049c-47fa-871a-c4a8b1a10e40,5,1000
4583543637,876,3351.6,REJECTED,12a301b9-4c71-4181-a853-d29be7b6bd18,4,3000
4582077696,47,1554.89,QUOTATION,82ebf1b0-6982-4deb-ac51-c7a6d0a68c5d,3,1000
4506387560,371,9390.36,WAITING,77b34563-244c-46da-b014-af1a9c7fa9e4,3,3000
4507456700,603,4291.0,QUOTATION,4029508a-afa4-4faf-b175-4bb65b8a4dbb,4,4000
4575416887,982,2092.88,APPROVED,12a301b9-4c71-4181-a853-d29be7b6bd18,4,2000
4553554437,570,3943.59,QUOTATION,da731710-48f7-4c02-8dd6-917ff4c62e3b,1,1000
4530799073,563,4294.16,QUOTATION,110f8801-eea1-420d-98e6-dd439569747b,4,4000
4531637557,536,6677.2,REJECTED,9a109dc4-7be3-4aec-94bb-ede38f79ae14,1,2000
4560943017,284,487.96,WAITING,3ee51816-f540-45e6-8401-474c5df84e78,1,1000
4548746076,834,5739.9,WAITING,dbce3e63-1a5c-4595-a1f9-d09c3d978567,2,2000
4555752366,858,9628.51,REJECTED,0b319577-4ab0-4684-b112-b27aad212cb1,5,1000
4521503305,840,6698.75,REJECTED,110f8801-eea1-420d-98e6-dd439569747b,3,1000
4552389350,6,2046.65,QUOTATION,2c7b9d8a-6b92-4a21-a03e-024e434a203d,3,4000
4548905078,632,9598.76,QUOTATION,791660af-f0db-4fbd-a3a4-86bd38182556,1,3000
4567691471,242,9900.49,REJECTED,cf11fe2a-443a-44e9-96b0-e6b91ddfa87d,3,3000
4536659094,261,7858.17,WAITING,82ebf1b0-6982-4deb-ac51-c7a6d0a68c5d,4,2000
4587025425,906,2170.29,QUOTATION,daffc87a-fdb5-424e-9155-782c6cd1b731,2,2000
4583658478,698,9877.49,APPROVED,eb8e5632-45d0-47e9-bcc0-ee76bf030643,5,3000
4593204811,721,1340.79,REJECTED,daffc87a-fdb5-424e-9155-782c6cd1b731,3,2000
4522990083,389,3557.13,REJECTED,00a417fb-f2b9-4bb8-90c0-0787c3f2e3c7,5,2000
4508784079,948,9316.65,REJECTED,6c55f239-a4f0-4edd-afe8-02d129db9eda,5,2000
4577477020,417,1710.51,QUOTATION,4a5df305-6d85-4b5a-81ca-b2a776017f8f,4,1000
4512809163,750,3429.7,APPROVED,41f3b33b-8871-42fd-90d5-1d1d9f2d5aed,1,2000
4529747513,969,2066.72,REJECTED,28d388a1-0e70-41d0-a8a1-abb9e3263b7b,3,4000
4563086422,826,5681.35,APPROVED,b577718c-a2a9-4f8a-a41c-7cac0d102aab,3,1000
4531936186,610,9116.71,WAITING,110f8801-eea1-420d-98e6-dd439569747b,2,2000
4568287841,352,3556.12,APPROVED,fe53d2be-049c-47fa-871a-c4a8b1a10e40,5,2000
4565725109,969,4846.67,REJECTED,f6dd041e-f994-407c-9a1b-2ee8a39b9b25,5,3000
4540969910,501,9462.56,REJECTED,bcebc30c-15e5-48e2-9c32-c86d886f82a0,1,3000
4586946006,677,6502.8,WAITING,bcebc30c-15e5-48e2-9c32-c86d886f82a0,4,4000
4573242936,782,2917.66,REJECTED,cea90057-5542-4a9f-8ad8-2fa263b39b7b,1,2000
4579852933,991,6354.26,WAITING,2cf52c48-a37c-4244-a030-3fe16c443ecd,1,2000
4537885429,642,2119.1,WAITING,05767575-2944-4457-9aa7-06e1dae2ae25,5,4000
4560562138,530,296.47,REJECTED,74d238f7-61d4-41c6-9d51-b05f2eddcb36,3,4000
4547728189,983,2613.75,APPROVED,41e46c83-90d4-4836-a022-b900a018b3fa,1,4000
4584815974,20,7545.4,WAITING,4a2d279e-2495-496f-80d9-bc5a45e3b6b4,4,2000
4554050847,565,3049.06,WAITING,62117371-6664-4e90-9e4c-e3939789c81a,1,1000
4532070469,387,4773.34,WAITING,9a109dc4-7be3-4aec-94bb-ede38f79ae14,5,4000
4521784146,513,3274.82,REJECTED,31ac60a6-1bc1-442c-ae10-4a420f770538,1,4000
4550542367,248,1699.46,WAITING,32149af9-a4f0-4e80-a73d-490a9faef06f,3,3000
4577258502,616,2260.22,WAITING,611eefb3-ef38-4a2e-831a-15aff1dde8f8,5,4000
4501843659,355,6173.78,REJECTED,da731710-48f7-4c02-8dd6-917ff4c62e3b,1,4000
4588138453,589,9213.29,WAITING,b020551c-5fe7-45ea-881a-6fa78332362d,5,2000
4544275803,19,9880.91,QUOTATION,de541e55-b7b6-404a-8ce0-a6f1ea925750,5,1000
4567469352,906,7955.1,APPROVED,71b893be-0a75-41a7-9a52-bcdb771cc5ec,3,1000
4544621716,818,3807.14,REJECTED,b0154cbb-c693-4062-88b9-a8acf4402b56,4,1000
4560027287,799,7940.5,APPROVED,3ee51816-f540-45e6-8401-474c5df84e78,5,1000
4534062901,468,1079.84,WAITING,ad64acbd-9045-44ec-9111-f6b3b90cb060,4,3000
4532233337,7,5909.51,APPROVED,9fc109ea-2585-4c23-9329-2ccda2d964eb,1,2000
4562974981,813,3200.16,REJECTED,17dffc12-ac1a-44ed-ad09-3c824851c624,5,3000
4562136844,973,4855.37,QUOTATION,84aadcf6-499b-4416-9a35-3e546eb39a5c,3,3000
4599868401,314,1317.02,APPROVED,9c7454a7-b80c-4d19-b841-4c0343b75add,2,2000
4545647506,979,3922.21,REJECTED,17dffc12-ac1a-44ed-ad09-3c824851c624,5,2000
4575455657,563,5260.4,REJECTED,0c328cd6-def4-4097-8b5d-ef9b4362cfd3,3,2000
4516901253,38,8295.82,QUOTATION,f6dd041e-f994-407c-9a1b-2ee8a39b9b25,1,4000
4506981635,101,760.89,REJECTED,de541e55-b7b6-404a-8ce0-a6f1ea925750,3,2000
4586676584,168,3395.95,APPROVED,e069016d-d217-4fbc-b438-1e8790b731fb,2,4000
4553855612,137,7120.82,QUOTATION,aa51a37d-2867-459b-8885-b5c8b161616a,2,1000
4590796699,146,4729.75,WAITING,41f3b33b-8871-42fd-90d5-1d1d9f2d5aed,1,4000
4553623802,174,9043.86,APPROVED,791660af-f0db-4fbd-a3a4-86bd38182556,5,1000
4509243693,195,8436.55,APPROVED,b6bbc970-46d2-4ff4-9c52-80f378cfe8ea,5,3000
4546370841,122,3864.17,QUOTATION,611eefb3-ef38-4a2e-831a-15aff1dde8f8,4,4000
4568844734,216,9173.98,APPROVED,6c55f239-a4f0-4edd-afe8-02d129db9eda,3,3000
4513703996,310,4219.49,WAITING,6cc3c3b9-23fa-4969-8791-af89dedc62c9,3,3000
4580521885,100,5896.76,WAITING,6c55f239-a4f0-4edd-afe8-02d129db9eda,3,4000
4579401310,400,3119.23,WAITING,73df3d25-bcec-47a6-8d66-6b628e81ed2d,5,2000
4535119803,798,9249.89,APPROVED,ce1eeb99-74a8-4547-b95c-345102c07d21,5,2000
4521491709,243,6760.65,QUOTATION,408c4fe5-9066-4997-8f1c-ad8daae4b1f6,1,2000
4504054386,778,2177.43,APPROVED,5c250769-58e7-4a67-92b8-05566aab2cd0,2,2000
4556048070,804,1792.38,REJECTED,d0d94739-009d-44aa-ae3d-8c35a65083c5,2,2000
4598015324,124,4489.18,REJECTED,f6979cad-3c89-4280-985d-d7f07aaa8c2b,5,4000
4508405836,398,5177.03,REJECTED,2c7b9d8a-6b92-4a21-a03e-024e434a203d,5,4000
4548199952,880,6591.79,QUOTATION,8ca5ca23-a910-469b-aec1-73bd31d74ba2,3,4000
4522553129,631,9746.68,QUOTATION,3d3527a9-4ef5-45d5-83c2-4178789f9921,1,4000
4548903761,827,6838.98,WAITING,eb8e5632-45d0-47e9-bcc0-ee76bf030643,5,4000
4576964916,339,1143.5,QUOTATION,2ab670e8-49e3-4a95-9871-d937f77b5927,5,2000
4576134930,851,7450.07,QUOTATION,975480d4-8c15-44ba-8c55-a9938bdaa2c4,2,3000
4516182623,24,8350.6,APPROVED,fcc9df1e-2761-4b55-8f60-015b21066d78,3,3000
4500677881,918,8603.43,REJECTED,32149af9-a4f0-4e80-a73d-490a9faef06f,5,1000
4500312707,985,7885.63,QUOTATION,3f3292d8-3056-42da-9ec5-d080c252a223,2,2000
4552635195,822,1340.17,QUOTATION,134244b2-90f7-4d62-8488-d71e29828266,5,2000
4537455840,699,2479.24,WAITING,56ae9e46-c0b2-46ca-b51d-5686e00ce4a6,2,1000
4547893471,756,823.12,QUOTATION,bcebc30c-15e5-48e2-9c32-c86d886f82a0,3,3000
4555671392,722,7960.72,WAITING,05767575-2944-4457-9aa7-06e1dae2ae25,1,3000
4509662199,270,2022.95,QUOTATION,a4926703-442b-4179-808a-04de7d4e1015,1,3000
4541389603,38,7738.39,REJECTED,2c6e3cb9-21cb-4de6-ae38-f117a3cbdfe2,1,2000
4570711394,128,457.91,APPROVED,3341d7ea-5bed-42e4-82c2-18d0adfbcdf1,5,1000
4591528147,663,6057.88,WAITING,a4926703-442b-4179-808a-04de7d4e1015,1,3000
4582549746,482,6411.27,REJECTED,0e752cfe-75ff-427d-8214-57710b509b33,1,3000
4529543003,461,7515.72,WAITING,3f3292d8-3056-42da-9ec5-d080c252a223,2,4000
4517538906,32,1830.02,WAITING,41e46c83-90d4-4836-a022-b900a018b3fa,1,2000
4592645685,544,5489.51,WAITING,8ca5ca23-a910-469b-aec1-73bd31d74ba2,2,3000
4591416491,399,688.97,APPROVED,51991c98-a328-457f-a862-0962b2d30ddc,3,3000
4521282603,447,3060.18,QUOTATION,915bda23-d2b3-4bab-9d3b-0b701beb76fa,5,2000
4597246353,585,8626.51,WAITING,9ec93c76-9578-4947-a5ca-def516b026cb,4,3000
4596357910,172,5605.55,WAITING,0b319577-4ab0-4684-b112-b27aad212cb1,5,2000
4553416357,393,2991.24,APPROVED,975480d4-8c15-44ba-8c55-a9938bdaa2c4,4,4000
4520914158,650,5391.84,APPROVED,77b34563-244c-46da-b014-af1a9c7fa9e4,2,4000
4516002862,703,4307.55,REJECTED,28d388a1-0e70-41d0-a8a1-abb9e3263b7b,1,2000
4578529649,75,2631.55,APPROVED,3341d7ea-5bed-42e4-82c2-18d0adfbcdf1,2,3000
4514191813,475,6280.64,REJECTED,68681084-7b12-4fd9-9704-7da3802cb451,2,2000
4554529820,370,600.32,WAITING,0b319577-4ab0-4684-b112-b27aad212cb1,1,4000
4540530087,861,960.29,REJECTED,bcebc30c-15e5-48e2-9c32-c86d886f82a0,1,1000
4567347198,622,5520.89,REJECTED,82ebf1b0-6982-4deb-ac51-c7a6d0a68c5d,3,2000
4569827016,874,2571.8,WAITING,3ee51816-f540-45e6-8401-474c5df84e78,1,3000
4539085853,358,6558.67,WAITING,9a109dc4-7be3-4aec-94bb-ede38f79ae14,2,2000
4505454830,787,2295.42,REJECTED,73df3d25-bcec-47a6-8d66-6b628e81ed2d,1,3000
4548490975,861,2037.31,APPROVED,0c328cd6-def4-4097-8b5d-ef9b4362cfd3,5,2000
4558664403,554,4156.76,WAITING,aa51a37d-2867-459b-8885-b5c8b161616a,2,3000
4504952445,533,5302.87,REJECTED,5257f4f1-580e-4eb3-89f9-6cae458e4509,4,1000
4584169615,230,4813.26,REJECTED,915bda23-d2b3-4bab-9d3b-0b701beb76fa,4,1000
4558471611,806,4557.0,REJECTED,2c7b9d8a-6b92-4a21-a03e-024e434a203d,1,4000
4514111286,207,8680.65,WAITING,b020551c-5fe7-45ea-881a-6fa78332362d,3,2000
4548812124,863,4509.21,WAITING,ba5b8587-5d45-44ac-9e4e-16cb4b3afecc,2,3000
4550799824,848,3884.25,WAITING,51991c98-a328-457f-a862-0962b2d30ddc,2,4000
4579418362,927,5972.73,WAITING,3c65561d-5119-4985-87e7-48965fe9f62c,4,1000
4528007843,330,9316.14,APPROVED,01bb5e4b-33d3-4db2-85a2-499f5c9e31b4,3,1000
4595728150,96,3442.07,APPROVED,9567383e-1921-4683-803b-509faa2bc9d5,4,4000
4584264010,453,2551.85,WAITING,611eefb3-ef38-4a2e-831a-15aff1dde8f8,2,3000
4574363437,189,531.26,APPROVED,fcc9df1e-2761-4b55-8f60-015b21066d78,3,4000
4528021602,775,1983.32,WAITING,3c65561d-5119-4985-87e7-48965fe9f62c,1,1000
4531424630,998,3743.95,REJECTED,b6bbc970-46d2-4ff4-9c52-80f378cfe8ea,2,1000
4539945291,851,6334.27,WAITING,ce1eeb99-74a8-4547-b95c-345102c07d21,1,4000
4552936593,511,3715.83,WAITING,5c250769-58e7-4a67-92b8-05566aab2cd0,4,1000
4565698759,859,6639.46,QUOTATION,b577718c-a2a9-4f8a-a41c-7cac0d102aab,3,4000
4528127414,851,2120.33,QUOTATION,ba5b8587-5d45-44ac-9e4e-16cb4b3afecc,5,4000
4522012713,749,2931.78,QUOTATION,408c4fe5-9066-4997-8f1c-ad8daae4b1f6,5,4000
4510909809,605,5619.67,APPROVED,35672019-b6d1-42b4-b906-8819b248182e,4,2000
4561720031,805,9177.83,REJECTED,134244b2-90f7-4d62-8488-d71e29828266,4,1000
4519428982,323,5616.33,QUOTATION,9ec93c76-9578-4947-a5ca-def516b026cb,5,1000
4517316717,575,1620.57,QUOTATION,975480d4-8c15-44ba-8c55-a9938bdaa2c4,1,1000
4530599009,508,9369.4,REJECTED,68681084-7b12-4fd9-9704-7da3802cb451,5,1000
4503558537,647,1824.28,APPROVED,0439439c-8945-42c4-b079-5340d85df97c,4,2000
4580119549,798,9826.75,REJECTED,0439439c-8945-42c4-b079-5340d85df97c,3,2000
4523536696,748,4828.84,QUOTATION,791660af-f0db-4fbd-a3a4-86bd38182556,4,4000
4505955011,822,6534.36,REJECTED,41e46c83-90d4-4836-a022-b900a018b3fa,1,1000
4527489074,965,1628.24,REJECTED,a1ad3c2b-45ca-491c-8ef2-a64af7d19e43,4,3000
4572416298,631,5653.91,QUOTATION,05767575-2944-4457-9aa7-06e1dae2ae25,1,1000
4565305740,542,2555.92,QUOTATION,da731710-48f7-4c02-8dd6-917ff4c62e3b,2,2000
4594744210,838,5111.06,QUOTATION,41f3b33b-8871-42fd-90d5-1d1d9f2d5aed,1,2000
4581860193,973,2482.49,WAITING,ebfe58ef-0dee-41d8-859e-ae2bff66e7fc,5,2000
4588750457,323,9431.36,WAITING,915bda23-d2b3-4bab-9d3b-0b701beb76fa,1,2000
4581260475,287,4369.16,APPROVED,f524f9ee-95cb-4e66-a6c1-b58f8296e7f3,2,3000
4540446818,316,2817.13,QUOTATION,fcc9df1e-2761-4b55-8f60-015b21066d78,4,3000
4500984811,324,8546.28,APPROVED,a1ad3c2b-45ca-491c-8ef2-a64af7d19e43,1,4000
4522965455,895,7365.85,WAITING,41e46c83-90d4-4836-a022-b900a018b3fa,2,1000
4511705313,946,2689.27,REJECTED,0439439c-8945-42c4-b079-5340d85df97c,4,1000
4555474289,443,7579.38,REJECTED,4029508a-afa4-4faf-b175-4bb65b8a4dbb,3,4000
4570086925,400,273.09,WAITING,a9da22e7-f42f-4428-9083-96395b7a7e9a,1,1000
4595743926,95,9676.45,APPROVED,01bb5e4b-33d3-4db2-85a2-499f5c9e31b4,2,3000
4501657713,932,7390.75,WAITING,110f8801-eea1-420d-98e6-dd439569747b,4,2000
4593949269,393,7352.67,QUOTATION,6c55f239-a4f0-4edd-afe8-02d129db9eda,3,4000
4554367331,508,207.29,WAITING,51991c98-a328-457f-a862-0962b2d30ddc,3,1000
4521594676,382,5855.19,APPROVED,f524f9ee-95cb-4e66-a6c1-b58f8296e7f3,2,2000
4527680186,226,233.27,WAITING,62117371-6664-4e90-9e4c-e3939789c81a,1,4000
4563982570,973,1924.44,REJECTED,3c65561d-5119-4985-87e7-48965fe9f62c,2,3000
4523743713,52,6149.44,REJECTED,f524f9ee-95cb-4e66-a6c1-b58f8296e7f3,2,4000
4580896259,11,8223.92,QUOTATION,41e46c83-90d4-4836-a022-b900a018b3fa,3,4000
4534866804,461,6124.55,APPROVED,384bae62-8ba8-4cac-b8ad-3df4e68bcafa,5,3000
4576569807,679,9505.09,REJECTED,0439439c-8945-42c4-b079-5340d85df97c,1,2000
4509304865,9,985.64,WAITING,fffeaf8f-4b6b-4357-a309-89f4769c36da,2,2000
4540283655,462,3783.87,REJECTED,3c65561d-5119-4985-87e7-48965fe9f62c,5,2000
4506654188,687,2203.34,QUOTATION,76fa0c16-dc3a-4a9b-b914-de6a0097f3dc,5,1000
4533274652,904,6438.71,WAITING,d7da1df8-a4af-4efe-a657-570c6d350470,5,1000
4543272647,846,3487.33,WAITING,e7ba4d18-37bf-472c-9d3a-7756c21a55c9,2,1000
4506610683,934,1145.06,WAITING,3f3292d8-3056-42da-9ec5-d080c252a223,4,1000
4517453342,972,3019.94,APPROVED,56ae9e46-c0b2-46ca-b51d-5686e00ce4a6,4,3000
4582712516,323,9547.71,APPROVED,c40f8a37-9024-4fcd-80a6-7917301ba6bd,2,2000
4534950638,73,6287.24,WAITING,a1ad3c2b-45ca-491c-8ef2-a64af7d19e43,2,3000
4563832943,97,8092.05,QUOTATION,834a14f7-cbd7-4220-9587-cd61c93c8253,4,4000
4536122908,464,132.04,QUOTATION,d5b6a98e-464a-4e85-ad1c-7fd6be7df835,2,2000
4526900588,398,564.07,APPROVED,975480d4-8c15-44ba-8c55-a9938bdaa2c4,4,3000
4515603990,258,560.17,REJECTED,41e46c83-90d4-4836-a022-b900a018b3fa,3,3000
4533828645,496,2614.8,REJECTED,01bb5e4b-33d3-4db2-85a2-499f5c9e31b4,2,4000
4552148588,902,3930.98,REJECTED,d5b6a98e-464a-4e85-ad1c-7fd6be7df835,2,1000
4538922466,254,9824.53,WAITING,41f3b33b-8871-42fd-90d5-1d1d9f2d5aed,4,1000
4525747678,374,732.69,APPROVED,ad64acbd-9045-44ec-9111-f6b3b90cb060,3,1000
4587894816,922,4018.83,QUOTATION,d0d94739-009d-44aa-ae3d-8c35a65083c5,2,2000
4574535437,155,4349.13,APPROVED,2ab670e8-49e3-4a95-9871-d937f77b5927,4,2000
4547757041,569,3607.82,WAITING,e069016d-d217-4fbc-b438-1e8790b731fb,3,3000
4508127667,262,6050.34,APPROVED,5c250769-58e7-4a67-92b8-05566aab2cd0,5,3000
4558157170,810,7016.08,APPROVED,00a417fb-f2b9-4bb8-90c0-0787c3f2e3c7,2,1000
4523573263,502,9762.83,APPROVED,00a417fb-f2b9-4bb8-90c0-0787c3f2e3c7,1,4000
4505850075,83,991.6,QUOTATION,791660af-f0db-4fbd-a3a4-86bd38182556,4,4000
4587570658,100,3803.51,REJECTED,9fc109ea-2585-4c23-9329-2ccda2d964eb,1,1000
4580476625,690,1901.38,APPROVED,791660af-f0db-4fbd-a3a4-86bd38182556,1,2000
4560876507,513,2266.95,QUOTATION,a1ad3c2b-45ca-491c-8ef2-a64af7d19e43,4,1000
4552477159,69,2120.87,WAITING,bcebc30c-15e5-48e2-9c32-c86d886f82a0,3,1000
4570199028,652,9918.15,APPROVED,76fa0c16-dc3a-4a9b-b914-de6a0097f3dc,2,1000
4512950700,298,7477.96,REJECTED,0a58bce2-1697-4c89-b568-ae280f33f982,5,1000
4514941382,380,7299.13,QUOTATION,408c4fe5-9066-4997-8f1c-ad8daae4b1f6,1,4000
4586562510,815,269.47,WAITING,e069016d-d217-4fbc-b438-1e8790b731fb,5,2000
4549164719,918,4709.42,WAITING,b020551c-5fe7-45ea-881a-6fa78332362d,3,4000
4581406569,245,9232.87,QUOTATION,834a14f7-cbd7-4220-9587-cd61c93c8253,3,1000
4590078380,947,6493.02,WAITING,41f3b33b-8871-42fd-90d5-1d1d9f2d5aed,5,1000
4521676940,221,4421.42,APPROVED,4029508a-afa4-4faf-b175-4bb65b8a4dbb,1,1000
4572624910,862,2223.6,WAITING,ba5b8587-5d45-44ac-9e4e-16cb4b3afecc,4,2000
4569204505,661,3618.64,REJECTED,de541e55-b7b6-404a-8ce0-a6f1ea925750,3,1000
4500019437,966,2050.72,APPROVED,aa51a37d-2867-459b-8885-b5c8b161616a,1,2000
4541501687,204,7923.99,APPROVED,c40f8a37-9024-4fcd-80a6-7917301ba6bd,2,4000
4522408119,138,6401.99,REJECTED,0a58bce2-1697-4c89-b568-ae280f33f982,1,3000
4567684604,689,3192.27,WAITING,6cc3c3b9-23fa-4969-8791-af89dedc62c9,2,2000
4529138872,875,7246.89,QUOTATION,d5b6a98e-464a-4e85-ad1c-7fd6be7df835,4,3000
4588612512,713,18.75,APPROVED,76fa0c16-dc3a-4a9b-b914-de6a0097f3dc,1,3000
4577102436,337,3672.52,APPROVED,fffeaf8f-4b6b-4357-a309-89f4769c36da,1,4000
4561251499,315,9107.0,WAITING,d4dbba0a-2b26-4233-9017-bb25b2e860f3,4,3000
4556100538,607,8376.21,REJECTED,fcc9df1e-2761-4b55-8f60-015b21066d78,2,4000
4582020485,175,5131.69,APPROVED,0439439c-8945-42c4-b079-5340d85df97c,2,2000
4513458228,298,945.74,WAITING,ba3d4978-80db-4a12-9f06-e4c698936184,5,2000
4534496696,427,2971.09,WAITING,37bf8863-0046-49cb-a72c-f7e41661214b,1,3000
4536898652,976,4546.2,WAITING,791660af-f0db-4fbd-a3a4-86bd38182556,3,3000
4556605583,384,4238.83,WAITING,fffeaf8f-4b6b-4357-a309-89f4769c36da,4,3000
4562594823,678,7655.1,REJECTED,0c328cd6-def4-4097-8b5d-ef9b4362cfd3,4,2000
4532280295,183,6134.67,REJECTED,8ca5ca23-a910-469b-aec1-73bd31d74ba2,2,3000
4535444011,864,6675.2,REJECTED,b6bbc970-46d2-4ff4-9c52-80f378cfe8ea,2,2000
4551963748,91,8546.11,REJECTED,0c328cd6-def4-4097-8b5d-ef9b4362cfd3,5,2000
4596885163,891,2241.15,QUOTATION,a4926703-442b-4179-808a-04de7d4e1015,3,4000
4539012254,508,2788.02,REJECTED,0b319577-4ab0-4684-b112-b27aad212cb1,1,1000
4594284087,943,4967.81,QUOTATION,d5b6a98e-464a-4e85-ad1c-7fd6be7df835,1,4000
4526857064,196,7462.15,QUOTATION,c40f8a37-9024-4fcd-80a6-7917301ba6bd,4,2000
4554142611,703,1837.7,APPROVED,bcebc30c-15e5-48e2-9c32-c86d886f82a0,4,1000
4599052036,986,3837.03,REJECTED,15ddc72a-7103-4a88-a951-49c5aa75affd,4,3000
4538854608,879,6061.38,REJECTED,41f3b33b-8871-42fd-90d5-1d1d9f2d5aed,2,3000
4579497570,254,387.42,APPROVED,01bb5e4b-33d3-4db2-85a2-499f5c9e31b4,3,2000
4590214819,565,6606.01,REJECTED,ce1eeb99-74a8-4547-b95c-345102c07d21,2,4000
4528206576,162,4672.99,APPROVED,17dffc12-ac1a-44ed-ad09-3c824851c624,4,4000
4567504229,441,1528.42,REJECTED,2c6e3cb9-21cb-4de6-ae38-f117a3cbdfe2,5,2000
4530943537,171,9819.54,REJECTED,15ddc72a-7103-4a88-a951-49c5aa75affd,4,2000
4569894048,135,9525.38,WAITING,3341d7ea-5bed-42e4-82c2-18d0adfbcdf1,2,3000
4561798240,764,7426.62,QUOTATION,d0d94739-009d-44aa-ae3d-8c35a65083c5,1,2000
4565859609,640,8869.36,REJECTED,41f3b33b-8871-42fd-90d5-1d1d9f2d5aed,1,3000
4564979270,471,2556.72,REJECTED,9fc109ea-2585-4c23-9329-2ccda2d964eb,5,4000
4566850264,993,8953.07,APPROVED,74d238f7-61d4-41c6-9d51-b05f2eddcb36,5,2000
4581159076,515,1657.54,QUOTATION,28d388a1-0e70-41d0-a8a1-abb9e3263b7b,4,3000
4563859889,429,182.45,QUOTATION,62117371-6664-4e90-9e4c-e3939789c81a,1,3000
4531271841,823,1034.86,APPROVED,6c55f239-a4f0-4edd-afe8-02d129db9eda,3,2000
4574919392,534,9727.32,APPROVED,8ca5ca23-a910-469b-aec1-73bd31d74ba2,5,4000
4523073195,629,5579.05,APPROVED,fffeaf8f-4b6b-4357-a309-89f4769c36da,5,2000
4545616868,300,5959.04,WAITING,2ab670e8-49e3-4a95-9871-d937f77b5927,2,4000
4517290635,131,3991.35,REJECTED,56ae9e46-c0b2-46ca-b51d-5686e00ce4a6,2,4000
4557934712,510,8549.66,REJECTED,a4926703-442b-4179-808a-04de7d4e1015,2,2000
4515126999,93,9728.54,REJECTED,12a301b9-4c71-4181-a853-d29be7b6bd18,3,4000
4580507284,658,5348.54,REJECTED,17dffc12-ac1a-44ed-ad09-3c824851c624,3,2000
4531526135,346,5350.68,WAITING,bf599d91-442c-4e09-b5ae-b9f08a417d11,3,1000
4567808586,193,8943.54,QUOTATION,611eefb3-ef38-4a2e-831a-15aff1dde8f8,3,4000
4565073506,200,4962.3,QUOTATION,f6dd041e-f994-407c-9a1b-2ee8a39b9b25,3,1000
4501998534,164,7530.53,REJECTED,51991c98-a328-457f-a862-0962b2d30ddc,2,2000
4570949668,316,772.64,REJECTED,2c7b9d8a-6b92-4a21-a03e-024e434a203d,5,1000
4511220830,172,9890.24,APPROVED,15ddc72a-7103-4a88-a951-49c5aa75affd,3,2000
4572966045,452,5418.55,REJECTED,68681084-7b12-4fd9-9704-7da3802cb451,5,2000
4536602982,591,1910.46,REJECTED,cea90057-5542-4a9f-8ad8-2fa263b39b7b,5,4000
4572997814,505,5398.2,APPROVED,0f7e95f4-4fb9-4987-a1e1-5264880e721e,4,3000
4558273095,172,7871.57,APPROVED,4029508a-afa4-4faf-b175-4bb65b8a4dbb,2,4000
4568129907,291,8628.12,APPROVED,12a301b9-4c71-4181-a853-d29be7b6bd18,2,2000
4503037557,665,9693.26,REJECTED,01bb5e4b-33d3-4db2-85a2-499f5c9e31b4,3,4000
4549721440,212,6476.77,REJECTED,15ddc72a-7103-4a88-a951-49c5aa75affd,4,2000
4557497134,139,2947.69,QUOTATION,eb8e5632-45d0-47e9-bcc0-ee76bf030643,3,4000
4551305472,478,891.77,REJECTED,4029508a-afa4-4faf-b175-4bb65b8a4dbb,5,3000
4546578484,804,7901.51,QUOTATION,f6dd041e-f994-407c-9a1b-2ee8a39b9b25,2,3000
4532133583,782,6801.34,WAITING,b020551c-5fe7-45ea-881a-6fa78332362d,5,4000
4588873901,107,3651.2,WAITING,0c328cd6-def4-4097-8b5d-ef9b4362cfd3,3,2000
4518917261,108,3081.58,APPROVED,4a2d279e-2495-496f-80d9-bc5a45e3b6b4,4,4000
4558088520,849,537.08,WAITING,da731710-48f7-4c02-8dd6-917ff4c62e3b,5,4000
4545685024,172,1301.38,APPROVED,37bf8863-0046-49cb-a72c-f7e41661214b,2,4000
4506818732,755,5604.37,QUOTATION,651e8d5b-8636-4635-a934-6f9427d506b8,1,3000
4501222644,80,711.25,QUOTATION,d0d94739-009d-44aa-ae3d-8c35a65083c5,5,3000
4546801315,338,5746.17,REJECTED,3341d7ea-5bed-42e4-82c2-18d0adfbcdf1,5,2000
4534727358,236,5246.1,QUOTATION,2cf52c48-a37c-4244-a030-3fe16c443ecd,3,1000
4547503498,723,8535.39,APPROVED,82ebf1b0-6982-4deb-ac51-c7a6d0a68c5d,1,2000
4524510591,178,3721.46,QUOTATION,0b319577-4ab0-4684-b112-b27aad212cb1,1,2000
4563672833,307,9236.92,QUOTATION,daffc87a-fdb5-424e-9155-782c6cd1b731,3,1000
4525301539,923,9534.94,WAITING,35672019-b6d1-42b4-b906-8819b248182e,5,1000
4515155197,264,447.2,WAITING,cf11fe2a-443a-44e9-96b0-e6b91ddfa87d,5,1000
4521781785,86,6090.21,QUOTATION,d4dbba0a-2b26-4233-9017-bb25b2e860f3,4,3000
4516819467,749,4796.46,WAITING,28d388a1-0e70-41d0-a8a1-abb9e3263b7b,1,2000
4582419517,312,2401.34,APPROVED,a4926703-442b-4179-808a-04de7d4e1015,3,3000
4507331076,624,6612.07,QUOTATION,9ec93c76-9578-4947-a5ca-def516b026cb,2,3000
4595775815,750,9010.67,WAITING,d4dbba0a-2b26-4233-9017-bb25b2e860f3,4,4000
4577899652,652,339.77,REJECTED,84aadcf6-499b-4416-9a35-3e546eb39a5c,3,1000
4530368058,262,3045.11,QUOTATION,b0154cbb-c693-4062-88b9-a8acf4402b56,1,1000
4509206095,894,3015.45,APPROVED,9c7454a7-b80c-4d19-b841-4c0343b75add,4,3000
4508235874,876,7065.62,WAITING,110f8801-eea1-420d-98e6-dd439569747b,1,3000
4522282502,397,2577.61,QUOTATION,4a5df305-6d85-4b5a-81ca-b2a776017f8f,1,1000
4543935305,925,7070.63,APPROVED,bcebc30c-15e5-48e2-9c32-c86d886f82a0,4,1000
4551948148,483,8369.36,APPROVED,834a14f7-cbd7-4220-9587-cd61c93c8253,5,2000
4507100621,807,2513.67,APPROVED,4029508a-afa4-4faf-b175-4bb65b8a4dbb,1,1000
4547936085,306,8608.5,REJECTED,3d3527a9-4ef5-45d5-83c2-4178789f9921,5,1000
4595575229,235,1372.04,REJECTED,00a417fb-f2b9-4bb8-90c0-0787c3f2e3c7,1,3000
4554509531,898,3405.63,REJECTED,41f3b33b-8871-42fd-90d5-1d1d9f2d5aed,5,1000
4566745667,867,4670.26,WAITING,17dffc12-ac1a-44ed-ad09-3c824851c624,2,3000
4539796656,68,6091.77,WAITING,bcebc30c-15e5-48e2-9c32-c86d886f82a0,3,1000
4556001652,515,1405.39,REJECTED,ea38b7e1-b488-4873-ab04-3066d219b434,4,2000
4506561967,242,7597.43,REJECTED,00a417fb-f2b9-4bb8-90c0-0787c3f2e3c7,4,4000
4534964622,869,2408.41,APPROVED,0e752cfe-75ff-427d-8214-57710b509b33,4,1000
4527759333,761,5249.48,QUOTATION,0b319577-4ab0-4684-b112-b27aad212cb1,1,1000
4571044345,3,7762.16,WAITING,3ee51816-f540-45e6-8401-474c5df84e78,3,2000
4515976764,783,3223.46,WAITING,9567383e-1921-4683-803b-509faa2bc9d5,5,3000
4539830392,106,1989.23,REJECTED,8ca5ca23-a910-469b-aec1-73bd31d74ba2,4,2000
4531173037,257,5231.33,WAITING,5257f4f1-580e-4eb3-89f9-6cae458e4509,5,3000
4594593781,778,8002.84,WAITING,651e8d5b-8636-4635-a934-6f9427d506b8,5,3000
4523288384,775,3163.27,WAITING,f6979cad-3c89-4280-985d-d7f07aaa8c2b,4,2000
4535534813,504,655.55,APPROVED,0e752cfe-75ff-427d-8214-57710b509b33,3,4000
4592005071,397,2497.66,QUOTATION,0439439c-8945-42c4-b079-5340d85df97c,1,1000
4516789974,969,1964.1,WAITING,2c7b9d8a-6b92-4a21-a03e-024e434a203d,2,3000
4537616777,26,9106.09,REJECTED,134244b2-90f7-4d62-8488-d71e29828266,3,1000
4516039638,488,8872.38,REJECTED,834a14f7-cbd7-4220-9587-cd61c93c8253,3,3000
4554835233,465,6994.4,REJECTED,ba3d4978-80db-4a12-9f06-e4c698936184,4,3000
4539942767,522,6116.29,REJECTED,8ca5ca23-a910-469b-aec1-73bd31d74ba2,1,1000
4521348696,659,4252.52,APPROVED,da731710-48f7-4c02-8dd6-917ff4c62e3b,3,4000
4599104137,117,6434.11,APPROVED,110f8801-eea1-420d-98e6-dd439569747b,1,2000
4519394441,654,607.92,APPROVED,aa51a37d-2867-459b-8885-b5c8b161616a,5,3000
4582909837,251,6810.8,REJECTED,b0154cbb-c693-4062-88b9-a8acf4402b56,4,4000
4534792457,402,3717.22,WAITING,77b34563-244c-46da-b014-af1a9c7fa9e4,4,1000
4511475400,852,307.81,REJECTED,e7ba4d18-37bf-472c-9d3a-7756c21a55c9,3,4000
4570097324,359,2738.61,WAITING,fffeaf8f-4b6b-4357-a309-89f4769c36da,5,3000
4540579485,339,429.75,QUOTATION,4029508a-afa4-4faf-b175-4bb65b8a4dbb,3,3000
4573066893,606,5076.22,APPROVED,0a58bce2-1697-4c89-b568-ae280f33f982,5,2000
4508128025,567,2572.84,APPROVED,4a5df305-6d85-4b5a-81ca-b2a776017f8f,4,1000
4589010341,14,3937.68,WAITING,0439439c-8945-42c4-b079-5340d85df97c,1,4000
4557706870,148,5366.62,WAITING,fcc9df1e-2761-4b55-8f60-015b21066d78,2,3000
4568308626,728,9224.1,QUOTATION,0b319577-4ab0-4684-b112-b27aad212cb1,2,2000
4563232778,252,6435.65,APPROVED,9fc109ea-2585-4c23-9329-2ccda2d964eb,2,1000
4522219739,357,6033.24,REJECTED,8df0c99e-2745-44ae-94ee-ad79cb114fdb,4,1000
4567678468,253,6962.56,WAITING,ba5b8587-5d45-44ac-9e4e-16cb4b3afecc,3,3000
4559191956,297,8004.5,APPROVED,8df0c99e-2745-44ae-94ee-ad79cb114fdb,4,3000
4582312409,122,7370.15,APPROVED,2c7b9d8a-6b92-4a21-a03e-024e434a203d,3,2000
4555135283,189,6739.51,APPROVED,de541e55-b7b6-404a-8ce0-a6f1ea925750,5,3000
4527986372,901,7204.67,QUOTATION,d0d94739-009d-44aa-ae3d-8c35a65083c5,5,4000
4505636445,639,3564.02,QUOTATION,dbce3e63-1a5c-4595-a1f9-d09c3d978567,5,2000
4574645521,566,5491.71,WAITING,5257f4f1-580e-4eb3-89f9-6cae458e4509,3,2000
4505094551,72,5328.36,APPROVED,ba5b8587-5d45-44ac-9e4e-16cb4b3afecc,3,2000
4531613986,852,5137.21,APPROVED,74d238f7-61d4-41c6-9d51-b05f2eddcb36,3,2000
4586151361,697,2201.41,REJECTED,2c7b9d8a-6b92-4a21-a03e-024e434a203d,4,3000
4597712626,916,771.17,APPROVED,a1ad3c2b-45ca-491c-8ef2-a64af7d19e43,4,1000
4590305932,361,1326.13,WAITING,31ac60a6-1bc1-442c-ae10-4a420f770538,1,3000
4593346580,723,9398.76,WAITING,68681084-7b12-4fd9-9704-7da3802cb451,2,2000
4554479169,52,704.48,WAITING,651e8d5b-8636-4635-a934-6f9427d506b8,4,1000
4584975537,548,3520.22,REJECTED,73df3d25-bcec-47a6-8d66-6b628e81ed2d,2,4000
4516185417,462,844.6,WAITING,01bb5e4b-33d3-4db2-85a2-499f5c9e31b4,5,3000
4597694752,751,9826.23,QUOTATION,834a14f7-cbd7-4220-9587-cd61c93c8253,5,3000
4550266191,614,149.19,REJECTED,4a5df305-6d85-4b5a-81ca-b2a776017f8f,4,3000
4591931687,353,3161.46,REJECTED,cf11fe2a-443a-44e9-96b0-e6b91ddfa87d,4,3000
4519153354,207,2113.25,QUOTATION,eb8e5632-45d0-47e9-bcc0-ee76bf030643,5,2000
4584891714,5,7776.17,REJECTED,cf11fe2a-443a-44e9-96b0-e6b91ddfa87d,3,1000
4577826430,450,2919.35,APPROVED,51991c98-a328-457f-a862-0962b2d30ddc,3,3000
4509657991,386,1466.22,APPROVED,74d238f7-61d4-41c6-9d51-b05f2eddcb36,3,3000
4565196124,975,1619.61,REJECTED,f6dd041e-f994-407c-9a1b-2ee8a39b9b25,2,2000
4563917977,582,1048.55,WAITING,3c65561d-5119-4985-87e7-48965fe9f62c,3,2000
4548045308,142,3370.46,REJECTED,15ddc72a-7103-4a88-a951-49c5aa75affd,2,3000
4586290446,456,9608.92,REJECTED,cea90057-5542-4a9f-8ad8-2fa263b39b7b,5,1000
4507538610,158,999.76,REJECTED,0f7e95f4-4fb9-4987-a1e1-5264880e721e,2,2000
4529133285,103,8383.71,APPROVED,31ac60a6-1bc1-442c-ae10-4a420f770538,3,1000
4569202772,600,8853.04,QUOTATION,fe53d2be-049c-47fa-871a-c4a8b1a10e40,4,2000
4541504054,24,4657.42,WAITING,4a2d279e-2495-496f-80d9-bc5a45e3b6b4,5,3000
4521661976,94,1491.09,WAITING,384bae62-8ba8-4cac-b8ad-3df4e68bcafa,3,2000
4511281565,882,9292.82,QUOTATION,41e46c83-90d4-4836-a022-b900a018b3fa,3,3000
4576636981,230,7545.27,APPROVED,fe53d2be-049c-47fa-871a-c4a8b1a10e40,5,4000
4503802727,183,1200.39,REJECTED,eb8e5632-45d0-47e9-bcc0-ee76bf030643,2,3000
4527730198,317,8587.01,APPROVED,05767575-2944-4457-9aa7-06e1dae2ae25,4,2000
4546455894,886,8706.92,APPROVED,51991c98-a328-457f-a862-0962b2d30ddc,3,1000
4562253092,556,7561.71,APPROVED,2cf52c48-a37c-4244-a030-3fe16c443ecd,1,3000
4500990230,187,6350.57,REJECTED,0439439c-8945-42c4-b079-5340d85df97c,5,2000
4594867979,163,7242.19,WAITING,b577718c-a2a9-4f8a-a41c-7cac0d102aab,4,4000
4531980194,117,9583.88,APPROVED,d7da1df8-a4af-4efe-a657-570c6d350470,5,3000
4519707381,850,3445.3,REJECTED,3f3292d8-3056-42da-9ec5-d080c252a223,3,2000
4553362567,66,382.29,APPROVED,84aadcf6-499b-4416-9a35-3e546eb39a5c,3,3000
4537237054,939,8932.79,REJECTED,d5b6a98e-464a-4e85-ad1c-7fd6be7df835,5,4000
4520541044,497,2325.39,WAITING,dbce3e63-1a5c-4595-a1f9-d09c3d978567,1,1000
4564660335,798,4800.61,APPROVED,b577718c-a2a9-4f8a-a41c-7cac0d102aab,2,1000
4575626010,294,460.16,WAITING,ebfe58ef-0dee-41d8-859e-ae2bff66e7fc,4,3000
4551956941,400,8569.87,QUOTATION,62117371-6664-4e90-9e4c-e3939789c81a,5,3000
4527125837,895,1191.14,APPROVED,73df3d25-bcec-47a6-8d66-6b628e81ed2d,2,2000
4553055679,582,8280.78,QUOTATION,62117371-6664-4e90-9e4c-e3939789c81a,5,3000
4597346394,547,156.82,QUOTATION,8df0c99e-2745-44ae-94ee-ad79cb114fdb,3,2000
4591488912,207,2708.3,QUOTATION,fe53d2be-049c-47fa-871a-c4a8b1a10e40,5,1000
4555410271,812,2031.87,QUOTATION,68681084-7b12-4fd9-9704-7da3802cb451,4,1000
4538478559,267,8980.69,APPROVED,0f7e95f4-4fb9-4987-a1e1-5264880e721e,4,4000
4549321291,947,1352.19,QUOTATION,84aadcf6-499b-4416-9a35-3e546eb39a5c,1,2000
4532157728,12,3163.37,WAITING,62117371-6664-4e90-9e4c-e3939789c81a,2,2000
4521479547,672,6070.88,QUOTATION,0a58bce2-1697-4c89-b568-ae280f33f982,4,1000
4563546845,207,6607.17,QUOTATION,28d388a1-0e70-41d0-a8a1-abb9e3263b7b,3,4000
4512901998,898,400.54,REJECTED,41e46c83-90d4-4836-a022-b900a018b3fa,2,3000
4511200392,231,9664.95,REJECTED,ba5b8587-5d45-44ac-9e4e-16cb4b3afecc,1,4000
4555537559,99,1734.49,REJECTED,9a109dc4-7be3-4aec-94bb-ede38f79ae14,1,1000
4532602196,37,7554.68,REJECTED,a1a6e723-19c6-46fd-a584-917efe27f127,3,1000
4569649707,210,8555.68,APPROVED,f6dd041e-f994-407c-9a1b-2ee8a39b9b25,3,3000
4530328975,354,2248.7,WAITING,0c328cd6-def4-4097-8b5d-ef9b4362cfd3,4,2000
4572246170,308,6635.53,QUOTATION,384bae62-8ba8-4cac-b8ad-3df4e68bcafa,1,4000
4551244529,855,8116.89,QUOTATION,975480d4-8c15-44ba-8c55-a9938bdaa2c4,3,2000
4519172073,345,9335.24,WAITING,8df0c99e-2745-44ae-94ee-ad79cb114fdb,1,3000
4528435451,362,4403.93,WAITING,3ee51816-f540-45e6-8401-474c5df84e78,3,3000
4554975937,716,1994.86,WAITING,975480d4-8c15-44ba-8c55-a9938bdaa2c4,5,4000
4584020790,377,7857.91,APPROVED,ba3d4978-80db-4a12-9f06-e4c698936184,2,3000
4508861875,25,2806.74,APPROVED,84aadcf6-499b-4416-9a35-3e546eb39a5c,3,3000
4521997626,215,7029.15,REJECTED,834a14f7-cbd7-4220-9587-cd61c93c8253,1,2000
4504628750,618,2533.04,QUOTATION,ea38b7e1-b488-4873-ab04-3066d219b434,5,1000
4566871360,371,4874.18,QUOTATION,2cf52c48-a37c-4244-a030-3fe16c443ecd,1,4000
4583420962,256,9663.32,REJECTED,01bb5e4b-33d3-4db2-85a2-499f5c9e31b4,4,2000
4535731377,541,956.3,REJECTED,f6979cad-3c89-4280-985d-d7f07aaa8c2b,3,1000
4511298300,55,1726.37,WAITING,5257f4f1-580e-4eb3-89f9-6cae458e4509,4,3000
4593113372,828,4551.81,APPROVED,ebfe58ef-0dee-41d8-859e-ae2bff66e7fc,5,2000
4520708369,412,3170.71,APPROVED,d0d94739-009d-44aa-ae3d-8c35a65083c5,1,2000
4588604050,562,44.39,APPROVED,3341d7ea-5bed-42e4-82c2-18d0adfbcdf1,1,4000
4548765648,709,9661.67,REJECTED,9fc109ea-2585-4c23-9329-2ccda2d964eb,1,3000
4556423854,594,357.02,QUOTATION,975480d4-8c15-44ba-8c55-a9938bdaa2c4,2,1000
4546097548,237,1548.63,QUOTATION,5c250769-58e7-4a67-92b8-05566aab2cd0,3,1000
4597268474,52,7431.98,WAITING,35672019-b6d1-42b4-b906-8819b248182e,5,2000
4557119558,9,7531.33,WAITING,ba5b8587-5d45-44ac-9e4e-16cb4b3afecc,2,4000
4521698461,15,4795.57,QUOTATION,41e46c83-90d4-4836-a022-b900a018b3fa,4,4000
4524826691,321,5007.02,APPROVED,e069016d-d217-4fbc-b438-1e8790b731fb,3,2000
4522134157,551,3071.78,QUOTATION,a4926703-442b-4179-808a-04de7d4e1015,1,1000
4544604904,748,1027.71,QUOTATION,41f3b33b-8871-42fd-90d5-1d1d9f2d5aed,2,3000
4541355838,142,9329.1,QUOTATION,da731710-48f7-4c02-8dd6-917ff4c62e3b,5,2000
4543571927,744,591.07,REJECTED,2cf52c48-a37c-4244-a030-3fe16c443ecd,2,1000
4576328631,543,1032.89,APPROVED,a4926703-442b-4179-808a-04de7d4e1015,3,4000
4556647837,871,3574.74,WAITING,a4926703-442b-4179-808a-04de7d4e1015,3,3000
4520341155,552,1270.93,REJECTED,b577718c-a2a9-4f8a-a41c-7cac0d102aab,4,3000
4509405435,215,4425.32,WAITING,4a2d279e-2495-496f-80d9-bc5a45e3b6b4,4,4000
4534669271,188,6824.71,QUOTATION,fcc9df1e-2761-4b55-8f60-015b21066d78,3,4000
4596871595,795,1917.95,REJECTED,a1a6e723-19c6-46fd-a584-917efe27f127,4,2000
4554887718,574,1782.53,WAITING,d7da1df8-a4af-4efe-a657-570c6d350470,5,2000
4595733876,381,9526.76,WAITING,17dffc12-ac1a-44ed-ad09-3c824851c624,1,4000
4587484850,465,2311.99,WAITING,de541e55-b7b6-404a-8ce0-a6f1ea925750,1,4000
4539375331,5,6964.23,WAITING,f6979cad-3c89-4280-985d-d7f07aaa8c2b,4,2000
4581279959,716,7711.37,QUOTATION,9c7454a7-b80c-4d19-b841-4c0343b75add,3,1000
4525270789,808,1134.41,APPROVED,6cc3c3b9-23fa-4969-8791-af89dedc62c9,5,3000
4578637267,475,9300.65,WAITING,f524f9ee-95cb-4e66-a6c1-b58f8296e7f3,3,1000
4551917453,891,9408.28,APPROVED,651e8d5b-8636-4635-a934-6f9427d506b8,3,3000
4527801210,890,846.42,REJECTED,12a301b9-4c71-4181-a853-d29be7b6bd18,4,2000
4500796263,576,1528.93,QUOTATION,3d3527a9-4ef5-45d5-83c2-4178789f9921,2,4000
4575855260,733,8060.49,QUOTATION,110f8801-eea1-420d-98e6-dd439569747b,4,3000
4596236647,782,5707.81,QUOTATION,ba3d4978-80db-4a12-9f06-e4c698936184,3,3000
4562161638,167,4602.08,QUOTATION,82ebf1b0-6982-4deb-ac51-c7a6d0a68c5d,5,2000
4595202547,669,4664.59,WAITING,0a58bce2-1697-4c89-b568-ae280f33f982,1,2000
4580919374,529,6176.54,REJECTED,3d3527a9-4ef5-45d5-83c2-4178789f9921,2,1000
4548629576,871,513.19,REJECTED,77b34563-244c-46da-b014-af1a9c7fa9e4,3,2000
4556562953,957,4770.38,QUOTATION,611eefb3-ef38-4a2e-831a-15aff1dde8f8,5,4000
4577491870,255,3459.22,WAITING,15ddc72a-7103-4a88-a951-49c5aa75affd,4,2000
4527572870,218,9512.59,REJECTED,dbce3e63-1a5c-4595-a1f9-d09c3d978567,4,3000
4598225985,378,9791.77,APPROVED,6cc3c3b9-23fa-4969-8791-af89dedc62c9,5,2000
4520380196,973,8193.77,APPROVED,74d238f7-61d4-41c6-9d51-b05f2eddcb36,4,1000
4595696267,954,6910.67,WAITING,da731710-48f7-4c02-8dd6-917ff4c62e3b,3,2000
4508722882,840,6096.58,REJECTED,15ddc72a-7103-4a88-a951-49c5aa75affd,3,2000
4595999822,461,7482.89,APPROVED,f524f9ee-95cb-4e66-a6c1-b58f8296e7f3,3,3000
4524344932,392,460.03,WAITING,ba3d4978-80db-4a12-9f06-e4c698936184,2,4000
4558011275,83,5755.98,REJECTED,56ae9e46-c0b2-46ca-b51d-5686e00ce4a6,1,1000
4507388479,829,3077.58,QUOTATION,2cf52c48-a37c-4244-a030-3fe16c443ecd,4,2000
4596650455,506,8764.29,WAITING,834a14f7-cbd7-4220-9587-cd61c93c8253,4,3000
4557656854,60,8684.5,QUOTATION,daffc87a-fdb5-424e-9155-782c6cd1b731,2,1000
4588517310,391,8401.68,REJECTED,f6dd041e-f994-407c-9a1b-2ee8a39b9b25,2,1000
4547564707,800,7454.68,REJECTED,e069016d-d217-4fbc-b438-1e8790b731fb,2,1000
4541840356,750,7891.36,APPROVED,fe53d2be-049c-47fa-871a-c4a8b1a10e40,3,4000
4532212131,755,6665.36,QUOTATION,0c328cd6-def4-4097-8b5d-ef9b4362cfd3,2,2000
4541558945,368,7508.35,WAITING,daffc87a-fdb5-424e-9155-782c6cd1b731,3,2000
4565778388,610,9466.11,QUOTATION,de541e55-b7b6-404a-8ce0-a6f1ea925750,2,4000
4536886178,567,614.51,REJECTED,62117371-6664-4e90-9e4c-e3939789c81a,5,4000
4572058006,898,3018.73,QUOTATION,a1ad3c2b-45ca-491c-8ef2-a64af7d19e43,4,2000
4581560192,138,388.18,WAITING,ba5b8587-5d45-44ac-9e4e-16cb4b3afecc,3,4000
4554854223,375,6214.16,REJECTED,05767575-2944-4457-9aa7-06e1dae2ae25,2,4000
4548837000,144,8330.4,REJECTED,a1ad3c2b-45ca-491c-8ef2-a64af7d19e43,1,3000
4525178148,726,5201.58,REJECTED,110f8801-eea1-420d-98e6-dd439569747b,5,2000
4529840107,244,9937.61,REJECTED,d4dbba0a-2b26-4233-9017-bb25b2e860f3,2,4000
4592275568,226,4134.95,APPROVED,aa51a37d-2867-459b-8885-b5c8b161616a,5,4000
4527101214,1000,2072.74,WAITING,00a417fb-f2b9-4bb8-90c0-0787c3f2e3c7,5,2000
4570730387,765,2680.95,WAITING,bcebc30c-15e5-48e2-9c32-c86d886f82a0,2,1000
4556220370,365,6797.11,WAITING,84aadcf6-499b-4416-9a35-3e546eb39a5c,1,4000
4575907468,981,1851.14,QUOTATION,35672019-b6d1-42b4-b906-8819b248182e,3,4000
4576812322,601,6346.04,QUOTATION,384bae62-8ba8-4cac-b8ad-3df4e68bcafa,3,1000
4582011276,960,7996.08,QUOTATION,8ca5ca23-a910-469b-aec1-73bd31d74ba2,5,2000
4517396194,497,6916.88,QUOTATION,2c6e3cb9-21cb-4de6-ae38-f117a3cbdfe2,3,1000
4558333313,900,4308.51,REJECTED,ad64acbd-9045-44ec-9111-f6b3b90cb060,1,4000
4592995117,738,6217.16,WAITING,b0154cbb-c693-4062-88b9-a8acf4402b56,5,3000
4519853224,672,8077.57,WAITING,62117371-6664-4e90-9e4c-e3939789c81a,3,2000
4514129824,90,2679.27,REJECTED,f6979cad-3c89-4280-985d-d7f07aaa8c2b,2,3000
4537864781,999,5456.98,APPROVED,834a14f7-cbd7-4220-9587-cd61c93c8253,2,1000
4591926207,81,946.23,WAITING,da731710-48f7-4c02-8dd6-917ff4c62e3b,1,1000
4593760432,552,5381.66,APPROVED,35672019-b6d1-42b4-b906-8819b248182e,4,1000
4538198652,923,8020.69,WAITING,6c55f239-a4f0-4edd-afe8-02d129db9eda,5,4000
4514800292,551,3317.31,QUOTATION,daffc87a-fdb5-424e-9155-782c6cd1b731,3,3000
4575352428,150,8475.49,QUOTATION,de541e55-b7b6-404a-8ce0-a6f1ea925750,2,4000
4530514113,1,4329.21,WAITING,dbce3e63-1a5c-4595-a1f9-d09c3d978567,5,1000
4571553358,698,7755.63,APPROVED,fe53d2be-049c-47fa-871a-c4a8b1a10e40,1,2000
4567748715,21,2546.99,REJECTED,51991c98-a328-457f-a862-0962b2d30ddc,3,3000
4598589718,714,9640.81,APPROVED,8ca5ca23-a910-469b-aec1-73bd31d74ba2,2,3000
4574197261,869,5216.59,WAITING,31ac60a6-1bc1-442c-ae10-4a420f770538,4,3000
4564531722,769,3557.25,APPROVED,f6979cad-3c89-4280-985d-d7f07aaa8c2b,2,3000
4520835858,295,5926.43,REJECTED,9ec93c76-9578-4947-a5ca-def516b026cb,5,2000
4528364549,143,5369.96,QUOTATION,651e8d5b-8636-4635-a934-6f9427d506b8,3,2000
4565313118,185,5349.74,WAITING,01bb5e4b-33d3-4db2-85a2-499f5c9e31b4,3,4000
4505924311,644,3060.45,WAITING,d4dbba0a-2b26-4233-9017-bb25b2e860f3,3,1000
4581288354,340,3341.33,APPROVED,4a5df305-6d85-4b5a-81ca-b2a776017f8f,1,4000
4531832959,865,3550.56,REJECTED,611eefb3-ef38-4a2e-831a-15aff1dde8f8,4,1000
4511471362,863,6610.31,APPROVED,fe53d2be-049c-47fa-871a-c4a8b1a10e40,5,1000
4534524619,973,3211.69,QUOTATION,9ec93c76-9578-4947-a5ca-def516b026cb,2,2000
4505077137,739,5930.55,REJECTED,4029508a-afa4-4faf-b175-4bb65b8a4dbb,2,4000
4512421166,26,145.54,QUOTATION,cea90057-5542-4a9f-8ad8-2fa263b39b7b,3,3000
4501068171,266,8527.5,WAITING,2c6e3cb9-21cb-4de6-ae38-f117a3cbdfe2,5,1000
4567224878,67,9148.45,APPROVED,611eefb3-ef38-4a2e-831a-15aff1dde8f8,5,1000
4581284758,349,5217.27,QUOTATION,daffc87a-fdb5-424e-9155-782c6cd1b731,1,3000
4534188014,602,671.5,REJECTED,d0d94739-009d-44aa-ae3d-8c35a65083c5,5,3000
4515876736,494,3513.47,WAITING,ad64acbd-9045-44ec-9111-f6b3b90cb060,2,2000
4597621817,529,6439.34,APPROVED,ebfe58ef-0dee-41d8-859e-ae2bff66e7fc,3,4000
4541356476,291,3463.64,APPROVED,9fc109ea-2585-4c23-9329-2ccda2d964eb,4,2000
4595375141,997,8875.94,QUOTATION,9a109dc4-7be3-4aec-94bb-ede38f79ae14,2,1000
4502934703,579,8125.64,REJECTED,a1ad3c2b-45ca-491c-8ef2-a64af7d19e43,2,2000
4521781410,132,278.85,APPROVED,3d3527a9-4ef5-45d5-83c2-4178789f9921,4,4000
4560008686,402,3235.15,QUOTATION,71b893be-0a75-41a7-9a52-bcdb771cc5ec,2,2000
4535913719,786,9402.02,APPROVED,51991c98-a328-457f-a862-0962b2d30ddc,1,4000
4523622048,115,9853.19,QUOTATION,ba3d4978-80db-4a12-9f06-e4c698936184,4,4000
4569287268,118,8985.2,QUOTATION,05767575-2944-4457-9aa7-06e1dae2ae25,4,1000
4551332546,576,3389.66,WAITING,3c65561d-5119-4985-87e7-48965fe9f62c,5,1000
4506192988,597,1477.91,QUOTATION,2c6e3cb9-21cb-4de6-ae38-f117a3cbdfe2,4,3000
4558344451,952,413.93,APPROVED,de541e55-b7b6-404a-8ce0-a6f1ea925750,2,2000
4583239630,678,6921.5,QUOTATION,cea90057-5542-4a9f-8ad8-2fa263b39b7b,2,1000
4564401856,975,4041.89,REJECTED,daffc87a-fdb5-424e-9155-782c6cd1b731,5,1000
4583084209,269,3869.08,REJECTED,d5b6a98e-464a-4e85-ad1c-7fd6be7df835,1,1000
4539987767,943,5684.87,APPROVED,37bf8863-0046-49cb-a72c-f7e41661214b,5,4000
4585860339,914,1704.03,REJECTED,cf11fe2a-443a-44e9-96b0-e6b91ddfa87d,5,3000
4574878956,259,361.12,REJECTED,00a417fb-f2b9-4bb8-90c0-0787c3f2e3c7,4,3000
4558056268,912,5619.84,WAITING,71b893be-0a75-41a7-9a52-bcdb771cc5ec,1,4000
4528866512,190,3272.53,WAITING,b577718c-a2a9-4f8a-a41c-7cac0d102aab,3,3000
4542750328,220,2369.86,REJECTED,cea90057-5542-4a9f-8ad8-2fa263b39b7b,5,4000
4557936550,574,9098.79,REJECTED,9a109dc4-7be3-4aec-94bb-ede38f79ae14,4,2000
4545200875,745,378.59,QUOTATION,b020551c-5fe7-45ea-881a-6fa78332362d,4,4000
4593160064,15,8172.73,REJECTED,2c7b9d8a-6b92-4a21-a03e-024e434a203d,2,2000
4594409279,907,4214.35,WAITING,eb8e5632-45d0-47e9-bcc0-ee76bf030643,3,2000
4508788585,106,8639.36,APPROVED,cea90057-5542-4a9f-8ad8-2fa263b39b7b,5,3000
4505320129,519,9949.39,REJECTED,da731710-48f7-4c02-8dd6-917ff4c62e3b,1,2000
4597622642,480,1197.99,WAITING,3341d7ea-5bed-42e4-82c2-18d0adfbcdf1,3,4000
4560733864,199,5905.91,QUOTATION,b020551c-5fe7-45ea-881a-6fa78332362d,2,1000
4531302204,179,2817.85,REJECTED,f524f9ee-95cb-4e66-a6c1-b58f8296e7f3,3,4000
4512098100,577,6465.47,REJECTED,915bda23-d2b3-4bab-9d3b-0b701beb76fa,1,4000
4549763203,104,3862.7,REJECTED,f6979cad-3c89-4280-985d-d7f07aaa8c2b,2,4000
4547514808,980,5544.94,APPROVED,384bae62-8ba8-4cac-b8ad-3df4e68bcafa,5,4000
4504271513,548,5323.96,REJECTED,110f8801-eea1-420d-98e6-dd439569747b,1,3000
4567285598,59,2560.72,QUOTATION,51991c98-a328-457f-a862-0962b2d30ddc,3,2000
4514423239,509,1933.86,APPROVED,eb8e5632-45d0-47e9-bcc0-ee76bf030643,1,1000
4523805693,335,477.21,WAITING,0a58bce2-1697-4c89-b568-ae280f33f982,1,2000
4514589825,978,720.82,WAITING,d4dbba0a-2b26-4233-9017-bb25b2e860f3,2,4000
4553747747,582,7869.83,WAITING,d5b6a98e-464a-4e85-ad1c-7fd6be7df835,3,1000
4571517443,643,625.13,REJECTED,2c6e3cb9-21cb-4de6-ae38-f117a3cbdfe2,3,2000
4550450182,976,8136.01,QUOTATION,9567383e-1921-4683-803b-509faa2bc9d5,3,2000
4574544277,548,7728.85,APPROVED,9567383e-1921-4683-803b-509faa2bc9d5,1,2000
4591513510,591,9899.35,APPROVED,d4dbba0a-2b26-4233-9017-bb25b2e860f3,4,2000
4535951512,744,3808.86,APPROVED,d7da1df8-a4af-4efe-a657-570c6d350470,3,4000
4565742771,404,5372.25,REJECTED,651e8d5b-8636-4635-a934-6f9427d506b8,4,2000
4586319376,39,9698.25,WAITING,6cc3c3b9-23fa-4969-8791-af89dedc62c9,5,2000
4531253557,229,1394.48,REJECTED,a9da22e7-f42f-4428-9083-96395b7a7e9a,2,1000
4553247496,495,2636.38,APPROVED,2c6e3cb9-21cb-4de6-ae38-f117a3cbdfe2,3,4000
4508872080,716,1372.24,WAITING,01bb5e4b-33d3-4db2-85a2-499f5c9e31b4,4,3000
4592179224,268,7281.45,WAITING,f6dd041e-f994-407c-9a1b-2ee8a39b9b25,3,3000
4501175194,710,5584.63,QUOTATION,408c4fe5-9066-4997-8f1c-ad8daae4b1f6,4,1000
4578076279,816,2085.83,QUOTATION,01bb5e4b-33d3-4db2-85a2-499f5c9e31b4,3,4000
4507730554,389,9895.95,APPROVED,0e752cfe-75ff-427d-8214-57710b509b33,3,2000
4588189948,728,989.87,APPROVED,62117371-6664-4e90-9e4c-e3939789c81a,1,4000
4518329276,16,2386.75,WAITING,e7ba4d18-37bf-472c-9d3a-7756c21a55c9,1,2000
4554199639,916,808.53,REJECTED,ea38b7e1-b488-4873-ab04-3066d219b434,5,3000
4580477197,392,1055.13,APPROVED,f524f9ee-95cb-4e66-a6c1-b58f8296e7f3,4,4000
4531919622,434,6885.73,WAITING,4a5df305-6d85-4b5a-81ca-b2a776017f8f,4,3000
4590430266,644,1421.89,QUOTATION,84aadcf6-499b-4416-9a35-3e546eb39a5c,5,3000
4569874044,343,6124.21,APPROVED,b020551c-5fe7-45ea-881a-6fa78332362d,4,1000
4533585695,830,5885.3,QUOTATION,611eefb3-ef38-4a2e-831a-15aff1dde8f8,1,3000
4569325124,859,8772.85,WAITING,35672019-b6d1-42b4-b906-8819b248182e,5,3000
4544736523,740,1061.66,APPROVED,32149af9-a4f0-4e80-a73d-490a9faef06f,1,1000
4571506733,238,1766.75,WAITING,56ae9e46-c0b2-46ca-b51d-5686e00ce4a6,4,1000
4504843412,918,6242.97,APPROVED,15ddc72a-7103-4a88-a951-49c5aa75affd,4,2000
4533399376,304,4317.66,WAITING,c40f8a37-9024-4fcd-80a6-7917301ba6bd,1,2000
4588171188,832,6851.17,WAITING,915bda23-d2b3-4bab-9d3b-0b701beb76fa,5,1000
4548692091,215,8099.84,WAITING,4a5df305-6d85-4b5a-81ca-b2a776017f8f,5,3000
4544725479,834,2475.65,REJECTED,a4926703-442b-4179-808a-04de7d4e1015,3,1000
4579293920,868,8521.08,REJECTED,cea90057-5542-4a9f-8ad8-2fa263b39b7b,5,2000
4529504649,559,2096.55,QUOTATION,00a417fb-f2b9-4bb8-90c0-0787c3f2e3c7,3,4000
4598033785,484,1925.94,REJECTED,ea38b7e1-b488-4873-ab04-3066d219b434,2,2000
4549200819,422,6217.38,WAITING,cea90057-5542-4a9f-8ad8-2fa263b39b7b,4,4000
4584107008,569,3173.95,REJECTED,ea38b7e1-b488-4873-ab04-3066d219b434,2,4000
4581894649,17,124.4,QUOTATION,00a417fb-f2b9-4bb8-90c0-0787c3f2e3c7,1,1000
4505952764,410,4360.49,REJECTED,76fa0c16-dc3a-4a9b-b914-de6a0097f3dc,3,1000
4583769007,552,1625.79,WAITING,28d388a1-0e70-41d0-a8a1-abb9e3263b7b,3,2000
4546176441,676,5671.99,QUOTATION,384bae62-8ba8-4cac-b8ad-3df4e68bcafa,3,4000
4526184436,49,2685.46,REJECTED,dbce3e63-1a5c-4595-a1f9-d09c3d978567,1,3000
4590691678,666,9608.48,REJECTED,62117371-6664-4e90-9e4c-e3939789c81a,3,3000
4525137106,431,3235.63,REJECTED,0a58bce2-1697-4c89-b568-ae280f33f982,2,2000
4543777691,453,3502.26,REJECTED,651e8d5b-8636-4635-a934-6f9427d506b8,1,4000
4537195987,727,4956.93,REJECTED,fe53d2be-049c-47fa-871a-c4a8b1a10e40,2,2000
4596541187,913,2492.27,WAITING,73df3d25-bcec-47a6-8d66-6b628e81ed2d,5,4000
4596014237,467,9014.14,WAITING,71b893be-0a75-41a7-9a52-bcdb771cc5ec,1,2000
4578546941,756,8751.96,WAITING,82ebf1b0-6982-4deb-ac51-c7a6d0a68c5d,5,4000
4531544968,333,5891.88,WAITING,3f3292d8-3056-42da-9ec5-d080c252a223,5,2000
4582164048,772,1604.52,WAITING,bf599d91-442c-4e09-b5ae-b9f08a417d11,1,1000
4551826148,781,5187.33,REJECTED,ad64acbd-9045-44ec-9111-f6b3b90cb060,2,3000
4503339553,734,8537.04,REJECTED,74d238f7-61d4-41c6-9d51-b05f2eddcb36,2,2000
4599678122,165,3583.57,REJECTED,05767575-2944-4457-9aa7-06e1dae2ae25,1,3000
4533030295,271,8206.21,REJECTED,a1a6e723-19c6-46fd-a584-917efe27f127,4,3000
4581294310,889,9856.27,APPROVED,62117371-6664-4e90-9e4c-e3939789c81a,2,1000
4580924799,588,8479.71,WAITING,0c328cd6-def4-4097-8b5d-ef9b4362cfd3,3,3000
4581040504,159,1147.86,WAITING,834a14f7-cbd7-4220-9587-cd61c93c8253,1,1000
4551462959,867,7471.04,QUOTATION,fcc9df1e-2761-4b55-8f60-015b21066d78,5,2000
4524701818,675,8346.18,QUOTATION,bf599d91-442c-4e09-b5ae-b9f08a417d11,3,1000
4561367906,72,8454.99,REJECTED,2ab670e8-49e3-4a95-9871-d937f77b5927,3,2000
4592534368,304,8088.59,APPROVED,76fa0c16-dc3a-4a9b-b914-de6a0097f3dc,4,4000
4500335015,28,7485.71,WAITING,da731710-48f7-4c02-8dd6-917ff4c62e3b,4,1000
4533953759,239,8887.05,REJECTED,31ac60a6-1bc1-442c-ae10-4a420f770538,2,4000
4531964382,789,7745.55,QUOTATION,b0154cbb-c693-4062-88b9-a8acf4402b56,1,3000
4577117677,310,1035.93,WAITING,eb8e5632-45d0-47e9-bcc0-ee76bf030643,2,2000
4503922574,285,8331.57,QUOTATION,82ebf1b0-6982-4deb-ac51-c7a6d0a68c5d,3,2000
4597362685,537,1378.71,REJECTED,a9da22e7-f42f-4428-9083-96395b7a7e9a,2,1000
4503230245,973,5456.95,REJECTED,611eefb3-ef38-4a2e-831a-15aff1dde8f8,4,4000
4598612382,153,3429.26,APPROVED,74d238f7-61d4-41c6-9d51-b05f2eddcb36,2,2000
4505571983,102,3872.68,APPROVED,f6dd041e-f994-407c-9a1b-2ee8a39b9b25,1,4000
4588461098,644,839.12,APPROVED,eb8e5632-45d0-47e9-bcc0-ee76bf030643,3,3000
4550636265,26,8778.08,QUOTATION,84aadcf6-499b-4416-9a35-3e546eb39a5c,1,3000
4521901481,24,7738.03,REJECTED,d4dbba0a-2b26-4233-9017-bb25b2e860f3,4,3000
4596149126,146,8713.79,WAITING,fcc9df1e-2761-4b55-8f60-015b21066d78,4,1000
4590201369,544,88.38,APPROVED,0c328cd6-def4-4097-8b5d-ef9b4362cfd3,5,1000
4590874857,503,9727.43,APPROVED,aa51a37d-2867-459b-8885-b5c8b161616a,3,3000
4537229993,371,1995.56,APPROVED,fe53d2be-049c-47fa-871a-c4a8b1a10e40,5,3000
4530783014,201,9431.81,WAITING,01bb5e4b-33d3-4db2-85a2-499f5c9e31b4,1,3000
4512921495,75,7987.74,REJECTED,d5b6a98e-464a-4e85-ad1c-7fd6be7df835,4,4000
4569378660,117,6689.16,WAITING,ebfe58ef-0dee-41d8-859e-ae2bff66e7fc,2,2000
4549166989,350,9242.64,REJECTED,cf11fe2a-443a-44e9-96b0-e6b91ddfa87d,4,1000
4562502926,839,9767.57,WAITING,37bf8863-0046-49cb-a72c-f7e41661214b,2,1000
4560606547,889,9859.39,WAITING,2c7b9d8a-6b92-4a21-a03e-024e434a203d,1,3000
4529612167,525,9864.78,REJECTED,0a58bce2-1697-4c89-b568-ae280f33f982,3,3000
4531882988,652,5061.0,WAITING,2ab670e8-49e3-4a95-9871-d937f77b5927,1,2000
4516644826,725,3368.5,WAITING,0c328cd6-def4-4097-8b5d-ef9b4362cfd3,1,3000
4516322038,3,6597.66,APPROVED,ce1eeb99-74a8-4547-b95c-345102c07d21,3,2000
4577194544,549,8199.11,QUOTATION,de541e55-b7b6-404a-8ce0-a6f1ea925750,5,3000
4519159262,411,6031.06,APPROVED,ad64acbd-9045-44ec-9111-f6b3b90cb060,1,1000
4521597308,629,4367.16,WAITING,31ac60a6-1bc1-442c-ae10-4a420f770538,4,2000
4520633033,233,5221.85,QUOTATION,dbce3e63-1a5c-4595-a1f9-d09c3d978567,2,4000
4529607599,428,5887.23,WAITING,82ebf1b0-6982-4deb-ac51-c7a6d0a68c5d,4,2000
4509335502,471,6827.55,REJECTED,9c7454a7-b80c-4d19-b841-4c0343b75add,4,1000
4566868064,175,999.15,APPROVED,0e752cfe-75ff-427d-8214-57710b509b33,1,1000
4523158411,883,8719.04,WAITING,32149af9-a4f0-4e80-a73d-490a9faef06f,5,4000
4573826728,971,1310.67,WAITING,74d238f7-61d4-41c6-9d51-b05f2eddcb36,3,2000
4592801805,596,9584.8,WAITING,76fa0c16-dc3a-4a9b-b914-de6a0097f3dc,2,3000
4500799596,949,580.51,APPROVED,4a2d279e-2495-496f-80d9-bc5a45e3b6b4,2,2000
4584245997,668,2603.25,WAITING,9c7454a7-b80c-4d19-b841-4c0343b75add,4,4000
4549389950,312,1291.26,APPROVED,e069016d-d217-4fbc-b438-1e8790b731fb,5,2000
4523667999,430,2124.65,WAITING,6cc3c3b9-23fa-4969-8791-af89dedc62c9,4,3000
4537913277,326,6469.9,QUOTATION,da731710-48f7-4c02-8dd6-917ff4c62e3b,5,2000
4556175353,213,7216.1,QUOTATION,2c6e3cb9-21cb-4de6-ae38-f117a3cbdfe2,4,3000
4519814835,22,9613.06,REJECTED,5c250769-58e7-4a67-92b8-05566aab2cd0,5,4000
4579023671,78,8580.45,QUOTATION,8ca5ca23-a910-469b-aec1-73bd31d74ba2,5,3000
4541152330,339,978.75,WAITING,384bae62-8ba8-4cac-b8ad-3df4e68bcafa,3,1000
4580350673,489,217.23,REJECTED,9ec93c76-9578-4947-a5ca-def516b026cb,3,1000
4576803237,250,2196.52,APPROVED,4a2d279e-2495-496f-80d9-bc5a45e3b6b4,4,2000
4550852536,2,763.59,WAITING,384bae62-8ba8-4cac-b8ad-3df4e68bcafa,1,2000
4579006740,111,5676.82,WAITING,975480d4-8c15-44ba-8c55-a9938bdaa2c4,2,1000
4541166135,974,5896.92,QUOTATION,71b893be-0a75-41a7-9a52-bcdb771cc5ec,5,4000
4559004538,415,3704.92,REJECTED,3341d7ea-5bed-42e4-82c2-18d0adfbcdf1,2,2000
4571346810,234,6080.51,REJECTED,76fa0c16-dc3a-4a9b-b914-de6a0097f3dc,1,3000
4500149823,443,6596.9,APPROVED,71b893be-0a75-41a7-9a52-bcdb771cc5ec,4,1000
4507818270,364,9112.42,WAITING,0439439c-8945-42c4-b079-5340d85df97c,2,2000
4555685724,772,1274.74,WAITING,12a301b9-4c71-4181-a853-d29be7b6bd18,1,1000
4522222453,457,6985.17,QUOTATION,ba5b8587-5d45-44ac-9e4e-16cb4b3afecc,1,1000
4575137996,700,5975.75,WAITING,12a301b9-4c71-4181-a853-d29be7b6bd18,1,1000
4541158662,22,1868.52,QUOTATION,da731710-48f7-4c02-8dd6-917ff4c62e3b,3,3000
4543064358,997,5826.44,QUOTATION,4029508a-afa4-4faf-b175-4bb65b8a4dbb,3,3000
4534141910,51,9151.99,QUOTATION,4a2d279e-2495-496f-80d9-bc5a45e3b6b4,2,1000
4519619182,743,2589.87,WAITING,d5b6a98e-464a-4e85-ad1c-7fd6be7df835,5,2000
4589885714,969,7888.5,REJECTED,ce1eeb99-74a8-4547-b95c-345102c07d21,4,3000
4547382093,179,782.85,WAITING,da731710-48f7-4c02-8dd6-917ff4c62e3b,4,4000
4542008800,896,2006.33,APPROVED,9a109dc4-7be3-4aec-94bb-ede38f79ae14,4,2000
4588660962,824,7644.35,APPROVED,d0d94739-009d-44aa-ae3d-8c35a65083c5,2,3000
4544272323,27,9871.98,QUOTATION,62117371-6664-4e90-9e4c-e3939789c81a,3,2000
4530932501,952,4186.74,REJECTED,a4926703-442b-4179-808a-04de7d4e1015,3,1000
4524192502,702,1887.86,REJECTED,74d238f7-61d4-41c6-9d51-b05f2eddcb36,3,1000
4597329647,259,1523.55,REJECTED,384bae62-8ba8-4cac-b8ad-3df4e68bcafa,4,4000
4575151219,396,3057.1,APPROVED,12a301b9-4c71-4181-a853-d29be7b6bd18,2,1000
4527946044,716,5671.73,WAITING,cf11fe2a-443a-44e9-96b0-e6b91ddfa87d,1,4000
4543054870,979,6683.26,QUOTATION,15ddc72a-7103-4a88-a951-49c5aa75affd,5,2000
4520791237,404,3544.86,QUOTATION,2cf52c48-a37c-4244-a030-3fe16c443ecd,5,2000
4569850130,915,8061.69,APPROVED,975480d4-8c15-44ba-8c55-a9938bdaa2c4,1,3000
4544174105,783,1048.15,QUOTATION,5c250769-58e7-4a67-92b8-05566aab2cd0,3,2000
4540799703,925,8071.76,QUOTATION,b577718c-a2a9-4f8a-a41c-7cac0d102aab,4,2000
4514069670,671,5771.77,REJECTED,31ac60a6-1bc1-442c-ae10-4a420f770538,3,1000
4557410288,334,5042.17,WAITING,134244b2-90f7-4d62-8488-d71e29828266,3,1000
4525190937,691,5428.57,REJECTED,fcc9df1e-2761-4b55-8f60-015b21066d78,2,3000
4501645221,513,1296.52,REJECTED,f524f9ee-95cb-4e66-a6c1-b58f8296e7f3,1,2000
4519346829,716,4384.44,REJECTED,82ebf1b0-6982-4deb-ac51-c7a6d0a68c5d,5,1000
4570443744,85,7264.53,QUOTATION,3d3527a9-4ef5-45d5-83c2-4178789f9921,3,2000
4530608811,361,8659.92,APPROVED,b020551c-5fe7-45ea-881a-6fa78332362d,4,1000
4578654565,699,9804.34,QUOTATION,3d3527a9-4ef5-45d5-83c2-4178789f9921,1,3000
4568998623,113,2639.69,QUOTATION,01bb5e4b-33d3-4db2-85a2-499f5c9e31b4,1,2000
4510903672,719,6530.62,APPROVED,a1a6e723-19c6-46fd-a584-917efe27f127,5,2000
4531386902,380,3762.29,WAITING,ce1eeb99-74a8-4547-b95c-345102c07d21,5,3000
4573031857,162,7064.76,WAITING,b577718c-a2a9-4f8a-a41c-7cac0d102aab,5,2000
4564402350,116,6106.26,APPROVED,41e46c83-90d4-4836-a022-b900a018b3fa,4,3000
4517163941,440,3011.75,APPROVED,134244b2-90f7-4d62-8488-d71e29828266,1,4000
4591013982,485,519.14,QUOTATION,915bda23-d2b3-4bab-9d3b-0b701beb76fa,4,1000
4507749881,214,3090.56,WAITING,3341d7ea-5bed-42e4-82c2-18d0adfbcdf1,1,1000
4550828819,866,6634.88,QUOTATION,41f3b33b-8871-42fd-90d5-1d1d9f2d5aed,4,1000
4513387459,778,3646.67,APPROVED,de541e55-b7b6-404a-8ce0-a6f1ea925750,5,2000
4554917256,750,1103.61,WAITING,3c65561d-5119-4985-87e7-48965fe9f62c,1,4000
4530451426,565,6573.05,REJECTED,0e752cfe-75ff-427d-8214-57710b509b33,3,2000
4515459806,785,9177.48,QUOTATION,a1ad3c2b-45ca-491c-8ef2-a64af7d19e43,2,2000
4509988915,243,971.15,REJECTED,cf11fe2a-443a-44e9-96b0-e6b91ddfa87d,2,3000
4592795593,770,4096.16,REJECTED,f6979cad-3c89-4280-985d-d7f07aaa8c2b,1,1000
4549934714,275,3851.39,APPROVED,651e8d5b-8636-4635-a934-6f9427d506b8,5,2000
4512340019,794,1651.4,WAITING,3f3292d8-3056-42da-9ec5-d080c252a223,1,1000
4530305437,147,7266.63,QUOTATION,651e8d5b-8636-4635-a934-6f9427d506b8,2,3000
4503336258,173,8888.71,APPROVED,12a301b9-4c71-4181-a853-d29be7b6bd18,3,1000
4575945788,137,5581.03,APPROVED,32149af9-a4f0-4e80-a73d-490a9faef06f,2,1000
4543934410,400,6572.67,QUOTATION,eb8e5632-45d0-47e9-bcc0-ee76bf030643,3,4000
4514670163,168,3723.25,REJECTED,4a2d279e-2495-496f-80d9-bc5a45e3b6b4,4,3000
4532375379,816,8151.46,QUOTATION,8df0c99e-2745-44ae-94ee-ad79cb114fdb,3,4000
4593901063,887,5240.14,QUOTATION,71b893be-0a75-41a7-9a52-bcdb771cc5ec,1,2000
4513607245,452,4814.29,APPROVED,9ec93c76-9578-4947-a5ca-def516b026cb,5,2000
4585802785,65,1258.59,APPROVED,0e752cfe-75ff-427d-8214-57710b509b33,3,4000
4525220883,176,2793.56,REJECTED,d4dbba0a-2b26-4233-9017-bb25b2e860f3,5,3000
4584676924,105,8471.92,REJECTED,eb8e5632-45d0-47e9-bcc0-ee76bf030643,2,2000
4520231833,746,4347.0,QUOTATION,bf599d91-442c-4e09-b5ae-b9f08a417d11,2,2000
4536683590,807,7148.69,APPROVED,31ac60a6-1bc1-442c-ae10-4a420f770538,5,2000
4541840213,6,7414.47,APPROVED,6c55f239-a4f0-4edd-afe8-02d129db9eda,5,1000
4523588775,556,6107.21,WAITING,ea38b7e1-b488-4873-ab04-3066d219b434,5,2000
4587100802,879,9063.63,REJECTED,82ebf1b0-6982-4deb-ac51-c7a6d0a68c5d,4,2000
4557962448,733,6026.78,REJECTED,cea90057-5542-4a9f-8ad8-2fa263b39b7b,2,2000
4532278344,173,989.55,REJECTED,62117371-6664-4e90-9e4c-e3939789c81a,1,4000
4516803290,316,5587.16,APPROVED,ebfe58ef-0dee-41d8-859e-ae2bff66e7fc,5,2000
4522872577,339,7076.76,APPROVED,a9da22e7-f42f-4428-9083-96395b7a7e9a,3,4000
4594324512,685,3356.03,QUOTATION,a9da22e7-f42f-4428-9083-96395b7a7e9a,1,2000
4502867009,830,407.62,WAITING,ba5b8587-5d45-44ac-9e4e-16cb4b3afecc,1,3000
4583456396,343,8750.07,REJECTED,31ac60a6-1bc1-442c-ae10-4a420f770538,3,3000
4529213356,851,719.47,APPROVED,84aadcf6-499b-4416-9a35-3e546eb39a5c,1,1000
4573781569,932,9081.2,REJECTED,71b893be-0a75-41a7-9a52-bcdb771cc5ec,4,2000
4536496120,956,5245.38,APPROVED,0b319577-4ab0-4684-b112-b27aad212cb1,1,2000
4560402913,688,9673.06,QUOTATION,ad64acbd-9045-44ec-9111-f6b3b90cb060,3,2000
4560411946,625,179.45,QUOTATION,5257f4f1-580e-4eb3-89f9-6cae458e4509,3,3000
4541752755,622,1678.07,WAITING,f6dd041e-f994-407c-9a1b-2ee8a39b9b25,2,2000
4553745326,441,534.2,WAITING,01bb5e4b-33d3-4db2-85a2-499f5c9e31b4,4,2000
4566830484,822,7952.04,QUOTATION,b577718c-a2a9-4f8a-a41c-7cac0d102aab,5,1000
4539394090,932,6306.77,APPROVED,2c6e3cb9-21cb-4de6-ae38-f117a3cbdfe2,2,4000
4514747383,630,9838.15,QUOTATION,15ddc72a-7103-4a88-a951-49c5aa75affd,3,2000
4576348021,401,5475.31,APPROVED,bf599d91-442c-4e09-b5ae-b9f08a417d11,4,4000
4558873096,423,678.46,APPROVED,ebfe58ef-0dee-41d8-859e-ae2bff66e7fc,2,3000
4515508083,48,3469.89,APPROVED,bcebc30c-15e5-48e2-9c32-c86d886f82a0,4,2000
4594099042,652,9603.71,QUOTATION,bcebc30c-15e5-48e2-9c32-c86d886f82a0,3,3000
4550698643,235,8776.14,WAITING,31ac60a6-1bc1-442c-ae10-4a420f770538,1,3000
4542669044,606,3895.91,REJECTED,da731710-48f7-4c02-8dd6-917ff4c62e3b,5,4000
4537868842,168,5583.19,WAITING,e7ba4d18-37bf-472c-9d3a-7756c21a55c9,5,3000
4529309901,755,3122.18,APPROVED,9567383e-1921-4683-803b-509faa2bc9d5,4,3000
4518918925,438,3133.36,WAITING,3d3527a9-4ef5-45d5-83c2-4178789f9921,5,3000
4513530735,325,1710.57,WAITING,71b893be-0a75-41a7-9a52-bcdb771cc5ec,5,3000
4549175241,658,5904.34,WAITING,f524f9ee-95cb-4e66-a6c1-b58f8296e7f3,4,4000
4501991970,26,1390.5,REJECTED,834a14f7-cbd7-4220-9587-cd61c93c8253,5,2000
4598103374,297,7341.58,QUOTATION,651e8d5b-8636-4635-a934-6f9427d506b8,5,3000
4599557691,12,1353.21,REJECTED,f524f9ee-95cb-4e66-a6c1-b58f8296e7f3,1,2000
4547275115,492,27.48,APPROVED,41e46c83-90d4-4836-a022-b900a018b3fa,3,3000
4541577316,636,6095.7,WAITING,9567383e-1921-4683-803b-509faa2bc9d5,2,2000
4527661154,499,8555.33,QUOTATION,bcebc30c-15e5-48e2-9c32-c86d886f82a0,2,1000
4525581024,951,3052.13,APPROVED,c40f8a37-9024-4fcd-80a6-7917301ba6bd,3,3000
4555463427,100,152.87,APPROVED,fe53d2be-049c-47fa-871a-c4a8b1a10e40,1,3000
4568966981,373,7194.03,REJECTED,ce1eeb99-74a8-4547-b95c-345102c07d21,5,3000
4530568733,941,1819.48,WAITING,b6bbc970-46d2-4ff4-9c52-80f378cfe8ea,4,1000
4503298501,459,5146.73,APPROVED,b020551c-5fe7-45ea-881a-6fa78332362d,3,3000
4520011422,52,995.35,QUOTATION,73df3d25-bcec-47a6-8d66-6b628e81ed2d,1,4000
4523441940,765,8125.88,WAITING,d7da1df8-a4af-4efe-a657-570c6d350470,1,1000
4505040522,433,574.88,QUOTATION,6cc3c3b9-23fa-4969-8791-af89dedc62c9,5,2000
4538626616,86,1239.15,APPROVED,a4926703-442b-4179-808a-04de7d4e1015,2,1000
4531506725,88,2850.3,REJECTED,56ae9e46-c0b2-46ca-b51d-5686e00ce4a6,2,1000
4598536409,107,2632.97,REJECTED,408c4fe5-9066-4997-8f1c-ad8daae4b1f6,2,2000
4593293024,407,4363.12,REJECTED,fcc9df1e-2761-4b55-8f60-015b21066d78,2,2000
4523761350,576,9841.81,APPROVED,975480d4-8c15-44ba-8c55-a9938bdaa2c4,5,1000
4551283200,268,6735.57,WAITING,32149af9-a4f0-4e80-a73d-490a9faef06f,1,1000
4520901484,883,5514.27,WAITING,0439439c-8945-42c4-b079-5340d85df97c,5,2000
4578464448,273,896.66,QUOTATION,28d388a1-0e70-41d0-a8a1-abb9e3263b7b,2,2000
4517017510,61,4439.89,REJECTED,0c328cd6-def4-4097-8b5d-ef9b4362cfd3,5,2000
4575173172,102,2480.96,QUOTATION,4a5df305-6d85-4b5a-81ca-b2a776017f8f,1,2000
4504391293,984,9456.57,APPROVED,cea90057-5542-4a9f-8ad8-2fa263b39b7b,5,3000
4526011013,3,4282.25,WAITING,00a417fb-f2b9-4bb8-90c0-0787c3f2e3c7,2,3000
4552549512,537,1908.63,WAITING,8df0c99e-2745-44ae-94ee-ad79cb114fdb,1,2000
4539725370,890,5895.06,WAITING,a9da22e7-f42f-4428-9083-96395b7a7e9a,4,1000
4579005028,819,9946.41,APPROVED,05767575-2944-4457-9aa7-06e1dae2ae25,3,1000
4574430820,501,4498.68,APPROVED,0c328cd6-def4-4097-8b5d-ef9b4362cfd3,3,3000
4545244464,373,9931.58,QUOTATION,37bf8863-0046-49cb-a72c-f7e41661214b,3,1000
4567771032,268,996.88,APPROVED,bcebc30c-15e5-48e2-9c32-c86d886f82a0,2,1000
4561768008,71,1639.22,REJECTED,41e46c83-90d4-4836-a022-b900a018b3fa,2,1000
4546547700,389,2095.95,WAITING,bcebc30c-15e5-48e2-9c32-c86d886f82a0,4,4000
4542459057,659,218.47,WAITING,915bda23-d2b3-4bab-9d3b-0b701beb76fa,4,1000
4500025896,862,3622.55,WAITING,f524f9ee-95cb-4e66-a6c1-b58f8296e7f3,3,3000
4581977128,125,3863.45,REJECTED,9fc109ea-2585-4c23-9329-2ccda2d964eb,2,4000
4580678884,279,966.52,REJECTED,8df0c99e-2745-44ae-94ee-ad79cb114fdb,4,1000
4539662637,821,9030.73,APPROVED,05767575-2944-4457-9aa7-06e1dae2ae25,4,4000
4528016854,381,9435.47,APPROVED,cf11fe2a-443a-44e9-96b0-e6b91ddfa87d,1,2000
4518156906,877,7453.49,REJECTED,8df0c99e-2745-44ae-94ee-ad79cb114fdb,1,2000
4584996671,44,4906.46,REJECTED,5257f4f1-580e-4eb3-89f9-6cae458e4509,3,2000
4550945883,299,7819.45,REJECTED,a1ad3c2b-45ca-491c-8ef2-a64af7d19e43,5,1000
4531593056,512,5751.08,WAITING,5257f4f1-580e-4eb3-89f9-6cae458e4509,4,2000
4524568389,770,8627.54,QUOTATION,aa51a37d-2867-459b-8885-b5c8b161616a,2,4000
4526657575,424,7302.14,QUOTATION,5c250769-58e7-4a67-92b8-05566aab2cd0,2,3000
4570160093,480,5528.46,WAITING,384bae62-8ba8-4cac-b8ad-3df4e68bcafa,1,1000
4532840136,237,5288.42,APPROVED,f6979cad-3c89-4280-985d-d7f07aaa8c2b,3,1000
4553130260,249,4294.47,QUOTATION,915bda23-d2b3-4bab-9d3b-0b701beb76fa,1,3000
4543325850,21,8233.72,APPROVED,17dffc12-ac1a-44ed-ad09-3c824851c624,1,1000
4516910840,925,2255.83,APPROVED,9ec93c76-9578-4947-a5ca-def516b026cb,4,4000
4503128200,681,3776.19,WAITING,f6dd041e-f994-407c-9a1b-2ee8a39b9b25,2,3000
4523426391,800,2336.05,WAITING,0e752cfe-75ff-427d-8214-57710b509b33,2,1000
4595919099,37,7716.77,QUOTATION,eb8e5632-45d0-47e9-bcc0-ee76bf030643,5,4000
4578816310,293,2466.35,REJECTED,e7ba4d18-37bf-472c-9d3a-7756c21a55c9,3,1000
4570585567,302,3500.15,APPROVED,56ae9e46-c0b2-46ca-b51d-5686e00ce4a6,3,1000
4574108163,235,7970.68,WAITING,3c65561d-5119-4985-87e7-48965fe9f62c,5,3000
4594361152,41,8383.18,APPROVED,9a109dc4-7be3-4aec-94bb-ede38f79ae14,4,3000
4548906836,644,5995.13,REJECTED,32149af9-a4f0-4e80-a73d-490a9faef06f,2,4000
4588714191,853,9681.51,REJECTED,2c6e3cb9-21cb-4de6-ae38-f117a3cbdfe2,2,4000
4511166541,555,8648.11,APPROVED,fffeaf8f-4b6b-4357-a309-89f4769c36da,4,3000
4524155601,654,7170.35,APPROVED,0e752cfe-75ff-427d-8214-57710b509b33,5,3000
4561217131,843,6115.66,QUOTATION,d4dbba0a-2b26-4233-9017-bb25b2e860f3,5,3000
4516565950,802,2763.24,QUOTATION,31ac60a6-1bc1-442c-ae10-4a420f770538,4,1000
4501912459,477,976.03,QUOTATION,110f8801-eea1-420d-98e6-dd439569747b,3,1000
4582226046,128,1706.02,APPROVED,3f3292d8-3056-42da-9ec5-d080c252a223,1,2000
4577881108,563,3617.64,WAITING,3341d7ea-5bed-42e4-82c2-18d0adfbcdf1,4,3000
4542822575,508,5490.9,REJECTED,a1ad3c2b-45ca-491c-8ef2-a64af7d19e43,2,3000
4569329604,750,9683.28,REJECTED,3c65561d-5119-4985-87e7-48965fe9f62c,4,1000
4565736139,105,5689.05,QUOTATION,0e752cfe-75ff-427d-8214-57710b509b33,4,2000
4543080617,509,3755.79,APPROVED,dbce3e63-1a5c-4595-a1f9-d09c3d978567,4,1000
4595155483,230,8648.46,QUOTATION,35672019-b6d1-42b4-b906-8819b248182e,4,2000
4556687818,123,6314.12,QUOTATION,daffc87a-fdb5-424e-9155-782c6cd1b731,5,1000
4544823356,502,3773.66,QUOTATION,d5b6a98e-464a-4e85-ad1c-7fd6be7df835,4,4000
4586230371,572,5497.46,APPROVED,a4926703-442b-4179-808a-04de7d4e1015,4,1000
4517870586,369,1348.65,APPROVED,9c7454a7-b80c-4d19-b841-4c0343b75add,2,4000
4518168415,857,6578.44,WAITING,ba3d4978-80db-4a12-9f06-e4c698936184,3,4000
4504573738,581,1733.86,WAITING,eb8e5632-45d0-47e9-bcc0-ee76bf030643,3,1000
4561365575,255,7323.15,APPROVED,a1a6e723-19c6-46fd-a584-917efe27f127,4,2000
4599678771,918,9226.21,WAITING,e7ba4d18-37bf-472c-9d3a-7756c21a55c9,5,2000
4516487726,467,7518.98,QUOTATION,5c250769-58e7-4a67-92b8-05566aab2cd0,4,1000
4597865703,831,6172.51,WAITING,a1a6e723-19c6-46fd-a584-917efe27f127,2,4000
4578449105,140,3115.73,REJECTED,ba5b8587-5d45-44ac-9e4e-16cb4b3afecc,5,4000
4572423813,48,1164.16,REJECTED,c40f8a37-9024-4fcd-80a6-7917301ba6bd,3,2000
4504426469,270,2468.31,QUOTATION,834a14f7-cbd7-4220-9587-cd61c93c8253,5,3000
4585523171,624,5622.81,QUOTATION,74d238f7-61d4-41c6-9d51-b05f2eddcb36,5,3000
4583994926,927,462.95,APPROVED,37bf8863-0046-49cb-a72c-f7e41661214b,2,4000
4516093285,927,8909.95,REJECTED,3d3527a9-4ef5-45d5-83c2-4178789f9921,2,3000
4586483798,538,2223.23,WAITING,9ec93c76-9578-4947-a5ca-def516b026cb,5,2000
4558485757,867,8821.67,WAITING,ad64acbd-9045-44ec-9111-f6b3b90cb060,3,3000
4503826800,222,2876.22,REJECTED,d7da1df8-a4af-4efe-a657-570c6d350470,5,4000
4539490231,486,9872.62,QUOTATION,fffeaf8f-4b6b-4357-a309-89f4769c36da,3,1000
4543176421,156,4461.63,QUOTATION,0f7e95f4-4fb9-4987-a1e1-5264880e721e,2,3000
4565685006,512,9878.2,REJECTED,3ee51816-f540-45e6-8401-474c5df84e78,3,1000
4564522022,333,3735.89,APPROVED,da731710-48f7-4c02-8dd6-917ff4c62e3b,4,2000
4598265308,35,4630.78,QUOTATION,74d238f7-61d4-41c6-9d51-b05f2eddcb36,1,1000
4537431364,22,1176.27,WAITING,05767575-2944-4457-9aa7-06e1dae2ae25,2,3000
4504163840,908,3507.7,REJECTED,3c65561d-5119-4985-87e7-48965fe9f62c,4,2000
4504744989,970,437.69,WAITING,a9da22e7-f42f-4428-9083-96395b7a7e9a,4,3000
4528778872,964,5636.01,REJECTED,e7ba4d18-37bf-472c-9d3a-7756c21a55c9,5,1000
4586613176,888,897.72,QUOTATION,3ee51816-f540-45e6-8401-474c5df84e78,5,2000
4570822537,127,4085.8,APPROVED,76fa0c16-dc3a-4a9b-b914-de6a0097f3dc,5,2000
4500736394,453,3492.07,REJECTED,76fa0c16-dc3a-4a9b-b914-de6a0097f3dc,4,3000
4560217195,765,1428.89,APPROVED,4a5df305-6d85-4b5a-81ca-b2a776017f8f,4,2000
4523875173,598,5663.38,APPROVED,384bae62-8ba8-4cac-b8ad-3df4e68bcafa,4,1000
4516953731,159,289.04,APPROVED,611eefb3-ef38-4a2e-831a-15aff1dde8f8,1,3000
4528665796,453,7115.18,WAITING,0f7e95f4-4fb9-4987-a1e1-5264880e721e,5,4000
4565268528,95,7447.74,APPROVED,e069016d-d217-4fbc-b438-1e8790b731fb,5,2000
4568935413,2,491.2,QUOTATION,3f3292d8-3056-42da-9ec5-d080c252a223,3,3000
4569155545,339,3887.72,REJECTED,17dffc12-ac1a-44ed-ad09-3c824851c624,1,2000
4536466972,55,2421.88,REJECTED,e069016d-d217-4fbc-b438-1e8790b731fb,2,4000
4532605162,270,3037.13,WAITING,a1a6e723-19c6-46fd-a584-917efe27f127,2,1000
4539073554,412,8845.97,WAITING,bf599d91-442c-4e09-b5ae-b9f08a417d11,5,1000
4587887103,911,3554.83,WAITING,73df3d25-bcec-47a6-8d66-6b628e81ed2d,2,3000
4547955458,497,4558.31,REJECTED,8df0c99e-2745-44ae-94ee-ad79cb114fdb,4,3000
4583969620,70,5756.6,WAITING,e069016d-d217-4fbc-b438-1e8790b731fb,4,3000
4589327872,186,9249.2,REJECTED,5257f4f1-580e-4eb3-89f9-6cae458e4509,3,3000
4535583282,819,4746.78,REJECTED,9ec93c76-9578-4947-a5ca-def516b026cb,2,1000
4569003262,244,2830.15,REJECTED,68681084-7b12-4fd9-9704-7da3802cb451,3,4000
4549800064,722,548.06,QUOTATION,3f3292d8-3056-42da-9ec5-d080c252a223,2,1000
4523788922,359,6800.83,REJECTED,975480d4-8c15-44ba-8c55-a9938bdaa2c4,5,3000
4596994020,248,8914.78,QUOTATION,17dffc12-ac1a-44ed-ad09-3c824851c624,5,2000
4565822725,199,511.43,WAITING,d4dbba0a-2b26-4233-9017-bb25b2e860f3,2,1000
4539871885,132,5672.73,WAITING,9ec93c76-9578-4947-a5ca-def516b026cb,4,3000
4501754735,259,8598.92,QUOTATION,915bda23-d2b3-4bab-9d3b-0b701beb76fa,1,3000
4532313952,857,1287.4,QUOTATION,3ee51816-f540-45e6-8401-474c5df84e78,3,4000
4576453638,14,427.69,REJECTED,82ebf1b0-6982-4deb-ac51-c7a6d0a68c5d,1,2000
4504197947,3,2439.59,QUOTATION,fe53d2be-049c-47fa-871a-c4a8b1a10e40,5,4000
4531536656,309,4449.09,WAITING,134244b2-90f7-4d62-8488-d71e29828266,2,3000
4577512733,67,6732.85,APPROVED,daffc87a-fdb5-424e-9155-782c6cd1b731,4,2000
4581587129,892,8547.48,QUOTATION,0439439c-8945-42c4-b079-5340d85df97c,3,1000
4501488744,698,5979.0,REJECTED,3341d7ea-5bed-42e4-82c2-18d0adfbcdf1,5,2000
4530802307,149,996.07,QUOTATION,a1a6e723-19c6-46fd-a584-917efe27f127,4,1000
4501261924,804,4832.8,WAITING,3c65561d-5119-4985-87e7-48965fe9f62c,2,2000
4571847900,204,715.75,APPROVED,ea38b7e1-b488-4873-ab04-3066d219b434,3,4000
4561008460,843,8826.23,APPROVED,3ee51816-f540-45e6-8401-474c5df84e78,2,2000
4530790935,636,3635.17,REJECTED,f6dd041e-f994-407c-9a1b-2ee8a39b9b25,3,2000
4571304047,649,6818.3,APPROVED,9a109dc4-7be3-4aec-94bb-ede38f79ae14,2,3000
4500947801,17,4303.91,QUOTATION,2ab670e8-49e3-4a95-9871-d937f77b5927,4,3000
4581802309,480,2097.83,APPROVED,51991c98-a328-457f-a862-0962b2d30ddc,3,1000
4502111408,786,1945.84,APPROVED,41f3b33b-8871-42fd-90d5-1d1d9f2d5aed,5,4000
4542947768,272,1933.13,APPROVED,fffeaf8f-4b6b-4357-a309-89f4769c36da,5,4000
4524367939,53,931.8,APPROVED,4029508a-afa4-4faf-b175-4bb65b8a4dbb,5,4000
4592825300,705,7071.43,REJECTED,01bb5e4b-33d3-4db2-85a2-499f5c9e31b4,4,1000
4530456343,790,6326.95,WAITING,3d3527a9-4ef5-45d5-83c2-4178789f9921,2,3000
4535254313,871,3536.99,REJECTED,5c250769-58e7-4a67-92b8-05566aab2cd0,5,3000
4582277155,953,6061.52,REJECTED,e069016d-d217-4fbc-b438-1e8790b731fb,5,3000
4539783244,883,1518.96,REJECTED,12a301b9-4c71-4181-a853-d29be7b6bd18,1,2000
4512470687,175,8420.86,APPROVED,6c55f239-a4f0-4edd-afe8-02d129db9eda,2,3000
4563295385,425,3403.88,WAITING,8ca5ca23-a910-469b-aec1-73bd31d74ba2,2,2000
4589473836,920,1027.95,QUOTATION,fe53d2be-049c-47fa-871a-c4a8b1a10e40,2,2000
4557654405,411,6015.21,REJECTED,d4dbba0a-2b26-4233-9017-bb25b2e860f3,1,1000
4563632318,231,8553.45,APPROVED,74d238f7-61d4-41c6-9d51-b05f2eddcb36,5,2000
4559459125,323,527.73,WAITING,8df0c99e-2745-44ae-94ee-ad79cb114fdb,5,1000
4553479537,850,9311.16,REJECTED,a4926703-442b-4179-808a-04de7d4e1015,1,2000
4531978171,363,2215.69,APPROVED,b577718c-a2a9-4f8a-a41c-7cac0d102aab,4,4000
4576917846,839,9963.91,QUOTATION,0439439c-8945-42c4-b079-5340d85df97c,3,2000
4597393661,415,5613.02,APPROVED,bf599d91-442c-4e09-b5ae-b9f08a417d11,3,2000
4503095560,261,9688.26,APPROVED,6c55f239-a4f0-4edd-afe8-02d129db9eda,5,3000
4599894785,767,9880.84,QUOTATION,9a109dc4-7be3-4aec-94bb-ede38f79ae14,3,3000
4504223130,285,5419.64,REJECTED,6c55f239-a4f0-4edd-afe8-02d129db9eda,3,3000
4523180048,178,9552.41,WAITING,f524f9ee-95cb-4e66-a6c1-b58f8296e7f3,1,2000
4507406731,624,4530.42,WAITING,56ae9e46-c0b2-46ca-b51d-5686e00ce4a6,4,4000
4591950178,526,3854.35,REJECTED,ba3d4978-80db-4a12-9f06-e4c698936184,4,3000
4594713270,841,8810.53,APPROVED,0a58bce2-1697-4c89-b568-ae280f33f982,5,4000
4510351586,182,557.47,REJECTED,b020551c-5fe7-45ea-881a-6fa78332362d,5,4000
4515896658,171,4472.19,WAITING,0c328cd6-def4-4097-8b5d-ef9b4362cfd3,2,2000
4540330982,622,4369.31,QUOTATION,51991c98-a328-457f-a862-0962b2d30ddc,2,3000
4555403566,827,8872.9,WAITING,bcebc30c-15e5-48e2-9c32-c86d886f82a0,3,4000
4575395948,46,3945.93,APPROVED,2ab670e8-49e3-4a95-9871-d937f77b5927,3,1000
4582721268,501,2998.98,WAITING,ebfe58ef-0dee-41d8-859e-ae2bff66e7fc,1,3000
4515841288,174,8046.71,WAITING,4a5df305-6d85-4b5a-81ca-b2a776017f8f,3,2000
4566403614,49,366.64,APPROVED,c40f8a37-9024-4fcd-80a6-7917301ba6bd,4,3000
4583439736,749,3770.27,APPROVED,bf599d91-442c-4e09-b5ae-b9f08a417d11,4,3000
4591426620,416,3700.69,QUOTATION,d7da1df8-a4af-4efe-a657-570c6d350470,2,3000
4584461299,899,5887.05,WAITING,f6979cad-3c89-4280-985d-d7f07aaa8c2b,2,3000
4579829677,34,4353.57,APPROVED,3d3527a9-4ef5-45d5-83c2-4178789f9921,5,3000
4575602535,688,5652.32,WAITING,d0d94739-009d-44aa-ae3d-8c35a65083c5,3,3000
4517102018,321,3587.77,WAITING,2c6e3cb9-21cb-4de6-ae38-f117a3cbdfe2,5,1000
4559624741,894,1136.65,WAITING,a9da22e7-f42f-4428-9083-96395b7a7e9a,4,4000
4515776302,114,4347.63,QUOTATION,134244b2-90f7-4d62-8488-d71e29828266,1,3000
4558594894,772,2963.31,WAITING,8ca5ca23-a910-469b-aec1-73bd31d74ba2,5,2000
4576125200,231,9855.46,QUOTATION,ea38b7e1-b488-4873-ab04-3066d219b434,2,1000
4569662079,909,2901.72,QUOTATION,6cc3c3b9-23fa-4969-8791-af89dedc62c9,2,4000
4515537225,389,8891.28,WAITING,0a58bce2-1697-4c89-b568-ae280f33f982,3,2000
4522968931,836,6718.27,APPROVED,32149af9-a4f0-4e80-a73d-490a9faef06f,4,3000
4517330962,245,8808.33,WAITING,8df0c99e-2745-44ae-94ee-ad79cb114fdb,5,2000
4522708756,458,2900.96,QUOTATION,e069016d-d217-4fbc-b438-1e8790b731fb,3,2000
4587832775,850,8159.09,WAITING,fcc9df1e-2761-4b55-8f60-015b21066d78,2,1000
4539142187,51,4142.37,WAITING,e069016d-d217-4fbc-b438-1e8790b731fb,2,4000
4540630091,131,4390.29,WAITING,915bda23-d2b3-4bab-9d3b-0b701beb76fa,5,3000
4552325528,996,6718.54,APPROVED,5257f4f1-580e-4eb3-89f9-6cae458e4509,3,4000
4517178046,317,4530.77,REJECTED,2c7b9d8a-6b92-4a21-a03e-024e434a203d,1,4000
4592278805,216,1380.5,REJECTED,15ddc72a-7103-4a88-a951-49c5aa75affd,4,4000
4537356313,843,791.97,REJECTED,5c250769-58e7-4a67-92b8-05566aab2cd0,3,3000
4532240753,141,7111.35,QUOTATION,834a14f7-cbd7-4220-9587-cd61c93c8253,4,2000
4533598265,225,930.95,QUOTATION,5257f4f1-580e-4eb3-89f9-6cae458e4509,3,2000
4582639543,98,1484.59,REJECTED,b0154cbb-c693-4062-88b9-a8acf4402b56,2,2000
4584943799,924,2080.46,REJECTED,2c6e3cb9-21cb-4de6-ae38-f117a3cbdfe2,2,4000
4502093421,774,2825.48,REJECTED,4029508a-afa4-4faf-b175-4bb65b8a4dbb,2,3000
4593795640,23,5393.69,QUOTATION,2ab670e8-49e3-4a95-9871-d937f77b5927,2,1000
4553152614,656,3561.09,APPROVED,fffeaf8f-4b6b-4357-a309-89f4769c36da,4,3000
4559585075,476,3942.4,QUOTATION,4029508a-afa4-4faf-b175-4bb65b8a4dbb,4,1000
4555083639,528,7083.45,WAITING,2cf52c48-a37c-4244-a030-3fe16c443ecd,4,2000
4549007221,61,9300.5,WAITING,9fc109ea-2585-4c23-9329-2ccda2d964eb,1,3000
4504346637,271,7399.75,QUOTATION,b020551c-5fe7-45ea-881a-6fa78332362d,2,3000
4585351673,82,1849.52,WAITING,0c328cd6-def4-4097-8b5d-ef9b4362cfd3,1,1000
4549102132,598,9258.88,APPROVED,3ee51816-f540-45e6-8401-474c5df84e78,5,1000
4533951399,529,7540.62,WAITING,01bb5e4b-33d3-4db2-85a2-499f5c9e31b4,1,1000
4528685688,247,9685.88,REJECTED,eb8e5632-45d0-47e9-bcc0-ee76bf030643,2,1000
4527772867,80,3888.77,QUOTATION,e069016d-d217-4fbc-b438-1e8790b731fb,1,4000
4565468223,356,6291.32,QUOTATION,73df3d25-bcec-47a6-8d66-6b628e81ed2d,1,3000
4510511563,706,7769.54,REJECTED,fcc9df1e-2761-4b55-8f60-015b21066d78,1,3000
4565709984,924,657.43,REJECTED,ebfe58ef-0dee-41d8-859e-ae2bff66e7fc,1,4000
4502235174,799,571.25,REJECTED,915bda23-d2b3-4bab-9d3b-0b701beb76fa,5,1000
4578465209,526,974.57,REJECTED,eb8e5632-45d0-47e9-bcc0-ee76bf030643,3,4000
4586614491,634,1934.97,QUOTATION,77b34563-244c-46da-b014-af1a9c7fa9e4,2,1000
4514200132,925,654.33,WAITING,b020551c-5fe7-45ea-881a-6fa78332362d,5,3000
4565721009,206,7.11,REJECTED,2c7b9d8a-6b92-4a21-a03e-024e434a203d,5,2000
4512928935,399,6387.66,APPROVED,651e8d5b-8636-4635-a934-6f9427d506b8,1,2000
4593516634,782,5889.35,QUOTATION,4a5df305-6d85-4b5a-81ca-b2a776017f8f,3,1000
4505925888,26,3017.95,WAITING,651e8d5b-8636-4635-a934-6f9427d506b8,2,1000
4573264857,882,6453.29,QUOTATION,9ec93c76-9578-4947-a5ca-def516b026cb,2,4000
4548869309,400,2103.28,APPROVED,c40f8a37-9024-4fcd-80a6-7917301ba6bd,4,2000
4552420896,14,8872.45,APPROVED,15ddc72a-7103-4a88-a951-49c5aa75affd,3,4000
4529236886,339,2892.0,WAITING,d4dbba0a-2b26-4233-9017-bb25b2e860f3,1,1000
4529067741,658,745.7,REJECTED,31ac60a6-1bc1-442c-ae10-4a420f770538,4,3000
4522029823,465,662.06,QUOTATION,3d3527a9-4ef5-45d5-83c2-4178789f9921,1,3000
4528723253,613,5439.74,QUOTATION,51991c98-a328-457f-a862-0962b2d30ddc,1,3000
4563896755,63,7616.59,REJECTED,de541e55-b7b6-404a-8ce0-a6f1ea925750,4,4000
4512548022,688,6308.11,REJECTED,9ec93c76-9578-4947-a5ca-def516b026cb,4,1000
4570865248,968,2242.65,REJECTED,791660af-f0db-4fbd-a3a4-86bd38182556,1,2000
4508140527,185,3375.45,APPROVED,0a58bce2-1697-4c89-b568-ae280f33f982,1,4000
4511045504,501,66.86,REJECTED,384bae62-8ba8-4cac-b8ad-3df4e68bcafa,3,1000
4583433471,336,6959.54,APPROVED,ba5b8587-5d45-44ac-9e4e-16cb4b3afecc,3,4000
4513787117,611,1843.24,QUOTATION,2ab670e8-49e3-4a95-9871-d937f77b5927,2,2000
4532506117,410,9332.56,WAITING,0c328cd6-def4-4097-8b5d-ef9b4362cfd3,5,1000
4551088189,303,4074.76,REJECTED,d4dbba0a-2b26-4233-9017-bb25b2e860f3,4,4000
4500971486,643,8673.89,REJECTED,d7da1df8-a4af-4efe-a657-570c6d350470,2,2000
4570039680,637,123.18,WAITING,15ddc72a-7103-4a88-a951-49c5aa75affd,1,3000
4596485110,1,5860.52,APPROVED,6c55f239-a4f0-4edd-afe8-02d129db9eda,2,3000
4581389008,997,9010.26,WAITING,6c55f239-a4f0-4edd-afe8-02d129db9eda,2,1000
4507263762,320,2469.07,APPROVED,b6bbc970-46d2-4ff4-9c52-80f378cfe8ea,2,3000
4532392407,866,2051.89,APPROVED,5257f4f1-580e-4eb3-89f9-6cae458e4509,4,3000
4504868815,234,185.29,APPROVED,0f7e95f4-4fb9-4987-a1e1-5264880e721e,2,4000
4568445661,198,973.23,REJECTED,2cf52c48-a37c-4244-a030-3fe16c443ecd,4,2000
4508949021,745,9719.66,WAITING,fe53d2be-049c-47fa-871a-c4a8b1a10e40,1,1000
4510351941,588,1051.49,REJECTED,daffc87a-fdb5-424e-9155-782c6cd1b731,5,2000
4559365251,276,1960.32,WAITING,8ca5ca23-a910-469b-aec1-73bd31d74ba2,3,1000
4594687455,277,398.26,APPROVED,3341d7ea-5bed-42e4-82c2-18d0adfbcdf1,1,4000
4556828475,157,9669.24,WAITING,3c65561d-5119-4985-87e7-48965fe9f62c,1,3000
4589622585,932,6941.24,APPROVED,bf599d91-442c-4e09-b5ae-b9f08a417d11,5,3000
4555381010,378,4017.38,APPROVED,bcebc30c-15e5-48e2-9c32-c86d886f82a0,4,4000
4535869320,84,4243.01,WAITING,77b34563-244c-46da-b014-af1a9c7fa9e4,2,1000
4521627419,400,2211.72,APPROVED,9fc109ea-2585-4c23-9329-2ccda2d964eb,3,2000
4513852296,562,7498.73,QUOTATION,cf11fe2a-443a-44e9-96b0-e6b91ddfa87d,5,1000
4507368143,543,3280.97,APPROVED,fe53d2be-049c-47fa-871a-c4a8b1a10e40,2,1000
4597506646,485,5551.96,REJECTED,0439439c-8945-42c4-b079-5340d85df97c,3,3000
4520447754,144,4499.53,QUOTATION,791660af-f0db-4fbd-a3a4-86bd38182556,3,1000
4501891773,651,6346.47,APPROVED,611eefb3-ef38-4a2e-831a-15aff1dde8f8,3,2000
4502036479,985,6946.88,REJECTED,915bda23-d2b3-4bab-9d3b-0b701beb76fa,3,4000
4548834573,987,4015.7,QUOTATION,0c328cd6-def4-4097-8b5d-ef9b4362cfd3,5,4000
4533514030,169,35.38,QUOTATION,3341d7ea-5bed-42e4-82c2-18d0adfbcdf1,5,2000
4540940764,729,5127.76,WAITING,e7ba4d18-37bf-472c-9d3a-7756c21a55c9,4,3000
4500874515,988,2199.67,QUOTATION,f6979cad-3c89-4280-985d-d7f07aaa8c2b,5,3000
4587989217,768,5128.54,WAITING,611eefb3-ef38-4a2e-831a-15aff1dde8f8,5,3000
4555982516,809,1696.53,WAITING,f6dd041e-f994-407c-9a1b-2ee8a39b9b25,2,1000
4549480373,908,498.68,QUOTATION,01bb5e4b-33d3-4db2-85a2-499f5c9e31b4,3,4000
4585222989,295,97.76,REJECTED,2c6e3cb9-21cb-4de6-ae38-f117a3cbdfe2,2,4000
4529844995,33,7069.4,QUOTATION,408c4fe5-9066-4997-8f1c-ad8daae4b1f6,2,4000
4562711265,994,263.58,REJECTED,f6979cad-3c89-4280-985d-d7f07aaa8c2b,5,1000
4586825736,199,8645.59,WAITING,4a2d279e-2495-496f-80d9-bc5a45e3b6b4,3,1000
4521585624,721,3137.72,REJECTED,da731710-48f7-4c02-8dd6-917ff4c62e3b,5,3000
4526577412,43,8773.8,QUOTATION,cf11fe2a-443a-44e9-96b0-e6b91ddfa87d,1,3000
4588782854,411,4088.85,QUOTATION,a4926703-442b-4179-808a-04de7d4e1015,3,4000
4547011475,558,6235.13,APPROVED,651e8d5b-8636-4635-a934-6f9427d506b8,5,1000
4558620156,941,152.75,APPROVED,b577718c-a2a9-4f8a-a41c-7cac0d102aab,5,3000
4578722707,925,8656.51,REJECTED,2ab670e8-49e3-4a95-9871-d937f77b5927,4,3000
4569503935,56,7393.64,REJECTED,37bf8863-0046-49cb-a72c-f7e41661214b,3,2000
4573259599,700,3415.23,WAITING,76fa0c16-dc3a-4a9b-b914-de6a0097f3dc,3,2000
4592932766,982,5641.17,APPROVED,17dffc12-ac1a-44ed-ad09-3c824851c624,1,3000
4547983505,816,2454.92,QUOTATION,41f3b33b-8871-42fd-90d5-1d1d9f2d5aed,2,1000
4518630936,106,7120.6,APPROVED,d5b6a98e-464a-4e85-ad1c-7fd6be7df835,4,2000
4523888200,87,6331.31,QUOTATION,15ddc72a-7103-4a88-a951-49c5aa75affd,3,1000
4512893599,684,3882.12,QUOTATION,84aadcf6-499b-4416-9a35-3e546eb39a5c,2,2000
4582339697,185,1793.11,APPROVED,4a5df305-6d85-4b5a-81ca-b2a776017f8f,2,2000
4525965502,302,6102.72,WAITING,fe53d2be-049c-47fa-871a-c4a8b1a10e40,1,4000
4504087573,581,4439.63,QUOTATION,0b319577-4ab0-4684-b112-b27aad212cb1,4,4000
4556816353,508,8295.91,APPROVED,62117371-6664-4e90-9e4c-e3939789c81a,4,2000
4591653327,344,9165.48,APPROVED,dbce3e63-1a5c-4595-a1f9-d09c3d978567,1,1000
4552068676,253,5142.88,REJECTED,b020551c-5fe7-45ea-881a-6fa78332362d,5,3000
4519634632,572,9307.6,APPROVED,76fa0c16-dc3a-4a9b-b914-de6a0097f3dc,2,4000
4562127560,999,1701.45,WAITING,9567383e-1921-4683-803b-509faa2bc9d5,5,4000
4535523392,992,335.11,APPROVED,05767575-2944-4457-9aa7-06e1dae2ae25,4,3000
4596786705,374,6722.02,REJECTED,74d238f7-61d4-41c6-9d51-b05f2eddcb36,2,2000
4506911784,673,9601.97,WAITING,a4926703-442b-4179-808a-04de7d4e1015,4,3000
4595543648,439,6073.11,WAITING,05767575-2944-4457-9aa7-06e1dae2ae25,2,3000
4528625871,879,6066.01,APPROVED,9567383e-1921-4683-803b-509faa2bc9d5,1,1000
4547768287,112,4079.45,APPROVED,0b319577-4ab0-4684-b112-b27aad212cb1,3,3000
4534084576,152,4674.43,QUOTATION,134244b2-90f7-4d62-8488-d71e29828266,4,2000
4555367992,203,5941.06,WAITING,9fc109ea-2585-4c23-9329-2ccda2d964eb,2,4000
4550368296,713,9605.89,WAITING,110f8801-eea1-420d-98e6-dd439569747b,1,2000
4528108494,299,230.56,APPROVED,a1a6e723-19c6-46fd-a584-917efe27f127,1,1000
4570556664,615,4203.69,QUOTATION,9c7454a7-b80c-4d19-b841-4c0343b75add,5,1000
4500491370,456,8182.1,APPROVED,da731710-48f7-4c02-8dd6-917ff4c62e3b,3,4000
4550861291,18,2789.24,REJECTED,0f7e95f4-4fb9-4987-a1e1-5264880e721e,2,4000
4554922941,25,1385.2,QUOTATION,0e752cfe-75ff-427d-8214-57710b509b33,1,4000
4545735599,618,5317.25,APPROVED,3c65561d-5119-4985-87e7-48965fe9f62c,1,3000
4537462055,583,8370.0,WAITING,2c7b9d8a-6b92-4a21-a03e-024e434a203d,5,2000
4558700870,687,7333.1,REJECTED,9fc109ea-2585-4c23-9329-2ccda2d964eb,2,2000
4561544071,554,71.81,QUOTATION,b6bbc970-46d2-4ff4-9c52-80f378cfe8ea,5,3000
4588355179,928,1212.16,WAITING,a9da22e7-f42f-4428-9083-96395b7a7e9a,2,2000
4534484384,749,7460.12,QUOTATION,915bda23-d2b3-4bab-9d3b-0b701beb76fa,3,4000
4569616057,428,3581.37,WAITING,fffeaf8f-4b6b-4357-a309-89f4769c36da,5,2000
4552153086,471,6448.26,APPROVED,aa51a37d-2867-459b-8885-b5c8b161616a,1,4000
4517898561,293,6221.21,WAITING,0b319577-4ab0-4684-b112-b27aad212cb1,4,2000
4568227700,406,103.21,APPROVED,134244b2-90f7-4d62-8488-d71e29828266,4,1000
4544975053,349,8431.39,WAITING,56ae9e46-c0b2-46ca-b51d-5686e00ce4a6,2,3000
4505631457,887,3152.43,APPROVED,73df3d25-bcec-47a6-8d66-6b628e81ed2d,5,2000
4561937064,532,8032.37,WAITING,2cf52c48-a37c-4244-a030-3fe16c443ecd,5,2000
4523903474,710,5016.4,APPROVED,8df0c99e-2745-44ae-94ee-ad79cb114fdb,5,2000
4565189856,288,1181.16,REJECTED,791660af-f0db-4fbd-a3a4-86bd38182556,5,2000
4532941672,543,4198.73,WAITING,12a301b9-4c71-4181-a853-d29be7b6bd18,1,1000
4570447215,864,3198.39,REJECTED,0a58bce2-1697-4c89-b568-ae280f33f982,1,3000
4544669421,956,6825.44,REJECTED,9567383e-1921-4683-803b-509faa2bc9d5,3,3000
4506022018,654,7039.39,REJECTED,ad64acbd-9045-44ec-9111-f6b3b90cb060,2,3000
4573960291,366,5864.44,APPROVED,6c55f239-a4f0-4edd-afe8-02d129db9eda,4,4000
4536511755,704,3928.19,REJECTED,d7da1df8-a4af-4efe-a657-570c6d350470,1,2000
4523917336,101,54.16,QUOTATION,01bb5e4b-33d3-4db2-85a2-499f5c9e31b4,5,1000
4555572782,722,7405.32,APPROVED,a4926703-442b-4179-808a-04de7d4e1015,1,1000
4558409110,304,2363.82,WAITING,37bf8863-0046-49cb-a72c-f7e41661214b,2,2000
4503363043,996,4176.79,REJECTED,d5b6a98e-464a-4e85-ad1c-7fd6be7df835,5,4000
4523483879,370,4834.22,QUOTATION,cea90057-5542-4a9f-8ad8-2fa263b39b7b,2,4000
4564638446,737,1521.94,REJECTED,8ca5ca23-a910-469b-aec1-73bd31d74ba2,5,4000
4534245439,936,8959.2,APPROVED,ce1eeb99-74a8-4547-b95c-345102c07d21,1,1000
4509044886,792,6685.69,REJECTED,bf599d91-442c-4e09-b5ae-b9f08a417d11,2,2000
4569815836,809,1398.34,WAITING,0b319577-4ab0-4684-b112-b27aad212cb1,2,4000
4589682083,647,2967.4,REJECTED,6cc3c3b9-23fa-4969-8791-af89dedc62c9,4,2000
4544600660,4,2046.58,APPROVED,56ae9e46-c0b2-46ca-b51d-5686e00ce4a6,5,1000
4518642039,959,1622.89,REJECTED,41e46c83-90d4-4836-a022-b900a018b3fa,5,3000
4549017986,29,8154.15,REJECTED,b6bbc970-46d2-4ff4-9c52-80f378cfe8ea,5,4000
4525467536,168,5298.79,APPROVED,2c7b9d8a-6b92-4a21-a03e-024e434a203d,4,3000
4587080640,699,7041.43,REJECTED,9ec93c76-9578-4947-a5ca-def516b026cb,3,3000
4594557593,583,9606.16,REJECTED,32149af9-a4f0-4e80-a73d-490a9faef06f,3,1000
4505098752,141,9777.57,APPROVED,6cc3c3b9-23fa-4969-8791-af89dedc62c9,3,1000
4531413204,848,6759.88,WAITING,05767575-2944-4457-9aa7-06e1dae2ae25,4,2000
4567415358,872,2093.03,QUOTATION,ba3d4978-80db-4a12-9f06-e4c698936184,2,2000
4582039608,606,7648.4,REJECTED,41f3b33b-8871-42fd-90d5-1d1d9f2d5aed,5,1000
4518141708,984,6569.36,WAITING,76fa0c16-dc3a-4a9b-b914-de6a0097f3dc,4,4000
4529038262,59,5138.2,WAITING,4029508a-afa4-4faf-b175-4bb65b8a4dbb,5,4000
4548696105,252,9837.39,QUOTATION,77b34563-244c-46da-b014-af1a9c7fa9e4,4,4000
4501899653,105,4153.8,APPROVED,41f3b33b-8871-42fd-90d5-1d1d9f2d5aed,1,1000
4560471027,483,3854.61,REJECTED,c40f8a37-9024-4fcd-80a6-7917301ba6bd,2,3000
4586865999,638,7088.37,QUOTATION,82ebf1b0-6982-4deb-ac51-c7a6d0a68c5d,2,3000
4515658047,48,4623.73,APPROVED,b020551c-5fe7-45ea-881a-6fa78332362d,4,3000
4517465840,814,8133.12,QUOTATION,31ac60a6-1bc1-442c-ae10-4a420f770538,1,3000
4554982005,261,6079.35,QUOTATION,cea90057-5542-4a9f-8ad8-2fa263b39b7b,2,1000
4567433117,903,3423.95,APPROVED,aa51a37d-2867-459b-8885-b5c8b161616a,3,1000
4554047504,927,1815.86,APPROVED,9fc109ea-2585-4c23-9329-2ccda2d964eb,3,1000
4588130624,677,5519.63,REJECTED,3f3292d8-3056-42da-9ec5-d080c252a223,2,1000
4518554615,426,876.26,WAITING,d5b6a98e-464a-4e85-ad1c-7fd6be7df835,4,3000
4538600542,748,2785.76,APPROVED,de541e55-b7b6-404a-8ce0-a6f1ea925750,5,1000
4570080486,552,9489.38,QUOTATION,ebfe58ef-0dee-41d8-859e-ae2bff66e7fc,2,3000
4567569952,633,604.73,APPROVED,2cf52c48-a37c-4244-a030-3fe16c443ecd,2,2000
4599763905,94,548.89,QUOTATION,daffc87a-fdb5-424e-9155-782c6cd1b731,1,3000
4545008952,920,6009.61,WAITING,41f3b33b-8871-42fd-90d5-1d1d9f2d5aed,5,3000
4545968452,270,5722.35,WAITING,9ec93c76-9578-4947-a5ca-def516b026cb,3,4000
4529201538,355,8011.6,REJECTED,fffeaf8f-4b6b-4357-a309-89f4769c36da,3,2000
4567595951,440,314.46,WAITING,01bb5e4b-33d3-4db2-85a2-499f5c9e31b4,4,1000
4568130330,594,5103.4,APPROVED,e7ba4d18-37bf-472c-9d3a-7756c21a55c9,5,1000
4571227013,296,9344.62,QUOTATION,0e752cfe-75ff-427d-8214-57710b509b33,4,4000
4576797036,96,8068.1,WAITING,d0d94739-009d-44aa-ae3d-8c35a65083c5,3,1000
4527852721,371,6231.9,APPROVED,dbce3e63-1a5c-4595-a1f9-d09c3d978567,3,2000
4507248357,145,7552.97,APPROVED,41e46c83-90d4-4836-a022-b900a018b3fa,2,1000
4511022144,815,5096.32,APPROVED,31ac60a6-1bc1-442c-ae10-4a420f770538,4,4000
4522740442,367,629.56,WAITING,56ae9e46-c0b2-46ca-b51d-5686e00ce4a6,5,4000
4556783632,196,4571.96,WAITING,31ac60a6-1bc1-442c-ae10-4a420f770538,2,4000
4540409012,150,9312.01,QUOTATION,eb8e5632-45d0-47e9-bcc0-ee76bf030643,1,4000
4565985763,604,8985.7,WAITING,daffc87a-fdb5-424e-9155-782c6cd1b731,3,4000
4562775854,500,5359.23,QUOTATION,b6bbc970-46d2-4ff4-9c52-80f378cfe8ea,3,2000
4537366634,826,2707.56,WAITING,daffc87a-fdb5-424e-9155-782c6cd1b731,2,3000
4524377273,4,4645.73,APPROVED,b0154cbb-c693-4062-88b9-a8acf4402b56,3,2000
4537025206,644,4421.76,WAITING,3341d7ea-5bed-42e4-82c2-18d0adfbcdf1,4,1000
4594912491,768,2453.45,APPROVED,31ac60a6-1bc1-442c-ae10-4a420f770538,2,1000
4517447448,911,3933.05,WAITING,d4dbba0a-2b26-4233-9017-bb25b2e860f3,2,4000
4567356303,522,4855.34,APPROVED,c40f8a37-9024-4fcd-80a6-7917301ba6bd,2,1000
4537092263,623,5144.08,APPROVED,b020551c-5fe7-45ea-881a-6fa78332362d,1,2000
4555664525,284,7314.64,WAITING,ba5b8587-5d45-44ac-9e4e-16cb4b3afecc,2,2000
4557702032,100,2651.25,QUOTATION,5c250769-58e7-4a67-92b8-05566aab2cd0,1,4000
4534646814,166,4726.39,APPROVED,fffeaf8f-4b6b-4357-a309-89f4769c36da,5,2000
4595986049,940,9560.74,QUOTATION,3341d7ea-5bed-42e4-82c2-18d0adfbcdf1,1,3000
4527784879,933,8698.1,APPROVED,eb8e5632-45d0-47e9-bcc0-ee76bf030643,4,2000
4588538414,10,652.6,REJECTED,d7da1df8-a4af-4efe-a657-570c6d350470,1,2000
4500311030,30,6018.33,QUOTATION,975480d4-8c15-44ba-8c55-a9938bdaa2c4,4,4000
4521417925,877,6024.21,REJECTED,4a5df305-6d85-4b5a-81ca-b2a776017f8f,5,1000
4577398812,643,9903.45,WAITING,ba3d4978-80db-4a12-9f06-e4c698936184,1,4000
4577607128,337,533.44,WAITING,4029508a-afa4-4faf-b175-4bb65b8a4dbb,1,4000
4554024337,770,8955.36,REJECTED,76fa0c16-dc3a-4a9b-b914-de6a0097f3dc,1,2000
4544931628,981,4569.77,WAITING,32149af9-a4f0-4e80-a73d-490a9faef06f,1,2000
4569694850,406,7405.02,APPROVED,834a14f7-cbd7-4220-9587-cd61c93c8253,4,4000
4522052788,730,7459.0,REJECTED,31ac60a6-1bc1-442c-ae10-4a420f770538,4,2000
4516736065,746,3516.75,REJECTED,74d238f7-61d4-41c6-9d51-b05f2eddcb36,5,3000
4549224937,970,5382.35,WAITING,b0154cbb-c693-4062-88b9-a8acf4402b56,2,1000
4555936813,334,4869.85,APPROVED,6cc3c3b9-23fa-4969-8791-af89dedc62c9,5,1000
4584329717,573,3650.56,QUOTATION,0e752cfe-75ff-427d-8214-57710b509b33,4,4000
4599830764,446,5640.19,QUOTATION,611eefb3-ef38-4a2e-831a-15aff1dde8f8,1,2000
4529093993,234,3450.05,QUOTATION,32149af9-a4f0-4e80-a73d-490a9faef06f,1,3000
4592608746,862,8428.63,APPROVED,37bf8863-0046-49cb-a72c-f7e41661214b,1,2000
4594361746,509,8585.7,REJECTED,4029508a-afa4-4faf-b175-4bb65b8a4dbb,3,1000
4540677151,850,3608.04,APPROVED,3d3527a9-4ef5-45d5-83c2-4178789f9921,1,3000
4539889743,323,8167.57,WAITING,35672019-b6d1-42b4-b906-8819b248182e,2,4000
4596194554,862,3462.43,REJECTED,41f3b33b-8871-42fd-90d5-1d1d9f2d5aed,3,2000
4543447061,693,6626.31,WAITING,ce1eeb99-74a8-4547-b95c-345102c07d21,1,2000
4549305545,919,7518.87,WAITING,76fa0c16-dc3a-4a9b-b914-de6a0097f3dc,4,4000
4564772847,25,9220.84,REJECTED,37bf8863-0046-49cb-a72c-f7e41661214b,2,3000
4561525048,672,2752.12,APPROVED,2c7b9d8a-6b92-4a21-a03e-024e434a203d,4,2000
4511558435,458,6074.67,REJECTED,dbce3e63-1a5c-4595-a1f9-d09c3d978567,3,2000
4535174402,70,2964.33,REJECTED,408c4fe5-9066-4997-8f1c-ad8daae4b1f6,1,1000
4537565674,691,9713.74,WAITING,9fc109ea-2585-4c23-9329-2ccda2d964eb,4,4000
4593187215,22,8876.58,WAITING,915bda23-d2b3-4bab-9d3b-0b701beb76fa,4,2000
4542700500,773,3969.93,QUOTATION,73df3d25-bcec-47a6-8d66-6b628e81ed2d,5,3000
4577683379,452,2739.51,WAITING,ba3d4978-80db-4a12-9f06-e4c698936184,5,2000
4525144940,916,3599.41,WAITING,f6dd041e-f994-407c-9a1b-2ee8a39b9b25,1,3000
4509702985,359,4307.88,WAITING,9a109dc4-7be3-4aec-94bb-ede38f79ae14,5,2000
4539798013,829,7078.23,APPROVED,ba3d4978-80db-4a12-9f06-e4c698936184,5,1000
4556974659,492,2649.09,WAITING,3ee51816-f540-45e6-8401-474c5df84e78,1,2000
4558214134,574,1930.71,WAITING,6cc3c3b9-23fa-4969-8791-af89dedc62c9,1,2000
4578448329,628,6881.13,QUOTATION,b577718c-a2a9-4f8a-a41c-7cac0d102aab,1,2000
4580465711,654,6009.92,REJECTED,834a14f7-cbd7-4220-9587-cd61c93c8253,2,4000
4520077945,837,7424.28,WAITING,eb8e5632-45d0-47e9-bcc0-ee76bf030643,2,1000
4510711140,772,2239.39,QUOTATION,b6bbc970-46d2-4ff4-9c52-80f378cfe8ea,3,2000
4584849466,944,9001.81,QUOTATION,9ec93c76-9578-4947-a5ca-def516b026cb,4,1000
4588948710,975,1720.75,QUOTATION,9fc109ea-2585-4c23-9329-2ccda2d964eb,2,4000
4547313492,626,8679.38,REJECTED,9fc109ea-2585-4c23-9329-2ccda2d964eb,1,3000
4515120784,123,1965.96,WAITING,9a109dc4-7be3-4aec-94bb-ede38f79ae14,3,4000
4556421678,474,4894.45,REJECTED,00a417fb-f2b9-4bb8-90c0-0787c3f2e3c7,2,3000
4517598536,360,8120.97,APPROVED,834a14f7-cbd7-4220-9587-cd61c93c8253,5,1000
4524697498,964,1481.48,REJECTED,fffeaf8f-4b6b-4357-a309-89f4769c36da,5,2000
4545337807,464,8172.75,REJECTED,31ac60a6-1bc1-442c-ae10-4a420f770538,2,2000
4557426762,912,4153.79,APPROVED,41f3b33b-8871-42fd-90d5-1d1d9f2d5aed,4,3000
4568674497,15,3420.57,REJECTED,4a5df305-6d85-4b5a-81ca-b2a776017f8f,2,3000
4535044536,571,2239.55,QUOTATION,41e46c83-90d4-4836-a022-b900a018b3fa,3,3000
4594599028,152,7192.31,QUOTATION,62117371-6664-4e90-9e4c-e3939789c81a,1,1000
4521470713,491,456.83,QUOTATION,0a58bce2-1697-4c89-b568-ae280f33f982,1,4000
4594532198,20,5908.47,REJECTED,e7ba4d18-37bf-472c-9d3a-7756c21a55c9,4,1000
4596694004,487,7791.22,APPROVED,e069016d-d217-4fbc-b438-1e8790b731fb,1,4000
4505979261,875,3018.62,WAITING,28d388a1-0e70-41d0-a8a1-abb9e3263b7b,1,1000
4541611989,19,3985.63,QUOTATION,8df0c99e-2745-44ae-94ee-ad79cb114fdb,1,1000
4516810754,511,4319.67,QUOTATION,8df0c99e-2745-44ae-94ee-ad79cb114fdb,4,1000
4546255767,400,5846.51,WAITING,01bb5e4b-33d3-4db2-85a2-499f5c9e31b4,1,2000
4520786678,810,6985.47,WAITING,fe53d2be-049c-47fa-871a-c4a8b1a10e40,1,3000
4539364651,115,1763.9,APPROVED,31ac60a6-1bc1-442c-ae10-4a420f770538,2,2000
4560486595,628,7483.16,QUOTATION,d4dbba0a-2b26-4233-9017-bb25b2e860f3,1,1000
4567921583,529,7434.79,QUOTATION,c40f8a37-9024-4fcd-80a6-7917301ba6bd,4,3000
4582839740,793,8108.3,WAITING,41e46c83-90d4-4836-a022-b900a018b3fa,5,4000
4585585448,951,4013.69,REJECTED,41e46c83-90d4-4836-a022-b900a018b3fa,3,4000
4534073490,817,2765.3,QUOTATION,73df3d25-bcec-47a6-8d66-6b628e81ed2d,4,1000
4510811975,146,1663.64,APPROVED,eb8e5632-45d0-47e9-bcc0-ee76bf030643,4,2000
4578858944,420,5517.37,QUOTATION,daffc87a-fdb5-424e-9155-782c6cd1b731,4,1000
4510975852,270,2497.93,WAITING,68681084-7b12-4fd9-9704-7da3802cb451,5,3000
4543612046,631,8360.71,QUOTATION,ebfe58ef-0dee-41d8-859e-ae2bff66e7fc,3,2000
4583490012,684,4180.33,REJECTED,c40f8a37-9024-4fcd-80a6-7917301ba6bd,1,4000
4542731580,272,5683.33,REJECTED,f6dd041e-f994-407c-9a1b-2ee8a39b9b25,3,3000
4559361305,863,1458.93,WAITING,9567383e-1921-4683-803b-509faa2bc9d5,4,4000
4500446082,622,909.29,REJECTED,00a417fb-f2b9-4bb8-90c0-0787c3f2e3c7,5,4000
4521957025,569,6904.49,APPROVED,00a417fb-f2b9-4bb8-90c0-0787c3f2e3c7,2,1000
4566533316,751,4752.49,WAITING,915bda23-d2b3-4bab-9d3b-0b701beb76fa,3,2000
4525432576,454,207.75,WAITING,31ac60a6-1bc1-442c-ae10-4a420f770538,1,4000
4535204588,25,1590.15,APPROVED,3f3292d8-3056-42da-9ec5-d080c252a223,1,4000
4530736960,332,4028.45,APPROVED,51991c98-a328-457f-a862-0962b2d30ddc,5,1000
4559739746,85,173.32,APPROVED,408c4fe5-9066-4997-8f1c-ad8daae4b1f6,3,4000
4546970191,949,1619.52,WAITING,ea38b7e1-b488-4873-ab04-3066d219b434,1,4000
4588140962,736,4909.32,REJECTED,a1ad3c2b-45ca-491c-8ef2-a64af7d19e43,4,1000
4521379762,819,6833.44,APPROVED,6c55f239-a4f0-4edd-afe8-02d129db9eda,4,1000
4513040881,38,2933.97,REJECTED,37bf8863-0046-49cb-a72c-f7e41661214b,4,2000
4566828216,182,5162.13,WAITING,0f7e95f4-4fb9-4987-a1e1-5264880e721e,4,2000
4571642447,409,4333.69,APPROVED,ba5b8587-5d45-44ac-9e4e-16cb4b3afecc,3,3000
4515977831,33,1274.34,WAITING,ba3d4978-80db-4a12-9f06-e4c698936184,5,2000
4557128176,665,8130.69,QUOTATION,9c7454a7-b80c-4d19-b841-4c0343b75add,2,1000
4575951167,311,1326.58,WAITING,fe53d2be-049c-47fa-871a-c4a8b1a10e40,1,2000
4516347020,664,6262.18,WAITING,791660af-f0db-4fbd-a3a4-86bd38182556,1,1000
4521130920,726,223.03,REJECTED,4029508a-afa4-4faf-b175-4bb65b8a4dbb,5,3000
4503137802,40,1601.78,WAITING,408c4fe5-9066-4997-8f1c-ad8daae4b1f6,1,1000
4576854903,37,9188.03,WAITING,9ec93c76-9578-4947-a5ca-def516b026cb,1,2000
4506518514,792,4263.92,APPROVED,3d3527a9-4ef5-45d5-83c2-4178789f9921,2,4000
4528227933,959,9764.58,WAITING,f6dd041e-f994-407c-9a1b-2ee8a39b9b25,2,1000
4554115218,324,9381.12,REJECTED,9c7454a7-b80c-4d19-b841-4c0343b75add,1,2000
4538337103,784,9306.54,REJECTED,791660af-f0db-4fbd-a3a4-86bd38182556,1,2000
4552446887,282,3877.5,WAITING,35672019-b6d1-42b4-b906-8819b248182e,4,4000
4541954713,723,9448.2,REJECTED,01bb5e4b-33d3-4db2-85a2-499f5c9e31b4,3,2000
4536586872,577,2142.17,WAITING,ba3d4978-80db-4a12-9f06-e4c698936184,5,4000
4512626760,67,8706.36,WAITING,28d388a1-0e70-41d0-a8a1-abb9e3263b7b,2,4000
4530717724,976,3175.34,WAITING,ad64acbd-9045-44ec-9111-f6b3b90cb060,4,4000
4544078684,749,8037.92,REJECTED,0e752cfe-75ff-427d-8214-57710b509b33,2,1000
4563525975,214,1213.17,QUOTATION,2c6e3cb9-21cb-4de6-ae38-f117a3cbdfe2,1,3000
4580467373,383,46.19,REJECTED,15ddc72a-7103-4a88-a951-49c5aa75affd,3,3000
4530153263,646,6948.02,APPROVED,a1ad3c2b-45ca-491c-8ef2-a64af7d19e43,5,2000
4585110913,557,7014.03,QUOTATION,bf599d91-442c-4e09-b5ae-b9f08a417d11,3,3000
4581050805,58,2018.92,APPROVED,68681084-7b12-4fd9-9704-7da3802cb451,3,2000
4588418959,218,5417.09,WAITING,28d388a1-0e70-41d0-a8a1-abb9e3263b7b,3,1000
4519304219,503,9743.84,QUOTATION,ea38b7e1-b488-4873-ab04-3066d219b434,1,1000
4597766970,393,431.14,REJECTED,31ac60a6-1bc1-442c-ae10-4a420f770538,5,3000
4521134542,747,6059.32,QUOTATION,cea90057-5542-4a9f-8ad8-2fa263b39b7b,4,1000
4533608246,554,6207.46,APPROVED,3ee51816-f540-45e6-8401-474c5df84e78,3,1000
4591991244,764,6037.29,QUOTATION,da731710-48f7-4c02-8dd6-917ff4c62e3b,1,2000
4533360479,43,5618.13,QUOTATION,eb8e5632-45d0-47e9-bcc0-ee76bf030643,3,2000
4515523017,627,6473.04,WAITING,0439439c-8945-42c4-b079-5340d85df97c,5,2000
4592014203,227,9883.66,QUOTATION,a1ad3c2b-45ca-491c-8ef2-a64af7d19e43,2,4000
4524760090,116,475.17,REJECTED,51991c98-a328-457f-a862-0962b2d30ddc,5,3000
4560053222,284,4522.73,QUOTATION,0f7e95f4-4fb9-4987-a1e1-5264880e721e,1,2000
4564218817,853,9125.33,WAITING,a1a6e723-19c6-46fd-a584-917efe27f127,5,3000
4579937376,292,4941.13,WAITING,00a417fb-f2b9-4bb8-90c0-0787c3f2e3c7,1,4000
4525452179,900,7977.57,REJECTED,51991c98-a328-457f-a862-0962b2d30ddc,5,2000
4545282926,395,3925.8,APPROVED,05767575-2944-4457-9aa7-06e1dae2ae25,2,4000
4512507258,51,6012.01,REJECTED,d5b6a98e-464a-4e85-ad1c-7fd6be7df835,1,4000
4508043715,396,4382.48,REJECTED,ebfe58ef-0dee-41d8-859e-ae2bff66e7fc,3,2000
4588788789,680,4548.23,REJECTED,0b319577-4ab0-4684-b112-b27aad212cb1,2,3000
4539388595,101,2090.56,APPROVED,71b893be-0a75-41a7-9a52-bcdb771cc5ec,2,1000
4589398869,466,2383.77,REJECTED,e7ba4d18-37bf-472c-9d3a-7756c21a55c9,5,3000
4566779047,481,9816.76,QUOTATION,3d3527a9-4ef5-45d5-83c2-4178789f9921,5,1000
4516726068,191,492.83,WAITING,0439439c-8945-42c4-b079-5340d85df97c,5,1000
4572739243,870,1733.95,WAITING,d7da1df8-a4af-4efe-a657-570c6d350470,5,4000
4551801496,199,1653.33,REJECTED,eb8e5632-45d0-47e9-bcc0-ee76bf030643,5,3000
4524673145,914,6682.13,QUOTATION,110f8801-eea1-420d-98e6-dd439569747b,1,1000
4535595395,928,6320.55,APPROVED,ea38b7e1-b488-4873-ab04-3066d219b434,3,3000
4506791544,549,9987.89,QUOTATION,a4926703-442b-4179-808a-04de7d4e1015,2,1000
4588090096,139,6512.93,QUOTATION,c40f8a37-9024-4fcd-80a6-7917301ba6bd,4,4000
4562573552,52,4074.21,QUOTATION,77b34563-244c-46da-b014-af1a9c7fa9e4,5,1000
4508510416,81,9228.59,WAITING,d7da1df8-a4af-4efe-a657-570c6d350470,5,4000
4572831396,745,7082.74,QUOTATION,51991c98-a328-457f-a862-0962b2d30ddc,4,1000
4526105385,716,3806.81,WAITING,4029508a-afa4-4faf-b175-4bb65b8a4dbb,4,2000
4571141429,818,6063.77,APPROVED,8df0c99e-2745-44ae-94ee-ad79cb114fdb,3,2000
4502627735,403,716.19,REJECTED,f6dd041e-f994-407c-9a1b-2ee8a39b9b25,3,4000
4554265581,684,4895.64,APPROVED,8df0c99e-2745-44ae-94ee-ad79cb114fdb,5,2000
4572252487,371,4985.12,APPROVED,76fa0c16-dc3a-4a9b-b914-de6a0097f3dc,4,3000
4580764165,9,4381.48,APPROVED,6cc3c3b9-23fa-4969-8791-af89dedc62c9,4,4000
4553133824,106,5764.49,WAITING,f6979cad-3c89-4280-985d-d7f07aaa8c2b,1,3000
4532632282,838,9370.39,REJECTED,0e752cfe-75ff-427d-8214-57710b509b33,1,2000
4588027743,530,4844.0,REJECTED,d5b6a98e-464a-4e85-ad1c-7fd6be7df835,1,4000
4516230758,851,3757.24,QUOTATION,e069016d-d217-4fbc-b438-1e8790b731fb,4,1000
4534665549,16,426.07,WAITING,ebfe58ef-0dee-41d8-859e-ae2bff66e7fc,5,2000
4588323573,814,5498.61,REJECTED,3ee51816-f540-45e6-8401-474c5df84e78,2,4000
4569612287,85,8947.18,WAITING,fe53d2be-049c-47fa-871a-c4a8b1a10e40,5,4000
4555375100,347,6234.17,WAITING,41e46c83-90d4-4836-a022-b900a018b3fa,3,3000
4583096696,983,2337.75,WAITING,31ac60a6-1bc1-442c-ae10-4a420f770538,5,4000
4541388588,947,910.92,REJECTED,32149af9-a4f0-4e80-a73d-490a9faef06f,1,4000
4599264377,746,422.11,REJECTED,384bae62-8ba8-4cac-b8ad-3df4e68bcafa,5,1000
4574912255,310,4996.8,REJECTED,0f7e95f4-4fb9-4987-a1e1-5264880e721e,5,1000
4572757069,626,4156.1,QUOTATION,9fc109ea-2585-4c23-9329-2ccda2d964eb,3,1000
4502154574,938,7296.12,APPROVED,d7da1df8-a4af-4efe-a657-570c6d350470,5,3000
4516757602,828,5289.96,REJECTED,35672019-b6d1-42b4-b906-8819b248182e,1,4000
4539094193,64,5414.89,WAITING,9fc109ea-2585-4c23-9329-2ccda2d964eb,4,1000
4549539040,218,9310.62,WAITING,834a14f7-cbd7-4220-9587-cd61c93c8253,1,4000
4560181910,536,3722.37,APPROVED,6c55f239-a4f0-4edd-afe8-02d129db9eda,3,4000
4585324581,676,8677.26,APPROVED,e069016d-d217-4fbc-b438-1e8790b731fb,4,4000
4580080277,160,9655.64,REJECTED,74d238f7-61d4-41c6-9d51-b05f2eddcb36,1,2000
4504183432,320,5431.41,QUOTATION,35672019-b6d1-42b4-b906-8819b248182e,1,3000
4509460664,764,8771.71,REJECTED,0e752cfe-75ff-427d-8214-57710b509b33,4,1000
4573413525,520,9440.23,APPROVED,ba5b8587-5d45-44ac-9e4e-16cb4b3afecc,1,2000
4535288127,971,8673.98,REJECTED,cf11fe2a-443a-44e9-96b0-e6b91ddfa87d,2,1000
4585933890,106,7333.98,APPROVED,b6bbc970-46d2-4ff4-9c52-80f378cfe8ea,2,4000
4571832819,64,9136.66,QUOTATION,32149af9-a4f0-4e80-a73d-490a9faef06f,4,2000
4517236317,936,9564.24,REJECTED,37bf8863-0046-49cb-a72c-f7e41661214b,3,1000
4541780112,864,1089.52,WAITING,a4926703-442b-4179-808a-04de7d4e1015,2,4000
4503885961,251,6002.18,WAITING,384bae62-8ba8-4cac-b8ad-3df4e68bcafa,2,1000
4538654594,84,9197.02,QUOTATION,651e8d5b-8636-4635-a934-6f9427d506b8,3,3000
4581767335,870,1928.49,REJECTED,aa51a37d-2867-459b-8885-b5c8b161616a,3,3000
4594899817,239,4785.27,WAITING,3ee51816-f540-45e6-8401-474c5df84e78,4,1000
4525651664,210,6776.02,QUOTATION,ce1eeb99-74a8-4547-b95c-345102c07d21,2,3000
4552895885,110,5257.08,APPROVED,eb8e5632-45d0-47e9-bcc0-ee76bf030643,4,1000
4535797846,639,9745.34,REJECTED,a1a6e723-19c6-46fd-a584-917efe27f127,4,4000
4587279812,3,1240.09,QUOTATION,35672019-b6d1-42b4-b906-8819b248182e,2,1000
4553056564,742,6015.89,REJECTED,e069016d-d217-4fbc-b438-1e8790b731fb,4,4000
4598594992,191,4446.25,REJECTED,05767575-2944-4457-9aa7-06e1dae2ae25,2,4000
4561803303,306,7005.2,REJECTED,975480d4-8c15-44ba-8c55-a9938bdaa2c4,5,3000
4537859133,8,3447.41,APPROVED,2cf52c48-a37c-4244-a030-3fe16c443ecd,4,2000
4509940422,670,8393.35,REJECTED,41f3b33b-8871-42fd-90d5-1d1d9f2d5aed,1,3000
4583945524,464,9769.76,QUOTATION,2cf52c48-a37c-4244-a030-3fe16c443ecd,3,4000
4543426820,672,9704.36,QUOTATION,41e46c83-90d4-4836-a022-b900a018b3fa,3,4000
4591238760,62,3496.85,REJECTED,3f3292d8-3056-42da-9ec5-d080c252a223,5,3000
4528409329,956,4292.41,APPROVED,0b319577-4ab0-4684-b112-b27aad212cb1,5,4000
4524356335,973,4055.12,REJECTED,41f3b33b-8871-42fd-90d5-1d1d9f2d5aed,5,2000
4527051373,738,6730.58,WAITING,d4dbba0a-2b26-4233-9017-bb25b2e860f3,5,1000
4510528576,737,3606.94,REJECTED,37bf8863-0046-49cb-a72c-f7e41661214b,2,2000
4582140892,356,8887.47,QUOTATION,e7ba4d18-37bf-472c-9d3a-7756c21a55c9,3,3000
4585370625,968,9459.58,REJECTED,2ab670e8-49e3-4a95-9871-d937f77b5927,1,4000
4568790343,936,8790.83,WAITING,6cc3c3b9-23fa-4969-8791-af89dedc62c9,5,2000
4517772994,287,4169.47,APPROVED,3f3292d8-3056-42da-9ec5-d080c252a223,3,4000
4554011704,238,5989.01,QUOTATION,dbce3e63-1a5c-4595-a1f9-d09c3d978567,5,3000
4524498786,598,4215.29,QUOTATION,f6979cad-3c89-4280-985d-d7f07aaa8c2b,2,3000
4572435738,204,194.96,WAITING,834a14f7-cbd7-4220-9587-cd61c93c8253,1,1000
4560677033,947,1381.26,WAITING,6cc3c3b9-23fa-4969-8791-af89dedc62c9,3,4000
4540396115,823,4301.76,APPROVED,3341d7ea-5bed-42e4-82c2-18d0adfbcdf1,4,3000
4568863309,480,5873.33,QUOTATION,9ec93c76-9578-4947-a5ca-def516b026cb,3,4000
4512816600,235,7379.08,WAITING,110f8801-eea1-420d-98e6-dd439569747b,5,2000
4574058172,469,6396.22,APPROVED,0e752cfe-75ff-427d-8214-57710b509b33,4,1000
4524182843,527,8494.68,REJECTED,28d388a1-0e70-41d0-a8a1-abb9e3263b7b,2,1000
4555285755,531,6839.12,WAITING,915bda23-d2b3-4bab-9d3b-0b701beb76fa,2,2000
4563867615,771,2476.58,QUOTATION,4a2d279e-2495-496f-80d9-bc5a45e3b6b4,1,2000
4548922423,272,5302.59,APPROVED,f6979cad-3c89-4280-985d-d7f07aaa8c2b,5,3000
4570986616,413,9746.2,APPROVED,834a14f7-cbd7-4220-9587-cd61c93c8253,1,2000
4500915213,53,2237.53,APPROVED,74d238f7-61d4-41c6-9d51-b05f2eddcb36,3,2000
4540782101,950,3508.81,APPROVED,05767575-2944-4457-9aa7-06e1dae2ae25,1,3000
4562880354,409,2361.58,REJECTED,975480d4-8c15-44ba-8c55-a9938bdaa2c4,3,4000
4526419948,204,8153.34,QUOTATION,9fc109ea-2585-4c23-9329-2ccda2d964eb,5,4000
4575639607,37,6905.65,WAITING,fffeaf8f-4b6b-4357-a309-89f4769c36da,1,1000
4500144854,836,432.07,REJECTED,611eefb3-ef38-4a2e-831a-15aff1dde8f8,2,2000
4551601511,170,8484.32,REJECTED,f524f9ee-95cb-4e66-a6c1-b58f8296e7f3,2,2000
4546508975,246,5767.35,WAITING,408c4fe5-9066-4997-8f1c-ad8daae4b1f6,2,4000
4590541072,494,78.79,QUOTATION,2cf52c48-a37c-4244-a030-3fe16c443ecd,4,4000
4511398876,789,4058.49,WAITING,d7da1df8-a4af-4efe-a657-570c6d350470,2,2000
4578655502,801,4565.06,REJECTED,0f7e95f4-4fb9-4987-a1e1-5264880e721e,5,3000
4573165393,151,9553.95,QUOTATION,408c4fe5-9066-4997-8f1c-ad8daae4b1f6,3,3000
4584085085,481,627.52,QUOTATION,ea38b7e1-b488-4873-ab04-3066d219b434,3,3000
4595498568,431,7813.95,REJECTED,cea90057-5542-4a9f-8ad8-2fa263b39b7b,2,3000
4574321434,392,6649.24,APPROVED,cf11fe2a-443a-44e9-96b0-e6b91ddfa87d,1,3000
4539885649,921,3679.52,QUOTATION,de541e55-b7b6-404a-8ce0-a6f1ea925750,2,1000
4564951026,34,4567.17,QUOTATION,73df3d25-bcec-47a6-8d66-6b628e81ed2d,2,2000
4584584500,413,7722.06,REJECTED,aa51a37d-2867-459b-8885-b5c8b161616a,1,4000
4507967891,536,2916.88,APPROVED,f6dd041e-f994-407c-9a1b-2ee8a39b9b25,5,2000
4592949270,285,8981.48,APPROVED,bf599d91-442c-4e09-b5ae-b9f08a417d11,1,2000
4571371231,270,5098.22,QUOTATION,f6dd041e-f994-407c-9a1b-2ee8a39b9b25,2,1000
4509435863,900,1315.07,APPROVED,ba5b8587-5d45-44ac-9e4e-16cb4b3afecc,5,1000
4532587702,256,5981.32,APPROVED,ba3d4978-80db-4a12-9f06-e4c698936184,3,4000
4518734555,373,2154.46,QUOTATION,f6979cad-3c89-4280-985d-d7f07aaa8c2b,5,1000
4593800726,459,8003.37,QUOTATION,0f7e95f4-4fb9-4987-a1e1-5264880e721e,4,1000
4514777201,755,2791.66,QUOTATION,01bb5e4b-33d3-4db2-85a2-499f5c9e31b4,4,4000
4501219891,303,4046.39,APPROVED,51991c98-a328-457f-a862-0962b2d30ddc,5,1000
4596623590,865,3388.55,APPROVED,51991c98-a328-457f-a862-0962b2d30ddc,2,3000
4563250309,226,6392.96,REJECTED,bf599d91-442c-4e09-b5ae-b9f08a417d11,3,2000
4541710710,799,4485.2,WAITING,f6979cad-3c89-4280-985d-d7f07aaa8c2b,2,2000
4524089425,561,4758.2,WAITING,975480d4-8c15-44ba-8c55-a9938bdaa2c4,5,3000
4527241900,922,3975.8,APPROVED,cea90057-5542-4a9f-8ad8-2fa263b39b7b,3,3000
4597981828,461,980.4,QUOTATION,d7da1df8-a4af-4efe-a657-570c6d350470,2,4000
4556526782,435,2934.51,QUOTATION,a4926703-442b-4179-808a-04de7d4e1015,4,3000
4554470194,271,341.11,QUOTATION,fffeaf8f-4b6b-4357-a309-89f4769c36da,5,4000
4513956139,502,3348.04,QUOTATION,384bae62-8ba8-4cac-b8ad-3df4e68bcafa,1,4000
4547023960,108,9570.11,REJECTED,32149af9-a4f0-4e80-a73d-490a9faef06f,5,4000
4531553420,127,5475.44,REJECTED,76fa0c16-dc3a-4a9b-b914-de6a0097f3dc,1,2000
4578206350,702,9173.25,WAITING,fcc9df1e-2761-4b55-8f60-015b21066d78,2,4000
4573164580,991,8983.99,APPROVED,bcebc30c-15e5-48e2-9c32-c86d886f82a0,5,2000
4547527414,188,2086.34,REJECTED,de541e55-b7b6-404a-8ce0-a6f1ea925750,5,3000
4588869286,873,5347.39,WAITING,73df3d25-bcec-47a6-8d66-6b628e81ed2d,5,2000
4511446664,694,5640.17,QUOTATION,9c7454a7-b80c-4d19-b841-4c0343b75add,5,4000
4529316371,755,122.37,APPROVED,a1ad3c2b-45ca-491c-8ef2-a64af7d19e43,1,1000
4597947881,685,4801.28,WAITING,b0154cbb-c693-4062-88b9-a8acf4402b56,2,4000
4587864975,913,9642.87,WAITING,9fc109ea-2585-4c23-9329-2ccda2d964eb,5,2000
4580448642,876,2168.2,WAITING,791660af-f0db-4fbd-a3a4-86bd38182556,5,2000
4540308582,318,7580.38,REJECTED,77b34563-244c-46da-b014-af1a9c7fa9e4,2,1000
4505532683,231,1255.36,REJECTED,dbce3e63-1a5c-4595-a1f9-d09c3d978567,1,1000
4501472824,488,6149.42,APPROVED,84aadcf6-499b-4416-9a35-3e546eb39a5c,5,1000
4519758813,21,4588.57,QUOTATION,e069016d-d217-4fbc-b438-1e8790b731fb,3,2000
4523459608,998,3243.62,QUOTATION,ba3d4978-80db-4a12-9f06-e4c698936184,2,3000
4507603461,923,9925.74,APPROVED,651e8d5b-8636-4635-a934-6f9427d506b8,1,4000
4504374398,575,6770.14,QUOTATION,daffc87a-fdb5-424e-9155-782c6cd1b731,4,1000
4578731894,10,7360.8,APPROVED,a1a6e723-19c6-46fd-a584-917efe27f127,1,3000
4550451471,875,9200.99,WAITING,bcebc30c-15e5-48e2-9c32-c86d886f82a0,1,3000
4508022362,6,234.89,QUOTATION,9c7454a7-b80c-4d19-b841-4c0343b75add,4,3000
4585917094,577,5302.78,REJECTED,ea38b7e1-b488-4873-ab04-3066d219b434,2,1000
4523956467,963,2258.48,QUOTATION,0439439c-8945-42c4-b079-5340d85df97c,3,3000
4507122989,391,7624.04,APPROVED,d5b6a98e-464a-4e85-ad1c-7fd6be7df835,2,2000
4556061057,543,1677.26,REJECTED,68681084-7b12-4fd9-9704-7da3802cb451,3,1000
4548611096,43,8400.45,REJECTED,32149af9-a4f0-4e80-a73d-490a9faef06f,3,4000
4522854761,506,8803.59,REJECTED,611eefb3-ef38-4a2e-831a-15aff1dde8f8,3,4000
4502651049,158,571.28,REJECTED,b020551c-5fe7-45ea-881a-6fa78332362d,3,4000
4544832419,898,4686.71,WAITING,6c55f239-a4f0-4edd-afe8-02d129db9eda,3,3000
4571878693,693,6375.68,QUOTATION,bcebc30c-15e5-48e2-9c32-c86d886f82a0,3,1000
4593108908,457,7974.22,APPROVED,0b319577-4ab0-4684-b112-b27aad212cb1,5,1000
4585576556,694,7957.38,REJECTED,b6bbc970-46d2-4ff4-9c52-80f378cfe8ea,1,3000
4590290600,261,2135.96,QUOTATION,975480d4-8c15-44ba-8c55-a9938bdaa2c4,5,4000
4518858557,943,9455.61,QUOTATION,cea90057-5542-4a9f-8ad8-2fa263b39b7b,5,1000
4536579412,852,6909.77,WAITING,5257f4f1-580e-4eb3-89f9-6cae458e4509,3,2000
4591840357,698,1789.57,REJECTED,0b319577-4ab0-4684-b112-b27aad212cb1,1,4000
4505045835,905,2163.51,QUOTATION,fffeaf8f-4b6b-4357-a309-89f4769c36da,4,3000
4509307515,616,4491.76,QUOTATION,4029508a-afa4-4faf-b175-4bb65b8a4dbb,2,1000
4540512247,890,5800.11,QUOTATION,da731710-48f7-4c02-8dd6-917ff4c62e3b,2,3000
4576654311,840,8788.43,QUOTATION,4a5df305-6d85-4b5a-81ca-b2a776017f8f,5,2000
4531644387,226,1613.4,REJECTED,de541e55-b7b6-404a-8ce0-a6f1ea925750,2,4000
4536980323,865,711.36,WAITING,da731710-48f7-4c02-8dd6-917ff4c62e3b,5,4000
4548894828,452,7230.79,REJECTED,915bda23-d2b3-4bab-9d3b-0b701beb76fa,3,4000
4531525946,834,3686.31,WAITING,4a2d279e-2495-496f-80d9-bc5a45e3b6b4,2,4000
4599956893,689,5760.51,QUOTATION,fcc9df1e-2761-4b55-8f60-015b21066d78,3,1000
4526612318,653,4068.38,REJECTED,9a109dc4-7be3-4aec-94bb-ede38f79ae14,3,3000
4539403496,300,1866.22,REJECTED,f6dd041e-f994-407c-9a1b-2ee8a39b9b25,4,2000
4589126923,531,2269.81,REJECTED,8df0c99e-2745-44ae-94ee-ad79cb114fdb,1,4000
4526308394,396,820.26,QUOTATION,5c250769-58e7-4a67-92b8-05566aab2cd0,4,3000
4537697448,422,6416.96,APPROVED,37bf8863-0046-49cb-a72c-f7e41661214b,1,3000
4574802430,903,8811.6,QUOTATION,791660af-f0db-4fbd-a3a4-86bd38182556,5,1000
4521178390,489,8084.96,QUOTATION,ad64acbd-9045-44ec-9111-f6b3b90cb060,2,3000
4588045041,987,8665.42,APPROVED,8ca5ca23-a910-469b-aec1-73bd31d74ba2,5,1000
4523886427,348,253.35,REJECTED,41f3b33b-8871-42fd-90d5-1d1d9f2d5aed,5,1000
4590140820,223,989.14,APPROVED,f524f9ee-95cb-4e66-a6c1-b58f8296e7f3,2,1000
4557608264,64,4588.31,APPROVED,9fc109ea-2585-4c23-9329-2ccda2d964eb,5,2000
4573132593,512,6763.0,QUOTATION,eb8e5632-45d0-47e9-bcc0-ee76bf030643,4,3000
4563452053,675,3842.76,QUOTATION,05767575-2944-4457-9aa7-06e1dae2ae25,3,2000
4596537294,857,7187.6,REJECTED,41f3b33b-8871-42fd-90d5-1d1d9f2d5aed,5,4000
4533393144,210,11.45,WAITING,5c250769-58e7-4a67-92b8-05566aab2cd0,3,3000
4563714776,465,6212.12,APPROVED,da731710-48f7-4c02-8dd6-917ff4c62e3b,2,4000
4590762192,427,7446.01,APPROVED,d5b6a98e-464a-4e85-ad1c-7fd6be7df835,4,2000
4512072191,112,227.74,WAITING,975480d4-8c15-44ba-8c55-a9938bdaa2c4,3,3000
4567422841,856,6742.84,WAITING,84aadcf6-499b-4416-9a35-3e546eb39a5c,1,2000
4560064248,584,9371.26,WAITING,b0154cbb-c693-4062-88b9-a8acf4402b56,1,2000
4581888476,37,3895.59,WAITING,fffeaf8f-4b6b-4357-a309-89f4769c36da,1,4000
4588291596,976,9153.28,APPROVED,ba5b8587-5d45-44ac-9e4e-16cb4b3afecc,2,1000
4561093480,710,6314.31,REJECTED,da731710-48f7-4c02-8dd6-917ff4c62e3b,2,3000
4520694368,231,117.95,REJECTED,68681084-7b12-4fd9-9704-7da3802cb451,1,4000
4505647961,30,7042.61,REJECTED,ce1eeb99-74a8-4547-b95c-345102c07d21,3,2000
4547151404,387,900.23,WAITING,9fc109ea-2585-4c23-9329-2ccda2d964eb,1,3000
4538368021,452,8158.03,WAITING,2c7b9d8a-6b92-4a21-a03e-024e434a203d,2,3000
4588179566,254,8824.69,APPROVED,dbce3e63-1a5c-4595-a1f9-d09c3d978567,5,2000
4566037092,20,5626.57,REJECTED,9ec93c76-9578-4947-a5ca-def516b026cb,4,1000
4536735101,965,9060.36,REJECTED,9c7454a7-b80c-4d19-b841-4c0343b75add,3,2000
4588900373,286,6847.58,QUOTATION,35672019-b6d1-42b4-b906-8819b248182e,4,1000
4505386154,419,4277.28,QUOTATION,de541e55-b7b6-404a-8ce0-a6f1ea925750,1,4000
4586208624,303,6683.54,QUOTATION,62117371-6664-4e90-9e4c-e3939789c81a,2,3000
4532549846,350,3370.26,APPROVED,56ae9e46-c0b2-46ca-b51d-5686e00ce4a6,3,1000
4532973897,197,860.11,WAITING,915bda23-d2b3-4bab-9d3b-0b701beb76fa,4,4000
4518369468,142,774.35,APPROVED,f6979cad-3c89-4280-985d-d7f07aaa8c2b,2,3000
4557999220,565,6210.89,APPROVED,b6bbc970-46d2-4ff4-9c52-80f378cfe8ea,3,1000
4598736397,478,1597.12,APPROVED,f524f9ee-95cb-4e66-a6c1-b58f8296e7f3,4,2000
4578355955,108,1776.6,APPROVED,611eefb3-ef38-4a2e-831a-15aff1dde8f8,5,2000
4527895216,183,7266.7,QUOTATION,5c250769-58e7-4a67-92b8-05566aab2cd0,5,1000
4571085822,993,505.16,WAITING,384bae62-8ba8-4cac-b8ad-3df4e68bcafa,1,4000
4568060979,693,8413.27,QUOTATION,41f3b33b-8871-42fd-90d5-1d1d9f2d5aed,5,4000
4542714867,88,5606.76,QUOTATION,bf599d91-442c-4e09-b5ae-b9f08a417d11,3,2000
4574685639,30,6617.44,WAITING,3ee51816-f540-45e6-8401-474c5df84e78,3,4000
4563775022,161,1338.16,APPROVED,d7da1df8-a4af-4efe-a657-570c6d350470,5,2000
4565363865,451,295.72,WAITING,cf11fe2a-443a-44e9-96b0-e6b91ddfa87d,1,1000
4577172499,782,4210.07,WAITING,de541e55-b7b6-404a-8ce0-a6f1ea925750,1,1000
4575085797,534,1545.24,APPROVED,6c55f239-a4f0-4edd-afe8-02d129db9eda,4,2000
4507778232,559,548.2,WAITING,56ae9e46-c0b2-46ca-b51d-5686e00ce4a6,5,2000
4548764614,186,3929.21,QUOTATION,73df3d25-bcec-47a6-8d66-6b628e81ed2d,5,3000
4510825400,758,4659.07,REJECTED,408c4fe5-9066-4997-8f1c-ad8daae4b1f6,2,1000
4536435236,830,8571.96,WAITING,f524f9ee-95cb-4e66-a6c1-b58f8296e7f3,2,1000
4557047446,912,1298.18,QUOTATION,6c55f239-a4f0-4edd-afe8-02d129db9eda,3,1000
4533288452,123,9948.25,REJECTED,0a58bce2-1697-4c89-b568-ae280f33f982,5,2000
4554201927,179,9952.47,APPROVED,d7da1df8-a4af-4efe-a657-570c6d350470,1,2000
4597057319,53,4994.51,QUOTATION,71b893be-0a75-41a7-9a52-bcdb771cc5ec,4,4000
4543211285,610,3929.35,APPROVED,5257f4f1-580e-4eb3-89f9-6cae458e4509,4,1000
4514969677,537,2406.94,WAITING,651e8d5b-8636-4635-a934-6f9427d506b8,1,2000
4519542614,264,4757.36,WAITING,2c7b9d8a-6b92-4a21-a03e-024e434a203d,4,1000
4531368285,168,8265.46,APPROVED,3f3292d8-3056-42da-9ec5-d080c252a223,1,4000
4578410450,686,741.37,APPROVED,b020551c-5fe7-45ea-881a-6fa78332362d,5,3000
4567358266,715,30.67,REJECTED,fe53d2be-049c-47fa-871a-c4a8b1a10e40,2,3000
4516823813,830,6024.01,REJECTED,0439439c-8945-42c4-b079-5340d85df97c,2,4000
4578658274,955,6985.79,QUOTATION,bcebc30c-15e5-48e2-9c32-c86d886f82a0,3,4000
4549462853,59,7953.15,REJECTED,915bda23-d2b3-4bab-9d3b-0b701beb76fa,4,3000
4589405875,957,6732.07,WAITING,2cf52c48-a37c-4244-a030-3fe16c443ecd,4,1000
4515336012,599,1626.26,REJECTED,bf599d91-442c-4e09-b5ae-b9f08a417d11,4,2000
4594292090,559,3398.33,WAITING,975480d4-8c15-44ba-8c55-a9938bdaa2c4,3,3000
4588273320,301,79.92,QUOTATION,32149af9-a4f0-4e80-a73d-490a9faef06f,4,4000
4519091223,581,8756.95,APPROVED,9fc109ea-2585-4c23-9329-2ccda2d964eb,2,3000
4501720125,343,7544.73,WAITING,5257f4f1-580e-4eb3-89f9-6cae458e4509,3,4000
4596941638,817,6259.66,WAITING,0c328cd6-def4-4097-8b5d-ef9b4362cfd3,2,4000
4556663673,468,4843.2,QUOTATION,ba5b8587-5d45-44ac-9e4e-16cb4b3afecc,4,1000
4505907508,845,7404.08,APPROVED,fffeaf8f-4b6b-4357-a309-89f4769c36da,4,3000
4543125935,177,1152.03,QUOTATION,a4926703-442b-4179-808a-04de7d4e1015,1,2000
4521774481,334,6052.5,APPROVED,68681084-7b12-4fd9-9704-7da3802cb451,5,3000
4591719427,960,2076.55,APPROVED,aa51a37d-2867-459b-8885-b5c8b161616a,1,4000
4506491096,258,1499.69,QUOTATION,ad64acbd-9045-44ec-9111-f6b3b90cb060,5,1000
4530248450,907,242.96,REJECTED,82ebf1b0-6982-4deb-ac51-c7a6d0a68c5d,5,4000
4595947304,216,873.14,REJECTED,611eefb3-ef38-4a2e-831a-15aff1dde8f8,3,3000
4569387332,406,4871.76,REJECTED,f524f9ee-95cb-4e66-a6c1-b58f8296e7f3,5,3000
4563343091,663,6874.62,REJECTED,f6dd041e-f994-407c-9a1b-2ee8a39b9b25,1,4000
4582216351,382,6246.05,APPROVED,3d3527a9-4ef5-45d5-83c2-4178789f9921,5,3000
4528592911,742,4692.03,REJECTED,f6dd041e-f994-407c-9a1b-2ee8a39b9b25,5,4000
4530347738,687,5339.92,APPROVED,74d238f7-61d4-41c6-9d51-b05f2eddcb36,3,2000
4557800740,480,8397.67,REJECTED,da731710-48f7-4c02-8dd6-917ff4c62e3b,5,2000
4535956573,889,8289.82,REJECTED,41e46c83-90d4-4836-a022-b900a018b3fa,4,4000
4526311261,52,6634.73,WAITING,0b319577-4ab0-4684-b112-b27aad212cb1,2,1000
4509046996,285,799.43,QUOTATION,3c65561d-5119-4985-87e7-48965fe9f62c,2,1000
4546926762,764,1672.71,APPROVED,28d388a1-0e70-41d0-a8a1-abb9e3263b7b,5,1000
4526029138,819,6189.87,APPROVED,b6bbc970-46d2-4ff4-9c52-80f378cfe8ea,3,4000
4531170156,301,6729.09,APPROVED,37bf8863-0046-49cb-a72c-f7e41661214b,2,4000
4567783798,271,43.3,APPROVED,5257f4f1-580e-4eb3-89f9-6cae458e4509,2,4000
4576161792,96,9247.43,QUOTATION,9a109dc4-7be3-4aec-94bb-ede38f79ae14,4,1000
4533439825,435,8477.74,REJECTED,62117371-6664-4e90-9e4c-e3939789c81a,5,1000
4563240351,679,5441.57,APPROVED,a9da22e7-f42f-4428-9083-96395b7a7e9a,2,2000
4581884044,16,2607.95,APPROVED,de541e55-b7b6-404a-8ce0-a6f1ea925750,1,1000
4533270911,276,4976.38,APPROVED,56ae9e46-c0b2-46ca-b51d-5686e00ce4a6,1,3000
4545428751,889,7242.0,REJECTED,110f8801-eea1-420d-98e6-dd439569747b,5,1000
4598375169,182,5740.72,QUOTATION,b577718c-a2a9-4f8a-a41c-7cac0d102aab,1,4000
4504794149,949,9984.65,QUOTATION,41f3b33b-8871-42fd-90d5-1d1d9f2d5aed,4,2000
4521475894,523,2889.45,WAITING,84aadcf6-499b-4416-9a35-3e546eb39a5c,5,3000
4503020229,73,3578.45,REJECTED,f524f9ee-95cb-4e66-a6c1-b58f8296e7f3,5,4000
4506683252,119,3391.84,APPROVED,ad64acbd-9045-44ec-9111-f6b3b90cb060,5,3000
4507744436,743,1590.04,APPROVED,ea38b7e1-b488-4873-ab04-3066d219b434,2,4000
4558016062,116,2552.25,APPROVED,a1a6e723-19c6-46fd-a584-917efe27f127,1,4000
4588490704,416,6846.01,REJECTED,c40f8a37-9024-4fcd-80a6-7917301ba6bd,1,4000
4567857632,830,7121.33,WAITING,3f3292d8-3056-42da-9ec5-d080c252a223,4,4000
4533978599,864,1433.41,WAITING,3d3527a9-4ef5-45d5-83c2-4178789f9921,1,4000
4543462775,883,5645.9,REJECTED,31ac60a6-1bc1-442c-ae10-4a420f770538,1,2000
4515274410,267,6356.02,REJECTED,41f3b33b-8871-42fd-90d5-1d1d9f2d5aed,2,4000
4521496572,216,826.65,QUOTATION,d4dbba0a-2b26-4233-9017-bb25b2e860f3,4,2000
4569768096,474,855.61,QUOTATION,2c7b9d8a-6b92-4a21-a03e-024e434a203d,5,4000
4557234150,52,7577.71,QUOTATION,01bb5e4b-33d3-4db2-85a2-499f5c9e31b4,4,1000
4576657909,893,2373.91,REJECTED,56ae9e46-c0b2-46ca-b51d-5686e00ce4a6,4,3000
4507244263,782,6308.77,WAITING,2cf52c48-a37c-4244-a030-3fe16c443ecd,5,3000
4520875086,341,5428.67,QUOTATION,611eefb3-ef38-4a2e-831a-15aff1dde8f8,1,2000
4570160355,198,878.87,REJECTED,51991c98-a328-457f-a862-0962b2d30ddc,4,2000
4554519053,623,4333.0,QUOTATION,408c4fe5-9066-4997-8f1c-ad8daae4b1f6,3,3000
4503492812,506,2910.33,APPROVED,37bf8863-0046-49cb-a72c-f7e41661214b,1,4000
4584389824,385,8424.87,QUOTATION,b020551c-5fe7-45ea-881a-6fa78332362d,3,2000
4575296284,300,6890.22,REJECTED,62117371-6664-4e90-9e4c-e3939789c81a,4,4000
4546037726,980,4397.14,APPROVED,d7da1df8-a4af-4efe-a657-570c6d350470,1,1000
4582720037,423,2585.5,REJECTED,82ebf1b0-6982-4deb-ac51-c7a6d0a68c5d,5,3000
4524049173,947,9791.55,APPROVED,fcc9df1e-2761-4b55-8f60-015b21066d78,5,4000
4521605002,156,5678.46,APPROVED,dbce3e63-1a5c-4595-a1f9-d09c3d978567,4,3000
4531849113,50,4527.24,WAITING,5257f4f1-580e-4eb3-89f9-6cae458e4509,1,1000
4554334073,792,2196.19,REJECTED,791660af-f0db-4fbd-a3a4-86bd38182556,3,4000
4505274129,460,9515.89,WAITING,bf599d91-442c-4e09-b5ae-b9f08a417d11,4,1000
4526746886,607,36.35,WAITING,ebfe58ef-0dee-41d8-859e-ae2bff66e7fc,5,3000
4535292168,395,3931.27,WAITING,ba3d4978-80db-4a12-9f06-e4c698936184,3,3000
4590151338,5,6921.22,QUOTATION,05767575-2944-4457-9aa7-06e1dae2ae25,5,4000
4593582475,326,9618.49,REJECTED,5257f4f1-580e-4eb3-89f9-6cae458e4509,3,1000
4549898719,551,5155.31,QUOTATION,37bf8863-0046-49cb-a72c-f7e41661214b,3,1000
4564390750,750,5317.79,QUOTATION,56ae9e46-c0b2-46ca-b51d-5686e00ce4a6,2,4000
4525121987,721,8976.35,APPROVED,ebfe58ef-0dee-41d8-859e-ae2bff66e7fc,1,1000
4585489261,515,5698.48,APPROVED,0439439c-8945-42c4-b079-5340d85df97c,1,1000
4534261377,76,8465.71,REJECTED,b6bbc970-46d2-4ff4-9c52-80f378cfe8ea,5,4000
4541988186,353,3086.18,APPROVED,2c6e3cb9-21cb-4de6-ae38-f117a3cbdfe2,5,4000
4570980479,421,3122.46,APPROVED,41f3b33b-8871-42fd-90d5-1d1d9f2d5aed,3,2000
4598911203,933,6728.31,APPROVED,2c7b9d8a-6b92-4a21-a03e-024e434a203d,5,3000
4528941505,312,2745.59,WAITING,2ab670e8-49e3-4a95-9871-d937f77b5927,2,4000
4546900348,594,3593.7,QUOTATION,ba5b8587-5d45-44ac-9e4e-16cb4b3afecc,5,4000
4573057152,797,5371.6,WAITING,15ddc72a-7103-4a88-a951-49c5aa75affd,1,2000
4575006452,574,2881.34,QUOTATION,01bb5e4b-33d3-4db2-85a2-499f5c9e31b4,2,3000
4543538531,178,4715.41,QUOTATION,dbce3e63-1a5c-4595-a1f9-d09c3d978567,4,1000
4596723149,653,608.78,REJECTED,31ac60a6-1bc1-442c-ae10-4a420f770538,1,2000
4500113512,594,3764.5,QUOTATION,9fc109ea-2585-4c23-9329-2ccda2d964eb,3,2000
4597477205,895,532.42,QUOTATION,3c65561d-5119-4985-87e7-48965fe9f62c,1,1000
4523369439,668,8061.99,WAITING,d0d94739-009d-44aa-ae3d-8c35a65083c5,4,4000
4537334605,745,1433.9,WAITING,0a58bce2-1697-4c89-b568-ae280f33f982,5,2000
4546926011,736,943.87,APPROVED,fffeaf8f-4b6b-4357-a309-89f4769c36da,2,1000
4564606182,536,9343.25,QUOTATION,9c7454a7-b80c-4d19-b841-4c0343b75add,1,4000
4534908689,234,801.22,QUOTATION,56ae9e46-c0b2-46ca-b51d-5686e00ce4a6,1,4000
4548261161,92,1091.67,REJECTED,15ddc72a-7103-4a88-a951-49c5aa75affd,4,3000
4528040263,255,5779.52,REJECTED,b6bbc970-46d2-4ff4-9c52-80f378cfe8ea,1,3000
4586982362,898,1177.39,REJECTED,cf11fe2a-443a-44e9-96b0-e6b91ddfa87d,1,4000
4516197363,991,3946.0,REJECTED,384bae62-8ba8-4cac-b8ad-3df4e68bcafa,2,1000
4597976681,836,8603.28,APPROVED,d0d94739-009d-44aa-ae3d-8c35a65083c5,4,3000
4555121313,988,3907.97,APPROVED,a1a6e723-19c6-46fd-a584-917efe27f127,2,3000
4521186388,243,2875.68,REJECTED,35672019-b6d1-42b4-b906-8819b248182e,4,2000
4597657957,638,9329.13,REJECTED,a4926703-442b-4179-808a-04de7d4e1015,5,1000
4592278247,195,3733.13,WAITING,f524f9ee-95cb-4e66-a6c1-b58f8296e7f3,3,3000
4515385854,788,9.39,WAITING,62117371-6664-4e90-9e4c-e3939789c81a,1,3000
4545365959,203,6559.57,REJECTED,41e46c83-90d4-4836-a022-b900a018b3fa,5,1000
4530789419,718,8629.83,WAITING,f6dd041e-f994-407c-9a1b-2ee8a39b9b25,2,3000
4503102014,792,2649.62,QUOTATION,b577718c-a2a9-4f8a-a41c-7cac0d102aab,4,2000
4571003028,105,4866.11,REJECTED,fcc9df1e-2761-4b55-8f60-015b21066d78,3,3000
4501068382,678,8282.32,REJECTED,f6979cad-3c89-4280-985d-d7f07aaa8c2b,1,4000
4523791395,627,2583.86,QUOTATION,975480d4-8c15-44ba-8c55-a9938bdaa2c4,1,4000
4584708295,940,9373.29,REJECTED,0f7e95f4-4fb9-4987-a1e1-5264880e721e,2,3000
4551465836,489,4068.39,REJECTED,71b893be-0a75-41a7-9a52-bcdb771cc5ec,5,3000
4500753588,867,6047.39,REJECTED,2cf52c48-a37c-4244-a030-3fe16c443ecd,2,4000
4570666650,525,5332.77,APPROVED,b6bbc970-46d2-4ff4-9c52-80f378cfe8ea,2,4000
4574932678,617,7994.45,QUOTATION,a9da22e7-f42f-4428-9083-96395b7a7e9a,2,2000
4587940935,364,6848.13,REJECTED,a4926703-442b-4179-808a-04de7d4e1015,5,3000
4524913808,64,3067.98,WAITING,8df0c99e-2745-44ae-94ee-ad79cb114fdb,3,4000
4532062317,106,7512.29,WAITING,d4dbba0a-2b26-4233-9017-bb25b2e860f3,1,2000
4533791613,755,8988.28,WAITING,9fc109ea-2585-4c23-9329-2ccda2d964eb,5,3000
4534737105,231,1735.15,WAITING,fe53d2be-049c-47fa-871a-c4a8b1a10e40,3,2000
4590985816,641,277.15,WAITING,3ee51816-f540-45e6-8401-474c5df84e78,2,2000
4563910244,796,4815.85,REJECTED,fffeaf8f-4b6b-4357-a309-89f4769c36da,3,1000
4587561843,8,3015.46,WAITING,c40f8a37-9024-4fcd-80a6-7917301ba6bd,3,1000
4514902097,930,4022.85,QUOTATION,384bae62-8ba8-4cac-b8ad-3df4e68bcafa,5,3000
4593633327,689,5190.49,WAITING,2cf52c48-a37c-4244-a030-3fe16c443ecd,2,1000
4505022975,28,6079.34,REJECTED,9567383e-1921-4683-803b-509faa2bc9d5,5,2000
4572310870,696,5454.58,QUOTATION,e7ba4d18-37bf-472c-9d3a-7756c21a55c9,1,3000
4573469616,590,6667.84,WAITING,f6979cad-3c89-4280-985d-d7f07aaa8c2b,5,4000
4505381825,426,413.2,REJECTED,82ebf1b0-6982-4deb-ac51-c7a6d0a68c5d,2,1000
4530336213,651,715.64,APPROVED,0e752cfe-75ff-427d-8214-57710b509b33,1,3000
4536344891,419,5225.95,REJECTED,3341d7ea-5bed-42e4-82c2-18d0adfbcdf1,1,3000
4501906936,10,1253.26,REJECTED,ba5b8587-5d45-44ac-9e4e-16cb4b3afecc,4,1000
4533463649,604,7118.3,APPROVED,ad64acbd-9045-44ec-9111-f6b3b90cb060,2,4000
4599545310,546,8852.92,REJECTED,73df3d25-bcec-47a6-8d66-6b628e81ed2d,3,2000
4526188446,138,6780.33,WAITING,84aadcf6-499b-4416-9a35-3e546eb39a5c,1,3000
4565173719,678,9677.72,QUOTATION,f6dd041e-f994-407c-9a1b-2ee8a39b9b25,2,1000
4593752806,561,5684.86,REJECTED,bcebc30c-15e5-48e2-9c32-c86d886f82a0,1,4000
4571140443,772,2725.2,WAITING,2ab670e8-49e3-4a95-9871-d937f77b5927,3,4000
4533285108,167,1305.42,QUOTATION,35672019-b6d1-42b4-b906-8819b248182e,2,4000
4503152794,545,624.5,REJECTED,4a2d279e-2495-496f-80d9-bc5a45e3b6b4,4,2000
4510325300,197,9236.46,WAITING,9fc109ea-2585-4c23-9329-2ccda2d964eb,2,4000
4587775782,163,2616.66,APPROVED,f524f9ee-95cb-4e66-a6c1-b58f8296e7f3,1,1000
4572401897,868,8156.47,APPROVED,a4926703-442b-4179-808a-04de7d4e1015,5,2000
4570456382,772,6157.96,REJECTED,dbce3e63-1a5c-4595-a1f9-d09c3d978567,2,1000
4532806787,132,6460.64,REJECTED,ba5b8587-5d45-44ac-9e4e-16cb4b3afecc,2,3000
4535363594,831,2087.92,REJECTED,9a109dc4-7be3-4aec-94bb-ede38f79ae14,1,1000
4569891235,374,1276.39,REJECTED,b0154cbb-c693-4062-88b9-a8acf4402b56,4,3000
4583948809,978,8352.77,QUOTATION,fffeaf8f-4b6b-4357-a309-89f4769c36da,2,2000
4503631077,441,4068.36,APPROVED,834a14f7-cbd7-4220-9587-cd61c93c8253,1,1000
4526543393,738,177.17,APPROVED,bcebc30c-15e5-48e2-9c32-c86d886f82a0,4,4000
4505846726,827,3079.6,WAITING,110f8801-eea1-420d-98e6-dd439569747b,1,1000
4592757216,916,3472.83,QUOTATION,82ebf1b0-6982-4deb-ac51-c7a6d0a68c5d,5,3000
4560221742,730,481.71,QUOTATION,32149af9-a4f0-4e80-a73d-490a9faef06f,4,2000
4580659525,840,1935.38,APPROVED,c40f8a37-9024-4fcd-80a6-7917301ba6bd,1,4000
4589631109,652,2554.3,WAITING,eb8e5632-45d0-47e9-bcc0-ee76bf030643,2,3000
4529273709,476,1642.65,APPROVED,9ec93c76-9578-4947-a5ca-def516b026cb,5,3000
4500907422,52,6649.98,APPROVED,bf599d91-442c-4e09-b5ae-b9f08a417d11,2,3000
4577829602,435,3795.44,WAITING,8ca5ca23-a910-469b-aec1-73bd31d74ba2,1,4000
4521001864,589,4925.46,APPROVED,a9da22e7-f42f-4428-9083-96395b7a7e9a,3,2000
4548944576,647,6993.92,REJECTED,12a301b9-4c71-4181-a853-d29be7b6bd18,2,1000
4527048074,973,9994.96,APPROVED,0c328cd6-def4-4097-8b5d-ef9b4362cfd3,3,4000
4586296296,27,6911.52,APPROVED,56ae9e46-c0b2-46ca-b51d-5686e00ce4a6,2,3000
4512874321,479,1234.63,REJECTED,a1a6e723-19c6-46fd-a584-917efe27f127,1,2000
4513383048,804,6876.23,APPROVED,9fc109ea-2585-4c23-9329-2ccda2d964eb,3,4000
4580536300,646,1557.95,APPROVED,0a58bce2-1697-4c89-b568-ae280f33f982,2,1000
4524768311,754,7000.81,APPROVED,15ddc72a-7103-4a88-a951-49c5aa75affd,5,2000
4578206525,196,5376.62,QUOTATION,915bda23-d2b3-4bab-9d3b-0b701beb76fa,2,4000
4532297316,858,8801.3,REJECTED,01bb5e4b-33d3-4db2-85a2-499f5c9e31b4,5,4000
4532084393,433,6886.88,APPROVED,b6bbc970-46d2-4ff4-9c52-80f378cfe8ea,1,1000
4528075886,656,4578.35,REJECTED,0b319577-4ab0-4684-b112-b27aad212cb1,4,1000
4542093346,103,161.19,WAITING,2c6e3cb9-21cb-4de6-ae38-f117a3cbdfe2,1,4000
4589583388,419,6203.26,QUOTATION,0a58bce2-1697-4c89-b568-ae280f33f982,1,1000
4522110858,747,1232.08,QUOTATION,3c65561d-5119-4985-87e7-48965fe9f62c,4,1000
4540883928,543,8628.85,APPROVED,0b319577-4ab0-4684-b112-b27aad212cb1,4,2000
4528856349,491,1046.32,WAITING,32149af9-a4f0-4e80-a73d-490a9faef06f,5,4000
4558802063,637,241.32,REJECTED,41f3b33b-8871-42fd-90d5-1d1d9f2d5aed,5,3000
4541462995,247,1821.5,QUOTATION,84aadcf6-499b-4416-9a35-3e546eb39a5c,5,2000
4554485713,648,2956.35,QUOTATION,a1a6e723-19c6-46fd-a584-917efe27f127,1,1000
4550008046,287,512.66,QUOTATION,915bda23-d2b3-4bab-9d3b-0b701beb76fa,1,2000
4538692455,22,1829.99,REJECTED,a1ad3c2b-45ca-491c-8ef2-a64af7d19e43,1,3000
4578949480,403,9612.74,WAITING,8ca5ca23-a910-469b-aec1-73bd31d74ba2,4,4000
4534875504,373,8787.71,REJECTED,31ac60a6-1bc1-442c-ae10-4a420f770538,1,3000
4585311928,95,9571.6,QUOTATION,01bb5e4b-33d3-4db2-85a2-499f5c9e31b4,4,2000
4562046425,545,7066.29,REJECTED,a9da22e7-f42f-4428-9083-96395b7a7e9a,3,1000
4598980429,722,1284.48,APPROVED,b020551c-5fe7-45ea-881a-6fa78332362d,2,4000
4569198172,614,5313.89,QUOTATION,d4dbba0a-2b26-4233-9017-bb25b2e860f3,5,3000
4553340337,315,9437.57,REJECTED,0c328cd6-def4-4097-8b5d-ef9b4362cfd3,5,3000
4547988155,824,8287.34,WAITING,110f8801-eea1-420d-98e6-dd439569747b,2,2000
4579407427,27,3252.33,APPROVED,ce1eeb99-74a8-4547-b95c-345102c07d21,5,3000
4572552627,12,573.83,APPROVED,975480d4-8c15-44ba-8c55-a9938bdaa2c4,5,4000
4518265689,149,4915.86,WAITING,f6dd041e-f994-407c-9a1b-2ee8a39b9b25,2,3000
4581270790,153,6323.91,WAITING,9fc109ea-2585-4c23-9329-2ccda2d964eb,2,3000
4547971671,787,3178.04,QUOTATION,76fa0c16-dc3a-4a9b-b914-de6a0097f3dc,1,1000
4573922913,599,1571.83,APPROVED,611eefb3-ef38-4a2e-831a-15aff1dde8f8,4,1000
4569425363,752,6990.19,WAITING,0f7e95f4-4fb9-4987-a1e1-5264880e721e,1,1000
4544031408,973,8558.83,APPROVED,0e752cfe-75ff-427d-8214-57710b509b33,4,2000
4587645717,294,8981.23,WAITING,f6dd041e-f994-407c-9a1b-2ee8a39b9b25,4,3000
4574873899,183,9989.69,APPROVED,de541e55-b7b6-404a-8ce0-a6f1ea925750,4,3000
4538059484,445,754.85,APPROVED,00a417fb-f2b9-4bb8-90c0-0787c3f2e3c7,5,1000
4595804511,453,9814.48,APPROVED,c40f8a37-9024-4fcd-80a6-7917301ba6bd,4,4000
4513729194,345,2411.97,APPROVED,d0d94739-009d-44aa-ae3d-8c35a65083c5,3,3000
4530835217,726,691.8,APPROVED,da731710-48f7-4c02-8dd6-917ff4c62e3b,1,3000
4595327106,938,6281.78,REJECTED,8ca5ca23-a910-469b-aec1-73bd31d74ba2,1,2000
4574760075,406,9078.31,APPROVED,15ddc72a-7103-4a88-a951-49c5aa75affd,1,1000
4533248558,773,7746.71,APPROVED,ba3d4978-80db-4a12-9f06-e4c698936184,3,2000
4587587584,78,8181.83,QUOTATION,17dffc12-ac1a-44ed-ad09-3c824851c624,2,1000
4504156644,717,4984.97,REJECTED,d0d94739-009d-44aa-ae3d-8c35a65083c5,5,1000
4559073647,728,6647.81,APPROVED,ba3d4978-80db-4a12-9f06-e4c698936184,2,4000
4523947315,491,615.67,WAITING,d7da1df8-a4af-4efe-a657-570c6d350470,5,2000
4541310406,292,2613.06,REJECTED,0b319577-4ab0-4684-b112-b27aad212cb1,5,3000
4503642535,870,5204.54,APPROVED,2c6e3cb9-21cb-4de6-ae38-f117a3cbdfe2,4,1000
4583763048,171,8807.92,WAITING,51991c98-a328-457f-a862-0962b2d30ddc,5,2000
4578414868,123,4205.58,WAITING,77b34563-244c-46da-b014-af1a9c7fa9e4,1,2000
4539648263,604,7823.58,REJECTED,791660af-f0db-4fbd-a3a4-86bd38182556,4,3000
4501620905,368,5652.72,APPROVED,3ee51816-f540-45e6-8401-474c5df84e78,1,3000
4556434531,221,5087.14,WAITING,6c55f239-a4f0-4edd-afe8-02d129db9eda,5,2000
4545139294,409,6492.82,APPROVED,e7ba4d18-37bf-472c-9d3a-7756c21a55c9,4,4000
4594640176,359,2837.92,QUOTATION,cea90057-5542-4a9f-8ad8-2fa263b39b7b,2,1000
4528052069,364,9672.69,APPROVED,d4dbba0a-2b26-4233-9017-bb25b2e860f3,3,4000
4534448581,804,9788.02,APPROVED,05767575-2944-4457-9aa7-06e1dae2ae25,5,4000
4539178817,674,1451.19,REJECTED,a9da22e7-f42f-4428-9083-96395b7a7e9a,1,3000
4562122096,925,3284.12,REJECTED,eb8e5632-45d0-47e9-bcc0-ee76bf030643,2,1000
4511576395,767,2988.79,WAITING,b577718c-a2a9-4f8a-a41c-7cac0d102aab,1,4000
4579809101,680,3008.13,WAITING,ad64acbd-9045-44ec-9111-f6b3b90cb060,3,1000
4579895518,136,5619.7,WAITING,01bb5e4b-33d3-4db2-85a2-499f5c9e31b4,5,2000
4525660738,788,1376.68,QUOTATION,d0d94739-009d-44aa-ae3d-8c35a65083c5,5,4000
4533514229,197,4797.04,APPROVED,62117371-6664-4e90-9e4c-e3939789c81a,5,4000
4525499956,582,7650.87,APPROVED,01bb5e4b-33d3-4db2-85a2-499f5c9e31b4,2,2000
4585332027,563,2718.8,WAITING,9ec93c76-9578-4947-a5ca-def516b026cb,5,4000
4511682967,355,3755.06,QUOTATION,bf599d91-442c-4e09-b5ae-b9f08a417d11,2,4000
4596393788,702,8579.45,QUOTATION,0a58bce2-1697-4c89-b568-ae280f33f982,2,2000
4568544890,492,3626.0,QUOTATION,e7ba4d18-37bf-472c-9d3a-7756c21a55c9,5,4000
4501791457,957,3499.38,REJECTED,bf599d91-442c-4e09-b5ae-b9f08a417d11,1,1000
4501184210,838,347.14,QUOTATION,73df3d25-bcec-47a6-8d66-6b628e81ed2d,1,4000
4512035365,342,2353.25,REJECTED,15ddc72a-7103-4a88-a951-49c5aa75affd,5,3000
4507187035,262,2077.17,QUOTATION,2c6e3cb9-21cb-4de6-ae38-f117a3cbdfe2,3,4000
4516796713,910,6293.89,APPROVED,bf599d91-442c-4e09-b5ae-b9f08a417d11,5,4000
4576113254,471,7295.86,APPROVED,0c328cd6-def4-4097-8b5d-ef9b4362cfd3,3,4000
4593529499,61,3855.21,WAITING,2c7b9d8a-6b92-4a21-a03e-024e434a203d,5,4000
4554986100,181,5796.43,REJECTED,2c7b9d8a-6b92-4a21-a03e-024e434a203d,1,4000
4593684199,517,6567.7,REJECTED,b577718c-a2a9-4f8a-a41c-7cac0d102aab,5,4000
4586652349,811,4218.2,QUOTATION,bcebc30c-15e5-48e2-9c32-c86d886f82a0,2,4000
4555013461,247,5900.94,WAITING,bcebc30c-15e5-48e2-9c32-c86d886f82a0,5,1000
4509436527,175,2457.79,QUOTATION,ce1eeb99-74a8-4547-b95c-345102c07d21,3,4000
4582029779,229,8756.39,WAITING,01bb5e4b-33d3-4db2-85a2-499f5c9e31b4,2,1000
4500222599,109,9072.83,QUOTATION,ba5b8587-5d45-44ac-9e4e-16cb4b3afecc,3,2000
4534915952,457,4458.17,APPROVED,ba3d4978-80db-4a12-9f06-e4c698936184,2,1000
4547851598,840,1666.94,WAITING,37bf8863-0046-49cb-a72c-f7e41661214b,5,2000
4581960154,167,5282.27,REJECTED,3f3292d8-3056-42da-9ec5-d080c252a223,2,1000
4573645047,270,7214.13,REJECTED,6cc3c3b9-23fa-4969-8791-af89dedc62c9,4,4000
4562144144,167,7839.52,REJECTED,9ec93c76-9578-4947-a5ca-def516b026cb,3,4000
4519416050,433,5869.24,REJECTED,6cc3c3b9-23fa-4969-8791-af89dedc62c9,1,3000
4568505854,329,1453.41,REJECTED,17dffc12-ac1a-44ed-ad09-3c824851c624,3,2000
4548271614,44,2851.75,WAITING,a1a6e723-19c6-46fd-a584-917efe27f127,5,3000
4550829910,245,6634.71,REJECTED,bf599d91-442c-4e09-b5ae-b9f08a417d11,2,3000
4584536936,657,1609.1,WAITING,fffeaf8f-4b6b-4357-a309-89f4769c36da,5,1000
4576744528,515,4741.08,APPROVED,84aadcf6-499b-4416-9a35-3e546eb39a5c,2,1000
4591652517,270,171.91,WAITING,2cf52c48-a37c-4244-a030-3fe16c443ecd,4,3000
4539276144,862,2521.03,REJECTED,b577718c-a2a9-4f8a-a41c-7cac0d102aab,4,3000
4529348785,818,7362.33,APPROVED,4a5df305-6d85-4b5a-81ca-b2a776017f8f,2,2000
4510155886,416,5717.09,APPROVED,b0154cbb-c693-4062-88b9-a8acf4402b56,4,3000
4580050979,646,8282.64,WAITING,cf11fe2a-443a-44e9-96b0-e6b91ddfa87d,4,2000
4576140979,136,3125.54,REJECTED,5257f4f1-580e-4eb3-89f9-6cae458e4509,3,1000
4520106772,85,1921.48,WAITING,4029508a-afa4-4faf-b175-4bb65b8a4dbb,2,1000
4576121909,404,2431.7,WAITING,651e8d5b-8636-4635-a934-6f9427d506b8,4,3000
4515241174,723,357.43,APPROVED,915bda23-d2b3-4bab-9d3b-0b701beb76fa,4,3000
4576914624,123,5993.61,APPROVED,791660af-f0db-4fbd-a3a4-86bd38182556,5,4000
4562134503,19,8914.81,WAITING,77b34563-244c-46da-b014-af1a9c7fa9e4,1,3000
4519545864,427,2812.5,APPROVED,ea38b7e1-b488-4873-ab04-3066d219b434,3,2000
4567877139,309,8558.65,REJECTED,ce1eeb99-74a8-4547-b95c-345102c07d21,3,3000
4554900704,384,2148.22,REJECTED,73df3d25-bcec-47a6-8d66-6b628e81ed2d,5,3000
4579240492,335,9096.34,REJECTED,8ca5ca23-a910-469b-aec1-73bd31d74ba2,5,3000
4564782302,301,7443.03,REJECTED,ebfe58ef-0dee-41d8-859e-ae2bff66e7fc,4,1000
4585023922,81,5034.51,APPROVED,4a2d279e-2495-496f-80d9-bc5a45e3b6b4,2,1000
4536263709,3,71.89,QUOTATION,f6979cad-3c89-4280-985d-d7f07aaa8c2b,1,4000
4507014727,766,6829.58,QUOTATION,3f3292d8-3056-42da-9ec5-d080c252a223,3,2000
4517781632,545,5521.71,QUOTATION,b020551c-5fe7-45ea-881a-6fa78332362d,2,3000
4533403702,69,2596.8,REJECTED,daffc87a-fdb5-424e-9155-782c6cd1b731,3,3000
4577065550,80,6514.92,WAITING,6cc3c3b9-23fa-4969-8791-af89dedc62c9,3,3000
4527985303,353,5001.52,REJECTED,384bae62-8ba8-4cac-b8ad-3df4e68bcafa,4,1000
4539219229,51,4421.4,APPROVED,ba5b8587-5d45-44ac-9e4e-16cb4b3afecc,1,3000
4521711257,182,8742.52,APPROVED,408c4fe5-9066-4997-8f1c-ad8daae4b1f6,5,3000
4587551712,12,1480.44,WAITING,76fa0c16-dc3a-4a9b-b914-de6a0097f3dc,2,4000
4546964308,339,5432.96,QUOTATION,fe53d2be-049c-47fa-871a-c4a8b1a10e40,3,3000
4521389859,469,8391.28,WAITING,a4926703-442b-4179-808a-04de7d4e1015,2,4000
4554448278,722,2357.43,REJECTED,3ee51816-f540-45e6-8401-474c5df84e78,2,4000
4505836960,121,891.58,WAITING,28d388a1-0e70-41d0-a8a1-abb9e3263b7b,1,2000
4509686537,955,9038.69,QUOTATION,28d388a1-0e70-41d0-a8a1-abb9e3263b7b,1,2000
4572801820,444,8916.02,QUOTATION,b020551c-5fe7-45ea-881a-6fa78332362d,1,3000
4530137605,780,5590.26,REJECTED,e7ba4d18-37bf-472c-9d3a-7756c21a55c9,4,1000
4532894608,92,1017.64,REJECTED,e069016d-d217-4fbc-b438-1e8790b731fb,4,2000
4515000029,201,7256.5,APPROVED,bcebc30c-15e5-48e2-9c32-c86d886f82a0,3,3000
4548232986,243,6324.47,QUOTATION,9fc109ea-2585-4c23-9329-2ccda2d964eb,1,3000
4595610037,650,4422.27,APPROVED,a9da22e7-f42f-4428-9083-96395b7a7e9a,4,1000
4579283922,429,5534.87,REJECTED,a1a6e723-19c6-46fd-a584-917efe27f127,4,3000
4556170342,139,209.17,QUOTATION,b6bbc970-46d2-4ff4-9c52-80f378cfe8ea,1,3000
4506404102,281,2083.57,APPROVED,0c328cd6-def4-4097-8b5d-ef9b4362cfd3,2,4000
4517959568,605,8993.63,WAITING,0c328cd6-def4-4097-8b5d-ef9b4362cfd3,1,1000
4573811701,776,2439.0,WAITING,77b34563-244c-46da-b014-af1a9c7fa9e4,2,4000
4549303995,21,8985.6,QUOTATION,0a58bce2-1697-4c89-b568-ae280f33f982,3,1000
4545839821,889,7975.57,APPROVED,77b34563-244c-46da-b014-af1a9c7fa9e4,3,3000
4543458577,990,3006.06,REJECTED,fcc9df1e-2761-4b55-8f60-015b21066d78,3,1000
4594247335,95,1989.85,APPROVED,0b319577-4ab0-4684-b112-b27aad212cb1,3,1000
4533440173,847,8542.83,APPROVED,56ae9e46-c0b2-46ca-b51d-5686e00ce4a6,1,2000
4561660738,110,6080.94,WAITING,d5b6a98e-464a-4e85-ad1c-7fd6be7df835,5,2000
4536771426,452,7746.13,APPROVED,fffeaf8f-4b6b-4357-a309-89f4769c36da,2,4000
4538581726,92,6113.74,REJECTED,791660af-f0db-4fbd-a3a4-86bd38182556,3,2000
4501986063,18,4504.52,APPROVED,fe53d2be-049c-47fa-871a-c4a8b1a10e40,1,3000
4506836904,918,3472.38,QUOTATION,a9da22e7-f42f-4428-9083-96395b7a7e9a,4,4000
4587964614,102,4954.01,WAITING,d5b6a98e-464a-4e85-ad1c-7fd6be7df835,3,4000
4529346185,727,5220.0,APPROVED,ba5b8587-5d45-44ac-9e4e-16cb4b3afecc,1,1000
4570736163,621,5566.38,APPROVED,76fa0c16-dc3a-4a9b-b914-de6a0097f3dc,2,2000
4552411018,301,7438.93,APPROVED,ea38b7e1-b488-4873-ab04-3066d219b434,3,2000
4530446580,389,986.03,REJECTED,41e46c83-90d4-4836-a022-b900a018b3fa,3,1000
4577340324,219,3368.62,REJECTED,2c6e3cb9-21cb-4de6-ae38-f117a3cbdfe2,4,4000
4558697016,896,5241.21,QUOTATION,0b319577-4ab0-4684-b112-b27aad212cb1,4,3000
4567746192,740,6878.37,REJECTED,c40f8a37-9024-4fcd-80a6-7917301ba6bd,1,4000
4513222091,180,558.33,WAITING,cf11fe2a-443a-44e9-96b0-e6b91ddfa87d,2,4000
4521635740,924,2274.05,APPROVED,651e8d5b-8636-4635-a934-6f9427d506b8,1,3000
4591319592,888,5190.18,APPROVED,a1ad3c2b-45ca-491c-8ef2-a64af7d19e43,1,2000
4583167593,63,4383.52,APPROVED,daffc87a-fdb5-424e-9155-782c6cd1b731,5,3000
4549374778,660,9177.61,APPROVED,35672019-b6d1-42b4-b906-8819b248182e,3,2000
4511089148,257,9745.97,QUOTATION,fcc9df1e-2761-4b55-8f60-015b21066d78,4,3000
4560984276,343,9494.5,APPROVED,5257f4f1-580e-4eb3-89f9-6cae458e4509,4,1000
4528262241,492,6819.93,APPROVED,35672019-b6d1-42b4-b906-8819b248182e,2,2000
4534795411,776,2391.26,APPROVED,a4926703-442b-4179-808a-04de7d4e1015,3,4000
4572993268,378,492.36,APPROVED,15ddc72a-7103-4a88-a951-49c5aa75affd,4,1000
4523359939,654,3878.17,QUOTATION,bcebc30c-15e5-48e2-9c32-c86d886f82a0,3,2000
4569320996,18,4942.75,WAITING,a1ad3c2b-45ca-491c-8ef2-a64af7d19e43,5,3000
4580686213,247,3362.29,APPROVED,ba3d4978-80db-4a12-9f06-e4c698936184,2,2000
4569547519,191,2353.58,WAITING,82ebf1b0-6982-4deb-ac51-c7a6d0a68c5d,5,3000
4591950491,216,5478.89,APPROVED,dbce3e63-1a5c-4595-a1f9-d09c3d978567,5,4000
4509335983,483,2318.88,QUOTATION,ce1eeb99-74a8-4547-b95c-345102c07d21,2,3000
4503337211,450,4708.07,WAITING,cea90057-5542-4a9f-8ad8-2fa263b39b7b,5,2000
4589337575,500,6446.78,REJECTED,408c4fe5-9066-4997-8f1c-ad8daae4b1f6,4,2000
4502107308,607,4623.13,APPROVED,d4dbba0a-2b26-4233-9017-bb25b2e860f3,1,1000
4582343711,916,1901.01,QUOTATION,de541e55-b7b6-404a-8ce0-a6f1ea925750,1,1000
4503965929,274,8932.92,WAITING,f524f9ee-95cb-4e66-a6c1-b58f8296e7f3,5,1000
4565449377,586,7370.83,APPROVED,915bda23-d2b3-4bab-9d3b-0b701beb76fa,5,3000
4532165131,637,7178.74,WAITING,ea38b7e1-b488-4873-ab04-3066d219b434,1,2000
4553124094,417,3517.3,REJECTED,56ae9e46-c0b2-46ca-b51d-5686e00ce4a6,4,4000
4558676289,778,8365.76,APPROVED,b6bbc970-46d2-4ff4-9c52-80f378cfe8ea,2,4000
4527769349,562,731.91,QUOTATION,5257f4f1-580e-4eb3-89f9-6cae458e4509,5,2000
4527828108,685,7185.24,WAITING,2c6e3cb9-21cb-4de6-ae38-f117a3cbdfe2,4,4000
4553732174,980,74.17,REJECTED,e7ba4d18-37bf-472c-9d3a-7756c21a55c9,2,2000
4588349783,843,6980.61,WAITING,3f3292d8-3056-42da-9ec5-d080c252a223,1,3000
4578852847,817,2647.11,WAITING,0439439c-8945-42c4-b079-5340d85df97c,2,3000
4558185174,691,1285.59,REJECTED,4a2d279e-2495-496f-80d9-bc5a45e3b6b4,3,4000
4510495017,124,1101.54,APPROVED,0c328cd6-def4-4097-8b5d-ef9b4362cfd3,5,1000
4573713992,91,1779.95,REJECTED,9c7454a7-b80c-4d19-b841-4c0343b75add,2,1000
4556242553,296,7913.56,REJECTED,bf599d91-442c-4e09-b5ae-b9f08a417d11,3,3000
4597053338,133,1918.05,REJECTED,ad64acbd-9045-44ec-9111-f6b3b90cb060,3,2000
4531623720,785,1196.74,REJECTED,41f3b33b-8871-42fd-90d5-1d1d9f2d5aed,3,3000
4580067134,15,9896.18,WAITING,f6dd041e-f994-407c-9a1b-2ee8a39b9b25,5,3000
4566395838,672,7014.66,QUOTATION,51991c98-a328-457f-a862-0962b2d30ddc,3,1000
4567099381,113,2456.12,REJECTED,2cf52c48-a37c-4244-a030-3fe16c443ecd,4,3000
4537459285,341,5371.46,QUOTATION,8df0c99e-2745-44ae-94ee-ad79cb114fdb,2,2000
4501937437,809,4589.09,QUOTATION,110f8801-eea1-420d-98e6-dd439569747b,1,4000
4515619490,624,2091.35,QUOTATION,915bda23-d2b3-4bab-9d3b-0b701beb76fa,3,3000
4566401621,902,6419.63,APPROVED,4a2d279e-2495-496f-80d9-bc5a45e3b6b4,5,4000
4583743744,13,5029.88,REJECTED,d0d94739-009d-44aa-ae3d-8c35a65083c5,2,3000
4520824904,291,8649.83,REJECTED,fcc9df1e-2761-4b55-8f60-015b21066d78,4,3000
4507399869,697,3431.0,WAITING,77b34563-244c-46da-b014-af1a9c7fa9e4,2,4000
4532499092,486,8203.59,QUOTATION,611eefb3-ef38-4a2e-831a-15aff1dde8f8,4,3000
4570373729,210,9976.56,WAITING,9ec93c76-9578-4947-a5ca-def516b026cb,3,3000
4554144995,207,391.47,WAITING,9fc109ea-2585-4c23-9329-2ccda2d964eb,1,3000
4506347386,46,1268.6,REJECTED,84aadcf6-499b-4416-9a35-3e546eb39a5c,4,4000
4530940989,689,1622.67,REJECTED,01bb5e4b-33d3-4db2-85a2-499f5c9e31b4,2,4000
4576146089,577,4280.78,QUOTATION,a1ad3c2b-45ca-491c-8ef2-a64af7d19e43,5,1000
4561237405,607,99.99,WAITING,aa51a37d-2867-459b-8885-b5c8b161616a,2,2000
4557205326,487,3740.15,WAITING,fcc9df1e-2761-4b55-8f60-015b21066d78,1,4000
4566674923,598,7780.14,WAITING,a1ad3c2b-45ca-491c-8ef2-a64af7d19e43,2,3000
4510877130,492,2912.96,WAITING,834a14f7-cbd7-4220-9587-cd61c93c8253,1,2000
4554673210,285,2765.83,QUOTATION,d7da1df8-a4af-4efe-a657-570c6d350470,4,4000
4549113958,247,6198.34,QUOTATION,35672019-b6d1-42b4-b906-8819b248182e,4,3000
4504686838,958,7547.13,REJECTED,2cf52c48-a37c-4244-a030-3fe16c443ecd,1,1000
4589047796,277,9597.39,QUOTATION,dbce3e63-1a5c-4595-a1f9-d09c3d978567,5,2000
4574163110,679,7197.6,QUOTATION,4a2d279e-2495-496f-80d9-bc5a45e3b6b4,2,4000
4583689815,675,1097.61,REJECTED,ce1eeb99-74a8-4547-b95c-345102c07d21,3,3000
4529720639,989,8634.08,REJECTED,611eefb3-ef38-4a2e-831a-15aff1dde8f8,1,2000
4550275974,502,7875.33,QUOTATION,bcebc30c-15e5-48e2-9c32-c86d886f82a0,3,3000
4506942039,674,866.07,WAITING,9fc109ea-2585-4c23-9329-2ccda2d964eb,2,3000
4525989671,175,3394.02,QUOTATION,28d388a1-0e70-41d0-a8a1-abb9e3263b7b,4,3000
4553954681,194,7795.19,QUOTATION,0a58bce2-1697-4c89-b568-ae280f33f982,2,4000
4555122002,576,5572.56,QUOTATION,31ac60a6-1bc1-442c-ae10-4a420f770538,5,3000
4589464256,170,7246.04,APPROVED,35672019-b6d1-42b4-b906-8819b248182e,1,4000
4598264140,144,8082.83,WAITING,a1ad3c2b-45ca-491c-8ef2-a64af7d19e43,2,4000
4516445332,544,4846.85,REJECTED,e069016d-d217-4fbc-b438-1e8790b731fb,2,4000
4533569221,219,6111.58,WAITING,cf11fe2a-443a-44e9-96b0-e6b91ddfa87d,4,2000
4588764740,421,5793.09,WAITING,9fc109ea-2585-4c23-9329-2ccda2d964eb,3,3000
4595185059,981,672.03,QUOTATION,e069016d-d217-4fbc-b438-1e8790b731fb,5,3000
4527598514,84,8780.75,QUOTATION,12a301b9-4c71-4181-a853-d29be7b6bd18,1,2000
4587648612,714,9812.39,QUOTATION,0a58bce2-1697-4c89-b568-ae280f33f982,5,2000
4596095197,150,5622.86,WAITING,cea90057-5542-4a9f-8ad8-2fa263b39b7b,4,2000
4528857480,203,1603.23,WAITING,bcebc30c-15e5-48e2-9c32-c86d886f82a0,4,3000
4517904472,27,606.83,REJECTED,41e46c83-90d4-4836-a022-b900a018b3fa,5,3000
4521951513,830,3468.58,REJECTED,bf599d91-442c-4e09-b5ae-b9f08a417d11,4,4000
4537086375,789,6537.9,WAITING,74d238f7-61d4-41c6-9d51-b05f2eddcb36,3,3000
4571746927,504,8683.33,WAITING,de541e55-b7b6-404a-8ce0-a6f1ea925750,4,3000
4589478265,912,5201.36,APPROVED,56ae9e46-c0b2-46ca-b51d-5686e00ce4a6,4,4000
4514642166,52,8787.14,WAITING,b020551c-5fe7-45ea-881a-6fa78332362d,4,4000
4579042321,250,9623.99,REJECTED,408c4fe5-9066-4997-8f1c-ad8daae4b1f6,2,2000
4547108713,388,2630.93,APPROVED,73df3d25-bcec-47a6-8d66-6b628e81ed2d,4,4000
4528652826,853,7857.15,WAITING,cea90057-5542-4a9f-8ad8-2fa263b39b7b,4,1000
4566290884,291,686.36,WAITING,b0154cbb-c693-4062-88b9-a8acf4402b56,4,1000
4527760562,580,2000.79,WAITING,2c6e3cb9-21cb-4de6-ae38-f117a3cbdfe2,5,1000
4528827028,145,9935.52,WAITING,41e46c83-90d4-4836-a022-b900a018b3fa,4,4000
4522052783,503,8807.92,WAITING,2c6e3cb9-21cb-4de6-ae38-f117a3cbdfe2,4,3000
4568124645,197,4746.57,APPROVED,aa51a37d-2867-459b-8885-b5c8b161616a,1,2000
4526205006,410,8682.82,REJECTED,77b34563-244c-46da-b014-af1a9c7fa9e4,3,2000
4595382540,321,8782.38,REJECTED,68681084-7b12-4fd9-9704-7da3802cb451,4,4000
4587316120,871,8754.87,WAITING,12a301b9-4c71-4181-a853-d29be7b6bd18,3,1000
4577530085,69,5419.99,REJECTED,3341d7ea-5bed-42e4-82c2-18d0adfbcdf1,3,4000
4580164605,40,4595.75,WAITING,834a14f7-cbd7-4220-9587-cd61c93c8253,3,1000
4570175119,65,8957.5,APPROVED,bcebc30c-15e5-48e2-9c32-c86d886f82a0,2,2000
4501194991,478,4669.21,APPROVED,68681084-7b12-4fd9-9704-7da3802cb451,3,2000
4568177366,603,3425.57,QUOTATION,bf599d91-442c-4e09-b5ae-b9f08a417d11,4,2000
4570065884,757,5290.1,QUOTATION,12a301b9-4c71-4181-a853-d29be7b6bd18,1,4000
4516548544,505,825.04,QUOTATION,51991c98-a328-457f-a862-0962b2d30ddc,5,4000
4543433726,733,5791.8,REJECTED,8df0c99e-2745-44ae-94ee-ad79cb114fdb,4,1000
4503228010,906,7830.73,APPROVED,73df3d25-bcec-47a6-8d66-6b628e81ed2d,3,4000
4540185154,211,6593.24,WAITING,cf11fe2a-443a-44e9-96b0-e6b91ddfa87d,2,4000
4547398267,221,6304.02,REJECTED,c40f8a37-9024-4fcd-80a6-7917301ba6bd,4,3000
4592405168,945,8068.38,APPROVED,82ebf1b0-6982-4deb-ac51-c7a6d0a68c5d,1,3000
4550144815,7,8407.8,REJECTED,2cf52c48-a37c-4244-a030-3fe16c443ecd,4,3000
4527337190,569,8819.89,REJECTED,daffc87a-fdb5-424e-9155-782c6cd1b731,5,4000
4515428851,526,9048.22,QUOTATION,76fa0c16-dc3a-4a9b-b914-de6a0097f3dc,3,4000
4550363836,631,8840.98,APPROVED,41f3b33b-8871-42fd-90d5-1d1d9f2d5aed,5,1000
4576706217,720,6461.3,WAITING,ad64acbd-9045-44ec-9111-f6b3b90cb060,4,2000
4500353610,897,8249.79,REJECTED,a1ad3c2b-45ca-491c-8ef2-a64af7d19e43,1,1000
4501501426,589,317.88,REJECTED,51991c98-a328-457f-a862-0962b2d30ddc,1,3000
4565709429,806,2659.43,REJECTED,3f3292d8-3056-42da-9ec5-d080c252a223,3,3000
4597869232,571,5145.65,APPROVED,0c328cd6-def4-4097-8b5d-ef9b4362cfd3,1,2000
4542821609,104,6647.31,APPROVED,651e8d5b-8636-4635-a934-6f9427d506b8,5,4000
4545724986,152,2347.37,APPROVED,0a58bce2-1697-4c89-b568-ae280f33f982,3,4000
4585019607,43,6419.55,APPROVED,134244b2-90f7-4d62-8488-d71e29828266,3,3000
4596808249,566,5850.22,WAITING,68681084-7b12-4fd9-9704-7da3802cb451,1,1000
4524317466,544,2677.62,APPROVED,dbce3e63-1a5c-4595-a1f9-d09c3d978567,2,3000
4510176628,399,8462.18,REJECTED,15ddc72a-7103-4a88-a951-49c5aa75affd,5,1000
4581612431,775,4288.15,QUOTATION,32149af9-a4f0-4e80-a73d-490a9faef06f,4,3000
4558634164,528,2159.44,APPROVED,a1ad3c2b-45ca-491c-8ef2-a64af7d19e43,5,3000
4585343284,60,254.61,WAITING,84aadcf6-499b-4416-9a35-3e546eb39a5c,4,1000
4571481720,123,3474.13,APPROVED,a9da22e7-f42f-4428-9083-96395b7a7e9a,5,2000
4586800628,307,3598.92,QUOTATION,2cf52c48-a37c-4244-a030-3fe16c443ecd,3,3000
4566387201,243,1375.62,QUOTATION,eb8e5632-45d0-47e9-bcc0-ee76bf030643,5,1000
4550118693,679,1360.53,WAITING,384bae62-8ba8-4cac-b8ad-3df4e68bcafa,1,2000
4538591335,681,4816.5,APPROVED,f6979cad-3c89-4280-985d-d7f07aaa8c2b,5,1000
4552953247,171,8110.78,REJECTED,9a109dc4-7be3-4aec-94bb-ede38f79ae14,1,1000
4577688247,857,9812.78,QUOTATION,9ec93c76-9578-4947-a5ca-def516b026cb,3,3000
4520784433,410,7831.66,REJECTED,e069016d-d217-4fbc-b438-1e8790b731fb,2,3000
4533931752,260,6659.15,WAITING,134244b2-90f7-4d62-8488-d71e29828266,3,4000
4584818534,721,645.03,WAITING,41f3b33b-8871-42fd-90d5-1d1d9f2d5aed,2,1000
4531543239,968,2406.82,APPROVED,9fc109ea-2585-4c23-9329-2ccda2d964eb,2,1000
4599834301,722,8196.8,APPROVED,ea38b7e1-b488-4873-ab04-3066d219b434,4,1000
4524396570,567,6285.81,REJECTED,791660af-f0db-4fbd-a3a4-86bd38182556,2,3000
4533913382,784,2710.54,APPROVED,d0d94739-009d-44aa-ae3d-8c35a65083c5,3,2000
4510940006,538,3115.98,APPROVED,51991c98-a328-457f-a862-0962b2d30ddc,3,1000
4593529925,667,822.09,APPROVED,84aadcf6-499b-4416-9a35-3e546eb39a5c,4,3000
4539884839,548,3979.82,WAITING,d5b6a98e-464a-4e85-ad1c-7fd6be7df835,4,3000
4530472431,839,2664.13,WAITING,0439439c-8945-42c4-b079-5340d85df97c,3,2000
4596771779,79,2813.99,REJECTED,791660af-f0db-4fbd-a3a4-86bd38182556,4,1000
4507374737,464,4948.72,APPROVED,b020551c-5fe7-45ea-881a-6fa78332362d,4,4000
4520815855,319,6448.2,APPROVED,b577718c-a2a9-4f8a-a41c-7cac0d102aab,1,1000
4592629070,539,4409.25,APPROVED,ebfe58ef-0dee-41d8-859e-ae2bff66e7fc,5,1000
4595431567,28,8184.78,WAITING,76fa0c16-dc3a-4a9b-b914-de6a0097f3dc,1,1000
4568198938,555,3846.56,APPROVED,d0d94739-009d-44aa-ae3d-8c35a65083c5,1,2000
4502405291,988,7574.95,WAITING,15ddc72a-7103-4a88-a951-49c5aa75affd,1,3000
4593227591,299,8638.27,WAITING,05767575-2944-4457-9aa7-06e1dae2ae25,3,3000
4584041812,920,3644.61,WAITING,b0154cbb-c693-4062-88b9-a8acf4402b56,5,4000
4532911119,887,8033.8,WAITING,384bae62-8ba8-4cac-b8ad-3df4e68bcafa,4,1000
4557736847,197,5881.88,APPROVED,2c7b9d8a-6b92-4a21-a03e-024e434a203d,3,2000
4555057231,407,9437.94,QUOTATION,84aadcf6-499b-4416-9a35-3e546eb39a5c,3,1000
4560012976,874,1967.88,REJECTED,3d3527a9-4ef5-45d5-83c2-4178789f9921,2,3000
4553307840,343,2193.41,WAITING,ebfe58ef-0dee-41d8-859e-ae2bff66e7fc,3,2000
4533893495,212,6412.92,APPROVED,834a14f7-cbd7-4220-9587-cd61c93c8253,1,3000
4587764274,367,9766.19,WAITING,56ae9e46-c0b2-46ca-b51d-5686e00ce4a6,1,4000
4508736862,728,8124.35,WAITING,73df3d25-bcec-47a6-8d66-6b628e81ed2d,1,3000
4535398810,159,4882.56,REJECTED,d5b6a98e-464a-4e85-ad1c-7fd6be7df835,2,4000
4589125885,871,8424.8,QUOTATION,8df0c99e-2745-44ae-94ee-ad79cb114fdb,2,2000
4528129261,231,7781.52,APPROVED,cf11fe2a-443a-44e9-96b0-e6b91ddfa87d,1,1000
4590491422,169,9970.79,QUOTATION,e069016d-d217-4fbc-b438-1e8790b731fb,4,2000
4584375226,937,1571.65,APPROVED,ad64acbd-9045-44ec-9111-f6b3b90cb060,1,2000
4579476636,84,1029.45,REJECTED,9a109dc4-7be3-4aec-94bb-ede38f79ae14,3,3000
4543185561,181,5129.95,QUOTATION,ebfe58ef-0dee-41d8-859e-ae2bff66e7fc,2,1000
4548876454,119,839.44,WAITING,84aadcf6-499b-4416-9a35-3e546eb39a5c,2,4000
4567780086,548,7327.14,QUOTATION,eb8e5632-45d0-47e9-bcc0-ee76bf030643,4,2000
4528755250,522,403.08,QUOTATION,daffc87a-fdb5-424e-9155-782c6cd1b731,4,4000
4547230445,823,9025.56,APPROVED,611eefb3-ef38-4a2e-831a-15aff1dde8f8,1,1000
4534400268,616,1715.01,REJECTED,2ab670e8-49e3-4a95-9871-d937f77b5927,4,1000
4511949205,986,473.68,WAITING,dbce3e63-1a5c-4595-a1f9-d09c3d978567,3,3000
4516242109,987,9644.75,REJECTED,ce1eeb99-74a8-4547-b95c-345102c07d21,1,3000
4567006869,21,871.1,QUOTATION,01bb5e4b-33d3-4db2-85a2-499f5c9e31b4,5,2000
4581091688,197,4879.87,WAITING,01bb5e4b-33d3-4db2-85a2-499f5c9e31b4,5,4000
4527112853,847,6460.63,QUOTATION,84aadcf6-499b-4416-9a35-3e546eb39a5c,5,2000
4506921563,48,4616.5,WAITING,611eefb3-ef38-4a2e-831a-15aff1dde8f8,5,4000
4571937771,87,2617.88,REJECTED,834a14f7-cbd7-4220-9587-cd61c93c8253,2,2000
4528106728,5,6200.39,APPROVED,de541e55-b7b6-404a-8ce0-a6f1ea925750,2,2000
4579184628,618,9433.02,QUOTATION,73df3d25-bcec-47a6-8d66-6b628e81ed2d,2,2000
4589515233,650,1510.1,WAITING,b6bbc970-46d2-4ff4-9c52-80f378cfe8ea,5,3000
4546579758,979,8238.75,WAITING,ebfe58ef-0dee-41d8-859e-ae2bff66e7fc,5,3000
4550748962,659,6455.56,QUOTATION,0b319577-4ab0-4684-b112-b27aad212cb1,2,2000
4596239186,450,4707.6,QUOTATION,41e46c83-90d4-4836-a022-b900a018b3fa,2,2000
4596174678,669,750.25,QUOTATION,e7ba4d18-37bf-472c-9d3a-7756c21a55c9,1,1000
4585745809,454,7174.81,WAITING,76fa0c16-dc3a-4a9b-b914-de6a0097f3dc,1,2000
4578779536,312,6238.37,APPROVED,bcebc30c-15e5-48e2-9c32-c86d886f82a0,1,4000
4568513596,382,8550.75,APPROVED,134244b2-90f7-4d62-8488-d71e29828266,5,1000
4511950582,379,6997.61,REJECTED,834a14f7-cbd7-4220-9587-cd61c93c8253,1,2000
4502501341,197,6821.88,QUOTATION,e069016d-d217-4fbc-b438-1e8790b731fb,4,3000
4536519338,781,2161.45,APPROVED,12a301b9-4c71-4181-a853-d29be7b6bd18,1,4000
4575638276,449,1433.14,WAITING,384bae62-8ba8-4cac-b8ad-3df4e68bcafa,5,3000
4518208398,582,6992.42,REJECTED,651e8d5b-8636-4635-a934-6f9427d506b8,5,2000
4537939986,602,5178.6,WAITING,fffeaf8f-4b6b-4357-a309-89f4769c36da,4,3000
4525252173,534,3675.59,REJECTED,76fa0c16-dc3a-4a9b-b914-de6a0097f3dc,4,2000
4591112654,205,689.75,REJECTED,68681084-7b12-4fd9-9704-7da3802cb451,3,2000
4510382409,440,6238.7,QUOTATION,f524f9ee-95cb-4e66-a6c1-b58f8296e7f3,4,2000
4519035881,264,9577.41,REJECTED,3c65561d-5119-4985-87e7-48965fe9f62c,2,4000
4597283367,739,6298.73,REJECTED,eb8e5632-45d0-47e9-bcc0-ee76bf030643,2,2000
4523776504,399,5837.01,REJECTED,8ca5ca23-a910-469b-aec1-73bd31d74ba2,5,2000
4503890933,13,4177.12,REJECTED,3341d7ea-5bed-42e4-82c2-18d0adfbcdf1,1,3000
4565691356,911,3271.4,QUOTATION,8ca5ca23-a910-469b-aec1-73bd31d74ba2,3,2000
4505847838,709,9474.19,WAITING,56ae9e46-c0b2-46ca-b51d-5686e00ce4a6,2,4000
4524404913,997,3416.85,WAITING,ebfe58ef-0dee-41d8-859e-ae2bff66e7fc,1,2000
4581340153,20,2403.82,REJECTED,2ab670e8-49e3-4a95-9871-d937f77b5927,2,3000
4585424642,424,6736.41,QUOTATION,9fc109ea-2585-4c23-9329-2ccda2d964eb,2,2000
4583338798,167,5187.7,WAITING,3341d7ea-5bed-42e4-82c2-18d0adfbcdf1,5,1000
4573518836,212,9972.26,REJECTED,15ddc72a-7103-4a88-a951-49c5aa75affd,2,1000
4516083115,325,2693.17,WAITING,4a2d279e-2495-496f-80d9-bc5a45e3b6b4,2,2000
4583470302,441,1571.83,QUOTATION,17dffc12-ac1a-44ed-ad09-3c824851c624,4,2000
4557981251,821,6709.09,QUOTATION,8ca5ca23-a910-469b-aec1-73bd31d74ba2,3,4000
4524094281,910,3005.96,REJECTED,ad64acbd-9045-44ec-9111-f6b3b90cb060,1,1000
4556390356,184,1634.13,APPROVED,12a301b9-4c71-4181-a853-d29be7b6bd18,3,2000
4539504366,993,5002.15,QUOTATION,3f3292d8-3056-42da-9ec5-d080c252a223,5,1000
4589570507,4,8168.49,APPROVED,4a2d279e-2495-496f-80d9-bc5a45e3b6b4,1,1000
4507631939,851,6682.4,REJECTED,82ebf1b0-6982-4deb-ac51-c7a6d0a68c5d,3,1000
4515988326,647,9920.34,WAITING,71b893be-0a75-41a7-9a52-bcdb771cc5ec,4,1000
4570301084,581,5022.52,WAITING,41e46c83-90d4-4836-a022-b900a018b3fa,1,4000
4560488732,779,7744.64,QUOTATION,fe53d2be-049c-47fa-871a-c4a8b1a10e40,1,1000
4571748278,647,4670.6,APPROVED,37bf8863-0046-49cb-a72c-f7e41661214b,1,2000
4591808885,975,9450.81,QUOTATION,8ca5ca23-a910-469b-aec1-73bd31d74ba2,4,1000
4534938036,190,3277.56,WAITING,12a301b9-4c71-4181-a853-d29be7b6bd18,2,2000
4542627640,953,5336.0,REJECTED,b020551c-5fe7-45ea-881a-6fa78332362d,1,2000
4561270864,377,2170.1,REJECTED,bcebc30c-15e5-48e2-9c32-c86d886f82a0,1,1000
4511756594,606,8644.2,QUOTATION,9567383e-1921-4683-803b-509faa2bc9d5,3,3000
4593431408,302,8151.11,WAITING,77b34563-244c-46da-b014-af1a9c7fa9e4,5,1000
4594469089,541,1766.25,WAITING,d5b6a98e-464a-4e85-ad1c-7fd6be7df835,2,3000
4570598390,574,5096.36,WAITING,77b34563-244c-46da-b014-af1a9c7fa9e4,1,1000
4552722070,974,660.06,APPROVED,0439439c-8945-42c4-b079-5340d85df97c,3,1000
4518994005,21,4886.89,QUOTATION,2cf52c48-a37c-4244-a030-3fe16c443ecd,4,4000
4527738445,61,375.07,QUOTATION,915bda23-d2b3-4bab-9d3b-0b701beb76fa,3,1000
4586263929,186,8310.53,QUOTATION,eb8e5632-45d0-47e9-bcc0-ee76bf030643,2,3000
4571608419,516,2191.6,REJECTED,d0d94739-009d-44aa-ae3d-8c35a65083c5,3,4000
4595335088,447,7002.86,REJECTED,68681084-7b12-4fd9-9704-7da3802cb451,3,4000
4539748962,786,8486.53,QUOTATION,d7da1df8-a4af-4efe-a657-570c6d350470,3,1000
4559549491,691,487.86,APPROVED,915bda23-d2b3-4bab-9d3b-0b701beb76fa,4,1000
4558140411,862,3299.53,REJECTED,dbce3e63-1a5c-4595-a1f9-d09c3d978567,3,3000
4528559403,54,6093.32,REJECTED,76fa0c16-dc3a-4a9b-b914-de6a0097f3dc,5,4000
4549386581,870,6064.66,REJECTED,f6dd041e-f994-407c-9a1b-2ee8a39b9b25,5,4000
4574399805,780,6922.37,REJECTED,a4926703-442b-4179-808a-04de7d4e1015,3,1000
4526872515,59,331.55,QUOTATION,f6dd041e-f994-407c-9a1b-2ee8a39b9b25,1,4000
4568688727,676,30.7,APPROVED,da731710-48f7-4c02-8dd6-917ff4c62e3b,2,4000
4514488251,120,6465.0,QUOTATION,71b893be-0a75-41a7-9a52-bcdb771cc5ec,1,4000
4540601729,939,3007.01,QUOTATION,975480d4-8c15-44ba-8c55-a9938bdaa2c4,3,4000
4547584380,35,8693.04,APPROVED,2c7b9d8a-6b92-4a21-a03e-024e434a203d,1,4000
4590602567,899,246.71,APPROVED,8df0c99e-2745-44ae-94ee-ad79cb114fdb,1,1000
4507513333,932,96.23,QUOTATION,834a14f7-cbd7-4220-9587-cd61c93c8253,2,1000
4584747570,122,2720.36,APPROVED,a9da22e7-f42f-4428-9083-96395b7a7e9a,2,4000
4529808512,532,7723.65,REJECTED,e069016d-d217-4fbc-b438-1e8790b731fb,4,3000
4547699305,979,6520.16,QUOTATION,4029508a-afa4-4faf-b175-4bb65b8a4dbb,1,1000
4534469278,832,8310.72,WAITING,f6979cad-3c89-4280-985d-d7f07aaa8c2b,1,3000
4551493794,491,282.32,QUOTATION,834a14f7-cbd7-4220-9587-cd61c93c8253,4,3000
4593362475,271,8788.5,QUOTATION,2c6e3cb9-21cb-4de6-ae38-f117a3cbdfe2,5,3000
4577114070,60,1837.25,REJECTED,17dffc12-ac1a-44ed-ad09-3c824851c624,1,1000
4525640241,767,5718.42,QUOTATION,2c6e3cb9-21cb-4de6-ae38-f117a3cbdfe2,1,3000
4533589207,991,5023.27,REJECTED,ba3d4978-80db-4a12-9f06-e4c698936184,1,2000
4520802909,903,7774.32,APPROVED,d4dbba0a-2b26-4233-9017-bb25b2e860f3,2,4000
4518747882,294,9755.78,REJECTED,d0d94739-009d-44aa-ae3d-8c35a65083c5,5,1000
4576457499,301,5166.06,APPROVED,da731710-48f7-4c02-8dd6-917ff4c62e3b,4,2000
4592446583,388,1674.16,APPROVED,d0d94739-009d-44aa-ae3d-8c35a65083c5,4,4000
4550854833,34,8332.82,APPROVED,4a2d279e-2495-496f-80d9-bc5a45e3b6b4,1,3000
4536751954,222,8995.3,QUOTATION,9c7454a7-b80c-4d19-b841-4c0343b75add,5,1000
4509704255,435,4203.89,APPROVED,bcebc30c-15e5-48e2-9c32-c86d886f82a0,3,1000
4524274521,143,185.19,QUOTATION,2ab670e8-49e3-4a95-9871-d937f77b5927,4,1000
4531298146,714,988.87,WAITING,84aadcf6-499b-4416-9a35-3e546eb39a5c,5,3000
4593684014,292,102.52,QUOTATION,fcc9df1e-2761-4b55-8f60-015b21066d78,3,4000
4524571234,277,1207.12,APPROVED,84aadcf6-499b-4416-9a35-3e546eb39a5c,5,2000
4537924775,853,5917.95,WAITING,4a2d279e-2495-496f-80d9-bc5a45e3b6b4,5,3000
4563348421,395,6113.55,WAITING,15ddc72a-7103-4a88-a951-49c5aa75affd,5,1000
4561832243,976,9581.31,REJECTED,0439439c-8945-42c4-b079-5340d85df97c,4,3000
4542822328,762,2937.31,APPROVED,c40f8a37-9024-4fcd-80a6-7917301ba6bd,4,3000
4511037264,797,6726.21,QUOTATION,110f8801-eea1-420d-98e6-dd439569747b,2,3000
4532795953,309,5794.72,QUOTATION,408c4fe5-9066-4997-8f1c-ad8daae4b1f6,5,3000
4577399586,287,7911.77,REJECTED,8ca5ca23-a910-469b-aec1-73bd31d74ba2,2,2000
4543250327,778,605.23,WAITING,3341d7ea-5bed-42e4-82c2-18d0adfbcdf1,4,3000
4545263504,187,8146.56,WAITING,e069016d-d217-4fbc-b438-1e8790b731fb,2,4000
4543983486,999,2273.45,QUOTATION,134244b2-90f7-4d62-8488-d71e29828266,2,1000
4579336289,399,9344.55,WAITING,d4dbba0a-2b26-4233-9017-bb25b2e860f3,3,1000
4578027938,775,3477.72,REJECTED,d7da1df8-a4af-4efe-a657-570c6d350470,2,4000
4553254363,184,2858.83,WAITING,9ec93c76-9578-4947-a5ca-def516b026cb,2,4000
4551832482,895,7844.79,QUOTATION,f524f9ee-95cb-4e66-a6c1-b58f8296e7f3,4,3000
4567205202,240,9963.4,REJECTED,fcc9df1e-2761-4b55-8f60-015b21066d78,3,4000
4504036526,442,4725.78,REJECTED,d4dbba0a-2b26-4233-9017-bb25b2e860f3,3,4000
4520701173,101,2311.89,WAITING,a9da22e7-f42f-4428-9083-96395b7a7e9a,5,4000
4554809567,391,6629.12,APPROVED,eb8e5632-45d0-47e9-bcc0-ee76bf030643,5,1000
4594420393,419,2829.55,QUOTATION,41e46c83-90d4-4836-a022-b900a018b3fa,1,1000
4549393582,299,3652.5,QUOTATION,3d3527a9-4ef5-45d5-83c2-4178789f9921,5,1000
4573225234,82,5198.78,WAITING,ce1eeb99-74a8-4547-b95c-345102c07d21,2,2000
4591862692,424,1251.63,REJECTED,3d3527a9-4ef5-45d5-83c2-4178789f9921,3,4000
4554815212,814,3707.06,REJECTED,9fc109ea-2585-4c23-9329-2ccda2d964eb,5,3000
4573502088,808,4158.82,REJECTED,31ac60a6-1bc1-442c-ae10-4a420f770538,2,1000
4560832834,963,2396.28,APPROVED,0f7e95f4-4fb9-4987-a1e1-5264880e721e,1,4000
4585019878,746,1759.87,APPROVED,834a14f7-cbd7-4220-9587-cd61c93c8253,3,4000
4560831329,860,8805.07,WAITING,5257f4f1-580e-4eb3-89f9-6cae458e4509,3,4000
4505075454,966,9643.52,APPROVED,3d3527a9-4ef5-45d5-83c2-4178789f9921,5,1000
4563831704,394,6942.06,REJECTED,bcebc30c-15e5-48e2-9c32-c86d886f82a0,5,1000
4586932893,352,2994.51,REJECTED,35672019-b6d1-42b4-b906-8819b248182e,4,4000
4506022770,909,5267.27,QUOTATION,56ae9e46-c0b2-46ca-b51d-5686e00ce4a6,5,3000
4538579778,660,5544.12,QUOTATION,4a2d279e-2495-496f-80d9-bc5a45e3b6b4,3,4000
4544773779,93,9309.53,APPROVED,9fc109ea-2585-4c23-9329-2ccda2d964eb,3,2000
4563672958,441,963.46,REJECTED,62117371-6664-4e90-9e4c-e3939789c81a,3,1000
4560044881,362,4340.38,QUOTATION,da731710-48f7-4c02-8dd6-917ff4c62e3b,1,1000
4508693850,191,4000.53,APPROVED,37bf8863-0046-49cb-a72c-f7e41661214b,3,4000
4533899648,554,3998.1,REJECTED,5257f4f1-580e-4eb3-89f9-6cae458e4509,4,1000
4576569544,817,342.75,QUOTATION,384bae62-8ba8-4cac-b8ad-3df4e68bcafa,4,2000
4516537674,642,7134.05,REJECTED,cf11fe2a-443a-44e9-96b0-e6b91ddfa87d,5,4000
4599360107,566,8393.35,WAITING,a1ad3c2b-45ca-491c-8ef2-a64af7d19e43,4,4000
4545104680,10,5771.54,QUOTATION,0a58bce2-1697-4c89-b568-ae280f33f982,3,1000
4552965397,385,4702.25,REJECTED,651e8d5b-8636-4635-a934-6f9427d506b8,4,4000
4590518190,936,1605.57,QUOTATION,834a14f7-cbd7-4220-9587-cd61c93c8253,5,4000
4528602522,130,1108.01,REJECTED,daffc87a-fdb5-424e-9155-782c6cd1b731,5,2000
4529673495,62,9247.55,QUOTATION,b6bbc970-46d2-4ff4-9c52-80f378cfe8ea,3,3000
4576309597,680,684.05,WAITING,41f3b33b-8871-42fd-90d5-1d1d9f2d5aed,5,2000
4512146783,801,7517.9,APPROVED,408c4fe5-9066-4997-8f1c-ad8daae4b1f6,2,4000
4524974567,83,550.39,APPROVED,3f3292d8-3056-42da-9ec5-d080c252a223,2,2000
4523265427,382,5191.32,QUOTATION,9567383e-1921-4683-803b-509faa2bc9d5,2,4000
4557465960,168,6214.27,APPROVED,9ec93c76-9578-4947-a5ca-def516b026cb,2,2000
4564207553,920,4632.95,APPROVED,5c250769-58e7-4a67-92b8-05566aab2cd0,5,1000
4590204651,948,1979.28,QUOTATION,bcebc30c-15e5-48e2-9c32-c86d886f82a0,4,1000
4567192448,743,7370.75,WAITING,975480d4-8c15-44ba-8c55-a9938bdaa2c4,1,2000
4546268466,439,2414.88,REJECTED,2cf52c48-a37c-4244-a030-3fe16c443ecd,2,2000
4588883694,767,1197.4,REJECTED,975480d4-8c15-44ba-8c55-a9938bdaa2c4,1,4000
4580813227,577,6443.93,QUOTATION,ebfe58ef-0dee-41d8-859e-ae2bff66e7fc,1,2000
4595889756,902,9323.5,WAITING,651e8d5b-8636-4635-a934-6f9427d506b8,3,2000
4566828022,336,3193.09,REJECTED,0e752cfe-75ff-427d-8214-57710b509b33,3,1000
4542123212,869,3547.22,APPROVED,cea90057-5542-4a9f-8ad8-2fa263b39b7b,3,3000
4518669453,369,3113.73,APPROVED,01bb5e4b-33d3-4db2-85a2-499f5c9e31b4,4,2000
4515554458,978,5600.11,REJECTED,77b34563-244c-46da-b014-af1a9c7fa9e4,2,4000
4550806654,713,7086.76,APPROVED,00a417fb-f2b9-4bb8-90c0-0787c3f2e3c7,1,3000
4539044905,342,2516.01,REJECTED,611eefb3-ef38-4a2e-831a-15aff1dde8f8,2,2000
4500717084,757,2006.23,REJECTED,05767575-2944-4457-9aa7-06e1dae2ae25,5,1000
4592652776,246,3999.95,REJECTED,611eefb3-ef38-4a2e-831a-15aff1dde8f8,3,3000
4504363778,938,8906.97,WAITING,ebfe58ef-0dee-41d8-859e-ae2bff66e7fc,1,1000
4521547674,817,8796.59,REJECTED,4a5df305-6d85-4b5a-81ca-b2a776017f8f,2,4000
4504755947,443,343.51,REJECTED,31ac60a6-1bc1-442c-ae10-4a420f770538,2,4000
4513164885,256,8768.35,REJECTED,3c65561d-5119-4985-87e7-48965fe9f62c,2,3000
4590434329,707,1522.71,APPROVED,12a301b9-4c71-4181-a853-d29be7b6bd18,5,2000
4587997491,711,3024.19,REJECTED,eb8e5632-45d0-47e9-bcc0-ee76bf030643,2,1000
4529502645,72,2982.93,WAITING,da731710-48f7-4c02-8dd6-917ff4c62e3b,5,3000
4562975326,469,8125.08,WAITING,a9da22e7-f42f-4428-9083-96395b7a7e9a,1,3000
4533702618,607,4753.11,QUOTATION,134244b2-90f7-4d62-8488-d71e29828266,1,1000
4567615326,396,3741.55,WAITING,9ec93c76-9578-4947-a5ca-def516b026cb,3,3000
4502970433,530,572.47,APPROVED,3c65561d-5119-4985-87e7-48965fe9f62c,3,2000
4563337356,58,5364.31,QUOTATION,31ac60a6-1bc1-442c-ae10-4a420f770538,4,1000
4543665417,817,2512.4,APPROVED,384bae62-8ba8-4cac-b8ad-3df4e68bcafa,2,2000
4569427362,870,5381.53,REJECTED,0a58bce2-1697-4c89-b568-ae280f33f982,2,1000
4505800710,839,7191.47,REJECTED,ad64acbd-9045-44ec-9111-f6b3b90cb060,2,1000
4503982076,579,8349.11,WAITING,ce1eeb99-74a8-4547-b95c-345102c07d21,1,2000
4503894142,68,7204.27,QUOTATION,ba5b8587-5d45-44ac-9e4e-16cb4b3afecc,1,4000
4564930820,362,8799.43,APPROVED,0c328cd6-def4-4097-8b5d-ef9b4362cfd3,3,4000
4557790972,402,4283.28,APPROVED,a1a6e723-19c6-46fd-a584-917efe27f127,1,1000
4599164076,181,1042.37,QUOTATION,aa51a37d-2867-459b-8885-b5c8b161616a,1,2000
4508598209,197,8957.24,APPROVED,408c4fe5-9066-4997-8f1c-ad8daae4b1f6,1,3000
4517182888,788,7894.4,QUOTATION,d5b6a98e-464a-4e85-ad1c-7fd6be7df835,4,1000
4592094998,700,1787.87,QUOTATION,6c55f239-a4f0-4edd-afe8-02d129db9eda,2,2000
4552869101,817,3654.17,WAITING,8ca5ca23-a910-469b-aec1-73bd31d74ba2,4,4000
4525571900,984,4463.2,QUOTATION,b020551c-5fe7-45ea-881a-6fa78332362d,3,2000
4582652778,62,9573.67,REJECTED,77b34563-244c-46da-b014-af1a9c7fa9e4,5,1000
4588244939,733,4355.21,QUOTATION,9fc109ea-2585-4c23-9329-2ccda2d964eb,3,3000
4556015392,454,6257.34,REJECTED,9c7454a7-b80c-4d19-b841-4c0343b75add,2,4000
4521765853,909,6375.92,WAITING,e069016d-d217-4fbc-b438-1e8790b731fb,2,1000
4577794283,141,8330.58,REJECTED,68681084-7b12-4fd9-9704-7da3802cb451,4,2000
4592147210,685,8956.86,REJECTED,05767575-2944-4457-9aa7-06e1dae2ae25,2,4000
4584427341,455,6480.44,WAITING,408c4fe5-9066-4997-8f1c-ad8daae4b1f6,5,4000
4555365987,466,6842.79,REJECTED,8df0c99e-2745-44ae-94ee-ad79cb114fdb,3,4000
4512339810,517,8808.21,REJECTED,28d388a1-0e70-41d0-a8a1-abb9e3263b7b,3,4000
4564451915,969,5819.68,QUOTATION,384bae62-8ba8-4cac-b8ad-3df4e68bcafa,4,4000
4512880921,13,5976.22,REJECTED,12a301b9-4c71-4181-a853-d29be7b6bd18,4,4000
4537500137,260,7373.11,QUOTATION,aa51a37d-2867-459b-8885-b5c8b161616a,4,4000
4578108705,765,9356.11,REJECTED,de541e55-b7b6-404a-8ce0-a6f1ea925750,1,4000
4567595473,736,8945.35,APPROVED,5257f4f1-580e-4eb3-89f9-6cae458e4509,3,1000
4551078944,497,9700.01,REJECTED,408c4fe5-9066-4997-8f1c-ad8daae4b1f6,3,2000
4574415583,710,7908.97,WAITING,6cc3c3b9-23fa-4969-8791-af89dedc62c9,3,4000
4590457024,55,2450.01,REJECTED,3c65561d-5119-4985-87e7-48965fe9f62c,3,3000
4537622984,729,4533.9,REJECTED,9a109dc4-7be3-4aec-94bb-ede38f79ae14,2,2000
4566803762,811,9907.81,QUOTATION,9c7454a7-b80c-4d19-b841-4c0343b75add,2,2000
4523000447,632,5730.97,REJECTED,834a14f7-cbd7-4220-9587-cd61c93c8253,2,3000
4585610439,358,4019.39,WAITING,ba5b8587-5d45-44ac-9e4e-16cb4b3afecc,5,2000
4522265214,45,4177.49,REJECTED,ea38b7e1-b488-4873-ab04-3066d219b434,3,2000
4566782881,914,1786.06,REJECTED,76fa0c16-dc3a-4a9b-b914-de6a0097f3dc,1,4000
4537664080,215,7927.86,APPROVED,5c250769-58e7-4a67-92b8-05566aab2cd0,5,4000
4548692750,482,5382.36,REJECTED,74d238f7-61d4-41c6-9d51-b05f2eddcb36,2,2000
4530329787,16,4761.46,WAITING,76fa0c16-dc3a-4a9b-b914-de6a0097f3dc,2,2000
4574016809,347,336.85,QUOTATION,9fc109ea-2585-4c23-9329-2ccda2d964eb,5,4000
4539648755,732,7924.23,APPROVED,d7da1df8-a4af-4efe-a657-570c6d350470,4,2000
4516421943,338,2.16,REJECTED,fe53d2be-049c-47fa-871a-c4a8b1a10e40,1,4000
4592466691,391,6144.34,WAITING,84aadcf6-499b-4416-9a35-3e546eb39a5c,4,1000
4512356177,457,8366.91,WAITING,f6dd041e-f994-407c-9a1b-2ee8a39b9b25,4,3000
4585778358,785,9811.81,REJECTED,0b319577-4ab0-4684-b112-b27aad212cb1,1,4000
4513329224,924,1954.14,REJECTED,17dffc12-ac1a-44ed-ad09-3c824851c624,5,1000
4523339916,325,7945.54,REJECTED,ea38b7e1-b488-4873-ab04-3066d219b434,2,4000
4565359056,155,1956.74,REJECTED,da731710-48f7-4c02-8dd6-917ff4c62e3b,2,3000
4576757419,450,4013.61,WAITING,f6979cad-3c89-4280-985d-d7f07aaa8c2b,4,1000
4509961752,743,9699.33,REJECTED,134244b2-90f7-4d62-8488-d71e29828266,5,2000
4532643306,718,609.78,REJECTED,74d238f7-61d4-41c6-9d51-b05f2eddcb36,5,2000
4541179069,265,435.99,WAITING,dbce3e63-1a5c-4595-a1f9-d09c3d978567,1,4000
4524227229,807,4762.95,QUOTATION,ba5b8587-5d45-44ac-9e4e-16cb4b3afecc,2,3000
4505200476,31,6090.0,WAITING,56ae9e46-c0b2-46ca-b51d-5686e00ce4a6,2,4000
4589143611,779,1695.44,QUOTATION,a4926703-442b-4179-808a-04de7d4e1015,4,2000
4568503275,254,7919.53,APPROVED,76fa0c16-dc3a-4a9b-b914-de6a0097f3dc,2,2000
4534998796,677,9878.01,APPROVED,0f7e95f4-4fb9-4987-a1e1-5264880e721e,2,1000
4563559548,278,2223.9,QUOTATION,77b34563-244c-46da-b014-af1a9c7fa9e4,4,4000
4592141567,921,9868.52,QUOTATION,0b319577-4ab0-4684-b112-b27aad212cb1,1,4000
4522529858,137,4539.74,QUOTATION,a4926703-442b-4179-808a-04de7d4e1015,2,4000
4551381529,73,299.26,REJECTED,e069016d-d217-4fbc-b438-1e8790b731fb,2,4000
4511249348,180,7871.05,WAITING,6cc3c3b9-23fa-4969-8791-af89dedc62c9,4,2000
4554659678,381,1103.06,QUOTATION,d5b6a98e-464a-4e85-ad1c-7fd6be7df835,2,2000
4594772319,189,2630.04,REJECTED,651e8d5b-8636-4635-a934-6f9427d506b8,5,2000
4545009622,844,3666.41,QUOTATION,71b893be-0a75-41a7-9a52-bcdb771cc5ec,3,3000
4583483196,285,6411.96,WAITING,37bf8863-0046-49cb-a72c-f7e41661214b,2,1000
4504147942,741,6104.19,QUOTATION,2cf52c48-a37c-4244-a030-3fe16c443ecd,4,4000
4514752951,117,1266.46,REJECTED,4a5df305-6d85-4b5a-81ca-b2a776017f8f,5,2000
4534536870,507,7069.98,APPROVED,ce1eeb99-74a8-4547-b95c-345102c07d21,4,2000
4575600160,498,5962.92,WAITING,9c7454a7-b80c-4d19-b841-4c0343b75add,5,4000
4599390463,25,6800.12,APPROVED,b6bbc970-46d2-4ff4-9c52-80f378cfe8ea,4,2000
4546986271,478,7001.27,WAITING,9a109dc4-7be3-4aec-94bb-ede38f79ae14,2,2000
4550973392,741,9140.73,WAITING,2cf52c48-a37c-4244-a030-3fe16c443ecd,5,3000
4561956628,88,6871.39,APPROVED,0f7e95f4-4fb9-4987-a1e1-5264880e721e,1,4000
4523883943,28,8678.97,APPROVED,5c250769-58e7-4a67-92b8-05566aab2cd0,1,1000
4560872690,876,3901.95,WAITING,651e8d5b-8636-4635-a934-6f9427d506b8,1,2000
4523105209,863,1160.75,APPROVED,28d388a1-0e70-41d0-a8a1-abb9e3263b7b,3,2000
4534937883,267,2065.66,REJECTED,68681084-7b12-4fd9-9704-7da3802cb451,4,4000
4518370296,181,713.13,WAITING,5257f4f1-580e-4eb3-89f9-6cae458e4509,4,1000
4528500546,657,7624.44,REJECTED,28d388a1-0e70-41d0-a8a1-abb9e3263b7b,5,2000
4542278644,494,5594.37,REJECTED,31ac60a6-1bc1-442c-ae10-4a420f770538,1,4000
4524523202,119,9899.82,APPROVED,fe53d2be-049c-47fa-871a-c4a8b1a10e40,2,4000
4531735976,445,260.55,QUOTATION,d5b6a98e-464a-4e85-ad1c-7fd6be7df835,5,4000
4597236895,664,1434.12,APPROVED,3c65561d-5119-4985-87e7-48965fe9f62c,3,2000
4514318679,500,247.92,APPROVED,74d238f7-61d4-41c6-9d51-b05f2eddcb36,4,1000
4598953737,303,2928.37,QUOTATION,a1a6e723-19c6-46fd-a584-917efe27f127,2,4000
4509920543,487,4350.7,QUOTATION,cea90057-5542-4a9f-8ad8-2fa263b39b7b,5,4000
4516163062,337,1948.79,REJECTED,4a2d279e-2495-496f-80d9-bc5a45e3b6b4,4,3000
4502237805,456,4726.51,QUOTATION,9a109dc4-7be3-4aec-94bb-ede38f79ae14,5,1000
4561457569,497,3067.37,APPROVED,17dffc12-ac1a-44ed-ad09-3c824851c624,1,1000
4508626771,233,2710.75,QUOTATION,bcebc30c-15e5-48e2-9c32-c86d886f82a0,5,1000
4509150161,946,6990.71,REJECTED,77b34563-244c-46da-b014-af1a9c7fa9e4,1,3000
4521763657,943,8579.56,WAITING,f6dd041e-f994-407c-9a1b-2ee8a39b9b25,5,1000
4557695829,221,9772.35,REJECTED,8ca5ca23-a910-469b-aec1-73bd31d74ba2,2,2000
4518813198,38,7449.66,REJECTED,fffeaf8f-4b6b-4357-a309-89f4769c36da,4,3000
4581180705,700,2785.08,APPROVED,b577718c-a2a9-4f8a-a41c-7cac0d102aab,3,1000
4598154960,562,3297.6,REJECTED,d0d94739-009d-44aa-ae3d-8c35a65083c5,1,3000
4555780104,609,7866.75,QUOTATION,5c250769-58e7-4a67-92b8-05566aab2cd0,5,4000
4509694047,45,2754.49,APPROVED,31ac60a6-1bc1-442c-ae10-4a420f770538,1,2000
4543793608,638,4139.46,QUOTATION,e7ba4d18-37bf-472c-9d3a-7756c21a55c9,5,2000
4545725047,333,7608.63,WAITING,cf11fe2a-443a-44e9-96b0-e6b91ddfa87d,3,4000
4564975343,564,1831.94,QUOTATION,12a301b9-4c71-4181-a853-d29be7b6bd18,2,2000
4511816887,322,6644.21,QUOTATION,da731710-48f7-4c02-8dd6-917ff4c62e3b,3,2000
4535007973,816,6231.91,WAITING,c40f8a37-9024-4fcd-80a6-7917301ba6bd,4,1000
4520740263,618,4442.62,WAITING,0f7e95f4-4fb9-4987-a1e1-5264880e721e,4,3000
4501006747,17,5246.16,APPROVED,00a417fb-f2b9-4bb8-90c0-0787c3f2e3c7,2,3000
4525830315,795,4135.72,REJECTED,2ab670e8-49e3-4a95-9871-d937f77b5927,2,1000
4531769539,15,9676.62,APPROVED,d0d94739-009d-44aa-ae3d-8c35a65083c5,5,1000
4582225857,22,7210.73,WAITING,4029508a-afa4-4faf-b175-4bb65b8a4dbb,4,4000
4550300308,903,5101.8,REJECTED,d7da1df8-a4af-4efe-a657-570c6d350470,5,2000
4510358673,212,4417.53,APPROVED,611eefb3-ef38-4a2e-831a-15aff1dde8f8,2,3000
4591296440,453,2179.7,WAITING,17dffc12-ac1a-44ed-ad09-3c824851c624,3,1000
4556380880,306,2389.07,REJECTED,eb8e5632-45d0-47e9-bcc0-ee76bf030643,3,4000
4502075119,787,4603.78,REJECTED,ebfe58ef-0dee-41d8-859e-ae2bff66e7fc,5,3000
4599195446,9,9362.67,APPROVED,134244b2-90f7-4d62-8488-d71e29828266,5,2000
4599521551,806,6059.85,WAITING,5c250769-58e7-4a67-92b8-05566aab2cd0,2,4000
4512706573,151,4264.3,REJECTED,71b893be-0a75-41a7-9a52-bcdb771cc5ec,3,4000
4533636067,478,2175.13,REJECTED,17dffc12-ac1a-44ed-ad09-3c824851c624,1,4000
4515098583,556,4628.67,APPROVED,2cf52c48-a37c-4244-a030-3fe16c443ecd,1,3000
4559312185,613,6962.92,REJECTED,9c7454a7-b80c-4d19-b841-4c0343b75add,1,1000
4563003952,582,1570.57,QUOTATION,82ebf1b0-6982-4deb-ac51-c7a6d0a68c5d,3,4000
4511471542,520,4523.98,WAITING,da731710-48f7-4c02-8dd6-917ff4c62e3b,3,2000
4575827185,864,8325.93,WAITING,05767575-2944-4457-9aa7-06e1dae2ae25,4,4000
4519565056,814,6941.39,APPROVED,41e46c83-90d4-4836-a022-b900a018b3fa,2,3000
4546451728,859,9960.72,REJECTED,d7da1df8-a4af-4efe-a657-570c6d350470,2,4000
4507654462,100,4398.47,REJECTED,00a417fb-f2b9-4bb8-90c0-0787c3f2e3c7,2,3000
4502164782,462,1997.64,QUOTATION,82ebf1b0-6982-4deb-ac51-c7a6d0a68c5d,1,2000
4543281006,609,7065.73,QUOTATION,71b893be-0a75-41a7-9a52-bcdb771cc5ec,4,1000
4538518140,494,7500.5,WAITING,62117371-6664-4e90-9e4c-e3939789c81a,2,3000
4544219045,737,2612.78,APPROVED,dbce3e63-1a5c-4595-a1f9-d09c3d978567,5,2000
4534807044,437,7081.89,REJECTED,cf11fe2a-443a-44e9-96b0-e6b91ddfa87d,3,1000
4527240796,45,7177.61,WAITING,eb8e5632-45d0-47e9-bcc0-ee76bf030643,3,1000
4521410164,970,3272.47,REJECTED,a1a6e723-19c6-46fd-a584-917efe27f127,2,1000
4530141740,617,3898.42,APPROVED,915bda23-d2b3-4bab-9d3b-0b701beb76fa,4,2000
4518264629,210,1960.78,QUOTATION,01bb5e4b-33d3-4db2-85a2-499f5c9e31b4,2,3000
4511741439,516,224.84,REJECTED,56ae9e46-c0b2-46ca-b51d-5686e00ce4a6,5,4000
4507215512,373,4399.61,REJECTED,3d3527a9-4ef5-45d5-83c2-4178789f9921,2,1000
4588342201,84,2969.56,APPROVED,01bb5e4b-33d3-4db2-85a2-499f5c9e31b4,5,3000
4581395475,604,123.72,REJECTED,d0d94739-009d-44aa-ae3d-8c35a65083c5,3,2000
4577401314,614,3250.26,APPROVED,cf11fe2a-443a-44e9-96b0-e6b91ddfa87d,3,4000
4595754471,170,8383.74,WAITING,ebfe58ef-0dee-41d8-859e-ae2bff66e7fc,4,4000
4581657975,249,1369.34,QUOTATION,975480d4-8c15-44ba-8c55-a9938bdaa2c4,2,2000
4563449073,271,342.9,REJECTED,00a417fb-f2b9-4bb8-90c0-0787c3f2e3c7,3,4000
4559564570,746,8117.38,REJECTED,aa51a37d-2867-459b-8885-b5c8b161616a,5,4000
4566027863,438,5547.02,QUOTATION,791660af-f0db-4fbd-a3a4-86bd38182556,1,1000
4534346057,919,7220.04,APPROVED,3ee51816-f540-45e6-8401-474c5df84e78,3,4000
4541764137,987,6958.18,WAITING,b0154cbb-c693-4062-88b9-a8acf4402b56,5,1000
4534643995,676,2210.09,REJECTED,3d3527a9-4ef5-45d5-83c2-4178789f9921,2,3000
4543184129,715,200.93,REJECTED,b577718c-a2a9-4f8a-a41c-7cac0d102aab,1,4000
4558124675,796,5369.0,WAITING,791660af-f0db-4fbd-a3a4-86bd38182556,1,2000
4518014810,381,6093.02,QUOTATION,28d388a1-0e70-41d0-a8a1-abb9e3263b7b,3,4000
4598529072,419,5528.48,APPROVED,aa51a37d-2867-459b-8885-b5c8b161616a,5,3000
4507876697,811,8357.64,REJECTED,384bae62-8ba8-4cac-b8ad-3df4e68bcafa,4,4000
4548666728,512,8570.92,APPROVED,12a301b9-4c71-4181-a853-d29be7b6bd18,4,3000
4588604542,772,6934.87,WAITING,6c55f239-a4f0-4edd-afe8-02d129db9eda,4,2000
4532034596,769,2690.55,APPROVED,915bda23-d2b3-4bab-9d3b-0b701beb76fa,5,3000
4551497134,918,7498.21,WAITING,2c6e3cb9-21cb-4de6-ae38-f117a3cbdfe2,2,1000
4508423428,157,1635.34,APPROVED,c40f8a37-9024-4fcd-80a6-7917301ba6bd,5,2000
4516942248,500,5541.7,QUOTATION,daffc87a-fdb5-424e-9155-782c6cd1b731,4,3000
4583123814,988,601.73,APPROVED,bf599d91-442c-4e09-b5ae-b9f08a417d11,3,4000
4510980399,692,5474.7,REJECTED,ebfe58ef-0dee-41d8-859e-ae2bff66e7fc,3,4000
4517292891,786,2795.05,REJECTED,31ac60a6-1bc1-442c-ae10-4a420f770538,2,1000
4545403591,57,4606.82,APPROVED,84aadcf6-499b-4416-9a35-3e546eb39a5c,2,3000
4508235679,589,871.26,WAITING,b6bbc970-46d2-4ff4-9c52-80f378cfe8ea,3,3000
4572236023,738,3276.19,APPROVED,fe53d2be-049c-47fa-871a-c4a8b1a10e40,5,4000
4580367097,2,5954.25,REJECTED,0f7e95f4-4fb9-4987-a1e1-5264880e721e,5,4000
4591834794,75,5033.25,REJECTED,134244b2-90f7-4d62-8488-d71e29828266,4,4000
4523997656,327,753.46,APPROVED,0a58bce2-1697-4c89-b568-ae280f33f982,1,1000
4503800778,60,4073.53,APPROVED,3d3527a9-4ef5-45d5-83c2-4178789f9921,4,2000
4512275857,808,4233.0,WAITING,611eefb3-ef38-4a2e-831a-15aff1dde8f8,5,3000
4570829002,550,4820.24,WAITING,aa51a37d-2867-459b-8885-b5c8b161616a,1,4000
4599984000,807,5340.51,QUOTATION,a1a6e723-19c6-46fd-a584-917efe27f127,4,4000
4574454965,417,3660.1,REJECTED,d0d94739-009d-44aa-ae3d-8c35a65083c5,3,3000
4514516904,267,4662.67,APPROVED,b6bbc970-46d2-4ff4-9c52-80f378cfe8ea,1,4000
4547715773,916,8085.24,REJECTED,a4926703-442b-4179-808a-04de7d4e1015,3,2000
4553177468,696,2575.04,REJECTED,b0154cbb-c693-4062-88b9-a8acf4402b56,5,1000
4539201322,403,6107.88,REJECTED,3d3527a9-4ef5-45d5-83c2-4178789f9921,2,2000
4569843340,606,4282.88,QUOTATION,a1a6e723-19c6-46fd-a584-917efe27f127,4,4000
4502520874,945,3349.08,REJECTED,73df3d25-bcec-47a6-8d66-6b628e81ed2d,4,1000
4512301499,362,5109.1,APPROVED,3d3527a9-4ef5-45d5-83c2-4178789f9921,3,3000
4576045105,377,8291.77,WAITING,834a14f7-cbd7-4220-9587-cd61c93c8253,1,1000
4570411921,522,2325.02,QUOTATION,134244b2-90f7-4d62-8488-d71e29828266,1,3000
4573681827,593,9724.29,WAITING,77b34563-244c-46da-b014-af1a9c7fa9e4,3,2000
4505354328,677,5207.5,REJECTED,eb8e5632-45d0-47e9-bcc0-ee76bf030643,3,1000
4593554160,371,3442.28,QUOTATION,b577718c-a2a9-4f8a-a41c-7cac0d102aab,3,4000
4531307940,331,3384.45,APPROVED,9c7454a7-b80c-4d19-b841-4c0343b75add,1,1000
4589960211,758,4465.95,QUOTATION,cea90057-5542-4a9f-8ad8-2fa263b39b7b,3,2000
4510062906,867,6362.89,WAITING,4a2d279e-2495-496f-80d9-bc5a45e3b6b4,1,3000
4524318361,173,2910.18,APPROVED,71b893be-0a75-41a7-9a52-bcdb771cc5ec,4,2000
4542948020,926,8425.68,REJECTED,ad64acbd-9045-44ec-9111-f6b3b90cb060,2,3000
4514633123,541,7356.11,APPROVED,51991c98-a328-457f-a862-0962b2d30ddc,5,2000
4502826879,398,7108.44,REJECTED,82ebf1b0-6982-4deb-ac51-c7a6d0a68c5d,5,4000
4513910400,713,1527.67,APPROVED,76fa0c16-dc3a-4a9b-b914-de6a0097f3dc,2,4000
4555475610,445,2981.36,QUOTATION,6cc3c3b9-23fa-4969-8791-af89dedc62c9,2,4000
4528724877,249,1838.65,REJECTED,2cf52c48-a37c-4244-a030-3fe16c443ecd,1,4000
4552322664,226,1405.8,REJECTED,4a5df305-6d85-4b5a-81ca-b2a776017f8f,4,2000
4579267830,905,8340.79,QUOTATION,37bf8863-0046-49cb-a72c-f7e41661214b,2,1000
4540911104,258,852.97,WAITING,3d3527a9-4ef5-45d5-83c2-4178789f9921,4,2000
4502873283,459,8529.29,WAITING,4029508a-afa4-4faf-b175-4bb65b8a4dbb,2,2000
4513377085,690,343.49,WAITING,5c250769-58e7-4a67-92b8-05566aab2cd0,5,3000
4556094580,127,758.04,REJECTED,a1a6e723-19c6-46fd-a584-917efe27f127,4,1000
4581607438,14,8430.95,QUOTATION,c40f8a37-9024-4fcd-80a6-7917301ba6bd,5,1000
4579524498,462,9067.52,QUOTATION,0439439c-8945-42c4-b079-5340d85df97c,3,2000
4544349088,238,6307.53,REJECTED,00a417fb-f2b9-4bb8-90c0-0787c3f2e3c7,4,4000
4520707850,529,8874.56,APPROVED,de541e55-b7b6-404a-8ce0-a6f1ea925750,3,4000
4507690974,270,5589.24,QUOTATION,bf599d91-442c-4e09-b5ae-b9f08a417d11,1,4000
4590371128,303,1682.27,APPROVED,a9da22e7-f42f-4428-9083-96395b7a7e9a,2,4000
4511762711,280,3561.74,REJECTED,01bb5e4b-33d3-4db2-85a2-499f5c9e31b4,1,3000
4541200708,666,415.74,APPROVED,3c65561d-5119-4985-87e7-48965fe9f62c,4,2000
4566169811,801,2894.7,APPROVED,77b34563-244c-46da-b014-af1a9c7fa9e4,4,1000
4549203721,41,4786.45,QUOTATION,0439439c-8945-42c4-b079-5340d85df97c,3,3000
4581858075,749,1581.08,QUOTATION,0f7e95f4-4fb9-4987-a1e1-5264880e721e,5,2000
4518481005,117,9964.74,WAITING,00a417fb-f2b9-4bb8-90c0-0787c3f2e3c7,1,4000
4524349330,896,6623.34,QUOTATION,d4dbba0a-2b26-4233-9017-bb25b2e860f3,5,4000
4597988340,87,8849.38,APPROVED,cf11fe2a-443a-44e9-96b0-e6b91ddfa87d,2,4000
4552484010,375,5909.54,APPROVED,b577718c-a2a9-4f8a-a41c-7cac0d102aab,5,1000
4526116803,681,1470.84,QUOTATION,d0d94739-009d-44aa-ae3d-8c35a65083c5,1,2000
4567149670,522,4743.41,REJECTED,0f7e95f4-4fb9-4987-a1e1-5264880e721e,3,3000
4592765768,522,7807.08,APPROVED,b577718c-a2a9-4f8a-a41c-7cac0d102aab,2,2000
4510007099,207,6029.5,APPROVED,0e752cfe-75ff-427d-8214-57710b509b33,1,4000
4571043621,612,8098.38,APPROVED,915bda23-d2b3-4bab-9d3b-0b701beb76fa,1,1000
4578759532,600,6848.29,REJECTED,3c65561d-5119-4985-87e7-48965fe9f62c,5,3000
4578881178,628,4738.07,REJECTED,384bae62-8ba8-4cac-b8ad-3df4e68bcafa,5,2000
4598917215,297,8922.18,REJECTED,2ab670e8-49e3-4a95-9871-d937f77b5927,4,1000
4538717127,434,9566.49,WAITING,4a2d279e-2495-496f-80d9-bc5a45e3b6b4,1,4000
4580699623,203,364.72,APPROVED,bcebc30c-15e5-48e2-9c32-c86d886f82a0,3,2000
4547825633,306,4887.87,WAITING,6c55f239-a4f0-4edd-afe8-02d129db9eda,2,3000
4562905190,396,7808.0,APPROVED,8ca5ca23-a910-469b-aec1-73bd31d74ba2,1,3000
4579145912,796,223.95,REJECTED,12a301b9-4c71-4181-a853-d29be7b6bd18,1,3000
4587081585,205,7643.79,APPROVED,5257f4f1-580e-4eb3-89f9-6cae458e4509,2,1000
4550892954,759,3501.94,APPROVED,b577718c-a2a9-4f8a-a41c-7cac0d102aab,4,3000
4575508270,85,7764.21,QUOTATION,17dffc12-ac1a-44ed-ad09-3c824851c624,5,1000
4580551638,769,850.55,WAITING,b0154cbb-c693-4062-88b9-a8acf4402b56,2,1000
4508464169,903,3552.07,REJECTED,da731710-48f7-4c02-8dd6-917ff4c62e3b,4,2000
4547826937,207,2541.34,REJECTED,05767575-2944-4457-9aa7-06e1dae2ae25,5,2000
4527966518,753,2439.15,WAITING,41e46c83-90d4-4836-a022-b900a018b3fa,1,2000
4535697795,777,9141.22,QUOTATION,f6dd041e-f994-407c-9a1b-2ee8a39b9b25,1,3000
4523142726,65,4602.97,QUOTATION,3f3292d8-3056-42da-9ec5-d080c252a223,5,4000
4589840724,248,3660.3,WAITING,74d238f7-61d4-41c6-9d51-b05f2eddcb36,3,4000
4526123676,528,4948.68,WAITING,b020551c-5fe7-45ea-881a-6fa78332362d,1,2000
4580524143,47,8199.02,REJECTED,05767575-2944-4457-9aa7-06e1dae2ae25,4,4000
4521286338,58,7822.19,QUOTATION,3ee51816-f540-45e6-8401-474c5df84e78,5,1000
4563830917,349,3346.45,WAITING,fe53d2be-049c-47fa-871a-c4a8b1a10e40,2,3000
4599077377,687,3874.84,APPROVED,71b893be-0a75-41a7-9a52-bcdb771cc5ec,2,1000
4594337408,919,3048.33,QUOTATION,01bb5e4b-33d3-4db2-85a2-499f5c9e31b4,3,4000
4539980592,898,3709.35,APPROVED,0c328cd6-def4-4097-8b5d-ef9b4362cfd3,4,2000
4535511092,245,5877.32,WAITING,41e46c83-90d4-4836-a022-b900a018b3fa,1,3000
4599644671,703,7221.75,QUOTATION,71b893be-0a75-41a7-9a52-bcdb771cc5ec,4,3000
4591032701,306,3339.79,QUOTATION,5c250769-58e7-4a67-92b8-05566aab2cd0,1,1000
4502130988,630,8592.68,WAITING,5c250769-58e7-4a67-92b8-05566aab2cd0,5,1000
4532225203,703,4645.05,QUOTATION,3341d7ea-5bed-42e4-82c2-18d0adfbcdf1,4,1000
4590561350,413,6325.9,REJECTED,73df3d25-bcec-47a6-8d66-6b628e81ed2d,2,4000
4547953736,540,3345.69,APPROVED,d5b6a98e-464a-4e85-ad1c-7fd6be7df835,4,2000
4556763203,706,9252.22,WAITING,5c250769-58e7-4a67-92b8-05566aab2cd0,1,3000
4562631819,793,8824.33,WAITING,73df3d25-bcec-47a6-8d66-6b628e81ed2d,2,3000
4546134895,416,936.36,APPROVED,8df0c99e-2745-44ae-94ee-ad79cb114fdb,4,1000
4508400631,358,8040.86,REJECTED,aa51a37d-2867-459b-8885-b5c8b161616a,4,4000
4512632148,401,6204.16,REJECTED,32149af9-a4f0-4e80-a73d-490a9faef06f,2,3000
4591355445,332,1865.02,WAITING,0e752cfe-75ff-427d-8214-57710b509b33,5,4000
4573342027,805,5686.38,APPROVED,32149af9-a4f0-4e80-a73d-490a9faef06f,5,4000
4551669024,831,5574.32,APPROVED,e7ba4d18-37bf-472c-9d3a-7756c21a55c9,4,3000
4519972990,138,1213.6,APPROVED,62117371-6664-4e90-9e4c-e3939789c81a,2,1000
4541728406,307,3744.97,APPROVED,b6bbc970-46d2-4ff4-9c52-80f378cfe8ea,4,3000
4503828410,834,8194.24,WAITING,408c4fe5-9066-4997-8f1c-ad8daae4b1f6,3,2000
4588384836,224,6102.71,APPROVED,77b34563-244c-46da-b014-af1a9c7fa9e4,5,4000
4569827188,659,621.29,QUOTATION,28d388a1-0e70-41d0-a8a1-abb9e3263b7b,5,3000
4592744364,130,5696.1,REJECTED,8df0c99e-2745-44ae-94ee-ad79cb114fdb,4,1000
4500419030,813,3334.85,REJECTED,9a109dc4-7be3-4aec-94bb-ede38f79ae14,4,4000
4559755016,447,4250.45,WAITING,37bf8863-0046-49cb-a72c-f7e41661214b,5,2000
4589575772,548,6140.45,WAITING,35672019-b6d1-42b4-b906-8819b248182e,5,4000
4551964432,457,2385.08,WAITING,8ca5ca23-a910-469b-aec1-73bd31d74ba2,4,1000
4508133856,858,2751.02,QUOTATION,3341d7ea-5bed-42e4-82c2-18d0adfbcdf1,4,1000
4598822109,234,6867.35,REJECTED,b577718c-a2a9-4f8a-a41c-7cac0d102aab,2,1000
4550983743,459,2511.97,WAITING,0e752cfe-75ff-427d-8214-57710b509b33,2,3000
4579057784,294,3926.49,REJECTED,611eefb3-ef38-4a2e-831a-15aff1dde8f8,5,1000
4564592418,990,9985.72,APPROVED,4029508a-afa4-4faf-b175-4bb65b8a4dbb,5,3000
4545409886,624,2981.06,REJECTED,76fa0c16-dc3a-4a9b-b914-de6a0097f3dc,3,2000
4530327890,382,6124.03,WAITING,ba5b8587-5d45-44ac-9e4e-16cb4b3afecc,4,4000
4544492240,348,844.03,WAITING,ba5b8587-5d45-44ac-9e4e-16cb4b3afecc,3,1000
4544042578,338,8228.06,REJECTED,15ddc72a-7103-4a88-a951-49c5aa75affd,3,2000
4500384179,278,7716.83,WAITING,de541e55-b7b6-404a-8ce0-a6f1ea925750,2,1000
4549804972,859,8922.52,WAITING,84aadcf6-499b-4416-9a35-3e546eb39a5c,5,2000
4594284003,892,8582.86,WAITING,f524f9ee-95cb-4e66-a6c1-b58f8296e7f3,2,2000
4592379105,33,9908.22,APPROVED,17dffc12-ac1a-44ed-ad09-3c824851c624,5,3000
4591936825,176,6358.99,QUOTATION,d4dbba0a-2b26-4233-9017-bb25b2e860f3,3,1000
4590935682,243,4.88,WAITING,6c55f239-a4f0-4edd-afe8-02d129db9eda,2,4000
4541434994,349,1744.84,REJECTED,9a109dc4-7be3-4aec-94bb-ede38f79ae14,1,2000
4574155630,69,1120.39,WAITING,8ca5ca23-a910-469b-aec1-73bd31d74ba2,4,4000
4577429646,790,5131.42,REJECTED,4a5df305-6d85-4b5a-81ca-b2a776017f8f,2,1000
4571130088,484,9616.97,REJECTED,74d238f7-61d4-41c6-9d51-b05f2eddcb36,5,4000
4582749873,282,4234.68,QUOTATION,4a2d279e-2495-496f-80d9-bc5a45e3b6b4,4,4000
4501591113,426,6838.21,QUOTATION,a4926703-442b-4179-808a-04de7d4e1015,5,4000
4596915871,110,5581.18,QUOTATION,d5b6a98e-464a-4e85-ad1c-7fd6be7df835,2,1000
4598855230,250,5389.98,APPROVED,32149af9-a4f0-4e80-a73d-490a9faef06f,4,1000
4520334002,415,987.01,QUOTATION,0e752cfe-75ff-427d-8214-57710b509b33,2,3000
4508206585,76,9176.44,QUOTATION,0a58bce2-1697-4c89-b568-ae280f33f982,5,4000
4503878435,815,802.08,APPROVED,a9da22e7-f42f-4428-9083-96395b7a7e9a,2,2000
4596592322,749,9835.75,REJECTED,05767575-2944-4457-9aa7-06e1dae2ae25,1,2000
4502724365,608,7142.95,WAITING,a1a6e723-19c6-46fd-a584-917efe27f127,5,1000
4564188026,506,3019.12,APPROVED,31ac60a6-1bc1-442c-ae10-4a420f770538,5,3000
4508033535,358,7661.06,WAITING,0b319577-4ab0-4684-b112-b27aad212cb1,1,1000
4542001760,778,1080.01,REJECTED,12a301b9-4c71-4181-a853-d29be7b6bd18,2,1000
4520973740,670,6058.79,QUOTATION,41f3b33b-8871-42fd-90d5-1d1d9f2d5aed,3,3000
4563650304,802,2191.32,WAITING,82ebf1b0-6982-4deb-ac51-c7a6d0a68c5d,4,4000
4575704289,51,2321.88,QUOTATION,eb8e5632-45d0-47e9-bcc0-ee76bf030643,2,3000
4544926318,207,1897.18,QUOTATION,62117371-6664-4e90-9e4c-e3939789c81a,4,1000
4573116330,801,337.5,APPROVED,a9da22e7-f42f-4428-9083-96395b7a7e9a,3,2000
4508595053,317,9341.4,QUOTATION,a1a6e723-19c6-46fd-a584-917efe27f127,5,1000
4527039855,68,31.47,APPROVED,00a417fb-f2b9-4bb8-90c0-0787c3f2e3c7,3,2000
4514690690,22,3524.69,WAITING,76fa0c16-dc3a-4a9b-b914-de6a0097f3dc,3,4000
4533986540,431,1290.7,QUOTATION,8df0c99e-2745-44ae-94ee-ad79cb114fdb,4,2000
4570642355,985,9606.03,WAITING,4a5df305-6d85-4b5a-81ca-b2a776017f8f,3,2000
4512551231,874,4850.39,APPROVED,bf599d91-442c-4e09-b5ae-b9f08a417d11,1,3000
4585793998,58,7202.94,REJECTED,8df0c99e-2745-44ae-94ee-ad79cb114fdb,5,1000
4599708281,449,7563.69,QUOTATION,ba3d4978-80db-4a12-9f06-e4c698936184,3,4000
4548410352,27,996.65,REJECTED,a9da22e7-f42f-4428-9083-96395b7a7e9a,2,3000
4595632384,501,6159.39,APPROVED,daffc87a-fdb5-424e-9155-782c6cd1b731,1,2000
4534042154,772,2423.39,QUOTATION,ad64acbd-9045-44ec-9111-f6b3b90cb060,1,3000
4544566648,326,4556.96,APPROVED,da731710-48f7-4c02-8dd6-917ff4c62e3b,4,1000
4561306375,230,5290.28,APPROVED,d4dbba0a-2b26-4233-9017-bb25b2e860f3,2,2000
4551186257,445,5575.56,REJECTED,8ca5ca23-a910-469b-aec1-73bd31d74ba2,1,2000
4513096038,755,6254.83,WAITING,bf599d91-442c-4e09-b5ae-b9f08a417d11,2,2000
4556166359,220,5814.32,APPROVED,fe53d2be-049c-47fa-871a-c4a8b1a10e40,2,2000
4593492811,739,4060.38,QUOTATION,ea38b7e1-b488-4873-ab04-3066d219b434,1,2000
4507604357,49,698.97,WAITING,de541e55-b7b6-404a-8ce0-a6f1ea925750,2,3000
4551172926,7,6219.22,WAITING,12a301b9-4c71-4181-a853-d29be7b6bd18,4,3000
4510735260,187,8970.54,APPROVED,71b893be-0a75-41a7-9a52-bcdb771cc5ec,3,3000
4529468500,177,5516.08,QUOTATION,b020551c-5fe7-45ea-881a-6fa78332362d,4,1000
4536892863,274,6873.52,QUOTATION,9a109dc4-7be3-4aec-94bb-ede38f79ae14,3,1000
4528585401,476,6774.06,APPROVED,74d238f7-61d4-41c6-9d51-b05f2eddcb36,5,4000
4506560942,789,4093.44,QUOTATION,f524f9ee-95cb-4e66-a6c1-b58f8296e7f3,2,1000
4569975439,166,9758.46,APPROVED,4029508a-afa4-4faf-b175-4bb65b8a4dbb,3,2000
4519433394,680,7992.11,APPROVED,6c55f239-a4f0-4edd-afe8-02d129db9eda,4,4000
4594188918,360,9844.97,WAITING,ebfe58ef-0dee-41d8-859e-ae2bff66e7fc,5,2000
4569884979,255,2780.39,REJECTED,3f3292d8-3056-42da-9ec5-d080c252a223,1,4000
4550873945,259,5949.61,QUOTATION,d0d94739-009d-44aa-ae3d-8c35a65083c5,3,1000
4576273964,982,6192.54,QUOTATION,ebfe58ef-0dee-41d8-859e-ae2bff66e7fc,5,1000
4556640682,941,4625.76,REJECTED,a4926703-442b-4179-808a-04de7d4e1015,3,4000
4518376578,247,7124.8,WAITING,a1a6e723-19c6-46fd-a584-917efe27f127,1,1000
4526495079,601,81.43,REJECTED,e069016d-d217-4fbc-b438-1e8790b731fb,4,1000
4576441353,973,5003.09,WAITING,b6bbc970-46d2-4ff4-9c52-80f378cfe8ea,3,2000
4547035543,352,3686.49,WAITING,fcc9df1e-2761-4b55-8f60-015b21066d78,4,1000
4539716702,687,9915.22,APPROVED,9567383e-1921-4683-803b-509faa2bc9d5,1,1000
4532203557,506,9634.62,REJECTED,82ebf1b0-6982-4deb-ac51-c7a6d0a68c5d,1,1000
4548895937,764,6829.98,APPROVED,fcc9df1e-2761-4b55-8f60-015b21066d78,2,1000
4509120900,866,8795.52,WAITING,6c55f239-a4f0-4edd-afe8-02d129db9eda,5,1000
4588948960,144,4669.47,REJECTED,15ddc72a-7103-4a88-a951-49c5aa75affd,2,1000
4588580515,585,1308.59,WAITING,3c65561d-5119-4985-87e7-48965fe9f62c,1,3000
4577839788,961,3315.28,REJECTED,3ee51816-f540-45e6-8401-474c5df84e78,1,2000
4568826264,485,2517.77,REJECTED,4a2d279e-2495-496f-80d9-bc5a45e3b6b4,3,4000
4552075498,518,263.87,REJECTED,bf599d91-442c-4e09-b5ae-b9f08a417d11,4,1000
4519505426,885,6021.23,WAITING,ad64acbd-9045-44ec-9111-f6b3b90cb060,1,4000
4508890743,595,3919.61,QUOTATION,37bf8863-0046-49cb-a72c-f7e41661214b,2,1000
4581286804,739,793.37,QUOTATION,3d3527a9-4ef5-45d5-83c2-4178789f9921,4,3000
4584845324,516,3215.7,REJECTED,31ac60a6-1bc1-442c-ae10-4a420f770538,2,4000
4530023316,904,9179.97,APPROVED,17dffc12-ac1a-44ed-ad09-3c824851c624,5,3000
4567399433,964,6770.44,WAITING,51991c98-a328-457f-a862-0962b2d30ddc,1,1000
4522526078,469,2603.51,QUOTATION,2ab670e8-49e3-4a95-9871-d937f77b5927,2,1000
4554643092,68,6687.79,APPROVED,ea38b7e1-b488-4873-ab04-3066d219b434,4,3000
4560893822,798,486.73,REJECTED,6c55f239-a4f0-4edd-afe8-02d129db9eda,2,2000
4500188480,140,9623.31,APPROVED,e069016d-d217-4fbc-b438-1e8790b731fb,4,3000
4534723857,383,7699.31,QUOTATION,a1a6e723-19c6-46fd-a584-917efe27f127,4,2000
4556215430,182,1508.85,QUOTATION,9a109dc4-7be3-4aec-94bb-ede38f79ae14,4,4000
4581423298,692,6998.68,REJECTED,41e46c83-90d4-4836-a022-b900a018b3fa,5,4000
4555436565,583,2273.66,APPROVED,fe53d2be-049c-47fa-871a-c4a8b1a10e40,5,2000
4501908769,2,7217.57,WAITING,f6979cad-3c89-4280-985d-d7f07aaa8c2b,4,3000
4502649677,150,6181.66,APPROVED,5c250769-58e7-4a67-92b8-05566aab2cd0,3,2000
4557537435,278,3843.96,APPROVED,5c250769-58e7-4a67-92b8-05566aab2cd0,4,3000
4512615585,530,8766.39,REJECTED,73df3d25-bcec-47a6-8d66-6b628e81ed2d,2,3000
4525939610,95,300.24,APPROVED,de541e55-b7b6-404a-8ce0-a6f1ea925750,2,4000
4514404284,622,8013.91,REJECTED,05767575-2944-4457-9aa7-06e1dae2ae25,5,1000
4547602619,46,643.55,QUOTATION,9fc109ea-2585-4c23-9329-2ccda2d964eb,2,1000
4546307740,468,9646.08,WAITING,da731710-48f7-4c02-8dd6-917ff4c62e3b,1,2000
4510462343,424,5458.13,REJECTED,35672019-b6d1-42b4-b906-8819b248182e,1,1000
4539325567,202,9921.21,REJECTED,384bae62-8ba8-4cac-b8ad-3df4e68bcafa,5,3000
4526245450,80,2654.73,APPROVED,6cc3c3b9-23fa-4969-8791-af89dedc62c9,5,1000
4501714711,854,6062.32,APPROVED,3d3527a9-4ef5-45d5-83c2-4178789f9921,3,4000
4547957915,406,8915.91,APPROVED,4029508a-afa4-4faf-b175-4bb65b8a4dbb,5,2000
4527366544,665,5344.78,REJECTED,134244b2-90f7-4d62-8488-d71e29828266,4,1000
4585281621,320,5089.5,WAITING,32149af9-a4f0-4e80-a73d-490a9faef06f,2,2000
4552706589,267,2547.04,REJECTED,4a5df305-6d85-4b5a-81ca-b2a776017f8f,1,1000
4512865039,776,9354.57,REJECTED,a1ad3c2b-45ca-491c-8ef2-a64af7d19e43,2,2000
4521275565,828,7956.1,WAITING,dbce3e63-1a5c-4595-a1f9-d09c3d978567,1,4000
4568472707,63,3444.78,WAITING,32149af9-a4f0-4e80-a73d-490a9faef06f,4,1000
4530555900,733,4717.2,APPROVED,82ebf1b0-6982-4deb-ac51-c7a6d0a68c5d,5,2000
4577483790,780,2586.94,APPROVED,6cc3c3b9-23fa-4969-8791-af89dedc62c9,3,3000
4559528575,182,4450.84,APPROVED,b577718c-a2a9-4f8a-a41c-7cac0d102aab,1,4000
4544626598,781,9806.25,REJECTED,3d3527a9-4ef5-45d5-83c2-4178789f9921,1,2000
4528464014,224,8272.47,WAITING,4a5df305-6d85-4b5a-81ca-b2a776017f8f,3,1000
4540721779,228,7236.41,WAITING,37bf8863-0046-49cb-a72c-f7e41661214b,1,1000
4560814394,749,9768.59,QUOTATION,4029508a-afa4-4faf-b175-4bb65b8a4dbb,4,1000
4528004402,620,3953.17,WAITING,2c6e3cb9-21cb-4de6-ae38-f117a3cbdfe2,3,2000
4549023221,765,6595.83,APPROVED,76fa0c16-dc3a-4a9b-b914-de6a0097f3dc,1,4000
4511879659,835,6667.66,REJECTED,0f7e95f4-4fb9-4987-a1e1-5264880e721e,3,3000
4569700402,924,9321.01,APPROVED,f6dd041e-f994-407c-9a1b-2ee8a39b9b25,1,3000
4592996331,198,8365.18,APPROVED,9fc109ea-2585-4c23-9329-2ccda2d964eb,4,1000
4550543739,927,1617.62,APPROVED,41e46c83-90d4-4836-a022-b900a018b3fa,3,2000
4544810157,995,9303.34,APPROVED,915bda23-d2b3-4bab-9d3b-0b701beb76fa,1,4000
4548186161,617,9178.61,REJECTED,82ebf1b0-6982-4deb-ac51-c7a6d0a68c5d,1,4000
4564508720,830,9153.18,APPROVED,0439439c-8945-42c4-b079-5340d85df97c,5,3000
4510260449,770,2577.18,QUOTATION,35672019-b6d1-42b4-b906-8819b248182e,3,1000
4575319815,112,8794.97,REJECTED,28d388a1-0e70-41d0-a8a1-abb9e3263b7b,5,1000
4594289041,707,1414.75,QUOTATION,384bae62-8ba8-4cac-b8ad-3df4e68bcafa,3,3000
4585353084,727,1281.01,REJECTED,5257f4f1-580e-4eb3-89f9-6cae458e4509,5,2000
4524661311,144,2461.41,REJECTED,ad64acbd-9045-44ec-9111-f6b3b90cb060,5,2000
4500715972,511,672.08,REJECTED,2c6e3cb9-21cb-4de6-ae38-f117a3cbdfe2,1,4000
4598632087,527,8844.64,QUOTATION,41f3b33b-8871-42fd-90d5-1d1d9f2d5aed,3,2000
4546707402,269,3664.33,QUOTATION,31ac60a6-1bc1-442c-ae10-4a420f770538,2,1000
4572265333,349,7164.69,REJECTED,fffeaf8f-4b6b-4357-a309-89f4769c36da,2,4000
4511265524,675,5319.71,APPROVED,9fc109ea-2585-4c23-9329-2ccda2d964eb,1,3000
4574078841,591,2834.76,QUOTATION,3ee51816-f540-45e6-8401-474c5df84e78,4,4000
4582743134,605,3206.28,REJECTED,5257f4f1-580e-4eb3-89f9-6cae458e4509,1,4000
4501362725,430,8441.36,WAITING,dbce3e63-1a5c-4595-a1f9-d09c3d978567,5,1000
4545427047,930,367.31,QUOTATION,fffeaf8f-4b6b-4357-a309-89f4769c36da,4,1000
4549570967,965,9322.52,APPROVED,41e46c83-90d4-4836-a022-b900a018b3fa,4,4000
4556361770,98,6899.77,REJECTED,2c7b9d8a-6b92-4a21-a03e-024e434a203d,1,2000
4536945064,782,6377.29,APPROVED,2ab670e8-49e3-4a95-9871-d937f77b5927,1,3000
4557744000,978,8444.29,APPROVED,c40f8a37-9024-4fcd-80a6-7917301ba6bd,4,4000
4558790019,770,4090.69,REJECTED,ce1eeb99-74a8-4547-b95c-345102c07d21,5,3000
4577039473,22,1383.65,QUOTATION,71b893be-0a75-41a7-9a52-bcdb771cc5ec,2,3000
4558106447,141,7214.27,QUOTATION,0a58bce2-1697-4c89-b568-ae280f33f982,1,3000
4521593211,537,1373.42,WAITING,110f8801-eea1-420d-98e6-dd439569747b,1,4000
4520375452,475,5054.95,APPROVED,aa51a37d-2867-459b-8885-b5c8b161616a,2,1000
4519993012,683,1283.86,APPROVED,bf599d91-442c-4e09-b5ae-b9f08a417d11,2,3000
4558851332,917,725.51,WAITING,76fa0c16-dc3a-4a9b-b914-de6a0097f3dc,4,3000
4582582207,984,9384.83,WAITING,2c7b9d8a-6b92-4a21-a03e-024e434a203d,4,1000
4576395458,219,5865.72,REJECTED,408c4fe5-9066-4997-8f1c-ad8daae4b1f6,3,4000
4530659253,834,2061.43,QUOTATION,daffc87a-fdb5-424e-9155-782c6cd1b731,1,4000
4524401901,193,3336.68,QUOTATION,41e46c83-90d4-4836-a022-b900a018b3fa,4,3000
4514699314,571,1163.13,APPROVED,9ec93c76-9578-4947-a5ca-def516b026cb,2,4000
4533714812,416,7895.35,REJECTED,b6bbc970-46d2-4ff4-9c52-80f378cfe8ea,2,1000
4591608978,557,5110.41,QUOTATION,da731710-48f7-4c02-8dd6-917ff4c62e3b,4,3000
4510794661,962,9728.9,QUOTATION,651e8d5b-8636-4635-a934-6f9427d506b8,1,4000
4556175207,358,9476.22,REJECTED,4a5df305-6d85-4b5a-81ca-b2a776017f8f,5,2000
4505756627,351,7192.32,REJECTED,3341d7ea-5bed-42e4-82c2-18d0adfbcdf1,5,3000
4585467992,916,1600.06,APPROVED,ad64acbd-9045-44ec-9111-f6b3b90cb060,5,3000
4564885345,421,6299.97,QUOTATION,3ee51816-f540-45e6-8401-474c5df84e78,4,4000
4533878762,973,2662.89,WAITING,de541e55-b7b6-404a-8ce0-a6f1ea925750,4,3000
4530357293,897,6437.26,REJECTED,d7da1df8-a4af-4efe-a657-570c6d350470,5,2000
4581495107,678,659.22,WAITING,2c6e3cb9-21cb-4de6-ae38-f117a3cbdfe2,1,1000
4552400022,286,9862.2,APPROVED,3f3292d8-3056-42da-9ec5-d080c252a223,4,1000
4563926430,958,4670.7,WAITING,a1a6e723-19c6-46fd-a584-917efe27f127,5,2000
4585785279,971,3272.9,REJECTED,ce1eeb99-74a8-4547-b95c-345102c07d21,3,2000
4599955311,20,8133.62,APPROVED,2cf52c48-a37c-4244-a030-3fe16c443ecd,3,4000
4501216386,382,5666.3,REJECTED,56ae9e46-c0b2-46ca-b51d-5686e00ce4a6,3,3000
4538652560,768,3788.05,APPROVED,ce1eeb99-74a8-4547-b95c-345102c07d21,1,3000
4598583668,605,587.12,REJECTED,4a5df305-6d85-4b5a-81ca-b2a776017f8f,3,1000
4515504945,72,7273.35,APPROVED,0f7e95f4-4fb9-4987-a1e1-5264880e721e,5,2000
4540826027,77,18.98,QUOTATION,e7ba4d18-37bf-472c-9d3a-7756c21a55c9,2,3000
4577668170,664,4887.25,WAITING,fcc9df1e-2761-4b55-8f60-015b21066d78,1,4000
4558786168,395,6921.82,QUOTATION,71b893be-0a75-41a7-9a52-bcdb771cc5ec,4,1000
4561868290,886,4434.14,QUOTATION,4029508a-afa4-4faf-b175-4bb65b8a4dbb,2,1000
4500424073,710,76.07,APPROVED,01bb5e4b-33d3-4db2-85a2-499f5c9e31b4,2,4000
4593074278,731,5207.95,REJECTED,a9da22e7-f42f-4428-9083-96395b7a7e9a,5,1000
4583771021,2,5480.66,QUOTATION,0a58bce2-1697-4c89-b568-ae280f33f982,4,2000
4579222922,154,5012.74,APPROVED,3c65561d-5119-4985-87e7-48965fe9f62c,4,4000
4530150215,453,3322.25,WAITING,de541e55-b7b6-404a-8ce0-a6f1ea925750,2,1000
4580452588,402,9947.56,APPROVED,2c7b9d8a-6b92-4a21-a03e-024e434a203d,5,4000
4592193910,552,228.3,APPROVED,0b319577-4ab0-4684-b112-b27aad212cb1,2,3000
4533412240,237,2578.27,APPROVED,e069016d-d217-4fbc-b438-1e8790b731fb,1,2000
4504923259,625,7109.23,QUOTATION,b6bbc970-46d2-4ff4-9c52-80f378cfe8ea,1,1000
4551485538,561,2935.37,WAITING,9c7454a7-b80c-4d19-b841-4c0343b75add,3,3000
4563528214,828,3018.53,WAITING,2cf52c48-a37c-4244-a030-3fe16c443ecd,5,4000
4558871010,504,2504.08,WAITING,00a417fb-f2b9-4bb8-90c0-0787c3f2e3c7,1,4000
4584505412,980,659.78,REJECTED,3c65561d-5119-4985-87e7-48965fe9f62c,1,1000
4596550550,745,2414.02,WAITING,384bae62-8ba8-4cac-b8ad-3df4e68bcafa,1,4000
4555020387,231,9162.5,REJECTED,71b893be-0a75-41a7-9a52-bcdb771cc5ec,5,3000
4530406306,825,2984.73,APPROVED,da731710-48f7-4c02-8dd6-917ff4c62e3b,3,3000
4575733357,286,5885.92,APPROVED,eb8e5632-45d0-47e9-bcc0-ee76bf030643,1,3000
4587318284,906,7239.54,REJECTED,d0d94739-009d-44aa-ae3d-8c35a65083c5,5,1000
4529640570,421,2144.01,QUOTATION,5257f4f1-580e-4eb3-89f9-6cae458e4509,3,3000
4546462572,228,5136.54,REJECTED,4a2d279e-2495-496f-80d9-bc5a45e3b6b4,1,2000
4509777556,172,6033.88,APPROVED,35672019-b6d1-42b4-b906-8819b248182e,4,4000
4500177658,771,6778.6,QUOTATION,f524f9ee-95cb-4e66-a6c1-b58f8296e7f3,5,2000
4579018835,462,7679.09,APPROVED,0f7e95f4-4fb9-4987-a1e1-5264880e721e,3,1000
4565505503,685,2030.89,APPROVED,110f8801-eea1-420d-98e6-dd439569747b,4,3000
4567667548,463,64.09,WAITING,a1ad3c2b-45ca-491c-8ef2-a64af7d19e43,1,3000
4559825364,424,9712.44,WAITING,6cc3c3b9-23fa-4969-8791-af89dedc62c9,2,4000
4589649051,806,1533.53,APPROVED,05767575-2944-4457-9aa7-06e1dae2ae25,2,2000
4520880513,572,8506.21,WAITING,daffc87a-fdb5-424e-9155-782c6cd1b731,1,2000
4550034203,468,2370.53,QUOTATION,2c6e3cb9-21cb-4de6-ae38-f117a3cbdfe2,1,1000
4568337785,698,7573.56,WAITING,0a58bce2-1697-4c89-b568-ae280f33f982,3,2000
4530325096,688,3656.34,WAITING,5c250769-58e7-4a67-92b8-05566aab2cd0,3,2000
4565514264,732,1064.97,REJECTED,28d388a1-0e70-41d0-a8a1-abb9e3263b7b,2,2000
4589124696,449,6960.6,APPROVED,cf11fe2a-443a-44e9-96b0-e6b91ddfa87d,4,4000
4535695707,688,7802.07,APPROVED,9ec93c76-9578-4947-a5ca-def516b026cb,2,1000
4539869373,217,3788.93,QUOTATION,f524f9ee-95cb-4e66-a6c1-b58f8296e7f3,3,3000
4502382255,942,4572.03,WAITING,834a14f7-cbd7-4220-9587-cd61c93c8253,3,1000
4552917888,816,1089.08,APPROVED,a4926703-442b-4179-808a-04de7d4e1015,5,3000
4536872610,117,3191.25,APPROVED,9ec93c76-9578-4947-a5ca-def516b026cb,3,3000
4585065615,192,161.45,APPROVED,3341d7ea-5bed-42e4-82c2-18d0adfbcdf1,4,1000
4551068188,193,8067.29,QUOTATION,cea90057-5542-4a9f-8ad8-2fa263b39b7b,2,1000
4580833873,733,2580.67,WAITING,73df3d25-bcec-47a6-8d66-6b628e81ed2d,1,4000
4503089757,776,6101.04,WAITING,32149af9-a4f0-4e80-a73d-490a9faef06f,1,1000
4542848459,488,7089.28,WAITING,3341d7ea-5bed-42e4-82c2-18d0adfbcdf1,2,4000
4558326758,711,6329.12,WAITING,ba3d4978-80db-4a12-9f06-e4c698936184,2,4000
4551147188,922,971.64,REJECTED,9567383e-1921-4683-803b-509faa2bc9d5,1,1000
4591661911,246,7957.22,REJECTED,bf599d91-442c-4e09-b5ae-b9f08a417d11,5,4000
4548004039,311,719.43,WAITING,975480d4-8c15-44ba-8c55-a9938bdaa2c4,1,2000
4549074321,734,1681.71,WAITING,9fc109ea-2585-4c23-9329-2ccda2d964eb,2,2000
4515424593,984,5237.63,REJECTED,ebfe58ef-0dee-41d8-859e-ae2bff66e7fc,3,2000
4597961881,841,3853.18,REJECTED,28d388a1-0e70-41d0-a8a1-abb9e3263b7b,1,2000
4512465339,776,3952.24,WAITING,9567383e-1921-4683-803b-509faa2bc9d5,4,4000
4562629680,141,4478.43,QUOTATION,35672019-b6d1-42b4-b906-8819b248182e,2,4000
4558610504,530,6467.62,QUOTATION,f6dd041e-f994-407c-9a1b-2ee8a39b9b25,4,3000
4594085006,192,3497.65,WAITING,bcebc30c-15e5-48e2-9c32-c86d886f82a0,1,2000
4575590255,928,97.62,APPROVED,791660af-f0db-4fbd-a3a4-86bd38182556,2,1000
4561909629,36,6618.66,REJECTED,b6bbc970-46d2-4ff4-9c52-80f378cfe8ea,2,3000
4510624707,172,6777.85,REJECTED,de541e55-b7b6-404a-8ce0-a6f1ea925750,1,4000
4511502670,725,2905.79,REJECTED,fcc9df1e-2761-4b55-8f60-015b21066d78,3,2000
4564704194,697,2306.28,REJECTED,cf11fe2a-443a-44e9-96b0-e6b91ddfa87d,5,3000
4589302555,155,2573.97,WAITING,bf599d91-442c-4e09-b5ae-b9f08a417d11,5,1000
4540669893,259,2803.47,REJECTED,cea90057-5542-4a9f-8ad8-2fa263b39b7b,2,3000
4526515712,51,22.33,APPROVED,834a14f7-cbd7-4220-9587-cd61c93c8253,1,1000
4514722075,66,7703.08,REJECTED,d5b6a98e-464a-4e85-ad1c-7fd6be7df835,5,4000
4531391772,313,8227.34,REJECTED,8ca5ca23-a910-469b-aec1-73bd31d74ba2,4,1000
4581905169,882,5818.46,WAITING,68681084-7b12-4fd9-9704-7da3802cb451,3,3000
4532474214,475,6333.61,REJECTED,74d238f7-61d4-41c6-9d51-b05f2eddcb36,5,3000
4529477517,964,3953.82,REJECTED,f6979cad-3c89-4280-985d-d7f07aaa8c2b,2,3000
4560027647,891,4778.08,APPROVED,915bda23-d2b3-4bab-9d3b-0b701beb76fa,2,2000
4500609459,363,1830.01,WAITING,35672019-b6d1-42b4-b906-8819b248182e,2,1000
4506917314,456,1136.28,APPROVED,c40f8a37-9024-4fcd-80a6-7917301ba6bd,4,3000
4592297488,888,8305.59,WAITING,fe53d2be-049c-47fa-871a-c4a8b1a10e40,1,4000
4599446433,951,1390.34,WAITING,9fc109ea-2585-4c23-9329-2ccda2d964eb,5,3000
4512220375,612,116.29,REJECTED,f6dd041e-f994-407c-9a1b-2ee8a39b9b25,3,4000
4508575895,379,1708.36,REJECTED,915bda23-d2b3-4bab-9d3b-0b701beb76fa,5,2000
4500196702,819,2321.78,WAITING,5c250769-58e7-4a67-92b8-05566aab2cd0,4,4000
4597526849,334,4814.95,WAITING,01bb5e4b-33d3-4db2-85a2-499f5c9e31b4,2,3000
4574362078,456,9492.48,APPROVED,791660af-f0db-4fbd-a3a4-86bd38182556,1,1000
4584445668,649,1523.66,QUOTATION,eb8e5632-45d0-47e9-bcc0-ee76bf030643,3,3000
4507860746,885,4348.38,APPROVED,fcc9df1e-2761-4b55-8f60-015b21066d78,2,4000
4547334164,596,5161.33,REJECTED,28d388a1-0e70-41d0-a8a1-abb9e3263b7b,4,2000
4572200615,30,8481.48,QUOTATION,f6dd041e-f994-407c-9a1b-2ee8a39b9b25,2,2000
4585836162,704,3076.74,WAITING,00a417fb-f2b9-4bb8-90c0-0787c3f2e3c7,3,2000
4560019519,267,2993.28,REJECTED,8ca5ca23-a910-469b-aec1-73bd31d74ba2,2,2000
4578683792,749,8542.58,QUOTATION,d0d94739-009d-44aa-ae3d-8c35a65083c5,1,1000
4566460930,995,8391.3,WAITING,9567383e-1921-4683-803b-509faa2bc9d5,5,1000
4508524261,44,5599.36,REJECTED,ba3d4978-80db-4a12-9f06-e4c698936184,5,2000
4583283996,348,5996.91,WAITING,408c4fe5-9066-4997-8f1c-ad8daae4b1f6,3,1000
4553200347,691,1067.83,QUOTATION,37bf8863-0046-49cb-a72c-f7e41661214b,2,1000
4587943801,439,2467.1,WAITING,a1ad3c2b-45ca-491c-8ef2-a64af7d19e43,2,2000
4507939276,104,7206.97,QUOTATION,3c65561d-5119-4985-87e7-48965fe9f62c,3,4000
4515744587,274,411.91,REJECTED,ea38b7e1-b488-4873-ab04-3066d219b434,3,1000
4508885002,964,1554.22,REJECTED,32149af9-a4f0-4e80-a73d-490a9faef06f,1,1000
4549953445,682,4140.79,APPROVED,28d388a1-0e70-41d0-a8a1-abb9e3263b7b,2,4000
4525267223,247,6186.27,APPROVED,aa51a37d-2867-459b-8885-b5c8b161616a,2,3000
4536870435,417,3735.42,QUOTATION,32149af9-a4f0-4e80-a73d-490a9faef06f,1,2000
4530849409,966,5825.77,APPROVED,eb8e5632-45d0-47e9-bcc0-ee76bf030643,3,3000
4522422993,66,3903.0,APPROVED,aa51a37d-2867-459b-8885-b5c8b161616a,1,4000
4507828765,322,4768.71,REJECTED,408c4fe5-9066-4997-8f1c-ad8daae4b1f6,4,3000
4566824078,912,3246.06,REJECTED,ebfe58ef-0dee-41d8-859e-ae2bff66e7fc,3,2000
4505382309,458,7226.55,WAITING,9c7454a7-b80c-4d19-b841-4c0343b75add,5,3000
4583538033,643,8562.56,WAITING,68681084-7b12-4fd9-9704-7da3802cb451,2,4000
4542037597,541,4769.17,WAITING,2c7b9d8a-6b92-4a21-a03e-024e434a203d,5,4000
4511393585,918,996.06,REJECTED,6c55f239-a4f0-4edd-afe8-02d129db9eda,3,1000
4565044469,142,8051.38,REJECTED,17dffc12-ac1a-44ed-ad09-3c824851c624,3,1000
4575965286,154,8915.56,QUOTATION,12a301b9-4c71-4181-a853-d29be7b6bd18,3,1000
4582548842,40,6923.3,QUOTATION,611eefb3-ef38-4a2e-831a-15aff1dde8f8,5,3000
4593264910,768,4411.91,APPROVED,62117371-6664-4e90-9e4c-e3939789c81a,4,3000
4500571948,200,9300.79,QUOTATION,9fc109ea-2585-4c23-9329-2ccda2d964eb,4,4000
4592506783,591,661.65,APPROVED,0f7e95f4-4fb9-4987-a1e1-5264880e721e,2,2000
4528876551,453,6488.39,WAITING,ba3d4978-80db-4a12-9f06-e4c698936184,1,2000
4545673884,563,1815.61,APPROVED,daffc87a-fdb5-424e-9155-782c6cd1b731,3,2000
4521884263,76,7036.25,APPROVED,b0154cbb-c693-4062-88b9-a8acf4402b56,1,3000
4527828582,675,9500.05,REJECTED,2ab670e8-49e3-4a95-9871-d937f77b5927,1,3000
4575549658,833,9015.46,WAITING,3ee51816-f540-45e6-8401-474c5df84e78,4,3000
4526821908,24,2122.49,QUOTATION,5c250769-58e7-4a67-92b8-05566aab2cd0,2,1000
4501524975,544,5630.29,WAITING,d7da1df8-a4af-4efe-a657-570c6d350470,2,3000
4538069703,489,2328.87,WAITING,9a109dc4-7be3-4aec-94bb-ede38f79ae14,5,4000
4522574142,566,6468.81,WAITING,51991c98-a328-457f-a862-0962b2d30ddc,4,3000
4559460302,654,5857.96,REJECTED,77b34563-244c-46da-b014-af1a9c7fa9e4,1,1000
4527825375,726,1220.95,WAITING,2ab670e8-49e3-4a95-9871-d937f77b5927,3,4000
4578950893,595,7396.99,WAITING,8df0c99e-2745-44ae-94ee-ad79cb114fdb,4,4000
4559863661,978,6157.61,WAITING,110f8801-eea1-420d-98e6-dd439569747b,2,3000
4586859448,322,1675.09,APPROVED,834a14f7-cbd7-4220-9587-cd61c93c8253,3,4000
4557894548,362,1565.09,APPROVED,651e8d5b-8636-4635-a934-6f9427d506b8,1,4000
4588928255,827,9898.62,APPROVED,da731710-48f7-4c02-8dd6-917ff4c62e3b,5,4000
4557510627,263,7662.88,QUOTATION,ea38b7e1-b488-4873-ab04-3066d219b434,1,1000
4552249843,466,5243.44,REJECTED,ba3d4978-80db-4a12-9f06-e4c698936184,5,4000
4502113431,443,1689.18,WAITING,ba3d4978-80db-4a12-9f06-e4c698936184,4,1000
4500882830,302,9747.22,APPROVED,6c55f239-a4f0-4edd-afe8-02d129db9eda,4,3000
4511405074,954,3641.46,REJECTED,4029508a-afa4-4faf-b175-4bb65b8a4dbb,2,3000
4526186457,614,1061.39,QUOTATION,8ca5ca23-a910-469b-aec1-73bd31d74ba2,1,1000
4550751942,813,2664.4,REJECTED,134244b2-90f7-4d62-8488-d71e29828266,2,3000
4543520007,677,3787.96,QUOTATION,84aadcf6-499b-4416-9a35-3e546eb39a5c,1,2000
4528423424,450,6207.7,QUOTATION,b020551c-5fe7-45ea-881a-6fa78332362d,4,1000
4509918441,915,9882.67,REJECTED,d5b6a98e-464a-4e85-ad1c-7fd6be7df835,1,1000
4534705778,351,8826.64,APPROVED,aa51a37d-2867-459b-8885-b5c8b161616a,5,4000
4590075660,390,4354.22,WAITING,41f3b33b-8871-42fd-90d5-1d1d9f2d5aed,3,1000
4573810263,597,2207.89,QUOTATION,17dffc12-ac1a-44ed-ad09-3c824851c624,4,1000
4552160740,14,3984.91,APPROVED,9a109dc4-7be3-4aec-94bb-ede38f79ae14,3,3000
4529546684,915,7127.22,QUOTATION,ce1eeb99-74a8-4547-b95c-345102c07d21,3,2000
4536084680,873,8288.24,WAITING,17dffc12-ac1a-44ed-ad09-3c824851c624,3,3000
4591921496,809,5313.7,APPROVED,41f3b33b-8871-42fd-90d5-1d1d9f2d5aed,2,3000
4545489965,234,9144.6,REJECTED,0b319577-4ab0-4684-b112-b27aad212cb1,4,2000
4515544111,233,6749.6,QUOTATION,28d388a1-0e70-41d0-a8a1-abb9e3263b7b,5,3000
4517219764,752,8129.35,REJECTED,31ac60a6-1bc1-442c-ae10-4a420f770538,5,1000
4555864236,24,9874.69,QUOTATION,84aadcf6-499b-4416-9a35-3e546eb39a5c,1,2000
4598287514,216,1805.52,APPROVED,bf599d91-442c-4e09-b5ae-b9f08a417d11,1,1000
4539804892,702,6427.84,WAITING,37bf8863-0046-49cb-a72c-f7e41661214b,1,3000
4510247826,568,2991.64,QUOTATION,f6dd041e-f994-407c-9a1b-2ee8a39b9b25,3,4000
4579975560,756,9075.79,REJECTED,fffeaf8f-4b6b-4357-a309-89f4769c36da,4,2000
4519670382,533,3478.05,APPROVED,651e8d5b-8636-4635-a934-6f9427d506b8,3,1000
4548786552,709,5563.94,REJECTED,0c328cd6-def4-4097-8b5d-ef9b4362cfd3,4,1000
4567472268,840,5873.03,WAITING,b6bbc970-46d2-4ff4-9c52-80f378cfe8ea,3,2000
4582876970,473,5493.63,REJECTED,834a14f7-cbd7-4220-9587-cd61c93c8253,2,3000
4563313723,187,1610.16,REJECTED,0c328cd6-def4-4097-8b5d-ef9b4362cfd3,4,3000
4579364010,667,3158.59,WAITING,32149af9-a4f0-4e80-a73d-490a9faef06f,5,2000
4525089161,946,820.89,QUOTATION,bf599d91-442c-4e09-b5ae-b9f08a417d11,4,3000
4540430514,339,7635.24,APPROVED,12a301b9-4c71-4181-a853-d29be7b6bd18,5,3000
4547049243,770,9006.58,APPROVED,4a2d279e-2495-496f-80d9-bc5a45e3b6b4,5,1000
4572402331,773,25.19,QUOTATION,de541e55-b7b6-404a-8ce0-a6f1ea925750,5,3000
4534147001,434,5119.37,REJECTED,4029508a-afa4-4faf-b175-4bb65b8a4dbb,3,4000
4526003642,303,8951.43,APPROVED,41e46c83-90d4-4836-a022-b900a018b3fa,5,1000
4563098881,997,6066.22,QUOTATION,e069016d-d217-4fbc-b438-1e8790b731fb,4,1000
4518509738,86,8268.69,QUOTATION,f6979cad-3c89-4280-985d-d7f07aaa8c2b,1,1000
4597653384,957,1827.65,WAITING,134244b2-90f7-4d62-8488-d71e29828266,3,3000
4506515226,293,881.69,WAITING,ea38b7e1-b488-4873-ab04-3066d219b434,1,1000
4590119412,597,2310.5,WAITING,0439439c-8945-42c4-b079-5340d85df97c,5,3000
4508431533,875,8155.38,REJECTED,82ebf1b0-6982-4deb-ac51-c7a6d0a68c5d,1,2000
4587332361,253,6474.67,QUOTATION,daffc87a-fdb5-424e-9155-782c6cd1b731,3,3000
4517240688,439,1697.29,APPROVED,e7ba4d18-37bf-472c-9d3a-7756c21a55c9,2,3000
4576266456,405,8596.69,QUOTATION,f6dd041e-f994-407c-9a1b-2ee8a39b9b25,5,1000
4553854905,637,2289.51,QUOTATION,37bf8863-0046-49cb-a72c-f7e41661214b,3,1000
4582427715,91,9240.94,APPROVED,aa51a37d-2867-459b-8885-b5c8b161616a,2,4000
4541701873,603,2717.14,APPROVED,9fc109ea-2585-4c23-9329-2ccda2d964eb,5,1000
4584451469,712,6124.25,APPROVED,384bae62-8ba8-4cac-b8ad-3df4e68bcafa,5,1000
4568691526,113,8484.27,WAITING,2ab670e8-49e3-4a95-9871-d937f77b5927,1,3000
4590790549,974,3044.26,APPROVED,77b34563-244c-46da-b014-af1a9c7fa9e4,1,3000
4540546374,676,6787.21,APPROVED,28d388a1-0e70-41d0-a8a1-abb9e3263b7b,2,4000
4500003431,927,7463.11,QUOTATION,fffeaf8f-4b6b-4357-a309-89f4769c36da,1,1000
4500723597,817,285.25,QUOTATION,da731710-48f7-4c02-8dd6-917ff4c62e3b,2,1000
4561507828,508,1449.41,APPROVED,0c328cd6-def4-4097-8b5d-ef9b4362cfd3,5,2000
4587184313,602,7883.19,REJECTED,110f8801-eea1-420d-98e6-dd439569747b,1,4000
4583955597,19,159.89,APPROVED,35672019-b6d1-42b4-b906-8819b248182e,2,4000
4567367648,126,6750.43,QUOTATION,68681084-7b12-4fd9-9704-7da3802cb451,4,3000
4517720136,117,2083.27,REJECTED,41f3b33b-8871-42fd-90d5-1d1d9f2d5aed,3,3000
4589374657,284,8035.32,APPROVED,ebfe58ef-0dee-41d8-859e-ae2bff66e7fc,2,2000
4524027793,286,5791.48,QUOTATION,3d3527a9-4ef5-45d5-83c2-4178789f9921,3,2000
4578288440,111,8948.99,QUOTATION,cf11fe2a-443a-44e9-96b0-e6b91ddfa87d,5,2000
4560595449,355,2211.64,APPROVED,a9da22e7-f42f-4428-9083-96395b7a7e9a,3,3000
4575067136,660,3418.78,QUOTATION,e7ba4d18-37bf-472c-9d3a-7756c21a55c9,4,1000
4525714652,858,8789.72,QUOTATION,de541e55-b7b6-404a-8ce0-a6f1ea925750,4,4000
4579728735,692,7045.77,APPROVED,01bb5e4b-33d3-4db2-85a2-499f5c9e31b4,2,4000
4593393127,577,9981.91,REJECTED,9a109dc4-7be3-4aec-94bb-ede38f79ae14,5,1000
4593819424,250,2999.55,QUOTATION,ad64acbd-9045-44ec-9111-f6b3b90cb060,2,2000
4523479020,356,7058.38,APPROVED,3341d7ea-5bed-42e4-82c2-18d0adfbcdf1,2,4000
4511510340,508,2955.93,APPROVED,cea90057-5542-4a9f-8ad8-2fa263b39b7b,4,2000
4506856553,931,150.0,WAITING,28d388a1-0e70-41d0-a8a1-abb9e3263b7b,3,3000
4557425374,531,5576.63,REJECTED,384bae62-8ba8-4cac-b8ad-3df4e68bcafa,3,3000
4521683962,896,6592.88,APPROVED,a1a6e723-19c6-46fd-a584-917efe27f127,4,3000
4537536085,62,5134.3,WAITING,4a2d279e-2495-496f-80d9-bc5a45e3b6b4,5,2000
4534268661,392,3356.38,QUOTATION,77b34563-244c-46da-b014-af1a9c7fa9e4,5,1000
4526143708,855,3727.25,REJECTED,0a58bce2-1697-4c89-b568-ae280f33f982,2,3000
4596635897,502,3037.13,REJECTED,31ac60a6-1bc1-442c-ae10-4a420f770538,4,2000
4598723478,548,7490.2,APPROVED,6cc3c3b9-23fa-4969-8791-af89dedc62c9,1,4000
4535910023,815,9877.68,REJECTED,62117371-6664-4e90-9e4c-e3939789c81a,2,4000
4590454609,323,4873.78,WAITING,ce1eeb99-74a8-4547-b95c-345102c07d21,4,4000
4510565004,478,6039.92,REJECTED,5c250769-58e7-4a67-92b8-05566aab2cd0,2,2000
4534231216,493,8532.9,WAITING,05767575-2944-4457-9aa7-06e1dae2ae25,4,3000
4516120704,113,1644.33,REJECTED,15ddc72a-7103-4a88-a951-49c5aa75affd,4,2000
4597272358,395,4467.26,APPROVED,6cc3c3b9-23fa-4969-8791-af89dedc62c9,3,1000
4539613510,314,191.56,WAITING,ce1eeb99-74a8-4547-b95c-345102c07d21,5,4000
4522740362,739,265.4,REJECTED,8ca5ca23-a910-469b-aec1-73bd31d74ba2,1,4000
4529236260,378,8301.14,WAITING,ce1eeb99-74a8-4547-b95c-345102c07d21,3,3000
4565066003,563,8335.44,APPROVED,bf599d91-442c-4e09-b5ae-b9f08a417d11,4,3000
4513226948,863,1765.59,WAITING,eb8e5632-45d0-47e9-bcc0-ee76bf030643,5,2000
4538718589,453,6889.13,REJECTED,77b34563-244c-46da-b014-af1a9c7fa9e4,1,1000
4520306398,507,5967.53,QUOTATION,56ae9e46-c0b2-46ca-b51d-5686e00ce4a6,5,3000
4525148053,545,2487.92,REJECTED,384bae62-8ba8-4cac-b8ad-3df4e68bcafa,4,1000
4520619545,657,1079.04,APPROVED,37bf8863-0046-49cb-a72c-f7e41661214b,3,4000
4502979434,541,6783.04,REJECTED,dbce3e63-1a5c-4595-a1f9-d09c3d978567,2,1000
4516014637,215,7274.07,QUOTATION,eb8e5632-45d0-47e9-bcc0-ee76bf030643,1,2000
4599367217,432,9683.96,REJECTED,5257f4f1-580e-4eb3-89f9-6cae458e4509,2,2000
4541625240,441,7886.85,QUOTATION,384bae62-8ba8-4cac-b8ad-3df4e68bcafa,2,4000
4553357228,280,5008.01,APPROVED,3ee51816-f540-45e6-8401-474c5df84e78,2,2000
4575652668,323,653.48,QUOTATION,e069016d-d217-4fbc-b438-1e8790b731fb,5,3000
4529727907,311,3234.79,WAITING,ea38b7e1-b488-4873-ab04-3066d219b434,1,1000
4559398338,759,8013.27,REJECTED,3c65561d-5119-4985-87e7-48965fe9f62c,3,1000
4530882558,964,5649.25,WAITING,f524f9ee-95cb-4e66-a6c1-b58f8296e7f3,5,2000
4562180436,987,7255.73,WAITING,32149af9-a4f0-4e80-a73d-490a9faef06f,2,3000
4554616358,389,3746.36,WAITING,62117371-6664-4e90-9e4c-e3939789c81a,4,2000
4554394025,308,8349.67,REJECTED,4a5df305-6d85-4b5a-81ca-b2a776017f8f,4,2000
4523735834,441,60.7,QUOTATION,62117371-6664-4e90-9e4c-e3939789c81a,4,4000
4565382408,798,9915.77,APPROVED,e069016d-d217-4fbc-b438-1e8790b731fb,5,1000
4524718234,84,605.59,REJECTED,da731710-48f7-4c02-8dd6-917ff4c62e3b,3,2000
4569911050,820,3377.92,WAITING,3c65561d-5119-4985-87e7-48965fe9f62c,4,4000
4586134493,683,2594.22,QUOTATION,651e8d5b-8636-4635-a934-6f9427d506b8,1,4000
4590038644,367,4740.19,REJECTED,134244b2-90f7-4d62-8488-d71e29828266,2,2000
4556623734,37,4230.0,REJECTED,f6dd041e-f994-407c-9a1b-2ee8a39b9b25,5,1000
4584150316,801,2102.87,APPROVED,f6dd041e-f994-407c-9a1b-2ee8a39b9b25,3,4000
4572439658,923,1766.11,WAITING,71b893be-0a75-41a7-9a52-bcdb771cc5ec,3,2000
4515820356,412,9018.19,APPROVED,9c7454a7-b80c-4d19-b841-4c0343b75add,2,4000
4583562641,804,3564.38,WAITING,6c55f239-a4f0-4edd-afe8-02d129db9eda,4,1000
4576045490,113,7108.45,REJECTED,4029508a-afa4-4faf-b175-4bb65b8a4dbb,4,2000
4520052189,534,1226.84,REJECTED,6c55f239-a4f0-4edd-afe8-02d129db9eda,5,4000
4545793012,723,4101.1,APPROVED,4a2d279e-2495-496f-80d9-bc5a45e3b6b4,2,1000
4525693109,346,9948.82,APPROVED,bf599d91-442c-4e09-b5ae-b9f08a417d11,3,3000
4585389629,852,1273.39,WAITING,ce1eeb99-74a8-4547-b95c-345102c07d21,1,2000
4521452405,374,7085.01,QUOTATION,32149af9-a4f0-4e80-a73d-490a9faef06f,2,2000
4562286061,528,2834.83,REJECTED,b0154cbb-c693-4062-88b9-a8acf4402b56,1,1000
4582516381,479,5042.83,APPROVED,73df3d25-bcec-47a6-8d66-6b628e81ed2d,3,4000
4509371849,912,5325.26,WAITING,6c55f239-a4f0-4edd-afe8-02d129db9eda,2,2000
4536209764,184,2245.14,QUOTATION,32149af9-a4f0-4e80-a73d-490a9faef06f,4,1000
4580884196,644,9941.9,QUOTATION,b0154cbb-c693-4062-88b9-a8acf4402b56,4,2000
4538325065,293,1286.0,APPROVED,8df0c99e-2745-44ae-94ee-ad79cb114fdb,4,4000
4528982783,733,1600.52,QUOTATION,32149af9-a4f0-4e80-a73d-490a9faef06f,3,3000
4541247195,730,7570.06,WAITING,da731710-48f7-4c02-8dd6-917ff4c62e3b,2,4000
4530522621,764,959.11,WAITING,d4dbba0a-2b26-4233-9017-bb25b2e860f3,5,2000
4541047383,184,1674.58,QUOTATION,56ae9e46-c0b2-46ca-b51d-5686e00ce4a6,1,4000
4575959381,512,7175.01,REJECTED,3f3292d8-3056-42da-9ec5-d080c252a223,3,4000
4599123570,795,59.36,WAITING,ad64acbd-9045-44ec-9111-f6b3b90cb060,3,4000
4562885811,584,5138.23,REJECTED,aa51a37d-2867-459b-8885-b5c8b161616a,2,4000
4522999105,144,4638.05,APPROVED,51991c98-a328-457f-a862-0962b2d30ddc,1,1000
4532056887,486,2349.92,APPROVED,9fc109ea-2585-4c23-9329-2ccda2d964eb,2,2000
4533433998,487,187.9,QUOTATION,ea38b7e1-b488-4873-ab04-3066d219b434,1,4000
4586827873,727,5252.24,APPROVED,4a2d279e-2495-496f-80d9-bc5a45e3b6b4,2,1000
4555598478,650,1627.32,QUOTATION,134244b2-90f7-4d62-8488-d71e29828266,2,2000
4593093198,601,234.07,WAITING,77b34563-244c-46da-b014-af1a9c7fa9e4,2,1000
4505986905,95,6722.0,REJECTED,8ca5ca23-a910-469b-aec1-73bd31d74ba2,5,2000
4556026272,607,9047.24,APPROVED,35672019-b6d1-42b4-b906-8819b248182e,4,1000
4586730249,602,3229.37,WAITING,9fc109ea-2585-4c23-9329-2ccda2d964eb,3,1000
4511189773,820,2420.14,QUOTATION,82ebf1b0-6982-4deb-ac51-c7a6d0a68c5d,3,4000
4597378230,901,9959.33,REJECTED,f6979cad-3c89-4280-985d-d7f07aaa8c2b,3,1000
4561284621,29,2614.37,REJECTED,ebfe58ef-0dee-41d8-859e-ae2bff66e7fc,3,1000
4518312417,576,1441.89,APPROVED,0a58bce2-1697-4c89-b568-ae280f33f982,2,2000
4506959156,325,2718.27,QUOTATION,9ec93c76-9578-4947-a5ca-def516b026cb,1,2000
4509025269,720,3071.1,APPROVED,791660af-f0db-4fbd-a3a4-86bd38182556,2,2000
4559543163,968,3484.38,APPROVED,41e46c83-90d4-4836-a022-b900a018b3fa,2,1000
4503628452,799,1542.57,WAITING,dbce3e63-1a5c-4595-a1f9-d09c3d978567,2,4000
4541050417,155,187.9,WAITING,28d388a1-0e70-41d0-a8a1-abb9e3263b7b,5,2000
4529335221,521,7516.04,APPROVED,71b893be-0a75-41a7-9a52-bcdb771cc5ec,3,1000
4502117120,110,3029.84,WAITING,651e8d5b-8636-4635-a934-6f9427d506b8,2,2000
4563301831,875,2440.48,REJECTED,aa51a37d-2867-459b-8885-b5c8b161616a,2,4000
4518848502,367,6626.23,APPROVED,834a14f7-cbd7-4220-9587-cd61c93c8253,4,3000
4558325219,74,506.87,REJECTED,9ec93c76-9578-4947-a5ca-def516b026cb,1,1000
4547689943,535,2813.29,REJECTED,15ddc72a-7103-4a88-a951-49c5aa75affd,5,4000
4514712547,523,7273.4,APPROVED,68681084-7b12-4fd9-9704-7da3802cb451,5,2000
4549396604,120,2806.13,REJECTED,84aadcf6-499b-4416-9a35-3e546eb39a5c,4,1000
4585684122,548,3584.97,APPROVED,b6bbc970-46d2-4ff4-9c52-80f378cfe8ea,4,2000
4531231495,95,1425.93,APPROVED,68681084-7b12-4fd9-9704-7da3802cb451,5,1000
4592109426,491,8803.51,APPROVED,4a5df305-6d85-4b5a-81ca-b2a776017f8f,4,2000
4580104167,244,3689.44,APPROVED,ea38b7e1-b488-4873-ab04-3066d219b434,5,4000
4572173823,510,8543.49,QUOTATION,0439439c-8945-42c4-b079-5340d85df97c,3,1000
4569028396,779,4692.16,WAITING,384bae62-8ba8-4cac-b8ad-3df4e68bcafa,5,4000
4574747677,103,1318.01,APPROVED,0a58bce2-1697-4c89-b568-ae280f33f982,4,1000
4503725800,701,8340.07,APPROVED,68681084-7b12-4fd9-9704-7da3802cb451,4,3000
4569096972,701,8825.41,QUOTATION,5c250769-58e7-4a67-92b8-05566aab2cd0,5,2000
4571599403,164,114.3,APPROVED,8ca5ca23-a910-469b-aec1-73bd31d74ba2,4,1000
4553719062,469,7212.84,APPROVED,3f3292d8-3056-42da-9ec5-d080c252a223,5,3000
4507478047,855,4752.75,WAITING,3f3292d8-3056-42da-9ec5-d080c252a223,1,3000
4517697335,137,5330.8,REJECTED,da731710-48f7-4c02-8dd6-917ff4c62e3b,3,3000
4507227156,96,9215.69,WAITING,cea90057-5542-4a9f-8ad8-2fa263b39b7b,2,3000
4531681410,212,991.23,REJECTED,37bf8863-0046-49cb-a72c-f7e41661214b,5,3000
4577279888,196,2198.33,REJECTED,84aadcf6-499b-4416-9a35-3e546eb39a5c,4,1000
4501109168,480,4261.27,REJECTED,77b34563-244c-46da-b014-af1a9c7fa9e4,1,1000
4553674019,774,9682.56,REJECTED,b6bbc970-46d2-4ff4-9c52-80f378cfe8ea,4,1000
4551562483,910,3550.48,WAITING,41e46c83-90d4-4836-a022-b900a018b3fa,1,2000
4523234963,695,57.17,QUOTATION,5c250769-58e7-4a67-92b8-05566aab2cd0,2,4000
4576841040,968,653.73,REJECTED,8ca5ca23-a910-469b-aec1-73bd31d74ba2,4,4000
4505371718,275,3769.93,WAITING,f524f9ee-95cb-4e66-a6c1-b58f8296e7f3,2,1000
4566697532,188,9938.6,WAITING,bcebc30c-15e5-48e2-9c32-c86d886f82a0,5,3000
4586661239,565,5587.77,QUOTATION,2ab670e8-49e3-4a95-9871-d937f77b5927,2,4000
4520009637,323,5061.62,APPROVED,fcc9df1e-2761-4b55-8f60-015b21066d78,2,1000
4588758106,875,122.51,QUOTATION,e069016d-d217-4fbc-b438-1e8790b731fb,1,2000
4527370127,602,1765.87,REJECTED,01bb5e4b-33d3-4db2-85a2-499f5c9e31b4,4,1000
4524413322,5,455.78,WAITING,28d388a1-0e70-41d0-a8a1-abb9e3263b7b,2,3000
4537773397,769,5515.33,APPROVED,73df3d25-bcec-47a6-8d66-6b628e81ed2d,1,1000
4573934300,92,7685.14,WAITING,a1a6e723-19c6-46fd-a584-917efe27f127,3,3000
4555278923,831,8934.16,QUOTATION,a4926703-442b-4179-808a-04de7d4e1015,4,3000
4568809198,736,9757.2,APPROVED,28d388a1-0e70-41d0-a8a1-abb9e3263b7b,3,4000
4500167771,675,2824.71,WAITING,3f3292d8-3056-42da-9ec5-d080c252a223,4,2000
4557053666,780,896.73,QUOTATION,3d3527a9-4ef5-45d5-83c2-4178789f9921,4,3000
4536797924,661,1444.6,QUOTATION,56ae9e46-c0b2-46ca-b51d-5686e00ce4a6,4,2000
4590320897,473,4729.79,QUOTATION,b6bbc970-46d2-4ff4-9c52-80f378cfe8ea,5,2000
4578562557,909,8604.01,QUOTATION,a4926703-442b-4179-808a-04de7d4e1015,3,3000
4517006036,949,2485.69,REJECTED,41e46c83-90d4-4836-a022-b900a018b3fa,2,3000
4553165936,261,1055.79,REJECTED,834a14f7-cbd7-4220-9587-cd61c93c8253,5,1000
4560074339,596,1616.5,WAITING,5257f4f1-580e-4eb3-89f9-6cae458e4509,2,3000
4500203092,537,5873.96,QUOTATION,cea90057-5542-4a9f-8ad8-2fa263b39b7b,4,1000
4569292340,55,4568.97,APPROVED,31ac60a6-1bc1-442c-ae10-4a420f770538,1,1000
4500381728,763,6546.47,WAITING,2ab670e8-49e3-4a95-9871-d937f77b5927,1,3000
4580969727,205,8999.8,REJECTED,b020551c-5fe7-45ea-881a-6fa78332362d,1,1000
4566422873,837,329.74,APPROVED,00a417fb-f2b9-4bb8-90c0-0787c3f2e3c7,5,4000
4546593262,582,6791.51,QUOTATION,b577718c-a2a9-4f8a-a41c-7cac0d102aab,4,1000
4540723643,101,9036.52,WAITING,d0d94739-009d-44aa-ae3d-8c35a65083c5,2,4000
4575846278,220,6322.58,WAITING,611eefb3-ef38-4a2e-831a-15aff1dde8f8,5,2000
4559428219,599,5830.52,WAITING,fe53d2be-049c-47fa-871a-c4a8b1a10e40,3,2000
4541077957,62,2382.45,APPROVED,37bf8863-0046-49cb-a72c-f7e41661214b,1,4000
4584286277,852,5519.78,REJECTED,3d3527a9-4ef5-45d5-83c2-4178789f9921,5,4000
4531779820,801,5856.0,APPROVED,651e8d5b-8636-4635-a934-6f9427d506b8,4,2000
4540504187,131,8567.9,WAITING,73df3d25-bcec-47a6-8d66-6b628e81ed2d,5,4000
4596481342,226,4335.94,APPROVED,b6bbc970-46d2-4ff4-9c52-80f378cfe8ea,4,3000
4599741156,257,6897.57,APPROVED,daffc87a-fdb5-424e-9155-782c6cd1b731,1,2000
4521293773,871,2586.72,QUOTATION,a1ad3c2b-45ca-491c-8ef2-a64af7d19e43,3,3000
4552291745,83,1287.95,APPROVED,12a301b9-4c71-4181-a853-d29be7b6bd18,1,2000
4507498491,533,2562.24,REJECTED,0439439c-8945-42c4-b079-5340d85df97c,1,1000
4541115747,807,7961.0,REJECTED,384bae62-8ba8-4cac-b8ad-3df4e68bcafa,5,3000
4575981221,703,3020.11,QUOTATION,3d3527a9-4ef5-45d5-83c2-4178789f9921,3,3000
4507781298,488,5787.48,APPROVED,73df3d25-bcec-47a6-8d66-6b628e81ed2d,3,4000
4574130215,321,882.58,REJECTED,62117371-6664-4e90-9e4c-e3939789c81a,1,2000
4504300141,480,2657.75,QUOTATION,daffc87a-fdb5-424e-9155-782c6cd1b731,4,1000
4570450573,262,8569.86,REJECTED,0e752cfe-75ff-427d-8214-57710b509b33,3,3000
4562109410,163,7452.55,REJECTED,f6979cad-3c89-4280-985d-d7f07aaa8c2b,4,4000
4539660491,626,3166.37,QUOTATION,c40f8a37-9024-4fcd-80a6-7917301ba6bd,5,2000
4560443150,736,8733.14,QUOTATION,2ab670e8-49e3-4a95-9871-d937f77b5927,3,1000
4504510942,194,8911.1,APPROVED,bcebc30c-15e5-48e2-9c32-c86d886f82a0,5,2000
4571475265,351,417.12,WAITING,ad64acbd-9045-44ec-9111-f6b3b90cb060,3,4000
4503478259,847,6066.8,WAITING,62117371-6664-4e90-9e4c-e3939789c81a,3,4000
4519045531,632,1578.92,APPROVED,15ddc72a-7103-4a88-a951-49c5aa75affd,5,1000
4599503452,308,328.46,APPROVED,8ca5ca23-a910-469b-aec1-73bd31d74ba2,4,1000
4540871094,946,8390.78,APPROVED,915bda23-d2b3-4bab-9d3b-0b701beb76fa,2,4000
4537139350,273,7359.12,APPROVED,31ac60a6-1bc1-442c-ae10-4a420f770538,1,1000
4554966951,73,228.69,REJECTED,84aadcf6-499b-4416-9a35-3e546eb39a5c,3,4000
4523077271,174,4485.05,WAITING,2c6e3cb9-21cb-4de6-ae38-f117a3cbdfe2,3,3000
4510332850,738,3084.24,WAITING,41e46c83-90d4-4836-a022-b900a018b3fa,5,2000
4555247941,36,4310.81,QUOTATION,0b319577-4ab0-4684-b112-b27aad212cb1,2,3000
4528644065,212,7324.41,QUOTATION,6cc3c3b9-23fa-4969-8791-af89dedc62c9,1,2000
4595999621,493,5643.51,REJECTED,ce1eeb99-74a8-4547-b95c-345102c07d21,5,2000
4515168501,608,2840.05,QUOTATION,ea38b7e1-b488-4873-ab04-3066d219b434,3,3000
4564899034,413,7276.81,QUOTATION,a4926703-442b-4179-808a-04de7d4e1015,2,1000
4503739453,440,6767.19,APPROVED,110f8801-eea1-420d-98e6-dd439569747b,1,3000
4525137450,47,1280.39,WAITING,74d238f7-61d4-41c6-9d51-b05f2eddcb36,2,1000
4560449630,428,6056.24,APPROVED,110f8801-eea1-420d-98e6-dd439569747b,3,3000
4569157278,302,3228.61,WAITING,4029508a-afa4-4faf-b175-4bb65b8a4dbb,2,4000
4584341549,384,3802.19,APPROVED,62117371-6664-4e90-9e4c-e3939789c81a,5,3000
4583779041,575,5233.23,WAITING,6cc3c3b9-23fa-4969-8791-af89dedc62c9,5,1000
4568351980,36,4341.98,APPROVED,0439439c-8945-42c4-b079-5340d85df97c,4,3000
4542674341,263,352.04,APPROVED,f6979cad-3c89-4280-985d-d7f07aaa8c2b,1,3000
4523360898,116,5031.27,QUOTATION,35672019-b6d1-42b4-b906-8819b248182e,5,2000
4576998774,109,1503.66,REJECTED,31ac60a6-1bc1-442c-ae10-4a420f770538,2,2000
4589504757,7,8142.29,REJECTED,41f3b33b-8871-42fd-90d5-1d1d9f2d5aed,4,1000
4548078510,448,4369.86,WAITING,651e8d5b-8636-4635-a934-6f9427d506b8,1,1000
4559621423,698,3444.49,WAITING,35672019-b6d1-42b4-b906-8819b248182e,4,1000
4564585125,213,9419.71,WAITING,5257f4f1-580e-4eb3-89f9-6cae458e4509,2,3000
4508113973,23,6640.17,QUOTATION,3c65561d-5119-4985-87e7-48965fe9f62c,3,4000
4515229269,585,5251.52,WAITING,134244b2-90f7-4d62-8488-d71e29828266,4,2000
4536236829,530,7168.37,APPROVED,15ddc72a-7103-4a88-a951-49c5aa75affd,1,2000
4591620088,768,3462.5,WAITING,ce1eeb99-74a8-4547-b95c-345102c07d21,5,2000
4508167879,286,9196.31,WAITING,0e752cfe-75ff-427d-8214-57710b509b33,2,2000
4540567261,701,6991.02,APPROVED,384bae62-8ba8-4cac-b8ad-3df4e68bcafa,1,4000
4584836959,421,8978.79,QUOTATION,5257f4f1-580e-4eb3-89f9-6cae458e4509,1,2000
4529380473,398,814.15,REJECTED,5c250769-58e7-4a67-92b8-05566aab2cd0,3,3000
4561874873,613,7378.49,QUOTATION,611eefb3-ef38-4a2e-831a-15aff1dde8f8,4,1000
4505311623,490,3738.03,REJECTED,a1a6e723-19c6-46fd-a584-917efe27f127,4,1000
4576005968,926,1272.15,WAITING,fcc9df1e-2761-4b55-8f60-015b21066d78,2,4000
4595436993,957,1645.61,REJECTED,8ca5ca23-a910-469b-aec1-73bd31d74ba2,3,1000
4546752432,441,8095.45,REJECTED,82ebf1b0-6982-4deb-ac51-c7a6d0a68c5d,2,1000
4567456525,61,4276.93,QUOTATION,8ca5ca23-a910-469b-aec1-73bd31d74ba2,2,3000
4548585945,731,2170.48,REJECTED,77b34563-244c-46da-b014-af1a9c7fa9e4,2,2000
4513694000,900,4876.28,REJECTED,00a417fb-f2b9-4bb8-90c0-0787c3f2e3c7,1,3000
4545349076,987,8295.35,QUOTATION,2c6e3cb9-21cb-4de6-ae38-f117a3cbdfe2,4,3000
4562805643,635,161.83,WAITING,a1ad3c2b-45ca-491c-8ef2-a64af7d19e43,5,3000
4510303868,59,5555.2,REJECTED,cea90057-5542-4a9f-8ad8-2fa263b39b7b,5,2000
4515416497,883,2789.25,APPROVED,834a14f7-cbd7-4220-9587-cd61c93c8253,2,3000
4531087210,137,4609.96,REJECTED,408c4fe5-9066-4997-8f1c-ad8daae4b1f6,3,3000
4553657656,686,5097.25,WAITING,daffc87a-fdb5-424e-9155-782c6cd1b731,5,1000
4596626275,421,7798.04,REJECTED,651e8d5b-8636-4635-a934-6f9427d506b8,2,4000
4550358100,333,4249.62,QUOTATION,0439439c-8945-42c4-b079-5340d85df97c,3,3000
4558491099,385,6873.1,REJECTED,ba3d4978-80db-4a12-9f06-e4c698936184,3,1000
4523317455,791,429.61,WAITING,9a109dc4-7be3-4aec-94bb-ede38f79ae14,5,2000
4553688281,546,6807.77,WAITING,fcc9df1e-2761-4b55-8f60-015b21066d78,1,4000
4598410091,366,5307.95,REJECTED,fffeaf8f-4b6b-4357-a309-89f4769c36da,5,1000
4564515518,106,9070.07,APPROVED,e069016d-d217-4fbc-b438-1e8790b731fb,4,4000
4516819166,300,6421.13,APPROVED,12a301b9-4c71-4181-a853-d29be7b6bd18,3,2000
4532448490,401,9896.25,APPROVED,6c55f239-a4f0-4edd-afe8-02d129db9eda,4,3000
4514601370,792,4470.78,QUOTATION,e7ba4d18-37bf-472c-9d3a-7756c21a55c9,3,3000
4581134269,508,5023.61,APPROVED,b0154cbb-c693-4062-88b9-a8acf4402b56,1,2000
4529854613,572,4179.13,QUOTATION,9ec93c76-9578-4947-a5ca-def516b026cb,5,2000
4502393129,725,7524.74,APPROVED,d0d94739-009d-44aa-ae3d-8c35a65083c5,4,1000
4565143466,479,4019.21,REJECTED,56ae9e46-c0b2-46ca-b51d-5686e00ce4a6,3,3000
4545335606,718,39.25,QUOTATION,01bb5e4b-33d3-4db2-85a2-499f5c9e31b4,3,4000
4531240928,58,3644.29,APPROVED,a9da22e7-f42f-4428-9083-96395b7a7e9a,4,3000
4562130890,535,9910.07,WAITING,73df3d25-bcec-47a6-8d66-6b628e81ed2d,1,1000
4510994994,460,5907.95,REJECTED,b0154cbb-c693-4062-88b9-a8acf4402b56,5,3000
4557212347,413,1665.4,REJECTED,9a109dc4-7be3-4aec-94bb-ede38f79ae14,4,3000
4585149678,875,8845.9,WAITING,611eefb3-ef38-4a2e-831a-15aff1dde8f8,1,3000
4504005942,644,2360.03,QUOTATION,ad64acbd-9045-44ec-9111-f6b3b90cb060,1,4000
4581483586,9,2476.31,APPROVED,6cc3c3b9-23fa-4969-8791-af89dedc62c9,1,3000
4502629596,751,4215.05,QUOTATION,384bae62-8ba8-4cac-b8ad-3df4e68bcafa,3,1000
4560028170,3,9983.95,QUOTATION,aa51a37d-2867-459b-8885-b5c8b161616a,4,2000
4576194046,695,9409.14,APPROVED,51991c98-a328-457f-a862-0962b2d30ddc,2,1000
4572009945,56,4298.97,QUOTATION,da731710-48f7-4c02-8dd6-917ff4c62e3b,5,2000
4589470108,53,3143.02,WAITING,6cc3c3b9-23fa-4969-8791-af89dedc62c9,5,4000
4583588213,117,2147.6,REJECTED,daffc87a-fdb5-424e-9155-782c6cd1b731,2,3000
4589652690,300,5899.06,APPROVED,dbce3e63-1a5c-4595-a1f9-d09c3d978567,4,1000
4532382367,654,8494.47,REJECTED,ea38b7e1-b488-4873-ab04-3066d219b434,1,1000
4513324029,212,6412.6,REJECTED,0c328cd6-def4-4097-8b5d-ef9b4362cfd3,4,4000
4593803004,386,3980.93,QUOTATION,ebfe58ef-0dee-41d8-859e-ae2bff66e7fc,4,2000
4572100175,576,8345.27,QUOTATION,a4926703-442b-4179-808a-04de7d4e1015,4,2000
4539500544,403,5336.72,REJECTED,bf599d91-442c-4e09-b5ae-b9f08a417d11,3,2000
4577009897,958,1033.76,APPROVED,b577718c-a2a9-4f8a-a41c-7cac0d102aab,1,2000
4517068798,471,8697.94,QUOTATION,fe53d2be-049c-47fa-871a-c4a8b1a10e40,5,3000
4588893556,30,6369.21,REJECTED,fe53d2be-049c-47fa-871a-c4a8b1a10e40,1,1000
4577847003,361,1284.47,APPROVED,00a417fb-f2b9-4bb8-90c0-0787c3f2e3c7,3,3000
4575050052,561,2848.24,QUOTATION,3d3527a9-4ef5-45d5-83c2-4178789f9921,4,1000
4556969654,195,4027.9,QUOTATION,76fa0c16-dc3a-4a9b-b914-de6a0097f3dc,5,2000
4599737839,538,1565.18,REJECTED,f524f9ee-95cb-4e66-a6c1-b58f8296e7f3,4,2000
4559873688,604,8599.97,REJECTED,17dffc12-ac1a-44ed-ad09-3c824851c624,1,2000
4577392239,599,4105.01,WAITING,134244b2-90f7-4d62-8488-d71e29828266,2,4000
4559848583,816,1098.92,APPROVED,915bda23-d2b3-4bab-9d3b-0b701beb76fa,4,2000
4557578651,106,3006.78,APPROVED,0b319577-4ab0-4684-b112-b27aad212cb1,1,2000
4563900002,205,9658.96,WAITING,8df0c99e-2745-44ae-94ee-ad79cb114fdb,3,2000
4537991911,174,4255.02,WAITING,9c7454a7-b80c-4d19-b841-4c0343b75add,1,1000
4533133436,410,1392.56,WAITING,0c328cd6-def4-4097-8b5d-ef9b4362cfd3,2,3000
4555455604,466,4032.8,APPROVED,05767575-2944-4457-9aa7-06e1dae2ae25,5,3000
4584801477,601,1783.54,QUOTATION,2c6e3cb9-21cb-4de6-ae38-f117a3cbdfe2,3,4000
4510181954,258,3381.83,WAITING,0439439c-8945-42c4-b079-5340d85df97c,3,1000
4549676739,222,2583.57,QUOTATION,8df0c99e-2745-44ae-94ee-ad79cb114fdb,4,2000
4542089558,629,2946.86,APPROVED,834a14f7-cbd7-4220-9587-cd61c93c8253,2,2000
4575339568,709,9616.81,WAITING,77b34563-244c-46da-b014-af1a9c7fa9e4,4,2000
4519959108,41,4201.89,REJECTED,daffc87a-fdb5-424e-9155-782c6cd1b731,3,2000
4540549115,77,1556.47,REJECTED,fffeaf8f-4b6b-4357-a309-89f4769c36da,2,4000
4517119869,819,1736.98,REJECTED,a1ad3c2b-45ca-491c-8ef2-a64af7d19e43,3,3000
4565742477,410,1284.69,QUOTATION,c40f8a37-9024-4fcd-80a6-7917301ba6bd,2,2000
4558173930,63,1464.48,REJECTED,bf599d91-442c-4e09-b5ae-b9f08a417d11,3,4000
4578649964,896,1701.1,QUOTATION,8ca5ca23-a910-469b-aec1-73bd31d74ba2,5,3000
4511209937,871,9721.33,QUOTATION,6c55f239-a4f0-4edd-afe8-02d129db9eda,4,3000
4575297788,892,5210.75,WAITING,da731710-48f7-4c02-8dd6-917ff4c62e3b,5,3000
4513131257,819,6907.15,QUOTATION,51991c98-a328-457f-a862-0962b2d30ddc,2,2000
4596707665,300,4750.87,APPROVED,fe53d2be-049c-47fa-871a-c4a8b1a10e40,3,1000
4581897233,935,3087.29,REJECTED,da731710-48f7-4c02-8dd6-917ff4c62e3b,1,2000
4502821880,325,3249.59,QUOTATION,bcebc30c-15e5-48e2-9c32-c86d886f82a0,3,4000
4574623566,440,5325.03,APPROVED,74d238f7-61d4-41c6-9d51-b05f2eddcb36,2,3000
4579812588,763,561.57,REJECTED,68681084-7b12-4fd9-9704-7da3802cb451,1,2000
4518470373,42,7965.19,QUOTATION,ba3d4978-80db-4a12-9f06-e4c698936184,5,3000
4514591810,265,8331.43,WAITING,82ebf1b0-6982-4deb-ac51-c7a6d0a68c5d,4,3000
4534450535,588,1948.07,APPROVED,0a58bce2-1697-4c89-b568-ae280f33f982,1,4000
4552192090,914,6864.86,REJECTED,134244b2-90f7-4d62-8488-d71e29828266,1,4000
4594757800,776,6460.13,WAITING,a4926703-442b-4179-808a-04de7d4e1015,1,1000
4538188257,475,9460.4,REJECTED,cea90057-5542-4a9f-8ad8-2fa263b39b7b,2,1000
4566822821,189,632.59,QUOTATION,eb8e5632-45d0-47e9-bcc0-ee76bf030643,1,1000
4527610853,130,2722.19,REJECTED,74d238f7-61d4-41c6-9d51-b05f2eddcb36,1,1000
4544289027,42,4764.1,WAITING,384bae62-8ba8-4cac-b8ad-3df4e68bcafa,4,3000
4524726176,870,1361.14,APPROVED,d4dbba0a-2b26-4233-9017-bb25b2e860f3,4,4000
4565452372,842,6481.0,REJECTED,05767575-2944-4457-9aa7-06e1dae2ae25,1,1000
4556796015,617,6116.61,APPROVED,41f3b33b-8871-42fd-90d5-1d1d9f2d5aed,1,3000
4552243746,204,2278.33,QUOTATION,41e46c83-90d4-4836-a022-b900a018b3fa,4,3000
4537994233,178,8180.73,APPROVED,05767575-2944-4457-9aa7-06e1dae2ae25,3,4000
4566414692,351,2969.86,REJECTED,a9da22e7-f42f-4428-9083-96395b7a7e9a,1,3000
4564214634,345,9979.83,APPROVED,9ec93c76-9578-4947-a5ca-def516b026cb,2,2000
4561220721,699,4131.33,WAITING,28d388a1-0e70-41d0-a8a1-abb9e3263b7b,1,3000
4562324537,493,429.9,QUOTATION,5257f4f1-580e-4eb3-89f9-6cae458e4509,3,4000
4515333182,592,2130.21,WAITING,17dffc12-ac1a-44ed-ad09-3c824851c624,4,3000
4507260459,698,1143.3,APPROVED,32149af9-a4f0-4e80-a73d-490a9faef06f,5,3000
4556963602,148,7901.45,REJECTED,5257f4f1-580e-4eb3-89f9-6cae458e4509,1,4000
4511904241,23,450.49,QUOTATION,3f3292d8-3056-42da-9ec5-d080c252a223,1,2000
4570284860,670,8825.01,QUOTATION,17dffc12-ac1a-44ed-ad09-3c824851c624,4,3000
4562434368,476,4706.17,QUOTATION,82ebf1b0-6982-4deb-ac51-c7a6d0a68c5d,1,3000
4506259404,306,5530.97,QUOTATION,84aadcf6-499b-4416-9a35-3e546eb39a5c,3,2000
4520381465,386,8974.36,QUOTATION,56ae9e46-c0b2-46ca-b51d-5686e00ce4a6,5,4000
4591728382,134,965.68,QUOTATION,975480d4-8c15-44ba-8c55-a9938bdaa2c4,3,4000
4558628584,981,5826.43,QUOTATION,31ac60a6-1bc1-442c-ae10-4a420f770538,1,3000
4568034342,810,2918.64,APPROVED,8ca5ca23-a910-469b-aec1-73bd31d74ba2,3,2000
4543410351,576,6608.53,REJECTED,3341d7ea-5bed-42e4-82c2-18d0adfbcdf1,4,1000
4575664905,584,2609.95,APPROVED,de541e55-b7b6-404a-8ce0-a6f1ea925750,5,2000
4570739091,742,9153.76,REJECTED,0439439c-8945-42c4-b079-5340d85df97c,2,2000
4551690291,882,4615.9,REJECTED,3ee51816-f540-45e6-8401-474c5df84e78,4,3000
4522947281,31,9114.95,WAITING,a9da22e7-f42f-4428-9083-96395b7a7e9a,5,2000
4565514862,446,5845.59,WAITING,daffc87a-fdb5-424e-9155-782c6cd1b731,3,1000
4579358790,771,3262.31,REJECTED,f524f9ee-95cb-4e66-a6c1-b58f8296e7f3,3,2000
4554529112,956,8875.39,WAITING,0c328cd6-def4-4097-8b5d-ef9b4362cfd3,5,1000
4560764814,475,5151.23,WAITING,ad64acbd-9045-44ec-9111-f6b3b90cb060,5,2000
4595718503,463,794.98,APPROVED,74d238f7-61d4-41c6-9d51-b05f2eddcb36,4,4000
4521568796,490,5417.16,WAITING,2c7b9d8a-6b92-4a21-a03e-024e434a203d,2,4000
4542381292,160,1272.15,APPROVED,5257f4f1-580e-4eb3-89f9-6cae458e4509,3,2000
4535923243,844,3818.16,WAITING,3d3527a9-4ef5-45d5-83c2-4178789f9921,3,3000
4500838880,100,5244.63,REJECTED,a9da22e7-f42f-4428-9083-96395b7a7e9a,4,1000
4564681092,522,81.83,APPROVED,d4dbba0a-2b26-4233-9017-bb25b2e860f3,4,4000
4575727130,425,5818.54,APPROVED,daffc87a-fdb5-424e-9155-782c6cd1b731,1,4000
4513087820,144,5585.04,QUOTATION,3d3527a9-4ef5-45d5-83c2-4178789f9921,3,2000
4554966630,911,9958.84,WAITING,408c4fe5-9066-4997-8f1c-ad8daae4b1f6,1,4000
4576661138,103,3570.93,APPROVED,ea38b7e1-b488-4873-ab04-3066d219b434,5,1000
4542079745,678,3268.6,QUOTATION,ba5b8587-5d45-44ac-9e4e-16cb4b3afecc,2,3000
4503943331,596,4273.0,APPROVED,5c250769-58e7-4a67-92b8-05566aab2cd0,5,4000
4556629097,987,9123.3,QUOTATION,32149af9-a4f0-4e80-a73d-490a9faef06f,4,2000
4578911240,328,3500.47,APPROVED,611eefb3-ef38-4a2e-831a-15aff1dde8f8,5,2000
4510292152,237,1955.16,REJECTED,0c328cd6-def4-4097-8b5d-ef9b4362cfd3,3,4000
4558397742,617,2849.79,WAITING,d5b6a98e-464a-4e85-ad1c-7fd6be7df835,3,3000
4503588058,830,8314.38,QUOTATION,b020551c-5fe7-45ea-881a-6fa78332362d,3,3000
4585539739,685,5004.9,WAITING,ea38b7e1-b488-4873-ab04-3066d219b434,2,1000
4589336168,996,1909.97,APPROVED,4029508a-afa4-4faf-b175-4bb65b8a4dbb,3,3000
4558784895,578,8122.53,WAITING,0439439c-8945-42c4-b079-5340d85df97c,2,3000
4553966842,336,971.22,WAITING,0a58bce2-1697-4c89-b568-ae280f33f982,2,3000
4541091472,503,8139.76,REJECTED,6cc3c3b9-23fa-4969-8791-af89dedc62c9,5,2000
4567993837,169,802.95,APPROVED,8df0c99e-2745-44ae-94ee-ad79cb114fdb,2,1000
4594205548,287,9595.09,APPROVED,d7da1df8-a4af-4efe-a657-570c6d350470,4,1000
4586996724,878,6219.55,QUOTATION,bf599d91-442c-4e09-b5ae-b9f08a417d11,4,3000
4535727231,503,969.74,WAITING,f6dd041e-f994-407c-9a1b-2ee8a39b9b25,2,4000
4575910388,781,6172.84,QUOTATION,fffeaf8f-4b6b-4357-a309-89f4769c36da,4,4000
4587999259,492,860.59,REJECTED,2c6e3cb9-21cb-4de6-ae38-f117a3cbdfe2,5,3000
4500930311,31,4203.51,APPROVED,aa51a37d-2867-459b-8885-b5c8b161616a,1,2000
4581265891,167,4358.52,WAITING,9ec93c76-9578-4947-a5ca-def516b026cb,2,2000
4522418873,60,4886.88,WAITING,a9da22e7-f42f-4428-9083-96395b7a7e9a,2,2000
4541978278,285,2882.41,REJECTED,5c250769-58e7-4a67-92b8-05566aab2cd0,1,3000
4545022161,928,7634.49,WAITING,f6dd041e-f994-407c-9a1b-2ee8a39b9b25,3,3000
4577023194,453,380.11,QUOTATION,3ee51816-f540-45e6-8401-474c5df84e78,4,3000
4592249841,595,5583.03,QUOTATION,68681084-7b12-4fd9-9704-7da3802cb451,3,3000
4535638698,73,7736.22,QUOTATION,0439439c-8945-42c4-b079-5340d85df97c,2,3000
4504483292,247,1309.39,QUOTATION,110f8801-eea1-420d-98e6-dd439569747b,2,2000
4513518397,714,9459.88,WAITING,384bae62-8ba8-4cac-b8ad-3df4e68bcafa,3,4000
4581398531,74,9622.97,APPROVED,ba3d4978-80db-4a12-9f06-e4c698936184,2,4000
4517324357,882,6346.14,REJECTED,408c4fe5-9066-4997-8f1c-ad8daae4b1f6,5,1000
4580021403,511,2028.29,REJECTED,de541e55-b7b6-404a-8ce0-a6f1ea925750,2,3000
4541838334,241,1826.74,APPROVED,3c65561d-5119-4985-87e7-48965fe9f62c,2,1000
4516129162,994,7613.03,WAITING,de541e55-b7b6-404a-8ce0-a6f1ea925750,2,2000
4537253971,871,9739.97,APPROVED,2c7b9d8a-6b92-4a21-a03e-024e434a203d,1,2000
4555739250,744,7659.22,QUOTATION,791660af-f0db-4fbd-a3a4-86bd38182556,3,1000
4556036920,942,650.38,APPROVED,b020551c-5fe7-45ea-881a-6fa78332362d,3,2000
4589123638,675,6325.41,WAITING,28d388a1-0e70-41d0-a8a1-abb9e3263b7b,3,2000
4559929114,785,347.64,QUOTATION,ba5b8587-5d45-44ac-9e4e-16cb4b3afecc,1,3000
4586561530,212,9527.97,QUOTATION,00a417fb-f2b9-4bb8-90c0-0787c3f2e3c7,5,2000
4544292571,423,4345.04,APPROVED,0e752cfe-75ff-427d-8214-57710b509b33,2,1000
4549318636,315,4757.4,QUOTATION,41e46c83-90d4-4836-a022-b900a018b3fa,4,4000
4583989875,593,2459.87,WAITING,ba5b8587-5d45-44ac-9e4e-16cb4b3afecc,3,4000
4598812387,558,8.03,REJECTED,0c328cd6-def4-4097-8b5d-ef9b4362cfd3,1,2000
4599168990,337,4745.63,QUOTATION,611eefb3-ef38-4a2e-831a-15aff1dde8f8,4,4000
4530884407,262,5931.09,QUOTATION,daffc87a-fdb5-424e-9155-782c6cd1b731,4,4000
4516094139,996,2673.21,REJECTED,3ee51816-f540-45e6-8401-474c5df84e78,5,4000
4514310623,241,5936.49,WAITING,b577718c-a2a9-4f8a-a41c-7cac0d102aab,4,3000
4517280154,617,4063.36,APPROVED,5257f4f1-580e-4eb3-89f9-6cae458e4509,5,2000
4564671599,445,4741.68,WAITING,b020551c-5fe7-45ea-881a-6fa78332362d,2,4000
4542719880,810,8062.86,QUOTATION,fe53d2be-049c-47fa-871a-c4a8b1a10e40,4,2000
4573624553,418,9233.44,REJECTED,2c6e3cb9-21cb-4de6-ae38-f117a3cbdfe2,2,3000
4590802282,767,4731.7,QUOTATION,f6979cad-3c89-4280-985d-d7f07aaa8c2b,5,2000
4592485798,864,9472.57,WAITING,28d388a1-0e70-41d0-a8a1-abb9e3263b7b,3,1000
4562852289,197,6111.6,WAITING,f524f9ee-95cb-4e66-a6c1-b58f8296e7f3,3,4000
4581380620,713,2425.56,WAITING,5c250769-58e7-4a67-92b8-05566aab2cd0,2,1000
4596332698,765,3916.88,APPROVED,3ee51816-f540-45e6-8401-474c5df84e78,5,3000
4544061852,961,9750.34,QUOTATION,37bf8863-0046-49cb-a72c-f7e41661214b,3,1000
4520193156,138,6741.54,WAITING,b0154cbb-c693-4062-88b9-a8acf4402b56,4,1000
4505856317,862,6785.93,APPROVED,3c65561d-5119-4985-87e7-48965fe9f62c,5,4000
4565403022,12,7787.19,WAITING,3ee51816-f540-45e6-8401-474c5df84e78,5,1000
4553775913,457,4314.48,QUOTATION,384bae62-8ba8-4cac-b8ad-3df4e68bcafa,4,4000
4571361615,33,7242.69,WAITING,d0d94739-009d-44aa-ae3d-8c35a65083c5,5,1000
4580433139,628,5028.1,QUOTATION,d5b6a98e-464a-4e85-ad1c-7fd6be7df835,2,1000
4584149118,841,5439.55,QUOTATION,0439439c-8945-42c4-b079-5340d85df97c,4,3000
4595899165,893,3478.34,QUOTATION,fcc9df1e-2761-4b55-8f60-015b21066d78,1,2000
4519859039,113,6060.75,QUOTATION,fcc9df1e-2761-4b55-8f60-015b21066d78,4,2000
4524629976,145,3541.16,APPROVED,b6bbc970-46d2-4ff4-9c52-80f378cfe8ea,5,3000
4585847891,6,2872.59,WAITING,5c250769-58e7-4a67-92b8-05566aab2cd0,5,4000
4514018893,82,3071.08,WAITING,2c7b9d8a-6b92-4a21-a03e-024e434a203d,2,2000
4595594608,925,4907.42,WAITING,f6979cad-3c89-4280-985d-d7f07aaa8c2b,3,3000
4570381635,23,4229.56,WAITING,8df0c99e-2745-44ae-94ee-ad79cb114fdb,1,1000
4578250410,219,8481.73,WAITING,3ee51816-f540-45e6-8401-474c5df84e78,1,1000
4524453138,805,6330.94,QUOTATION,0439439c-8945-42c4-b079-5340d85df97c,5,3000
4517628968,924,6854.71,APPROVED,f6dd041e-f994-407c-9a1b-2ee8a39b9b25,2,3000
4549157457,619,1294.91,WAITING,0e752cfe-75ff-427d-8214-57710b509b33,1,4000
4566453382,744,2789.97,REJECTED,00a417fb-f2b9-4bb8-90c0-0787c3f2e3c7,5,4000
4506365590,964,1124.88,WAITING,71b893be-0a75-41a7-9a52-bcdb771cc5ec,3,2000
4572721141,691,7889.08,APPROVED,5c250769-58e7-4a67-92b8-05566aab2cd0,1,4000
4566922182,30,4770.07,WAITING,f6dd041e-f994-407c-9a1b-2ee8a39b9b25,4,2000
4536623041,488,60.34,REJECTED,2c7b9d8a-6b92-4a21-a03e-024e434a203d,2,3000
4541582700,779,5528.54,REJECTED,9ec93c76-9578-4947-a5ca-def516b026cb,3,2000
4589428817,23,8623.98,APPROVED,0e752cfe-75ff-427d-8214-57710b509b33,1,4000
4552560844,40,6196.72,WAITING,de541e55-b7b6-404a-8ce0-a6f1ea925750,4,4000
4504012693,333,1948.47,REJECTED,d5b6a98e-464a-4e85-ad1c-7fd6be7df835,4,4000
4534011422,972,6038.62,REJECTED,a1ad3c2b-45ca-491c-8ef2-a64af7d19e43,1,1000
4541979830,911,9776.89,REJECTED,134244b2-90f7-4d62-8488-d71e29828266,1,4000
4531049729,498,2703.06,WAITING,b0154cbb-c693-4062-88b9-a8acf4402b56,2,3000
4520077400,606,6013.16,APPROVED,791660af-f0db-4fbd-a3a4-86bd38182556,5,2000
4598644403,325,1856.3,APPROVED,5c250769-58e7-4a67-92b8-05566aab2cd0,3,2000
4544898606,341,4447.22,QUOTATION,834a14f7-cbd7-4220-9587-cd61c93c8253,4,1000
4584196072,550,5609.26,REJECTED,5257f4f1-580e-4eb3-89f9-6cae458e4509,4,2000
4568718100,333,3943.66,REJECTED,2ab670e8-49e3-4a95-9871-d937f77b5927,1,2000
4581100548,105,1561.06,WAITING,a9da22e7-f42f-4428-9083-96395b7a7e9a,3,1000
4586687497,260,2372.43,QUOTATION,ce1eeb99-74a8-4547-b95c-345102c07d21,2,4000
4503670041,835,3982.54,APPROVED,77b34563-244c-46da-b014-af1a9c7fa9e4,5,4000
4583653183,874,5116.05,WAITING,3c65561d-5119-4985-87e7-48965fe9f62c,1,3000
4568367326,270,7387.33,WAITING,4029508a-afa4-4faf-b175-4bb65b8a4dbb,5,4000
4587500123,10,1916.11,WAITING,fcc9df1e-2761-4b55-8f60-015b21066d78,3,1000
4528116077,495,1912.05,APPROVED,41f3b33b-8871-42fd-90d5-1d1d9f2d5aed,1,4000
4506267733,585,8290.78,WAITING,8df0c99e-2745-44ae-94ee-ad79cb114fdb,1,4000
4530289016,18,708.29,QUOTATION,9a109dc4-7be3-4aec-94bb-ede38f79ae14,2,2000
4500370065,908,458.97,QUOTATION,fe53d2be-049c-47fa-871a-c4a8b1a10e40,5,3000
4541188562,229,1355.22,WAITING,01bb5e4b-33d3-4db2-85a2-499f5c9e31b4,3,3000
4510442595,208,4568.27,REJECTED,3341d7ea-5bed-42e4-82c2-18d0adfbcdf1,1,4000
4585788414,767,9655.01,APPROVED,daffc87a-fdb5-424e-9155-782c6cd1b731,2,1000
4571098351,617,8596.86,WAITING,611eefb3-ef38-4a2e-831a-15aff1dde8f8,5,2000
4580509569,311,7402.97,WAITING,31ac60a6-1bc1-442c-ae10-4a420f770538,5,3000
4562453103,741,5469.33,QUOTATION,62117371-6664-4e90-9e4c-e3939789c81a,5,4000
4528181874,192,2352.92,QUOTATION,cf11fe2a-443a-44e9-96b0-e6b91ddfa87d,3,2000
4544941485,360,4573.87,REJECTED,915bda23-d2b3-4bab-9d3b-0b701beb76fa,4,1000
4530987649,898,2007.55,REJECTED,12a301b9-4c71-4181-a853-d29be7b6bd18,5,4000
4580465099,509,4621.76,REJECTED,0a58bce2-1697-4c89-b568-ae280f33f982,5,3000
4504492881,537,734.57,QUOTATION,82ebf1b0-6982-4deb-ac51-c7a6d0a68c5d,2,3000
4562996915,565,7978.17,REJECTED,17dffc12-ac1a-44ed-ad09-3c824851c624,4,1000
4526389395,589,3626.49,REJECTED,ea38b7e1-b488-4873-ab04-3066d219b434,1,3000
4565644123,421,2156.09,WAITING,ad64acbd-9045-44ec-9111-f6b3b90cb060,2,2000
4546490168,147,2621.53,QUOTATION,2c7b9d8a-6b92-4a21-a03e-024e434a203d,3,4000
4519530514,276,4185.97,APPROVED,9c7454a7-b80c-4d19-b841-4c0343b75add,1,1000
4589316740,135,8580.31,WAITING,ba5b8587-5d45-44ac-9e4e-16cb4b3afecc,4,1000
4534829709,135,8450.78,QUOTATION,408c4fe5-9066-4997-8f1c-ad8daae4b1f6,2,4000
4569253481,842,5819.08,QUOTATION,ba5b8587-5d45-44ac-9e4e-16cb4b3afecc,5,3000
4537276575,792,6035.18,QUOTATION,b6bbc970-46d2-4ff4-9c52-80f378cfe8ea,4,3000
4563332031,132,1279.93,WAITING,73df3d25-bcec-47a6-8d66-6b628e81ed2d,3,2000
4585564153,267,8541.9,APPROVED,3f3292d8-3056-42da-9ec5-d080c252a223,5,3000
4540847928,805,9495.56,APPROVED,0c328cd6-def4-4097-8b5d-ef9b4362cfd3,2,2000
4586969660,181,9015.06,APPROVED,384bae62-8ba8-4cac-b8ad-3df4e68bcafa,2,1000
4518771278,526,5674.06,WAITING,3d3527a9-4ef5-45d5-83c2-4178789f9921,3,3000
4516476542,241,991.84,REJECTED,384bae62-8ba8-4cac-b8ad-3df4e68bcafa,2,2000
4587599689,807,7098.4,APPROVED,bf599d91-442c-4e09-b5ae-b9f08a417d11,1,1000
4531935408,757,6277.16,REJECTED,bcebc30c-15e5-48e2-9c32-c86d886f82a0,5,2000
4579330518,641,2532.62,QUOTATION,3c65561d-5119-4985-87e7-48965fe9f62c,4,3000
4566575997,455,4455.9,QUOTATION,f6dd041e-f994-407c-9a1b-2ee8a39b9b25,2,3000
4570677041,270,6647.33,WAITING,f6dd041e-f994-407c-9a1b-2ee8a39b9b25,4,4000
4575254948,98,3416.61,QUOTATION,35672019-b6d1-42b4-b906-8819b248182e,1,2000
4522977521,144,9676.5,WAITING,3f3292d8-3056-42da-9ec5-d080c252a223,2,4000
4548663320,137,2080.32,REJECTED,8df0c99e-2745-44ae-94ee-ad79cb114fdb,1,2000
4578975923,802,7483.43,REJECTED,da731710-48f7-4c02-8dd6-917ff4c62e3b,5,2000
4532210465,928,8696.75,REJECTED,da731710-48f7-4c02-8dd6-917ff4c62e3b,5,2000
4541191552,902,7850.77,WAITING,56ae9e46-c0b2-46ca-b51d-5686e00ce4a6,2,4000
4574739974,51,6457.92,REJECTED,68681084-7b12-4fd9-9704-7da3802cb451,5,1000
4563059827,163,6613.12,WAITING,56ae9e46-c0b2-46ca-b51d-5686e00ce4a6,1,2000
4550702515,171,7608.84,QUOTATION,b577718c-a2a9-4f8a-a41c-7cac0d102aab,4,3000
4570735755,857,5494.88,REJECTED,84aadcf6-499b-4416-9a35-3e546eb39a5c,3,3000
4513852161,33,8897.8,WAITING,791660af-f0db-4fbd-a3a4-86bd38182556,1,3000
4527190550,887,3250.13,APPROVED,aa51a37d-2867-459b-8885-b5c8b161616a,4,1000
4535102845,805,7053.61,REJECTED,77b34563-244c-46da-b014-af1a9c7fa9e4,5,4000
4573116573,767,7416.7,APPROVED,71b893be-0a75-41a7-9a52-bcdb771cc5ec,4,1000
4543047287,493,2327.87,WAITING,28d388a1-0e70-41d0-a8a1-abb9e3263b7b,1,2000
4552967405,55,6947.97,QUOTATION,d0d94739-009d-44aa-ae3d-8c35a65083c5,2,4000
4529827971,298,2271.19,REJECTED,a1a6e723-19c6-46fd-a584-917efe27f127,1,4000
4550639617,187,9659.02,QUOTATION,41f3b33b-8871-42fd-90d5-1d1d9f2d5aed,1,3000
4552697362,210,7710.3,WAITING,b6bbc970-46d2-4ff4-9c52-80f378cfe8ea,3,2000
4568202136,44,2573.96,REJECTED,0a58bce2-1697-4c89-b568-ae280f33f982,2,4000
4551888208,478,2404.78,WAITING,8ca5ca23-a910-469b-aec1-73bd31d74ba2,5,3000
4514080387,776,610.48,QUOTATION,28d388a1-0e70-41d0-a8a1-abb9e3263b7b,2,1000
4534908460,789,9375.28,QUOTATION,a9da22e7-f42f-4428-9083-96395b7a7e9a,1,3000
4541674980,539,1968.81,QUOTATION,dbce3e63-1a5c-4595-a1f9-d09c3d978567,1,4000
4520876538,685,4774.88,REJECTED,fffeaf8f-4b6b-4357-a309-89f4769c36da,4,2000
4543023308,225,8167.73,REJECTED,d0d94739-009d-44aa-ae3d-8c35a65083c5,5,2000
4541358557,658,7826.15,APPROVED,00a417fb-f2b9-4bb8-90c0-0787c3f2e3c7,3,3000
4535310120,144,2107.08,QUOTATION,51991c98-a328-457f-a862-0962b2d30ddc,1,3000
4567256257,247,2460.75,QUOTATION,56ae9e46-c0b2-46ca-b51d-5686e00ce4a6,3,4000
4543387978,633,1519.63,APPROVED,f6979cad-3c89-4280-985d-d7f07aaa8c2b,3,4000
4563971464,30,7800.11,QUOTATION,74d238f7-61d4-41c6-9d51-b05f2eddcb36,1,1000
4508606158,562,1738.71,REJECTED,05767575-2944-4457-9aa7-06e1dae2ae25,4,1000
4586344138,572,4565.01,QUOTATION,73df3d25-bcec-47a6-8d66-6b628e81ed2d,4,4000
4571360830,221,6583.88,WAITING,e069016d-d217-4fbc-b438-1e8790b731fb,3,1000
4546217248,861,3426.55,WAITING,791660af-f0db-4fbd-a3a4-86bd38182556,1,1000
4544351358,414,4157.36,REJECTED,bcebc30c-15e5-48e2-9c32-c86d886f82a0,5,1000
4593408369,181,1056.57,REJECTED,110f8801-eea1-420d-98e6-dd439569747b,1,4000
4512084278,353,4126.9,QUOTATION,9c7454a7-b80c-4d19-b841-4c0343b75add,1,1000
4590033348,430,9321.82,WAITING,611eefb3-ef38-4a2e-831a-15aff1dde8f8,1,4000
4533957457,643,8418.12,WAITING,9ec93c76-9578-4947-a5ca-def516b026cb,5,2000
4580964588,878,1947.86,QUOTATION,611eefb3-ef38-4a2e-831a-15aff1dde8f8,1,3000
4502852796,368,6147.82,REJECTED,37bf8863-0046-49cb-a72c-f7e41661214b,5,3000
4538547726,503,6373.46,WAITING,84aadcf6-499b-4416-9a35-3e546eb39a5c,5,4000
4597781677,169,8593.79,APPROVED,daffc87a-fdb5-424e-9155-782c6cd1b731,3,4000
4567088585,916,1818.31,APPROVED,8df0c99e-2745-44ae-94ee-ad79cb114fdb,5,4000
4567409103,471,7399.16,WAITING,32149af9-a4f0-4e80-a73d-490a9faef06f,5,3000
4512423319,623,1341.75,APPROVED,28d388a1-0e70-41d0-a8a1-abb9e3263b7b,2,1000
4541069755,950,5722.07,REJECTED,fffeaf8f-4b6b-4357-a309-89f4769c36da,5,1000
4518152559,368,2543.58,WAITING,e069016d-d217-4fbc-b438-1e8790b731fb,5,2000
4593905934,907,7053.86,WAITING,d0d94739-009d-44aa-ae3d-8c35a65083c5,5,3000
4550225151,432,6584.38,QUOTATION,51991c98-a328-457f-a862-0962b2d30ddc,1,3000
4592466285,229,8543.65,QUOTATION,c40f8a37-9024-4fcd-80a6-7917301ba6bd,2,2000
4518086714,944,689.53,WAITING,bcebc30c-15e5-48e2-9c32-c86d886f82a0,2,2000
4534440072,983,5282.78,APPROVED,0a58bce2-1697-4c89-b568-ae280f33f982,1,2000
4539119432,155,7310.5,QUOTATION,3d3527a9-4ef5-45d5-83c2-4178789f9921,3,3000
4552044811,183,669.68,APPROVED,d0d94739-009d-44aa-ae3d-8c35a65083c5,1,3000
4581147055,366,5510.42,REJECTED,dbce3e63-1a5c-4595-a1f9-d09c3d978567,3,1000
4543032940,173,1538.09,APPROVED,0439439c-8945-42c4-b079-5340d85df97c,4,3000
4529283826,893,8064.38,REJECTED,eb8e5632-45d0-47e9-bcc0-ee76bf030643,4,2000
4553524460,659,2290.55,APPROVED,00a417fb-f2b9-4bb8-90c0-0787c3f2e3c7,3,3000
4592312939,950,7233.99,QUOTATION,d7da1df8-a4af-4efe-a657-570c6d350470,2,3000
4571347216,63,2937.14,APPROVED,a1ad3c2b-45ca-491c-8ef2-a64af7d19e43,4,1000
4563889832,583,4088.19,WAITING,0439439c-8945-42c4-b079-5340d85df97c,1,3000
4534851172,281,2388.6,QUOTATION,41f3b33b-8871-42fd-90d5-1d1d9f2d5aed,1,1000
4519493939,609,2122.89,WAITING,0e752cfe-75ff-427d-8214-57710b509b33,5,1000
4561513470,385,2227.8,APPROVED,134244b2-90f7-4d62-8488-d71e29828266,1,4000
4552058701,549,263.73,WAITING,eb8e5632-45d0-47e9-bcc0-ee76bf030643,2,3000
4527047465,123,5612.82,APPROVED,9c7454a7-b80c-4d19-b841-4c0343b75add,4,4000
4595125091,313,5526.64,REJECTED,a1ad3c2b-45ca-491c-8ef2-a64af7d19e43,1,1000
4528104560,166,3431.25,QUOTATION,110f8801-eea1-420d-98e6-dd439569747b,4,2000
4513330309,750,3324.67,REJECTED,b0154cbb-c693-4062-88b9-a8acf4402b56,2,2000
4522048379,983,76.28,APPROVED,ba3d4978-80db-4a12-9f06-e4c698936184,5,4000
4594551846,673,7475.0,REJECTED,0a58bce2-1697-4c89-b568-ae280f33f982,2,4000
4577019587,588,7470.56,QUOTATION,35672019-b6d1-42b4-b906-8819b248182e,3,4000
4553416257,910,6248.53,QUOTATION,ba3d4978-80db-4a12-9f06-e4c698936184,4,3000
4579875839,565,4151.89,WAITING,0b319577-4ab0-4684-b112-b27aad212cb1,2,1000
4594276077,230,8573.07,REJECTED,17dffc12-ac1a-44ed-ad09-3c824851c624,3,3000
4515316457,669,7491.08,WAITING,ebfe58ef-0dee-41d8-859e-ae2bff66e7fc,5,1000
4589105230,899,1024.92,REJECTED,fcc9df1e-2761-4b55-8f60-015b21066d78,3,4000
4511025095,790,1915.0,REJECTED,4a2d279e-2495-496f-80d9-bc5a45e3b6b4,2,3000
4545738170,552,6623.93,QUOTATION,cea90057-5542-4a9f-8ad8-2fa263b39b7b,3,2000
4576884847,850,2858.72,WAITING,2c6e3cb9-21cb-4de6-ae38-f117a3cbdfe2,2,1000
4501889140,889,7832.33,REJECTED,51991c98-a328-457f-a862-0962b2d30ddc,3,4000
4596161926,727,6996.16,WAITING,f524f9ee-95cb-4e66-a6c1-b58f8296e7f3,1,1000
4569502104,673,4606.08,REJECTED,834a14f7-cbd7-4220-9587-cd61c93c8253,5,2000
4523130230,53,5851.74,WAITING,9567383e-1921-4683-803b-509faa2bc9d5,5,4000
4545210590,920,9425.67,APPROVED,e069016d-d217-4fbc-b438-1e8790b731fb,5,4000
4557641006,654,9939.23,WAITING,05767575-2944-4457-9aa7-06e1dae2ae25,4,4000
4590292671,863,2465.51,REJECTED,6c55f239-a4f0-4edd-afe8-02d129db9eda,5,2000
4504850368,625,5803.17,REJECTED,e7ba4d18-37bf-472c-9d3a-7756c21a55c9,2,2000
4563872532,843,2046.54,WAITING,d0d94739-009d-44aa-ae3d-8c35a65083c5,3,1000
4580848567,61,8199.37,WAITING,bf599d91-442c-4e09-b5ae-b9f08a417d11,1,1000
4542441491,134,8884.19,REJECTED,76fa0c16-dc3a-4a9b-b914-de6a0097f3dc,5,2000
4541789309,732,7155.7,QUOTATION,74d238f7-61d4-41c6-9d51-b05f2eddcb36,3,2000
4543117925,97,580.12,QUOTATION,c40f8a37-9024-4fcd-80a6-7917301ba6bd,2,3000
4541865670,194,3830.01,QUOTATION,408c4fe5-9066-4997-8f1c-ad8daae4b1f6,1,2000
4551082894,903,2877.19,APPROVED,0c328cd6-def4-4097-8b5d-ef9b4362cfd3,5,4000
4572614421,394,9612.01,APPROVED,e069016d-d217-4fbc-b438-1e8790b731fb,4,1000
4583396221,950,4987.35,QUOTATION,4029508a-afa4-4faf-b175-4bb65b8a4dbb,5,4000
4554503607,782,4449.17,APPROVED,32149af9-a4f0-4e80-a73d-490a9faef06f,5,2000
4582735757,438,4077.38,APPROVED,73df3d25-bcec-47a6-8d66-6b628e81ed2d,5,4000
4580746577,1000,9563.41,WAITING,5c250769-58e7-4a67-92b8-05566aab2cd0,3,4000
4596171634,307,7823.98,WAITING,f524f9ee-95cb-4e66-a6c1-b58f8296e7f3,3,1000
4521165169,642,6453.32,QUOTATION,ba3d4978-80db-4a12-9f06-e4c698936184,3,2000
4514159803,990,441.84,APPROVED,2c7b9d8a-6b92-4a21-a03e-024e434a203d,2,3000
4505165511,929,1110.11,APPROVED,975480d4-8c15-44ba-8c55-a9938bdaa2c4,2,4000
4530477665,35,4573.82,WAITING,e7ba4d18-37bf-472c-9d3a-7756c21a55c9,2,4000
4591413988,49,3541.81,QUOTATION,73df3d25-bcec-47a6-8d66-6b628e81ed2d,4,1000
4574344195,17,7100.58,APPROVED,da731710-48f7-4c02-8dd6-917ff4c62e3b,2,1000
4522300638,610,4731.46,APPROVED,ebfe58ef-0dee-41d8-859e-ae2bff66e7fc,3,4000
4508034387,567,5152.63,WAITING,f6979cad-3c89-4280-985d-d7f07aaa8c2b,1,4000
4502251030,576,6256.57,QUOTATION,32149af9-a4f0-4e80-a73d-490a9faef06f,3,2000
4533176072,172,1321.41,QUOTATION,2cf52c48-a37c-4244-a030-3fe16c443ecd,4,3000
4581447577,464,3228.29,WAITING,32149af9-a4f0-4e80-a73d-490a9faef06f,4,3000
4518557264,544,1939.53,QUOTATION,de541e55-b7b6-404a-8ce0-a6f1ea925750,3,1000
4523081703,225,7535.78,QUOTATION,915bda23-d2b3-4bab-9d3b-0b701beb76fa,1,1000
4534523898,285,9660.08,WAITING,c40f8a37-9024-4fcd-80a6-7917301ba6bd,1,4000
4544523232,244,8028.5,QUOTATION,4a2d279e-2495-496f-80d9-bc5a45e3b6b4,1,2000
4584314644,863,1267.17,QUOTATION,110f8801-eea1-420d-98e6-dd439569747b,4,4000
4594946710,363,1958.71,APPROVED,2cf52c48-a37c-4244-a030-3fe16c443ecd,4,4000
4585427366,312,8366.2,WAITING,da731710-48f7-4c02-8dd6-917ff4c62e3b,3,4000
4580299375,830,9545.41,REJECTED,134244b2-90f7-4d62-8488-d71e29828266,5,4000
4599377330,852,1311.9,QUOTATION,fcc9df1e-2761-4b55-8f60-015b21066d78,1,4000
4523673656,535,1396.14,QUOTATION,daffc87a-fdb5-424e-9155-782c6cd1b731,2,4000
4568169109,952,8102.72,APPROVED,77b34563-244c-46da-b014-af1a9c7fa9e4,2,4000
4591967383,99,3529.7,REJECTED,bf599d91-442c-4e09-b5ae-b9f08a417d11,3,3000
4560411275,778,6060.85,APPROVED,01bb5e4b-33d3-4db2-85a2-499f5c9e31b4,1,2000
4548725476,759,2698.18,WAITING,791660af-f0db-4fbd-a3a4-86bd38182556,3,1000
4584521834,507,2737.78,APPROVED,0a58bce2-1697-4c89-b568-ae280f33f982,5,4000
4561442564,771,8851.26,QUOTATION,791660af-f0db-4fbd-a3a4-86bd38182556,5,3000
4525549702,924,5100.61,REJECTED,110f8801-eea1-420d-98e6-dd439569747b,2,1000
4565169464,353,7141.27,REJECTED,71b893be-0a75-41a7-9a52-bcdb771cc5ec,4,2000
4521815730,448,3876.4,REJECTED,915bda23-d2b3-4bab-9d3b-0b701beb76fa,1,4000
4595724917,877,4617.44,WAITING,41e46c83-90d4-4836-a022-b900a018b3fa,1,1000
4590559355,861,8552.17,APPROVED,8ca5ca23-a910-469b-aec1-73bd31d74ba2,5,2000
4512966180,853,2189.48,REJECTED,3d3527a9-4ef5-45d5-83c2-4178789f9921,2,1000
4543740830,275,7730.3,WAITING,41f3b33b-8871-42fd-90d5-1d1d9f2d5aed,2,4000
4560718974,886,6479.69,QUOTATION,8ca5ca23-a910-469b-aec1-73bd31d74ba2,4,1000
4510240297,590,8689.55,QUOTATION,82ebf1b0-6982-4deb-ac51-c7a6d0a68c5d,1,4000
4529292517,716,6223.79,QUOTATION,b020551c-5fe7-45ea-881a-6fa78332362d,5,2000
4581731600,479,6123.31,QUOTATION,110f8801-eea1-420d-98e6-dd439569747b,4,1000
4521118344,460,1358.04,QUOTATION,05767575-2944-4457-9aa7-06e1dae2ae25,2,2000
4517667785,345,849.51,APPROVED,fcc9df1e-2761-4b55-8f60-015b21066d78,3,2000
4580973644,633,2626.53,WAITING,a1ad3c2b-45ca-491c-8ef2-a64af7d19e43,5,4000
4560348579,805,1628.53,WAITING,3f3292d8-3056-42da-9ec5-d080c252a223,3,1000
4567424052,794,7690.83,WAITING,fcc9df1e-2761-4b55-8f60-015b21066d78,3,3000
4511738523,464,8854.29,APPROVED,0439439c-8945-42c4-b079-5340d85df97c,2,1000
4595109421,737,3882.74,REJECTED,2c6e3cb9-21cb-4de6-ae38-f117a3cbdfe2,5,4000
4555357639,775,226.3,APPROVED,408c4fe5-9066-4997-8f1c-ad8daae4b1f6,5,1000
4538370250,967,6727.7,QUOTATION,56ae9e46-c0b2-46ca-b51d-5686e00ce4a6,4,4000
4563537016,401,1261.47,QUOTATION,05767575-2944-4457-9aa7-06e1dae2ae25,5,1000
4514011185,253,8399.05,APPROVED,4029508a-afa4-4faf-b175-4bb65b8a4dbb,3,3000
4505367612,629,1750.24,APPROVED,41f3b33b-8871-42fd-90d5-1d1d9f2d5aed,3,4000
4557529542,118,1328.16,WAITING,cf11fe2a-443a-44e9-96b0-e6b91ddfa87d,3,4000
4596061338,484,8602.02,APPROVED,9567383e-1921-4683-803b-509faa2bc9d5,1,1000
4530030185,716,3047.01,QUOTATION,28d388a1-0e70-41d0-a8a1-abb9e3263b7b,2,3000
4528938141,850,1098.68,QUOTATION,01bb5e4b-33d3-4db2-85a2-499f5c9e31b4,4,4000
4572026039,374,8657.76,REJECTED,ebfe58ef-0dee-41d8-859e-ae2bff66e7fc,3,4000
4528094876,13,2464.83,APPROVED,bcebc30c-15e5-48e2-9c32-c86d886f82a0,5,3000
4505476485,509,9024.62,REJECTED,975480d4-8c15-44ba-8c55-a9938bdaa2c4,1,3000
4527874236,774,1596.24,REJECTED,4a2d279e-2495-496f-80d9-bc5a45e3b6b4,3,3000
4507857793,642,9006.17,WAITING,c40f8a37-9024-4fcd-80a6-7917301ba6bd,4,3000
4585427989,900,6020.33,QUOTATION,134244b2-90f7-4d62-8488-d71e29828266,2,2000
4515783797,106,4078.14,APPROVED,e069016d-d217-4fbc-b438-1e8790b731fb,1,1000
4575084116,183,2074.42,APPROVED,a9da22e7-f42f-4428-9083-96395b7a7e9a,1,3000
4573290640,421,1615.4,QUOTATION,5257f4f1-580e-4eb3-89f9-6cae458e4509,4,3000
4530973843,308,4943.17,QUOTATION,651e8d5b-8636-4635-a934-6f9427d506b8,5,2000
4556029485,693,5714.12,WAITING,31ac60a6-1bc1-442c-ae10-4a420f770538,1,4000
4508000669,108,2482.65,REJECTED,f6dd041e-f994-407c-9a1b-2ee8a39b9b25,2,1000
4518586816,358,7600.93,REJECTED,bcebc30c-15e5-48e2-9c32-c86d886f82a0,1,2000
4559027484,590,5231.65,WAITING,651e8d5b-8636-4635-a934-6f9427d506b8,2,4000
4577297219,382,8471.8,WAITING,ba3d4978-80db-4a12-9f06-e4c698936184,5,4000
4574041158,207,5046.3,APPROVED,f524f9ee-95cb-4e66-a6c1-b58f8296e7f3,2,2000
4556184717,302,6178.02,QUOTATION,2c7b9d8a-6b92-4a21-a03e-024e434a203d,3,3000
4545459966,578,6609.66,WAITING,01bb5e4b-33d3-4db2-85a2-499f5c9e31b4,2,1000
4566481373,620,6829.22,QUOTATION,2c6e3cb9-21cb-4de6-ae38-f117a3cbdfe2,5,4000
4533312815,920,4149.12,QUOTATION,134244b2-90f7-4d62-8488-d71e29828266,4,2000
4540647577,289,5722.63,REJECTED,01bb5e4b-33d3-4db2-85a2-499f5c9e31b4,3,4000
4582844801,845,521.01,QUOTATION,134244b2-90f7-4d62-8488-d71e29828266,2,2000
4510240786,222,5195.91,WAITING,ad64acbd-9045-44ec-9111-f6b3b90cb060,1,3000
4573633738,860,2819.27,QUOTATION,daffc87a-fdb5-424e-9155-782c6cd1b731,1,2000
4534528411,423,6506.79,APPROVED,ea38b7e1-b488-4873-ab04-3066d219b434,3,2000
4507717883,696,6194.78,APPROVED,3f3292d8-3056-42da-9ec5-d080c252a223,2,1000
4534330217,573,1060.36,APPROVED,d7da1df8-a4af-4efe-a657-570c6d350470,5,1000
4597106622,475,2779.88,REJECTED,c40f8a37-9024-4fcd-80a6-7917301ba6bd,2,3000
4595836102,588,6572.38,WAITING,62117371-6664-4e90-9e4c-e3939789c81a,4,2000
4564515706,857,718.48,APPROVED,62117371-6664-4e90-9e4c-e3939789c81a,2,2000
4585782572,880,5009.02,APPROVED,a9da22e7-f42f-4428-9083-96395b7a7e9a,4,2000
4582334230,339,95.06,QUOTATION,17dffc12-ac1a-44ed-ad09-3c824851c624,2,2000
4569945547,922,7912.4,APPROVED,8ca5ca23-a910-469b-aec1-73bd31d74ba2,5,2000
4522012922,988,2246.93,APPROVED,f6dd041e-f994-407c-9a1b-2ee8a39b9b25,1,3000
4535815025,299,7816.66,REJECTED,37bf8863-0046-49cb-a72c-f7e41661214b,4,2000
4595400649,39,8513.69,WAITING,8ca5ca23-a910-469b-aec1-73bd31d74ba2,3,4000
4557170458,27,5928.57,QUOTATION,fe53d2be-049c-47fa-871a-c4a8b1a10e40,2,1000
4565388800,608,385.29,WAITING,5c250769-58e7-4a67-92b8-05566aab2cd0,5,1000
4585153474,26,6819.63,QUOTATION,d7da1df8-a4af-4efe-a657-570c6d350470,1,2000
4559644904,444,7990.95,APPROVED,fe53d2be-049c-47fa-871a-c4a8b1a10e40,1,3000
4505752995,510,8510.24,QUOTATION,6c55f239-a4f0-4edd-afe8-02d129db9eda,2,1000
4573539439,954,9669.08,REJECTED,daffc87a-fdb5-424e-9155-782c6cd1b731,1,4000
4537015556,512,4612.51,QUOTATION,eb8e5632-45d0-47e9-bcc0-ee76bf030643,3,4000
4561655436,533,9537.87,APPROVED,611eefb3-ef38-4a2e-831a-15aff1dde8f8,2,4000
4507766935,573,3037.23,QUOTATION,fcc9df1e-2761-4b55-8f60-015b21066d78,2,3000
4515515858,782,3701.1,REJECTED,77b34563-244c-46da-b014-af1a9c7fa9e4,2,4000
4503737225,916,9050.01,WAITING,134244b2-90f7-4d62-8488-d71e29828266,4,2000
4518626179,949,6938.47,WAITING,0e752cfe-75ff-427d-8214-57710b509b33,3,2000
4522294620,872,3247.8,QUOTATION,76fa0c16-dc3a-4a9b-b914-de6a0097f3dc,2,3000
4566396732,480,1460.04,REJECTED,134244b2-90f7-4d62-8488-d71e29828266,1,4000
4509833766,400,2792.61,WAITING,9ec93c76-9578-4947-a5ca-def516b026cb,2,2000
4591799079,534,4231.16,WAITING,fe53d2be-049c-47fa-871a-c4a8b1a10e40,5,3000
4502064440,86,4588.74,QUOTATION,bcebc30c-15e5-48e2-9c32-c86d886f82a0,2,3000
4598228762,131,4574.31,WAITING,6c55f239-a4f0-4edd-afe8-02d129db9eda,2,2000
4511428641,928,5835.22,QUOTATION,12a301b9-4c71-4181-a853-d29be7b6bd18,2,3000
4519685021,536,1801.92,WAITING,41f3b33b-8871-42fd-90d5-1d1d9f2d5aed,2,3000
4593480343,351,3349.67,QUOTATION,f6979cad-3c89-4280-985d-d7f07aaa8c2b,1,4000
4516682902,315,5335.44,REJECTED,384bae62-8ba8-4cac-b8ad-3df4e68bcafa,3,3000
4562068371,361,2500.17,QUOTATION,e069016d-d217-4fbc-b438-1e8790b731fb,2,2000
4561913208,949,4765.39,QUOTATION,12a301b9-4c71-4181-a853-d29be7b6bd18,3,1000
4572368436,247,3178.92,APPROVED,d7da1df8-a4af-4efe-a657-570c6d350470,5,1000
4538356562,882,3478.7,REJECTED,daffc87a-fdb5-424e-9155-782c6cd1b731,4,2000
4559173083,787,6650.56,APPROVED,ea38b7e1-b488-4873-ab04-3066d219b434,4,4000
4524908435,178,2639.57,REJECTED,62117371-6664-4e90-9e4c-e3939789c81a,1,4000
4515182043,933,3283.07,REJECTED,35672019-b6d1-42b4-b906-8819b248182e,3,4000
4583123656,648,2768.38,APPROVED,975480d4-8c15-44ba-8c55-a9938bdaa2c4,1,1000
4576562747,586,2518.58,WAITING,daffc87a-fdb5-424e-9155-782c6cd1b731,2,4000
4530095858,182,3532.1,QUOTATION,834a14f7-cbd7-4220-9587-cd61c93c8253,1,4000
4502224608,441,3390.33,REJECTED,05767575-2944-4457-9aa7-06e1dae2ae25,4,3000
4517082784,636,2626.63,QUOTATION,a1ad3c2b-45ca-491c-8ef2-a64af7d19e43,1,2000
4538875512,435,9591.59,REJECTED,74d238f7-61d4-41c6-9d51-b05f2eddcb36,4,3000
4539229328,151,127.76,REJECTED,32149af9-a4f0-4e80-a73d-490a9faef06f,5,1000
4581596490,824,6105.66,QUOTATION,834a14f7-cbd7-4220-9587-cd61c93c8253,1,3000
4578246557,386,8515.55,QUOTATION,bf599d91-442c-4e09-b5ae-b9f08a417d11,4,1000
4503812182,903,3140.04,APPROVED,5257f4f1-580e-4eb3-89f9-6cae458e4509,2,2000
4532122472,505,1985.8,REJECTED,56ae9e46-c0b2-46ca-b51d-5686e00ce4a6,1,1000
4585977669,687,2717.81,QUOTATION,2c6e3cb9-21cb-4de6-ae38-f117a3cbdfe2,1,4000
4575892069,209,2289.17,APPROVED,51991c98-a328-457f-a862-0962b2d30ddc,1,2000
4549683413,25,7016.83,APPROVED,611eefb3-ef38-4a2e-831a-15aff1dde8f8,5,2000
4522460169,935,8841.17,REJECTED,3d3527a9-4ef5-45d5-83c2-4178789f9921,2,2000
4545798749,442,3385.6,REJECTED,5c250769-58e7-4a67-92b8-05566aab2cd0,4,4000
4522958533,764,2767.98,REJECTED,408c4fe5-9066-4997-8f1c-ad8daae4b1f6,2,1000
4589714865,119,4938.2,REJECTED,d5b6a98e-464a-4e85-ad1c-7fd6be7df835,2,4000
4507667813,953,1533.11,QUOTATION,da731710-48f7-4c02-8dd6-917ff4c62e3b,3,1000
4582769258,713,7534.17,APPROVED,a9da22e7-f42f-4428-9083-96395b7a7e9a,3,1000
4569486399,866,7363.11,APPROVED,17dffc12-ac1a-44ed-ad09-3c824851c624,4,4000
4522426618,446,3030.37,APPROVED,e069016d-d217-4fbc-b438-1e8790b731fb,5,2000
4521575809,425,8748.25,REJECTED,0439439c-8945-42c4-b079-5340d85df97c,2,4000
4538150206,133,4869.74,REJECTED,eb8e5632-45d0-47e9-bcc0-ee76bf030643,5,4000
4551626280,451,6583.0,REJECTED,e7ba4d18-37bf-472c-9d3a-7756c21a55c9,1,3000
4582964487,545,5361.75,WAITING,0f7e95f4-4fb9-4987-a1e1-5264880e721e,2,4000
4508417672,163,218.45,REJECTED,ebfe58ef-0dee-41d8-859e-ae2bff66e7fc,2,1000
4570749842,98,2685.24,REJECTED,3ee51816-f540-45e6-8401-474c5df84e78,3,2000
4569201791,862,7702.91,WAITING,daffc87a-fdb5-424e-9155-782c6cd1b731,1,2000
4560065270,354,7065.25,REJECTED,4a5df305-6d85-4b5a-81ca-b2a776017f8f,4,3000
4566820946,256,5150.67,WAITING,31ac60a6-1bc1-442c-ae10-4a420f770538,5,3000
4575838034,324,5044.26,QUOTATION,ba3d4978-80db-4a12-9f06-e4c698936184,1,3000
4541556296,163,7713.25,QUOTATION,3341d7ea-5bed-42e4-82c2-18d0adfbcdf1,4,2000
4577995062,666,3960.88,QUOTATION,6cc3c3b9-23fa-4969-8791-af89dedc62c9,2,1000
4596685193,59,4222.27,REJECTED,37bf8863-0046-49cb-a72c-f7e41661214b,2,4000
4572873959,970,5024.67,WAITING,28d388a1-0e70-41d0-a8a1-abb9e3263b7b,5,3000
4594303156,846,5865.8,APPROVED,9ec93c76-9578-4947-a5ca-def516b026cb,2,2000
4593346938,632,6874.76,REJECTED,0a58bce2-1697-4c89-b568-ae280f33f982,5,4000
4582621694,321,4620.6,REJECTED,ea38b7e1-b488-4873-ab04-3066d219b434,4,2000
4537789906,328,3606.13,QUOTATION,41e46c83-90d4-4836-a022-b900a018b3fa,2,1000
4597974509,949,6077.78,QUOTATION,aa51a37d-2867-459b-8885-b5c8b161616a,4,2000
4573384256,816,1473.59,REJECTED,d4dbba0a-2b26-4233-9017-bb25b2e860f3,1,1000
4588201128,649,114.35,WAITING,d0d94739-009d-44aa-ae3d-8c35a65083c5,4,1000
4554807592,584,9315.62,REJECTED,0c328cd6-def4-4097-8b5d-ef9b4362cfd3,2,4000
4564549938,289,4190.11,REJECTED,651e8d5b-8636-4635-a934-6f9427d506b8,2,2000
4594436956,524,5917.55,REJECTED,62117371-6664-4e90-9e4c-e3939789c81a,2,4000
4544339584,909,6855.41,WAITING,5257f4f1-580e-4eb3-89f9-6cae458e4509,5,2000
4537512579,411,1576.36,REJECTED,0c328cd6-def4-4097-8b5d-ef9b4362cfd3,1,3000
4590926580,252,4412.18,REJECTED,41f3b33b-8871-42fd-90d5-1d1d9f2d5aed,2,3000
4555846131,286,2314.11,APPROVED,834a14f7-cbd7-4220-9587-cd61c93c8253,5,4000
4521985695,119,4106.51,WAITING,a9da22e7-f42f-4428-9083-96395b7a7e9a,4,3000
4597539063,530,2003.4,QUOTATION,e069016d-d217-4fbc-b438-1e8790b731fb,4,1000
4511191446,935,8262.99,APPROVED,a9da22e7-f42f-4428-9083-96395b7a7e9a,2,3000
4511057168,67,9089.58,QUOTATION,9a109dc4-7be3-4aec-94bb-ede38f79ae14,1,4000
4522720284,401,1764.35,REJECTED,28d388a1-0e70-41d0-a8a1-abb9e3263b7b,1,2000
4561159329,418,558.04,WAITING,4029508a-afa4-4faf-b175-4bb65b8a4dbb,1,2000
4584955446,504,2305.46,APPROVED,9c7454a7-b80c-4d19-b841-4c0343b75add,3,2000
4540155219,314,8707.85,QUOTATION,76fa0c16-dc3a-4a9b-b914-de6a0097f3dc,2,2000
4542195847,89,422.43,WAITING,a1a6e723-19c6-46fd-a584-917efe27f127,4,4000
4595664731,655,8032.72,QUOTATION,9567383e-1921-4683-803b-509faa2bc9d5,2,4000
4594514152,18,338.83,QUOTATION,ea38b7e1-b488-4873-ab04-3066d219b434,4,3000
4545252799,655,8880.1,QUOTATION,dbce3e63-1a5c-4595-a1f9-d09c3d978567,1,4000
4502655512,793,7645.93,QUOTATION,f6dd041e-f994-407c-9a1b-2ee8a39b9b25,1,1000
4526330608,626,4068.51,REJECTED,62117371-6664-4e90-9e4c-e3939789c81a,1,2000
4593250383,614,5684.17,APPROVED,c40f8a37-9024-4fcd-80a6-7917301ba6bd,2,2000
4542746241,461,1856.23,APPROVED,3d3527a9-4ef5-45d5-83c2-4178789f9921,2,3000
4520467565,177,9631.43,QUOTATION,eb8e5632-45d0-47e9-bcc0-ee76bf030643,3,2000
4508487352,144,6913.9,REJECTED,00a417fb-f2b9-4bb8-90c0-0787c3f2e3c7,2,1000
4577342319,510,3643.97,WAITING,31ac60a6-1bc1-442c-ae10-4a420f770538,3,1000
4570736627,527,158.29,APPROVED,62117371-6664-4e90-9e4c-e3939789c81a,2,3000
4513727122,689,891.14,QUOTATION,35672019-b6d1-42b4-b906-8819b248182e,1,3000
4527691055,703,9292.17,QUOTATION,56ae9e46-c0b2-46ca-b51d-5686e00ce4a6,2,1000
4509691942,51,7464.29,REJECTED,ce1eeb99-74a8-4547-b95c-345102c07d21,1,3000
4571416246,447,3349.66,QUOTATION,134244b2-90f7-4d62-8488-d71e29828266,5,4000
4530500837,222,718.92,QUOTATION,cea90057-5542-4a9f-8ad8-2fa263b39b7b,4,4000
4558554057,72,1906.49,APPROVED,cf11fe2a-443a-44e9-96b0-e6b91ddfa87d,3,2000
4518795866,509,1778.35,QUOTATION,2c7b9d8a-6b92-4a21-a03e-024e434a203d,5,3000
4595292645,813,4546.94,APPROVED,ce1eeb99-74a8-4547-b95c-345102c07d21,5,4000
4561569789,558,3887.09,QUOTATION,9a109dc4-7be3-4aec-94bb-ede38f79ae14,4,2000
4599617592,930,8079.8,QUOTATION,3f3292d8-3056-42da-9ec5-d080c252a223,5,3000
4597338729,84,4214.26,QUOTATION,41f3b33b-8871-42fd-90d5-1d1d9f2d5aed,4,3000
4595412488,965,6002.42,WAITING,2c6e3cb9-21cb-4de6-ae38-f117a3cbdfe2,3,4000
4515154725,748,8899.39,APPROVED,0b319577-4ab0-4684-b112-b27aad212cb1,5,1000
4586452558,640,2698.96,APPROVED,a1a6e723-19c6-46fd-a584-917efe27f127,5,2000
4507367520,58,1869.15,REJECTED,b020551c-5fe7-45ea-881a-6fa78332362d,4,1000
4537835196,600,9616.42,REJECTED,3c65561d-5119-4985-87e7-48965fe9f62c,5,3000
4589451670,856,2117.71,REJECTED,73df3d25-bcec-47a6-8d66-6b628e81ed2d,3,3000
4517080570,668,7957.32,REJECTED,31ac60a6-1bc1-442c-ae10-4a420f770538,5,2000
4528488346,785,4015.74,QUOTATION,15ddc72a-7103-4a88-a951-49c5aa75affd,4,3000
4599610068,798,9788.0,QUOTATION,aa51a37d-2867-459b-8885-b5c8b161616a,3,4000
4510435274,832,6882.11,QUOTATION,0439439c-8945-42c4-b079-5340d85df97c,5,2000
4565551395,610,4177.76,QUOTATION,b577718c-a2a9-4f8a-a41c-7cac0d102aab,1,1000
4531263325,777,9525.84,WAITING,4a5df305-6d85-4b5a-81ca-b2a776017f8f,3,1000
4581435363,710,562.52,APPROVED,611eefb3-ef38-4a2e-831a-15aff1dde8f8,2,1000
4549532608,290,7230.62,WAITING,791660af-f0db-4fbd-a3a4-86bd38182556,5,4000
4591347731,516,5075.24,WAITING,01bb5e4b-33d3-4db2-85a2-499f5c9e31b4,2,3000
4594379167,435,2452.5,APPROVED,f6dd041e-f994-407c-9a1b-2ee8a39b9b25,3,1000
4591548534,209,9466.1,WAITING,b6bbc970-46d2-4ff4-9c52-80f378cfe8ea,3,3000
4502746008,175,5265.08,QUOTATION,ba3d4978-80db-4a12-9f06-e4c698936184,5,2000
4562714316,742,166.35,REJECTED,9ec93c76-9578-4947-a5ca-def516b026cb,2,2000
4514077806,46,2851.24,APPROVED,ce1eeb99-74a8-4547-b95c-345102c07d21,5,4000
4567965578,795,8880.14,WAITING,b577718c-a2a9-4f8a-a41c-7cac0d102aab,2,2000
4579419032,254,1836.1,REJECTED,3ee51816-f540-45e6-8401-474c5df84e78,4,3000
4531873347,267,6207.76,REJECTED,8df0c99e-2745-44ae-94ee-ad79cb114fdb,5,4000
4516441934,8,9773.83,QUOTATION,51991c98-a328-457f-a862-0962b2d30ddc,4,1000
4537373687,510,1577.27,QUOTATION,28d388a1-0e70-41d0-a8a1-abb9e3263b7b,5,2000
4503606430,718,9413.75,REJECTED,0b319577-4ab0-4684-b112-b27aad212cb1,2,1000
4580439932,669,607.09,REJECTED,41f3b33b-8871-42fd-90d5-1d1d9f2d5aed,3,3000
4585281268,199,4743.41,REJECTED,9a109dc4-7be3-4aec-94bb-ede38f79ae14,2,2000
4589109405,129,8068.45,APPROVED,6c55f239-a4f0-4edd-afe8-02d129db9eda,3,3000
4557755826,183,6813.1,APPROVED,110f8801-eea1-420d-98e6-dd439569747b,4,4000
4540992843,80,2538.04,QUOTATION,2c7b9d8a-6b92-4a21-a03e-024e434a203d,3,3000
4573704714,978,2520.96,WAITING,fcc9df1e-2761-4b55-8f60-015b21066d78,3,1000
4532395198,440,5848.19,APPROVED,bcebc30c-15e5-48e2-9c32-c86d886f82a0,1,3000
4519585173,981,9630.26,QUOTATION,d5b6a98e-464a-4e85-ad1c-7fd6be7df835,4,1000
4525015780,467,2588.86,REJECTED,110f8801-eea1-420d-98e6-dd439569747b,2,4000
4570591746,499,4336.18,REJECTED,cf11fe2a-443a-44e9-96b0-e6b91ddfa87d,3,4000
4530181775,704,4637.57,REJECTED,71b893be-0a75-41a7-9a52-bcdb771cc5ec,2,4000
4518449377,47,8884.03,REJECTED,834a14f7-cbd7-4220-9587-cd61c93c8253,5,3000
4551662814,548,6458.01,QUOTATION,3f3292d8-3056-42da-9ec5-d080c252a223,5,1000
4543678459,872,1323.99,REJECTED,b577718c-a2a9-4f8a-a41c-7cac0d102aab,1,2000
4516227042,298,75.73,WAITING,9567383e-1921-4683-803b-509faa2bc9d5,4,1000
4528679643,534,8639.32,QUOTATION,74d238f7-61d4-41c6-9d51-b05f2eddcb36,5,1000
4534290402,777,5899.22,WAITING,daffc87a-fdb5-424e-9155-782c6cd1b731,1,1000
4568460246,49,899.21,APPROVED,32149af9-a4f0-4e80-a73d-490a9faef06f,1,4000
4541866008,247,3086.88,QUOTATION,9a109dc4-7be3-4aec-94bb-ede38f79ae14,1,2000
4579874716,63,102.0,WAITING,4029508a-afa4-4faf-b175-4bb65b8a4dbb,4,3000
4566143601,479,3549.68,WAITING,b020551c-5fe7-45ea-881a-6fa78332362d,1,2000
4500438337,475,752.35,WAITING,0a58bce2-1697-4c89-b568-ae280f33f982,3,1000
4563062158,972,7812.98,QUOTATION,975480d4-8c15-44ba-8c55-a9938bdaa2c4,3,3000
4551859204,933,166.58,REJECTED,a1ad3c2b-45ca-491c-8ef2-a64af7d19e43,3,1000
4554912640,968,4237.84,QUOTATION,aa51a37d-2867-459b-8885-b5c8b161616a,2,1000
4572222107,311,775.84,WAITING,56ae9e46-c0b2-46ca-b51d-5686e00ce4a6,2,2000
4594793423,21,5341.61,REJECTED,17dffc12-ac1a-44ed-ad09-3c824851c624,5,4000
4575793208,245,7033.74,QUOTATION,2c7b9d8a-6b92-4a21-a03e-024e434a203d,4,3000
4525980272,574,697.45,WAITING,408c4fe5-9066-4997-8f1c-ad8daae4b1f6,5,2000
4518178598,426,1187.64,WAITING,975480d4-8c15-44ba-8c55-a9938bdaa2c4,4,3000
4501948201,638,459.98,QUOTATION,d7da1df8-a4af-4efe-a657-570c6d350470,3,2000
4527691371,132,108.45,APPROVED,35672019-b6d1-42b4-b906-8819b248182e,5,3000
4545769279,418,3792.64,APPROVED,4a2d279e-2495-496f-80d9-bc5a45e3b6b4,5,3000
4517155073,278,3538.66,REJECTED,d7da1df8-a4af-4efe-a657-570c6d350470,3,4000
4510990695,332,2698.38,QUOTATION,28d388a1-0e70-41d0-a8a1-abb9e3263b7b,5,4000
4519770077,160,1716.33,WAITING,4a2d279e-2495-496f-80d9-bc5a45e3b6b4,4,1000
4537949131,946,3929.21,QUOTATION,9ec93c76-9578-4947-a5ca-def516b026cb,4,4000
4518908404,363,3617.49,REJECTED,2c7b9d8a-6b92-4a21-a03e-024e434a203d,4,4000
4544419187,780,9075.46,APPROVED,3f3292d8-3056-42da-9ec5-d080c252a223,2,4000
4553669159,438,3285.86,QUOTATION,ba3d4978-80db-4a12-9f06-e4c698936184,2,2000
4523411153,315,1363.41,WAITING,3f3292d8-3056-42da-9ec5-d080c252a223,4,4000
4512037039,850,1935.24,APPROVED,77b34563-244c-46da-b014-af1a9c7fa9e4,3,2000
4554504265,89,6231.53,WAITING,37bf8863-0046-49cb-a72c-f7e41661214b,4,3000
4580686216,833,1514.58,REJECTED,f6dd041e-f994-407c-9a1b-2ee8a39b9b25,5,2000
4530792183,422,5321.67,QUOTATION,31ac60a6-1bc1-442c-ae10-4a420f770538,4,2000
4585193035,546,8228.51,QUOTATION,12a301b9-4c71-4181-a853-d29be7b6bd18,1,1000
4504522133,802,8060.48,WAITING,9fc109ea-2585-4c23-9329-2ccda2d964eb,3,4000
4567017567,824,8532.38,APPROVED,32149af9-a4f0-4e80-a73d-490a9faef06f,1,3000
4589047482,31,2731.24,WAITING,8ca5ca23-a910-469b-aec1-73bd31d74ba2,5,2000
4580914053,359,2616.95,WAITING,b6bbc970-46d2-4ff4-9c52-80f378cfe8ea,2,3000
4504701738,323,6843.12,REJECTED,ba3d4978-80db-4a12-9f06-e4c698936184,5,1000
4573850159,210,1735.1,REJECTED,6cc3c3b9-23fa-4969-8791-af89dedc62c9,2,1000
4541624561,221,4289.83,REJECTED,611eefb3-ef38-4a2e-831a-15aff1dde8f8,1,1000
4568744443,279,8206.76,QUOTATION,12a301b9-4c71-4181-a853-d29be7b6bd18,4,4000
4593324254,938,2849.33,REJECTED,f6979cad-3c89-4280-985d-d7f07aaa8c2b,3,2000
4518914534,831,7399.37,QUOTATION,384bae62-8ba8-4cac-b8ad-3df4e68bcafa,3,4000
4562086975,656,2139.52,REJECTED,73df3d25-bcec-47a6-8d66-6b628e81ed2d,4,1000
4546197723,223,7944.17,APPROVED,3f3292d8-3056-42da-9ec5-d080c252a223,5,1000
4515633505,917,6436.32,WAITING,3f3292d8-3056-42da-9ec5-d080c252a223,1,1000
4536124134,357,6371.43,REJECTED,d4dbba0a-2b26-4233-9017-bb25b2e860f3,5,3000
4567835690,150,5694.62,REJECTED,68681084-7b12-4fd9-9704-7da3802cb451,3,1000
4569227734,838,2224.5,QUOTATION,35672019-b6d1-42b4-b906-8819b248182e,4,4000
4590496412,283,2168.26,REJECTED,41e46c83-90d4-4836-a022-b900a018b3fa,5,4000
4576189980,731,3158.9,REJECTED,01bb5e4b-33d3-4db2-85a2-499f5c9e31b4,2,3000
4548255508,612,2840.43,REJECTED,00a417fb-f2b9-4bb8-90c0-0787c3f2e3c7,3,3000
4591870031,758,4925.55,APPROVED,a1ad3c2b-45ca-491c-8ef2-a64af7d19e43,5,1000
4547569255,38,5111.52,REJECTED,cf11fe2a-443a-44e9-96b0-e6b91ddfa87d,5,3000
4506894230,568,489.65,REJECTED,82ebf1b0-6982-4deb-ac51-c7a6d0a68c5d,4,3000
4547959575,841,9805.77,QUOTATION,ba3d4978-80db-4a12-9f06-e4c698936184,3,4000
4559286448,6,2534.69,REJECTED,d5b6a98e-464a-4e85-ad1c-7fd6be7df835,1,2000
4548776402,410,5118.0,APPROVED,110f8801-eea1-420d-98e6-dd439569747b,5,4000
4599793576,662,6479.27,APPROVED,0f7e95f4-4fb9-4987-a1e1-5264880e721e,4,3000
4588596968,547,3556.53,WAITING,3ee51816-f540-45e6-8401-474c5df84e78,3,2000
4591413518,171,2129.05,WAITING,d4dbba0a-2b26-4233-9017-bb25b2e860f3,5,3000
4520823487,555,6748.34,QUOTATION,dbce3e63-1a5c-4595-a1f9-d09c3d978567,3,1000
4539096096,902,3502.4,APPROVED,17dffc12-ac1a-44ed-ad09-3c824851c624,3,3000
4504193089,595,8078.35,QUOTATION,ea38b7e1-b488-4873-ab04-3066d219b434,4,1000
4506562729,711,115.05,REJECTED,134244b2-90f7-4d62-8488-d71e29828266,3,2000
4532380038,589,2842.45,REJECTED,0e752cfe-75ff-427d-8214-57710b509b33,4,3000
4578308421,779,7529.53,REJECTED,4a2d279e-2495-496f-80d9-bc5a45e3b6b4,4,2000
4570967285,397,465.6,QUOTATION,8df0c99e-2745-44ae-94ee-ad79cb114fdb,4,4000
4507159645,515,7906.54,QUOTATION,ba5b8587-5d45-44ac-9e4e-16cb4b3afecc,4,3000
4537143507,349,907.11,WAITING,de541e55-b7b6-404a-8ce0-a6f1ea925750,3,2000
4505032732,539,6244.99,APPROVED,651e8d5b-8636-4635-a934-6f9427d506b8,2,2000
4599859044,572,5499.54,WAITING,9ec93c76-9578-4947-a5ca-def516b026cb,2,2000
4571486998,549,3178.2,REJECTED,62117371-6664-4e90-9e4c-e3939789c81a,2,4000
4590107281,104,8354.2,WAITING,41e46c83-90d4-4836-a022-b900a018b3fa,2,1000
4573230469,57,7413.21,APPROVED,6c55f239-a4f0-4edd-afe8-02d129db9eda,3,3000
4525381409,514,5560.82,REJECTED,71b893be-0a75-41a7-9a52-bcdb771cc5ec,5,2000
4550032485,809,6443.88,REJECTED,b0154cbb-c693-4062-88b9-a8acf4402b56,5,2000
4555775065,351,4804.78,WAITING,d0d94739-009d-44aa-ae3d-8c35a65083c5,4,2000
4593495678,764,4369.95,REJECTED,d7da1df8-a4af-4efe-a657-570c6d350470,4,3000
4546938899,600,7106.96,REJECTED,daffc87a-fdb5-424e-9155-782c6cd1b731,2,4000
4573223917,389,804.06,QUOTATION,0e752cfe-75ff-427d-8214-57710b509b33,5,1000
4503945713,476,839.48,WAITING,82ebf1b0-6982-4deb-ac51-c7a6d0a68c5d,5,4000
4506680104,876,1545.25,WAITING,fffeaf8f-4b6b-4357-a309-89f4769c36da,4,2000
4569447993,940,7666.01,REJECTED,e069016d-d217-4fbc-b438-1e8790b731fb,3,4000
4570371038,517,7060.97,WAITING,01bb5e4b-33d3-4db2-85a2-499f5c9e31b4,1,3000
4590038537,380,8293.29,REJECTED,da731710-48f7-4c02-8dd6-917ff4c62e3b,5,2000
4527406972,157,5792.85,QUOTATION,134244b2-90f7-4d62-8488-d71e29828266,3,4000
4507375642,347,1418.71,APPROVED,0e752cfe-75ff-427d-8214-57710b509b33,1,2000
4590591317,168,7851.51,REJECTED,ba5b8587-5d45-44ac-9e4e-16cb4b3afecc,3,4000
4501455449,501,4275.86,REJECTED,d0d94739-009d-44aa-ae3d-8c35a65083c5,2,4000
4551926650,597,6498.28,APPROVED,0c328cd6-def4-4097-8b5d-ef9b4362cfd3,5,3000
4552511110,912,3566.41,REJECTED,d7da1df8-a4af-4efe-a657-570c6d350470,2,1000
4588427323,394,6691.79,QUOTATION,17dffc12-ac1a-44ed-ad09-3c824851c624,1,1000
4565563998,522,3562.29,WAITING,d0d94739-009d-44aa-ae3d-8c35a65083c5,3,3000
4509991060,722,1610.02,WAITING,6cc3c3b9-23fa-4969-8791-af89dedc62c9,4,1000
4519126585,620,2364.72,QUOTATION,a1ad3c2b-45ca-491c-8ef2-a64af7d19e43,2,3000
4516724452,624,1131.3,WAITING,dbce3e63-1a5c-4595-a1f9-d09c3d978567,2,4000
4555174556,365,960.1,WAITING,b6bbc970-46d2-4ff4-9c52-80f378cfe8ea,4,2000
4547666381,513,3482.31,QUOTATION,35672019-b6d1-42b4-b906-8819b248182e,5,1000
4543262554,410,4803.2,WAITING,bf599d91-442c-4e09-b5ae-b9f08a417d11,5,1000
4547884413,360,1160.11,QUOTATION,e7ba4d18-37bf-472c-9d3a-7756c21a55c9,2,2000
4535522565,66,5246.55,APPROVED,b577718c-a2a9-4f8a-a41c-7cac0d102aab,5,4000
4563918767,690,8102.83,APPROVED,32149af9-a4f0-4e80-a73d-490a9faef06f,5,2000
4598797080,148,6628.91,QUOTATION,41f3b33b-8871-42fd-90d5-1d1d9f2d5aed,2,1000
4587600784,332,7969.94,WAITING,daffc87a-fdb5-424e-9155-782c6cd1b731,1,2000
4571850984,99,5903.9,WAITING,00a417fb-f2b9-4bb8-90c0-0787c3f2e3c7,2,4000
4513969023,945,3502.24,WAITING,9fc109ea-2585-4c23-9329-2ccda2d964eb,5,2000
4550480318,907,2553.74,APPROVED,a1a6e723-19c6-46fd-a584-917efe27f127,3,3000
4584699173,389,7933.84,WAITING,d7da1df8-a4af-4efe-a657-570c6d350470,2,4000
4580076107,853,4760.13,WAITING,00a417fb-f2b9-4bb8-90c0-0787c3f2e3c7,5,3000
4525534434,57,1167.33,REJECTED,a9da22e7-f42f-4428-9083-96395b7a7e9a,4,1000
4540263690,666,6470.73,APPROVED,aa51a37d-2867-459b-8885-b5c8b161616a,4,1000
4526107011,725,2576.86,REJECTED,0f7e95f4-4fb9-4987-a1e1-5264880e721e,4,1000
4563446802,957,6768.06,REJECTED,d5b6a98e-464a-4e85-ad1c-7fd6be7df835,2,3000
4541371885,469,1322.23,WAITING,cf11fe2a-443a-44e9-96b0-e6b91ddfa87d,2,4000
4562611299,758,6457.03,WAITING,f524f9ee-95cb-4e66-a6c1-b58f8296e7f3,2,1000
4550016557,217,864.96,APPROVED,56ae9e46-c0b2-46ca-b51d-5686e00ce4a6,2,1000
4572644176,280,4092.94,WAITING,6c55f239-a4f0-4edd-afe8-02d129db9eda,4,4000
4568602883,303,8694.85,QUOTATION,3f3292d8-3056-42da-9ec5-d080c252a223,4,2000
4561918818,797,6596.47,REJECTED,cea90057-5542-4a9f-8ad8-2fa263b39b7b,2,2000
4508308520,843,1609.09,APPROVED,62117371-6664-4e90-9e4c-e3939789c81a,2,2000
4548562738,856,9242.49,REJECTED,2ab670e8-49e3-4a95-9871-d937f77b5927,4,1000
4570623474,693,714.81,QUOTATION,77b34563-244c-46da-b014-af1a9c7fa9e4,1,2000
4586908729,104,2487.84,APPROVED,408c4fe5-9066-4997-8f1c-ad8daae4b1f6,5,1000
4504352838,376,5777.84,WAITING,b6bbc970-46d2-4ff4-9c52-80f378cfe8ea,1,4000
4546849648,690,7087.54,APPROVED,dbce3e63-1a5c-4595-a1f9-d09c3d978567,1,1000
4560690666,362,6623.11,REJECTED,e7ba4d18-37bf-472c-9d3a-7756c21a55c9,3,2000
4524404527,518,1821.21,APPROVED,d7da1df8-a4af-4efe-a657-570c6d350470,1,3000
4507820104,354,8889.26,APPROVED,4a5df305-6d85-4b5a-81ca-b2a776017f8f,4,3000
4513832720,965,2973.17,APPROVED,611eefb3-ef38-4a2e-831a-15aff1dde8f8,2,4000
4594007201,449,8155.86,REJECTED,b020551c-5fe7-45ea-881a-6fa78332362d,2,2000
4504528285,328,8021.17,QUOTATION,cf11fe2a-443a-44e9-96b0-e6b91ddfa87d,3,3000
4523166978,412,4304.36,APPROVED,ebfe58ef-0dee-41d8-859e-ae2bff66e7fc,1,1000
4595966125,506,5321.71,WAITING,84aadcf6-499b-4416-9a35-3e546eb39a5c,2,1000
4590662624,35,5058.15,REJECTED,e7ba4d18-37bf-472c-9d3a-7756c21a55c9,5,4000
4552535118,776,2460.09,QUOTATION,9567383e-1921-4683-803b-509faa2bc9d5,3,4000
4511572361,460,2447.36,APPROVED,ba5b8587-5d45-44ac-9e4e-16cb4b3afecc,1,1000
4533222257,772,3695.3,APPROVED,cea90057-5542-4a9f-8ad8-2fa263b39b7b,3,1000
4541319927,277,7763.77,QUOTATION,a1ad3c2b-45ca-491c-8ef2-a64af7d19e43,2,1000
4567041781,511,2683.66,WAITING,ad64acbd-9045-44ec-9111-f6b3b90cb060,4,4000
4514534315,775,9312.04,APPROVED,bcebc30c-15e5-48e2-9c32-c86d886f82a0,3,2000
4569266381,517,6695.73,WAITING,41f3b33b-8871-42fd-90d5-1d1d9f2d5aed,1,3000
4595010155,963,7498.66,REJECTED,fcc9df1e-2761-4b55-8f60-015b21066d78,5,2000
4546789782,324,5681.72,WAITING,9ec93c76-9578-4947-a5ca-def516b026cb,2,2000
4533986720,678,610.46,QUOTATION,0e752cfe-75ff-427d-8214-57710b509b33,5,4000
4524919511,83,2413.53,QUOTATION,dbce3e63-1a5c-4595-a1f9-d09c3d978567,4,1000
4526898149,747,1726.64,QUOTATION,a1a6e723-19c6-46fd-a584-917efe27f127,5,2000
4584667190,614,3716.89,WAITING,77b34563-244c-46da-b014-af1a9c7fa9e4,3,1000
4541899784,584,6223.62,REJECTED,74d238f7-61d4-41c6-9d51-b05f2eddcb36,4,4000
4552975552,599,4769.09,WAITING,0b319577-4ab0-4684-b112-b27aad212cb1,3,4000
4541535569,987,4535.81,APPROVED,37bf8863-0046-49cb-a72c-f7e41661214b,4,4000
4588053394,508,2007.74,WAITING,01bb5e4b-33d3-4db2-85a2-499f5c9e31b4,2,2000
4553064480,236,9095.55,REJECTED,611eefb3-ef38-4a2e-831a-15aff1dde8f8,5,3000
4579850132,666,3244.09,QUOTATION,fcc9df1e-2761-4b55-8f60-015b21066d78,3,3000
4586549042,607,122.43,APPROVED,d7da1df8-a4af-4efe-a657-570c6d350470,3,2000
4582912278,582,4406.11,REJECTED,3d3527a9-4ef5-45d5-83c2-4178789f9921,5,2000
4545493303,402,7773.33,WAITING,84aadcf6-499b-4416-9a35-3e546eb39a5c,5,2000
4570614105,590,8104.12,APPROVED,791660af-f0db-4fbd-a3a4-86bd38182556,5,1000
4531585567,250,9317.78,WAITING,9a109dc4-7be3-4aec-94bb-ede38f79ae14,5,1000
4577423614,815,3597.26,WAITING,cf11fe2a-443a-44e9-96b0-e6b91ddfa87d,3,3000
4562565577,170,3463.64,REJECTED,32149af9-a4f0-4e80-a73d-490a9faef06f,2,1000
4564038250,124,8843.14,QUOTATION,eb8e5632-45d0-47e9-bcc0-ee76bf030643,2,4000
4595901930,143,768.75,REJECTED,4a5df305-6d85-4b5a-81ca-b2a776017f8f,1,4000
4595832607,948,2413.85,QUOTATION,3f3292d8-3056-42da-9ec5-d080c252a223,2,4000
4554629812,84,556.68,QUOTATION,84aadcf6-499b-4416-9a35-3e546eb39a5c,3,3000
4517938764,729,4567.38,QUOTATION,a1ad3c2b-45ca-491c-8ef2-a64af7d19e43,1,3000
4544814257,446,4337.65,APPROVED,aa51a37d-2867-459b-8885-b5c8b161616a,2,2000
4518697751,594,7287.99,QUOTATION,2ab670e8-49e3-4a95-9871-d937f77b5927,5,3000
4566430589,805,8407.42,QUOTATION,00a417fb-f2b9-4bb8-90c0-0787c3f2e3c7,2,2000
4528762554,84,6151.94,WAITING,62117371-6664-4e90-9e4c-e3939789c81a,2,1000
4582402696,548,6151.59,WAITING,4a2d279e-2495-496f-80d9-bc5a45e3b6b4,1,2000
4544146182,956,9918.77,WAITING,bf599d91-442c-4e09-b5ae-b9f08a417d11,1,1000
4556582241,845,3831.85,REJECTED,84aadcf6-499b-4416-9a35-3e546eb39a5c,4,3000
4551611417,802,4084.45,APPROVED,15ddc72a-7103-4a88-a951-49c5aa75affd,5,3000
4523305972,126,430.04,QUOTATION,4029508a-afa4-4faf-b175-4bb65b8a4dbb,2,2000
4569444993,523,187.3,APPROVED,2ab670e8-49e3-4a95-9871-d937f77b5927,1,4000
4566308799,13,7401.96,QUOTATION,3c65561d-5119-4985-87e7-48965fe9f62c,3,2000
4505082892,454,661.24,APPROVED,2c6e3cb9-21cb-4de6-ae38-f117a3cbdfe2,1,3000
4576497583,224,8191.64,REJECTED,0c328cd6-def4-4097-8b5d-ef9b4362cfd3,3,3000
4514062244,844,2659.87,QUOTATION,0e752cfe-75ff-427d-8214-57710b509b33,5,3000
4527580624,998,940.51,APPROVED,915bda23-d2b3-4bab-9d3b-0b701beb76fa,3,2000
4551160151,395,6853.16,QUOTATION,9fc109ea-2585-4c23-9329-2ccda2d964eb,4,1000
4552048145,116,8456.06,APPROVED,76fa0c16-dc3a-4a9b-b914-de6a0097f3dc,4,3000
4533002399,148,7428.99,QUOTATION,0b319577-4ab0-4684-b112-b27aad212cb1,5,1000
4587164434,888,1079.79,REJECTED,aa51a37d-2867-459b-8885-b5c8b161616a,1,3000
4586919074,423,4421.26,WAITING,d5b6a98e-464a-4e85-ad1c-7fd6be7df835,2,3000
4553119592,836,6313.35,WAITING,b020551c-5fe7-45ea-881a-6fa78332362d,4,2000
4551818918,406,8394.24,REJECTED,0c328cd6-def4-4097-8b5d-ef9b4362cfd3,2,4000
4560475326,24,520.63,REJECTED,134244b2-90f7-4d62-8488-d71e29828266,1,4000
4526143206,942,4233.68,APPROVED,ea38b7e1-b488-4873-ab04-3066d219b434,2,3000
4503892576,65,4441.82,WAITING,0c328cd6-def4-4097-8b5d-ef9b4362cfd3,2,2000
4579989119,834,1385.98,APPROVED,cea90057-5542-4a9f-8ad8-2fa263b39b7b,3,4000
4590824465,658,346.78,REJECTED,0a58bce2-1697-4c89-b568-ae280f33f982,2,4000
4506642021,225,8734.24,REJECTED,651e8d5b-8636-4635-a934-6f9427d506b8,4,4000
4546972065,942,3035.88,QUOTATION,77b34563-244c-46da-b014-af1a9c7fa9e4,5,3000
4535695699,88,3688.87,REJECTED,834a14f7-cbd7-4220-9587-cd61c93c8253,3,2000
4557810927,29,7548.0,APPROVED,01bb5e4b-33d3-4db2-85a2-499f5c9e31b4,4,4000
4541143557,443,7444.46,REJECTED,12a301b9-4c71-4181-a853-d29be7b6bd18,1,3000
4553958833,762,5236.28,REJECTED,35672019-b6d1-42b4-b906-8819b248182e,3,2000
4537935451,401,2662.25,QUOTATION,b6bbc970-46d2-4ff4-9c52-80f378cfe8ea,1,2000
4587160449,660,3882.23,REJECTED,5257f4f1-580e-4eb3-89f9-6cae458e4509,1,2000
4572550977,146,5184.05,REJECTED,31ac60a6-1bc1-442c-ae10-4a420f770538,1,2000
4517006122,886,6050.94,APPROVED,9fc109ea-2585-4c23-9329-2ccda2d964eb,5,1000
4594982005,991,3350.48,WAITING,ebfe58ef-0dee-41d8-859e-ae2bff66e7fc,2,2000
4513028661,596,5511.53,REJECTED,01bb5e4b-33d3-4db2-85a2-499f5c9e31b4,3,1000
4560234613,527,6430.54,REJECTED,fcc9df1e-2761-4b55-8f60-015b21066d78,4,2000
4547815512,116,7092.85,APPROVED,71b893be-0a75-41a7-9a52-bcdb771cc5ec,5,2000
4516834578,89,2639.78,QUOTATION,4029508a-afa4-4faf-b175-4bb65b8a4dbb,4,2000
4536820730,320,8309.96,WAITING,56ae9e46-c0b2-46ca-b51d-5686e00ce4a6,3,4000
4583903662,394,3112.33,REJECTED,c40f8a37-9024-4fcd-80a6-7917301ba6bd,3,1000
4528185874,945,4119.65,WAITING,de541e55-b7b6-404a-8ce0-a6f1ea925750,4,3000
4504192219,729,9263.38,REJECTED,6c55f239-a4f0-4edd-afe8-02d129db9eda,1,2000
4585439523,925,726.79,QUOTATION,8ca5ca23-a910-469b-aec1-73bd31d74ba2,2,1000
4500950443,363,2382.35,QUOTATION,71b893be-0a75-41a7-9a52-bcdb771cc5ec,2,3000
4588062262,397,919.74,QUOTATION,b0154cbb-c693-4062-88b9-a8acf4402b56,2,3000
4522750612,191,9640.66,APPROVED,4a2d279e-2495-496f-80d9-bc5a45e3b6b4,2,3000
4568690457,601,5593.01,APPROVED,51991c98-a328-457f-a862-0962b2d30ddc,2,1000
4578009961,863,5581.3,WAITING,f6dd041e-f994-407c-9a1b-2ee8a39b9b25,2,1000
4591570706,851,8802.89,WAITING,00a417fb-f2b9-4bb8-90c0-0787c3f2e3c7,3,2000
4500073569,174,606.11,REJECTED,d7da1df8-a4af-4efe-a657-570c6d350470,2,2000
4586389767,681,9969.52,WAITING,a1a6e723-19c6-46fd-a584-917efe27f127,2,1000
4528691769,529,2368.32,QUOTATION,3c65561d-5119-4985-87e7-48965fe9f62c,5,4000
4535172414,776,8192.35,WAITING,f524f9ee-95cb-4e66-a6c1-b58f8296e7f3,3,3000
4579245566,816,4478.8,WAITING,76fa0c16-dc3a-4a9b-b914-de6a0097f3dc,1,4000
4573116818,980,8144.3,QUOTATION,791660af-f0db-4fbd-a3a4-86bd38182556,2,1000
4530721053,226,6316.38,REJECTED,f524f9ee-95cb-4e66-a6c1-b58f8296e7f3,2,4000
4565097665,537,8606.53,WAITING,84aadcf6-499b-4416-9a35-3e546eb39a5c,3,2000
4516993821,253,89.28,WAITING,62117371-6664-4e90-9e4c-e3939789c81a,4,3000
4519390609,706,146.04,QUOTATION,834a14f7-cbd7-4220-9587-cd61c93c8253,5,4000
4586329644,779,7382.09,REJECTED,32149af9-a4f0-4e80-a73d-490a9faef06f,1,1000
4517021366,529,8870.78,QUOTATION,ea38b7e1-b488-4873-ab04-3066d219b434,3,2000
4531456346,221,6540.73,APPROVED,3c65561d-5119-4985-87e7-48965fe9f62c,1,4000
4554178714,240,901.45,APPROVED,e7ba4d18-37bf-472c-9d3a-7756c21a55c9,2,2000
4589893167,235,8235.37,WAITING,fcc9df1e-2761-4b55-8f60-015b21066d78,2,1000
4587717020,519,5500.15,REJECTED,eb8e5632-45d0-47e9-bcc0-ee76bf030643,4,4000
4536771442,736,5216.6,WAITING,611eefb3-ef38-4a2e-831a-15aff1dde8f8,2,2000
4558605952,831,4141.1,QUOTATION,15ddc72a-7103-4a88-a951-49c5aa75affd,2,2000
4548978951,727,3040.95,REJECTED,31ac60a6-1bc1-442c-ae10-4a420f770538,5,3000
4573070171,270,9478.09,WAITING,41e46c83-90d4-4836-a022-b900a018b3fa,1,3000
4581863816,829,3526.82,WAITING,68681084-7b12-4fd9-9704-7da3802cb451,5,2000
4500353669,144,4972.3,QUOTATION,41e46c83-90d4-4836-a022-b900a018b3fa,5,4000
4582767602,260,8123.42,APPROVED,ea38b7e1-b488-4873-ab04-3066d219b434,4,1000
4576419595,175,2722.18,APPROVED,b020551c-5fe7-45ea-881a-6fa78332362d,3,4000
4504709264,599,6357.1,APPROVED,2cf52c48-a37c-4244-a030-3fe16c443ecd,5,2000
4508908833,25,3159.99,APPROVED,d0d94739-009d-44aa-ae3d-8c35a65083c5,3,3000
4588987943,7,877.62,REJECTED,134244b2-90f7-4d62-8488-d71e29828266,2,4000
4595548955,844,7173.72,APPROVED,f6dd041e-f994-407c-9a1b-2ee8a39b9b25,3,4000
4526156024,579,3997.54,QUOTATION,110f8801-eea1-420d-98e6-dd439569747b,2,4000
4532004294,106,8805.92,QUOTATION,408c4fe5-9066-4997-8f1c-ad8daae4b1f6,4,2000
4541676682,683,3452.36,QUOTATION,84aadcf6-499b-4416-9a35-3e546eb39a5c,2,4000
4506098897,894,2751.87,REJECTED,eb8e5632-45d0-47e9-bcc0-ee76bf030643,1,3000
4572108815,286,1777.31,QUOTATION,ce1eeb99-74a8-4547-b95c-345102c07d21,4,2000
4509161633,485,369.53,QUOTATION,ce1eeb99-74a8-4547-b95c-345102c07d21,3,3000
4501695021,50,6604.65,APPROVED,84aadcf6-499b-4416-9a35-3e546eb39a5c,3,2000
4579682481,740,1288.18,REJECTED,4029508a-afa4-4faf-b175-4bb65b8a4dbb,2,3000
4573870830,872,5035.3,WAITING,e7ba4d18-37bf-472c-9d3a-7756c21a55c9,5,1000
4527526743,436,704.16,QUOTATION,da731710-48f7-4c02-8dd6-917ff4c62e3b,1,2000
4522027559,968,8992.29,REJECTED,3f3292d8-3056-42da-9ec5-d080c252a223,1,1000
4552749555,956,254.46,REJECTED,bcebc30c-15e5-48e2-9c32-c86d886f82a0,1,2000
4556231469,388,7343.54,APPROVED,110f8801-eea1-420d-98e6-dd439569747b,2,4000
4544775620,919,7315.6,QUOTATION,da731710-48f7-4c02-8dd6-917ff4c62e3b,3,3000
4543086205,123,9240.18,APPROVED,bcebc30c-15e5-48e2-9c32-c86d886f82a0,5,1000
4526832435,847,8659.3,QUOTATION,915bda23-d2b3-4bab-9d3b-0b701beb76fa,5,3000
4546104573,785,2728.82,APPROVED,fffeaf8f-4b6b-4357-a309-89f4769c36da,4,3000
4582920754,316,2655.37,QUOTATION,ce1eeb99-74a8-4547-b95c-345102c07d21,1,1000
4500394307,679,1114.14,WAITING,00a417fb-f2b9-4bb8-90c0-0787c3f2e3c7,5,3000
4579583922,788,2749.94,WAITING,cf11fe2a-443a-44e9-96b0-e6b91ddfa87d,3,4000
4590686597,144,2228.64,QUOTATION,51991c98-a328-457f-a862-0962b2d30ddc,5,2000
4594856305,651,8878.05,WAITING,76fa0c16-dc3a-4a9b-b914-de6a0097f3dc,5,4000
4595216453,250,7996.69,QUOTATION,915bda23-d2b3-4bab-9d3b-0b701beb76fa,4,3000
4555989800,395,8582.59,APPROVED,dbce3e63-1a5c-4595-a1f9-d09c3d978567,1,2000
4560345518,156,1016.99,REJECTED,5c250769-58e7-4a67-92b8-05566aab2cd0,3,1000
4586919184,659,3378.94,REJECTED,5c250769-58e7-4a67-92b8-05566aab2cd0,5,4000
4537163459,542,2525.9,WAITING,a4926703-442b-4179-808a-04de7d4e1015,1,4000
4501617817,433,6308.18,WAITING,8ca5ca23-a910-469b-aec1-73bd31d74ba2,4,2000
4572928290,147,8587.74,REJECTED,e069016d-d217-4fbc-b438-1e8790b731fb,5,4000
4580122083,653,1335.0,WAITING,28d388a1-0e70-41d0-a8a1-abb9e3263b7b,2,1000
4536571622,658,2569.45,QUOTATION,74d238f7-61d4-41c6-9d51-b05f2eddcb36,4,3000
4507908154,625,5753.18,REJECTED,d0d94739-009d-44aa-ae3d-8c35a65083c5,2,3000
4536037002,602,6524.26,APPROVED,915bda23-d2b3-4bab-9d3b-0b701beb76fa,2,1000
4518804185,834,1255.84,WAITING,f6dd041e-f994-407c-9a1b-2ee8a39b9b25,1,2000
4580912811,167,552.33,REJECTED,74d238f7-61d4-41c6-9d51-b05f2eddcb36,2,3000
4584502220,88,9846.06,QUOTATION,28d388a1-0e70-41d0-a8a1-abb9e3263b7b,2,3000
4590749310,408,107.75,APPROVED,6cc3c3b9-23fa-4969-8791-af89dedc62c9,1,1000
4549965340,584,3075.68,APPROVED,ce1eeb99-74a8-4547-b95c-345102c07d21,3,4000
4557523067,253,2222.98,QUOTATION,68681084-7b12-4fd9-9704-7da3802cb451,4,2000
4561656918,864,5578.28,WAITING,408c4fe5-9066-4997-8f1c-ad8daae4b1f6,5,3000
4512401839,721,6461.02,REJECTED,d4dbba0a-2b26-4233-9017-bb25b2e860f3,4,3000
4542492864,898,5021.68,REJECTED,4029508a-afa4-4faf-b175-4bb65b8a4dbb,4,3000
4558781506,534,6302.15,QUOTATION,daffc87a-fdb5-424e-9155-782c6cd1b731,2,1000
4539767055,769,2813.25,WAITING,bcebc30c-15e5-48e2-9c32-c86d886f82a0,1,1000
4575742460,872,1619.93,APPROVED,9567383e-1921-4683-803b-509faa2bc9d5,5,3000
4591940171,734,9172.72,QUOTATION,37bf8863-0046-49cb-a72c-f7e41661214b,1,1000
4512739745,41,2766.39,REJECTED,cea90057-5542-4a9f-8ad8-2fa263b39b7b,2,1000
4575871519,583,8608.43,WAITING,b020551c-5fe7-45ea-881a-6fa78332362d,2,3000
4589872203,524,3707.87,REJECTED,834a14f7-cbd7-4220-9587-cd61c93c8253,3,2000
4564349079,916,3189.53,WAITING,9ec93c76-9578-4947-a5ca-def516b026cb,1,2000
4533942546,731,5144.75,APPROVED,fe53d2be-049c-47fa-871a-c4a8b1a10e40,3,2000
4568771588,500,5822.02,APPROVED,01bb5e4b-33d3-4db2-85a2-499f5c9e31b4,1,1000
4524075019,370,4531.11,QUOTATION,c40f8a37-9024-4fcd-80a6-7917301ba6bd,2,2000
4559545717,234,9903.36,QUOTATION,0c328cd6-def4-4097-8b5d-ef9b4362cfd3,3,1000
4571411640,98,6248.44,REJECTED,134244b2-90f7-4d62-8488-d71e29828266,3,1000
4552198635,585,2563.55,WAITING,d7da1df8-a4af-4efe-a657-570c6d350470,4,1000
4589890648,966,5545.19,REJECTED,fcc9df1e-2761-4b55-8f60-015b21066d78,2,1000
4597742294,652,4593.19,APPROVED,eb8e5632-45d0-47e9-bcc0-ee76bf030643,4,1000
4564419991,740,7806.32,REJECTED,a4926703-442b-4179-808a-04de7d4e1015,2,3000
4546920731,522,8011.68,QUOTATION,0a58bce2-1697-4c89-b568-ae280f33f982,1,4000
4537710984,44,9375.72,APPROVED,77b34563-244c-46da-b014-af1a9c7fa9e4,3,1000
4518894745,382,996.67,REJECTED,56ae9e46-c0b2-46ca-b51d-5686e00ce4a6,1,1000
4551812977,635,5959.04,QUOTATION,fffeaf8f-4b6b-4357-a309-89f4769c36da,5,4000
4561460530,458,5283.49,REJECTED,82ebf1b0-6982-4deb-ac51-c7a6d0a68c5d,5,1000
4591870248,835,6032.19,APPROVED,fcc9df1e-2761-4b55-8f60-015b21066d78,2,1000
4596129138,342,8034.64,WAITING,a4926703-442b-4179-808a-04de7d4e1015,5,2000
4515191335,602,3859.73,QUOTATION,d4dbba0a-2b26-4233-9017-bb25b2e860f3,5,1000
4578723907,415,4501.89,WAITING,71b893be-0a75-41a7-9a52-bcdb771cc5ec,1,3000
4596254683,733,5922.51,REJECTED,da731710-48f7-4c02-8dd6-917ff4c62e3b,5,4000
4582011569,794,1533.55,WAITING,915bda23-d2b3-4bab-9d3b-0b701beb76fa,3,2000
4525700322,977,9251.49,APPROVED,17dffc12-ac1a-44ed-ad09-3c824851c624,5,1000
4504912141,608,9516.94,WAITING,0f7e95f4-4fb9-4987-a1e1-5264880e721e,3,1000
4553264799,411,8831.03,APPROVED,9a109dc4-7be3-4aec-94bb-ede38f79ae14,4,1000
4534191024,2,3767.47,APPROVED,110f8801-eea1-420d-98e6-dd439569747b,2,2000
4583322128,850,4231.48,WAITING,611eefb3-ef38-4a2e-831a-15aff1dde8f8,4,2000
4556071442,834,2603.24,QUOTATION,c40f8a37-9024-4fcd-80a6-7917301ba6bd,3,4000
4541117955,981,9002.14,WAITING,eb8e5632-45d0-47e9-bcc0-ee76bf030643,4,4000
4522788402,598,614.94,WAITING,daffc87a-fdb5-424e-9155-782c6cd1b731,4,4000
4571033874,200,7183.46,APPROVED,8df0c99e-2745-44ae-94ee-ad79cb114fdb,3,3000
4554641713,310,5296.77,REJECTED,ea38b7e1-b488-4873-ab04-3066d219b434,1,2000
4554034118,139,8871.8,WAITING,5257f4f1-580e-4eb3-89f9-6cae458e4509,1,4000
4513870242,589,4941.48,REJECTED,3341d7ea-5bed-42e4-82c2-18d0adfbcdf1,2,1000
4549412791,448,2077.02,APPROVED,32149af9-a4f0-4e80-a73d-490a9faef06f,1,2000
4530943007,192,2059.96,APPROVED,00a417fb-f2b9-4bb8-90c0-0787c3f2e3c7,1,2000
4568995371,964,2779.1,REJECTED,31ac60a6-1bc1-442c-ae10-4a420f770538,3,4000
4507544557,884,4634.73,WAITING,134244b2-90f7-4d62-8488-d71e29828266,5,3000
4513804581,545,8307.07,WAITING,51991c98-a328-457f-a862-0962b2d30ddc,3,3000
4517326751,843,7001.63,QUOTATION,0e752cfe-75ff-427d-8214-57710b509b33,3,3000
4551372652,777,4754.66,QUOTATION,0e752cfe-75ff-427d-8214-57710b509b33,3,3000
4568366046,757,4102.51,APPROVED,ba5b8587-5d45-44ac-9e4e-16cb4b3afecc,4,4000
4574270224,549,3864.66,WAITING,b0154cbb-c693-4062-88b9-a8acf4402b56,3,3000
4537756131,260,8665.39,APPROVED,0b319577-4ab0-4684-b112-b27aad212cb1,4,1000
4515452121,625,9644.93,QUOTATION,15ddc72a-7103-4a88-a951-49c5aa75affd,3,1000
4591627911,366,3073.96,REJECTED,b0154cbb-c693-4062-88b9-a8acf4402b56,1,2000
4599086151,247,2672.29,REJECTED,0a58bce2-1697-4c89-b568-ae280f33f982,2,1000
4523744825,634,7408.39,QUOTATION,2c7b9d8a-6b92-4a21-a03e-024e434a203d,4,3000
4507066242,467,1182.19,REJECTED,05767575-2944-4457-9aa7-06e1dae2ae25,1,3000
4520547495,677,4296.51,REJECTED,ebfe58ef-0dee-41d8-859e-ae2bff66e7fc,5,2000
4517980202,572,987.13,WAITING,fffeaf8f-4b6b-4357-a309-89f4769c36da,2,4000
4596890315,733,9956.2,APPROVED,cea90057-5542-4a9f-8ad8-2fa263b39b7b,3,1000
4595735488,239,9399.89,APPROVED,41e46c83-90d4-4836-a022-b900a018b3fa,1,2000
4546248965,893,7942.58,REJECTED,d7da1df8-a4af-4efe-a657-570c6d350470,2,2000
4544791943,329,5823.77,WAITING,68681084-7b12-4fd9-9704-7da3802cb451,1,3000
4585574508,898,6856.39,WAITING,8ca5ca23-a910-469b-aec1-73bd31d74ba2,2,3000
4507594284,70,9612.01,QUOTATION,37bf8863-0046-49cb-a72c-f7e41661214b,1,3000
4512029166,67,5720.66,APPROVED,0439439c-8945-42c4-b079-5340d85df97c,4,4000
4512815942,671,9570.74,REJECTED,9c7454a7-b80c-4d19-b841-4c0343b75add,4,1000
4556038736,653,8032.41,REJECTED,62117371-6664-4e90-9e4c-e3939789c81a,3,2000
4594684094,282,4725.99,QUOTATION,d7da1df8-a4af-4efe-a657-570c6d350470,3,2000
4549356607,430,9286.42,APPROVED,d5b6a98e-464a-4e85-ad1c-7fd6be7df835,4,4000
4516178921,938,3661.72,REJECTED,b6bbc970-46d2-4ff4-9c52-80f378cfe8ea,2,2000
4501403832,798,8482.43,WAITING,0f7e95f4-4fb9-4987-a1e1-5264880e721e,5,2000
4573743716,819,9292.44,REJECTED,17dffc12-ac1a-44ed-ad09-3c824851c624,4,3000
4539781777,758,8224.04,APPROVED,9567383e-1921-4683-803b-509faa2bc9d5,5,2000
4527030321,89,5476.47,REJECTED,0439439c-8945-42c4-b079-5340d85df97c,3,3000
4572785237,619,5668.64,REJECTED,00a417fb-f2b9-4bb8-90c0-0787c3f2e3c7,4,1000
4547909953,408,6136.01,REJECTED,fe53d2be-049c-47fa-871a-c4a8b1a10e40,4,4000
4571025927,646,5082.39,REJECTED,ad64acbd-9045-44ec-9111-f6b3b90cb060,5,1000
4551303855,513,1386.18,REJECTED,2c6e3cb9-21cb-4de6-ae38-f117a3cbdfe2,2,4000
4587059423,665,4217.88,APPROVED,eb8e5632-45d0-47e9-bcc0-ee76bf030643,1,3000
4579621796,833,5069.86,APPROVED,4a2d279e-2495-496f-80d9-bc5a45e3b6b4,3,1000
4502891744,789,471.7,WAITING,32149af9-a4f0-4e80-a73d-490a9faef06f,2,3000
4562196608,470,2435.81,APPROVED,fcc9df1e-2761-4b55-8f60-015b21066d78,2,2000
4517384095,280,7947.38,APPROVED,3c65561d-5119-4985-87e7-48965fe9f62c,2,1000
4532987673,407,7348.43,QUOTATION,ebfe58ef-0dee-41d8-859e-ae2bff66e7fc,5,2000
4504721695,667,5360.23,WAITING,01bb5e4b-33d3-4db2-85a2-499f5c9e31b4,2,4000
4573664246,533,1320.96,REJECTED,62117371-6664-4e90-9e4c-e3939789c81a,2,4000
4547665892,962,1184.39,WAITING,384bae62-8ba8-4cac-b8ad-3df4e68bcafa,2,3000
4563186219,267,3541.88,QUOTATION,ad64acbd-9045-44ec-9111-f6b3b90cb060,1,2000
4501568223,496,7761.82,APPROVED,134244b2-90f7-4d62-8488-d71e29828266,2,4000
4588730799,219,1865.22,WAITING,da731710-48f7-4c02-8dd6-917ff4c62e3b,5,3000
4521738677,270,510.67,REJECTED,0e752cfe-75ff-427d-8214-57710b509b33,3,1000
4576493439,464,5646.23,REJECTED,915bda23-d2b3-4bab-9d3b-0b701beb76fa,5,2000
4574801402,413,4955.44,QUOTATION,da731710-48f7-4c02-8dd6-917ff4c62e3b,4,3000
4531497291,484,3894.76,REJECTED,12a301b9-4c71-4181-a853-d29be7b6bd18,4,3000
4505825557,322,3393.13,WAITING,f6979cad-3c89-4280-985d-d7f07aaa8c2b,2,2000
4532291889,775,2652.66,APPROVED,134244b2-90f7-4d62-8488-d71e29828266,5,3000
4583080457,565,898.36,APPROVED,56ae9e46-c0b2-46ca-b51d-5686e00ce4a6,5,1000
4528716992,555,5120.9,APPROVED,a4926703-442b-4179-808a-04de7d4e1015,3,1000
4548384772,954,1458.96,APPROVED,05767575-2944-4457-9aa7-06e1dae2ae25,5,2000
4555178098,778,6187.19,WAITING,05767575-2944-4457-9aa7-06e1dae2ae25,4,3000
4501899468,887,9672.57,REJECTED,51991c98-a328-457f-a862-0962b2d30ddc,4,2000
4591098701,354,5707.87,QUOTATION,8ca5ca23-a910-469b-aec1-73bd31d74ba2,5,1000
4500834753,898,6183.93,WAITING,3ee51816-f540-45e6-8401-474c5df84e78,2,4000
4530014774,88,9199.44,REJECTED,2cf52c48-a37c-4244-a030-3fe16c443ecd,2,2000
4580264721,132,3252.97,APPROVED,15ddc72a-7103-4a88-a951-49c5aa75affd,2,4000
4585981577,557,4711.03,QUOTATION,d4dbba0a-2b26-4233-9017-bb25b2e860f3,2,4000
4531838917,110,6982.76,APPROVED,84aadcf6-499b-4416-9a35-3e546eb39a5c,5,3000
4519165231,74,9042.97,QUOTATION,6cc3c3b9-23fa-4969-8791-af89dedc62c9,4,3000
4591771532,622,1369.32,WAITING,0439439c-8945-42c4-b079-5340d85df97c,2,4000
4588504283,277,5245.5,WAITING,fe53d2be-049c-47fa-871a-c4a8b1a10e40,4,2000
4520981690,279,8266.5,WAITING,4a2d279e-2495-496f-80d9-bc5a45e3b6b4,2,4000
4566272574,536,3271.53,WAITING,d0d94739-009d-44aa-ae3d-8c35a65083c5,1,4000
4505234695,457,781.31,REJECTED,6c55f239-a4f0-4edd-afe8-02d129db9eda,5,1000
4536436281,284,2731.17,APPROVED,384bae62-8ba8-4cac-b8ad-3df4e68bcafa,3,2000
4573921556,971,1548.45,WAITING,b0154cbb-c693-4062-88b9-a8acf4402b56,3,2000
4543613482,801,8668.21,REJECTED,d5b6a98e-464a-4e85-ad1c-7fd6be7df835,1,1000
4549907759,878,1623.57,WAITING,fffeaf8f-4b6b-4357-a309-89f4769c36da,5,3000
4587958423,249,7626.46,APPROVED,0a58bce2-1697-4c89-b568-ae280f33f982,5,2000
4586621302,434,5082.86,QUOTATION,fe53d2be-049c-47fa-871a-c4a8b1a10e40,3,4000
4515410244,505,3743.51,QUOTATION,00a417fb-f2b9-4bb8-90c0-0787c3f2e3c7,5,3000
4541395340,134,2313.77,REJECTED,975480d4-8c15-44ba-8c55-a9938bdaa2c4,4,1000
4555352006,741,1871.83,QUOTATION,a1a6e723-19c6-46fd-a584-917efe27f127,4,4000
4593142098,407,8526.67,WAITING,2cf52c48-a37c-4244-a030-3fe16c443ecd,3,4000
4511917037,895,1104.01,WAITING,3f3292d8-3056-42da-9ec5-d080c252a223,5,3000
4571859387,180,4592.12,APPROVED,dbce3e63-1a5c-4595-a1f9-d09c3d978567,5,2000
4542433180,426,7418.19,REJECTED,408c4fe5-9066-4997-8f1c-ad8daae4b1f6,3,2000
4521841078,68,9447.84,WAITING,bcebc30c-15e5-48e2-9c32-c86d886f82a0,3,2000
4596865364,64,5150.57,WAITING,5257f4f1-580e-4eb3-89f9-6cae458e4509,3,4000
4554647661,54,6701.01,WAITING,cf11fe2a-443a-44e9-96b0-e6b91ddfa87d,5,4000
4581596404,918,2864.2,REJECTED,8ca5ca23-a910-469b-aec1-73bd31d74ba2,3,1000
4525095079,518,2425.84,APPROVED,611eefb3-ef38-4a2e-831a-15aff1dde8f8,3,3000
4568864050,915,2643.03,APPROVED,a4926703-442b-4179-808a-04de7d4e1015,3,4000
4513479926,390,7706.71,REJECTED,77b34563-244c-46da-b014-af1a9c7fa9e4,5,1000
4597734972,587,2250.72,APPROVED,110f8801-eea1-420d-98e6-dd439569747b,4,1000
4506205306,863,1348.45,REJECTED,05767575-2944-4457-9aa7-06e1dae2ae25,5,2000
4571963885,654,137.85,APPROVED,2ab670e8-49e3-4a95-9871-d937f77b5927,4,1000
4510296857,634,7384.4,APPROVED,aa51a37d-2867-459b-8885-b5c8b161616a,2,1000
4587843401,166,1663.61,WAITING,17dffc12-ac1a-44ed-ad09-3c824851c624,4,4000
4500292311,490,3246.82,APPROVED,b577718c-a2a9-4f8a-a41c-7cac0d102aab,5,4000
4543790743,55,9203.24,REJECTED,d0d94739-009d-44aa-ae3d-8c35a65083c5,1,4000
4589214912,321,4474.78,REJECTED,6c55f239-a4f0-4edd-afe8-02d129db9eda,2,3000
4581611167,810,6318.44,QUOTATION,fffeaf8f-4b6b-4357-a309-89f4769c36da,4,1000
4506529147,214,8593.27,WAITING,e7ba4d18-37bf-472c-9d3a-7756c21a55c9,4,2000
4555987007,758,9496.8,REJECTED,2ab670e8-49e3-4a95-9871-d937f77b5927,4,2000
4509356352,455,2532.26,QUOTATION,b577718c-a2a9-4f8a-a41c-7cac0d102aab,3,1000
4500631898,476,8032.47,REJECTED,fcc9df1e-2761-4b55-8f60-015b21066d78,5,1000
4542908756,4,1123.32,REJECTED,f524f9ee-95cb-4e66-a6c1-b58f8296e7f3,2,3000
4503861058,285,8682.58,QUOTATION,4a2d279e-2495-496f-80d9-bc5a45e3b6b4,5,4000
4536198800,619,6923.1,QUOTATION,3341d7ea-5bed-42e4-82c2-18d0adfbcdf1,1,2000
4530204121,854,7074.47,QUOTATION,110f8801-eea1-420d-98e6-dd439569747b,3,4000
4574117707,878,4336.37,WAITING,8df0c99e-2745-44ae-94ee-ad79cb114fdb,2,1000
4556761133,821,719.74,APPROVED,2cf52c48-a37c-4244-a030-3fe16c443ecd,1,1000
4566809211,644,4811.83,APPROVED,3341d7ea-5bed-42e4-82c2-18d0adfbcdf1,3,4000
4521212919,467,8263.83,QUOTATION,84aadcf6-499b-4416-9a35-3e546eb39a5c,2,1000
4551203627,451,1712.41,WAITING,12a301b9-4c71-4181-a853-d29be7b6bd18,3,4000
4543255329,610,3244.86,APPROVED,f6dd041e-f994-407c-9a1b-2ee8a39b9b25,4,1000
4554146485,463,3127.75,QUOTATION,fcc9df1e-2761-4b55-8f60-015b21066d78,3,1000
4587739899,160,1059.48,WAITING,611eefb3-ef38-4a2e-831a-15aff1dde8f8,1,1000
4552876792,200,1175.88,QUOTATION,cea90057-5542-4a9f-8ad8-2fa263b39b7b,5,2000
4585775991,642,9002.19,QUOTATION,6cc3c3b9-23fa-4969-8791-af89dedc62c9,2,4000
4588207146,479,2635.35,REJECTED,cf11fe2a-443a-44e9-96b0-e6b91ddfa87d,1,2000
4504122544,529,8597.44,QUOTATION,d0d94739-009d-44aa-ae3d-8c35a65083c5,1,2000
4598758259,501,8396.28,REJECTED,384bae62-8ba8-4cac-b8ad-3df4e68bcafa,1,4000
4586951665,410,2497.59,REJECTED,975480d4-8c15-44ba-8c55-a9938bdaa2c4,1,2000
4539836809,56,4718.11,APPROVED,d7da1df8-a4af-4efe-a657-570c6d350470,1,1000
4531368246,660,5.37,WAITING,9a109dc4-7be3-4aec-94bb-ede38f79ae14,1,3000
4598363054,449,1827.98,REJECTED,4a5df305-6d85-4b5a-81ca-b2a776017f8f,2,1000
4576616841,46,2231.17,QUOTATION,b020551c-5fe7-45ea-881a-6fa78332362d,5,3000
4549800266,69,780.24,APPROVED,fcc9df1e-2761-4b55-8f60-015b21066d78,2,2000
4577875969,491,6242.47,APPROVED,15ddc72a-7103-4a88-a951-49c5aa75affd,3,1000
4557878280,957,2725.68,WAITING,15ddc72a-7103-4a88-a951-49c5aa75affd,4,2000
4580323735,275,8229.17,REJECTED,32149af9-a4f0-4e80-a73d-490a9faef06f,2,2000
4523465804,895,1547.61,QUOTATION,3c65561d-5119-4985-87e7-48965fe9f62c,3,2000
4526886935,704,5631.78,QUOTATION,d5b6a98e-464a-4e85-ad1c-7fd6be7df835,1,4000
4514314478,616,3248.26,APPROVED,ebfe58ef-0dee-41d8-859e-ae2bff66e7fc,5,1000
4576475375,749,8861.1,REJECTED,cf11fe2a-443a-44e9-96b0-e6b91ddfa87d,3,3000
4528627275,821,2179.17,APPROVED,0f7e95f4-4fb9-4987-a1e1-5264880e721e,1,3000
4577625052,671,5022.77,WAITING,05767575-2944-4457-9aa7-06e1dae2ae25,5,2000
4598138817,261,3932.45,REJECTED,0c328cd6-def4-4097-8b5d-ef9b4362cfd3,3,1000
4521520852,118,3647.5,APPROVED,00a417fb-f2b9-4bb8-90c0-0787c3f2e3c7,4,3000
4534813665,515,7699.59,APPROVED,4a2d279e-2495-496f-80d9-bc5a45e3b6b4,4,4000
4539233451,57,1679.25,APPROVED,82ebf1b0-6982-4deb-ac51-c7a6d0a68c5d,5,1000
4544105158,413,5216.05,REJECTED,b0154cbb-c693-4062-88b9-a8acf4402b56,1,3000
4541330125,952,8827.11,WAITING,6c55f239-a4f0-4edd-afe8-02d129db9eda,3,1000
4553875242,628,8835.2,APPROVED,9fc109ea-2585-4c23-9329-2ccda2d964eb,5,4000
4572369677,189,2209.86,REJECTED,134244b2-90f7-4d62-8488-d71e29828266,2,3000
4592172153,800,8005.81,WAITING,0439439c-8945-42c4-b079-5340d85df97c,3,4000
4590396573,407,7648.67,APPROVED,28d388a1-0e70-41d0-a8a1-abb9e3263b7b,5,3000
4527335871,900,1223.23,WAITING,110f8801-eea1-420d-98e6-dd439569747b,4,3000
4579567186,752,7539.05,QUOTATION,82ebf1b0-6982-4deb-ac51-c7a6d0a68c5d,3,3000
4594806518,996,8310.17,REJECTED,0e752cfe-75ff-427d-8214-57710b509b33,3,1000
4527646275,338,8827.51,WAITING,fcc9df1e-2761-4b55-8f60-015b21066d78,2,4000
4598429969,58,3171.21,APPROVED,0c328cd6-def4-4097-8b5d-ef9b4362cfd3,5,3000
4576221602,938,1096.3,REJECTED,2ab670e8-49e3-4a95-9871-d937f77b5927,5,4000
4563485722,128,4681.25,WAITING,915bda23-d2b3-4bab-9d3b-0b701beb76fa,3,2000
4517428822,469,971.07,QUOTATION,da731710-48f7-4c02-8dd6-917ff4c62e3b,4,3000
4577596403,108,7841.65,APPROVED,0439439c-8945-42c4-b079-5340d85df97c,4,2000
4539259110,892,3643.0,QUOTATION,aa51a37d-2867-459b-8885-b5c8b161616a,2,3000
4507101532,903,3296.07,QUOTATION,9c7454a7-b80c-4d19-b841-4c0343b75add,4,3000
4552757302,707,2266.83,WAITING,3f3292d8-3056-42da-9ec5-d080c252a223,5,3000
4588185682,431,5002.32,REJECTED,74d238f7-61d4-41c6-9d51-b05f2eddcb36,3,3000
4589624064,75,8520.83,APPROVED,d4dbba0a-2b26-4233-9017-bb25b2e860f3,4,3000
4519976729,533,2945.6,QUOTATION,f6dd041e-f994-407c-9a1b-2ee8a39b9b25,1,2000
4599419222,301,567.17,QUOTATION,b6bbc970-46d2-4ff4-9c52-80f378cfe8ea,1,2000
4584304435,444,5013.22,QUOTATION,76fa0c16-dc3a-4a9b-b914-de6a0097f3dc,4,1000
4510893515,448,5531.64,REJECTED,834a14f7-cbd7-4220-9587-cd61c93c8253,5,3000
4549332002,612,3187.65,REJECTED,b0154cbb-c693-4062-88b9-a8acf4402b56,2,3000
4503608806,729,6038.69,WAITING,384bae62-8ba8-4cac-b8ad-3df4e68bcafa,3,2000
4505480782,665,8666.55,APPROVED,408c4fe5-9066-4997-8f1c-ad8daae4b1f6,3,4000
4566195256,744,6755.71,REJECTED,e7ba4d18-37bf-472c-9d3a-7756c21a55c9,4,1000
4548533186,303,8700.7,REJECTED,0f7e95f4-4fb9-4987-a1e1-5264880e721e,2,2000
4529837865,677,3488.52,WAITING,82ebf1b0-6982-4deb-ac51-c7a6d0a68c5d,2,1000
4554524391,926,8170.62,WAITING,f6979cad-3c89-4280-985d-d7f07aaa8c2b,2,4000
4589468524,101,6646.83,WAITING,9ec93c76-9578-4947-a5ca-def516b026cb,5,1000
4575220473,533,765.32,REJECTED,05767575-2944-4457-9aa7-06e1dae2ae25,1,1000
4512965588,938,5487.2,QUOTATION,b6bbc970-46d2-4ff4-9c52-80f378cfe8ea,4,3000
4556716494,675,1395.84,QUOTATION,3d3527a9-4ef5-45d5-83c2-4178789f9921,2,2000
4548267979,916,8612.02,WAITING,84aadcf6-499b-4416-9a35-3e546eb39a5c,1,1000
4562585800,214,1152.99,REJECTED,915bda23-d2b3-4bab-9d3b-0b701beb76fa,1,2000
4503167669,403,9643.98,QUOTATION,4a2d279e-2495-496f-80d9-bc5a45e3b6b4,4,4000
4566709869,94,5055.17,QUOTATION,0f7e95f4-4fb9-4987-a1e1-5264880e721e,1,1000
4547962789,299,7081.97,QUOTATION,651e8d5b-8636-4635-a934-6f9427d506b8,4,4000
4579804129,47,201.73,REJECTED,77b34563-244c-46da-b014-af1a9c7fa9e4,2,3000
4538756323,515,4646.64,REJECTED,35672019-b6d1-42b4-b906-8819b248182e,1,2000
4501088735,298,2235.16,REJECTED,611eefb3-ef38-4a2e-831a-15aff1dde8f8,3,3000
4547346291,458,9182.8,APPROVED,b577718c-a2a9-4f8a-a41c-7cac0d102aab,5,2000
4584240905,660,5586.91,QUOTATION,3ee51816-f540-45e6-8401-474c5df84e78,1,3000
4511667901,507,5519.73,WAITING,2c6e3cb9-21cb-4de6-ae38-f117a3cbdfe2,5,4000
4545721647,385,5743.05,QUOTATION,ba3d4978-80db-4a12-9f06-e4c698936184,4,3000
4531588301,496,2961.66,QUOTATION,d4dbba0a-2b26-4233-9017-bb25b2e860f3,3,3000
4543771297,914,6310.63,WAITING,384bae62-8ba8-4cac-b8ad-3df4e68bcafa,5,2000
4564950965,894,8167.88,WAITING,2cf52c48-a37c-4244-a030-3fe16c443ecd,2,4000
4535959731,282,7134.22,APPROVED,fffeaf8f-4b6b-4357-a309-89f4769c36da,4,2000
4562085903,493,7551.67,WAITING,d0d94739-009d-44aa-ae3d-8c35a65083c5,5,3000
4545042817,474,6861.76,QUOTATION,0c328cd6-def4-4097-8b5d-ef9b4362cfd3,2,3000
4594088368,786,5341.5,WAITING,31ac60a6-1bc1-442c-ae10-4a420f770538,2,1000
4515064634,17,8872.12,WAITING,51991c98-a328-457f-a862-0962b2d30ddc,2,2000
4522381506,751,3702.16,APPROVED,56ae9e46-c0b2-46ca-b51d-5686e00ce4a6,4,4000
4585918425,221,9463.26,APPROVED,17dffc12-ac1a-44ed-ad09-3c824851c624,4,4000
4570804713,334,8476.02,REJECTED,37bf8863-0046-49cb-a72c-f7e41661214b,4,3000
4574157533,174,6572.74,REJECTED,00a417fb-f2b9-4bb8-90c0-0787c3f2e3c7,5,3000
4568375294,967,1146.98,QUOTATION,0e752cfe-75ff-427d-8214-57710b509b33,3,4000
4596651537,302,1136.94,REJECTED,56ae9e46-c0b2-46ca-b51d-5686e00ce4a6,2,4000
4564263419,950,7810.88,WAITING,5c250769-58e7-4a67-92b8-05566aab2cd0,5,2000
4539186914,199,5673.62,WAITING,d7da1df8-a4af-4efe-a657-570c6d350470,2,4000
4562928717,35,4535.3,QUOTATION,dbce3e63-1a5c-4595-a1f9-d09c3d978567,4,1000
4525908995,233,2308.51,QUOTATION,2c7b9d8a-6b92-4a21-a03e-024e434a203d,4,3000
4534324485,202,3505.4,APPROVED,aa51a37d-2867-459b-8885-b5c8b161616a,2,3000
4558122332,359,1751.52,APPROVED,d4dbba0a-2b26-4233-9017-bb25b2e860f3,2,3000
4568343642,517,9333.3,WAITING,0a58bce2-1697-4c89-b568-ae280f33f982,5,2000
4513143588,11,6988.16,QUOTATION,05767575-2944-4457-9aa7-06e1dae2ae25,5,2000
4559744044,262,2447.88,REJECTED,110f8801-eea1-420d-98e6-dd439569747b,4,1000
4587191406,998,9088.32,WAITING,9fc109ea-2585-4c23-9329-2ccda2d964eb,4,4000
4525101035,114,5792.76,APPROVED,4029508a-afa4-4faf-b175-4bb65b8a4dbb,5,4000
4538304712,698,6813.04,WAITING,3c65561d-5119-4985-87e7-48965fe9f62c,4,3000
4595217750,252,256.99,APPROVED,bf599d91-442c-4e09-b5ae-b9f08a417d11,5,2000
4522607926,17,2797.45,QUOTATION,cf11fe2a-443a-44e9-96b0-e6b91ddfa87d,4,1000
4574145820,471,2881.41,REJECTED,fe53d2be-049c-47fa-871a-c4a8b1a10e40,1,1000
4599901717,990,5716.71,REJECTED,77b34563-244c-46da-b014-af1a9c7fa9e4,4,4000
4507381773,950,9908.27,WAITING,3d3527a9-4ef5-45d5-83c2-4178789f9921,4,4000
4548822759,820,1359.7,QUOTATION,b0154cbb-c693-4062-88b9-a8acf4402b56,3,1000
4571582169,789,1398.69,WAITING,9ec93c76-9578-4947-a5ca-def516b026cb,4,3000
4588246747,597,6249.46,REJECTED,e7ba4d18-37bf-472c-9d3a-7756c21a55c9,1,2000
4585110264,828,2905.67,REJECTED,834a14f7-cbd7-4220-9587-cd61c93c8253,1,1000
4546619424,366,7847.15,QUOTATION,17dffc12-ac1a-44ed-ad09-3c824851c624,2,2000
4509915378,765,2949.01,WAITING,2ab670e8-49e3-4a95-9871-d937f77b5927,4,2000
4551015085,680,2964.07,REJECTED,37bf8863-0046-49cb-a72c-f7e41661214b,5,4000
4568179600,265,8413.3,WAITING,fcc9df1e-2761-4b55-8f60-015b21066d78,5,3000
4586800816,887,1055.99,APPROVED,384bae62-8ba8-4cac-b8ad-3df4e68bcafa,5,1000
4587127796,730,7439.89,REJECTED,d4dbba0a-2b26-4233-9017-bb25b2e860f3,1,3000
4561126419,671,1274.7,APPROVED,74d238f7-61d4-41c6-9d51-b05f2eddcb36,2,3000
4534359390,648,1957.16,APPROVED,2c7b9d8a-6b92-4a21-a03e-024e434a203d,2,1000
4593313969,401,1925.18,WAITING,4029508a-afa4-4faf-b175-4bb65b8a4dbb,2,2000
4510718152,841,3205.68,REJECTED,e069016d-d217-4fbc-b438-1e8790b731fb,1,3000
4550032182,784,4966.42,APPROVED,82ebf1b0-6982-4deb-ac51-c7a6d0a68c5d,3,3000
4525674956,993,9543.32,APPROVED,5257f4f1-580e-4eb3-89f9-6cae458e4509,5,4000
4556832582,955,3948.16,WAITING,b6bbc970-46d2-4ff4-9c52-80f378cfe8ea,5,1000
4576335170,902,3094.68,QUOTATION,ad64acbd-9045-44ec-9111-f6b3b90cb060,2,2000
4595307548,394,3422.12,WAITING,f6dd041e-f994-407c-9a1b-2ee8a39b9b25,3,4000
4525103111,244,7982.87,REJECTED,2c6e3cb9-21cb-4de6-ae38-f117a3cbdfe2,1,4000
4567905155,183,1301.74,REJECTED,37bf8863-0046-49cb-a72c-f7e41661214b,1,2000
4551961347,61,5813.28,WAITING,32149af9-a4f0-4e80-a73d-490a9faef06f,5,3000
4598195289,247,6926.15,REJECTED,b020551c-5fe7-45ea-881a-6fa78332362d,3,2000
4561706469,124,6389.66,REJECTED,4029508a-afa4-4faf-b175-4bb65b8a4dbb,5,3000
4504633546,260,1963.38,QUOTATION,cea90057-5542-4a9f-8ad8-2fa263b39b7b,5,1000
4500744651,235,9240.88,WAITING,51991c98-a328-457f-a862-0962b2d30ddc,3,4000
4585868879,896,5695.22,QUOTATION,3341d7ea-5bed-42e4-82c2-18d0adfbcdf1,5,4000
4564299159,546,1039.62,WAITING,aa51a37d-2867-459b-8885-b5c8b161616a,2,1000
4597224931,810,688.0,APPROVED,82ebf1b0-6982-4deb-ac51-c7a6d0a68c5d,2,2000
4506458520,346,2306.37,APPROVED,110f8801-eea1-420d-98e6-dd439569747b,2,1000
4530503955,784,3004.69,APPROVED,9ec93c76-9578-4947-a5ca-def516b026cb,1,4000
4575256184,517,3371.31,APPROVED,f6dd041e-f994-407c-9a1b-2ee8a39b9b25,1,1000
4502846577,344,6056.51,QUOTATION,6cc3c3b9-23fa-4969-8791-af89dedc62c9,5,2000
4586407765,348,2645.83,REJECTED,77b34563-244c-46da-b014-af1a9c7fa9e4,3,2000
4509764826,313,4435.13,WAITING,ba3d4978-80db-4a12-9f06-e4c698936184,1,1000
4576633394,822,8269.56,APPROVED,408c4fe5-9066-4997-8f1c-ad8daae4b1f6,5,1000
4520569897,709,5453.8,WAITING,84aadcf6-499b-4416-9a35-3e546eb39a5c,2,1000
4580902045,77,653.64,APPROVED,2c6e3cb9-21cb-4de6-ae38-f117a3cbdfe2,2,2000
4525056076,624,4055.59,QUOTATION,31ac60a6-1bc1-442c-ae10-4a420f770538,2,4000
4560419227,507,4958.92,APPROVED,9a109dc4-7be3-4aec-94bb-ede38f79ae14,5,3000
4575668853,280,6922.86,QUOTATION,0c328cd6-def4-4097-8b5d-ef9b4362cfd3,3,4000
4503202466,785,6799.82,QUOTATION,a4926703-442b-4179-808a-04de7d4e1015,3,4000
4573268291,635,2695.32,APPROVED,ba5b8587-5d45-44ac-9e4e-16cb4b3afecc,4,2000
4557551694,453,6035.97,QUOTATION,01bb5e4b-33d3-4db2-85a2-499f5c9e31b4,5,3000
4593923191,413,484.35,APPROVED,eb8e5632-45d0-47e9-bcc0-ee76bf030643,1,2000
4572996888,451,8001.03,WAITING,31ac60a6-1bc1-442c-ae10-4a420f770538,2,2000
4579060596,393,7724.28,WAITING,00a417fb-f2b9-4bb8-90c0-0787c3f2e3c7,4,4000
4567683415,250,1255.25,REJECTED,05767575-2944-4457-9aa7-06e1dae2ae25,1,4000
4591252405,136,2155.99,APPROVED,56ae9e46-c0b2-46ca-b51d-5686e00ce4a6,2,3000
4553636975,858,6953.22,WAITING,4a2d279e-2495-496f-80d9-bc5a45e3b6b4,1,2000
4549669765,70,9181.0,APPROVED,f6979cad-3c89-4280-985d-d7f07aaa8c2b,4,2000
4596556466,391,4579.5,APPROVED,b577718c-a2a9-4f8a-a41c-7cac0d102aab,5,1000
4524107568,989,218.45,QUOTATION,ba3d4978-80db-4a12-9f06-e4c698936184,4,1000
4559018688,176,5642.31,APPROVED,ad64acbd-9045-44ec-9111-f6b3b90cb060,3,3000
4508076005,492,412.58,APPROVED,fe53d2be-049c-47fa-871a-c4a8b1a10e40,4,4000
4564243768,790,3186.54,QUOTATION,74d238f7-61d4-41c6-9d51-b05f2eddcb36,5,1000
4581726399,768,5950.01,APPROVED,611eefb3-ef38-4a2e-831a-15aff1dde8f8,4,2000
4599973771,206,62.96,QUOTATION,9ec93c76-9578-4947-a5ca-def516b026cb,4,3000
4532654697,474,505.48,REJECTED,651e8d5b-8636-4635-a934-6f9427d506b8,2,1000
4529501943,821,7728.49,QUOTATION,73df3d25-bcec-47a6-8d66-6b628e81ed2d,1,3000
4505140348,573,5925.07,QUOTATION,0a58bce2-1697-4c89-b568-ae280f33f982,1,3000
4558912193,63,9033.74,APPROVED,ea38b7e1-b488-4873-ab04-3066d219b434,5,2000
4592232972,193,2402.07,WAITING,134244b2-90f7-4d62-8488-d71e29828266,5,3000
4514023751,874,1973.11,QUOTATION,ba3d4978-80db-4a12-9f06-e4c698936184,1,2000
4515555186,778,7885.93,WAITING,82ebf1b0-6982-4deb-ac51-c7a6d0a68c5d,3,2000
4588518164,544,4555.56,WAITING,9ec93c76-9578-4947-a5ca-def516b026cb,5,2000
4564546456,624,7314.31,APPROVED,3d3527a9-4ef5-45d5-83c2-4178789f9921,4,3000
4588339973,829,2969.81,REJECTED,3d3527a9-4ef5-45d5-83c2-4178789f9921,1,1000
4555263809,238,7115.56,REJECTED,00a417fb-f2b9-4bb8-90c0-0787c3f2e3c7,4,1000
4550953658,123,5887.96,QUOTATION,82ebf1b0-6982-4deb-ac51-c7a6d0a68c5d,5,1000
4588517462,816,3473.37,WAITING,77b34563-244c-46da-b014-af1a9c7fa9e4,4,4000
4506798152,635,2821.96,WAITING,51991c98-a328-457f-a862-0962b2d30ddc,1,2000
4586348265,856,507.05,REJECTED,00a417fb-f2b9-4bb8-90c0-0787c3f2e3c7,4,1000
4559328887,749,5754.37,QUOTATION,de541e55-b7b6-404a-8ce0-a6f1ea925750,2,3000
4587321764,33,6856.84,WAITING,73df3d25-bcec-47a6-8d66-6b628e81ed2d,1,1000
4583208693,270,419.42,QUOTATION,15ddc72a-7103-4a88-a951-49c5aa75affd,1,2000
4515912503,163,8513.1,QUOTATION,651e8d5b-8636-4635-a934-6f9427d506b8,2,1000
4501123075,391,2970.91,QUOTATION,e7ba4d18-37bf-472c-9d3a-7756c21a55c9,3,1000
4542958691,379,9088.66,APPROVED,4029508a-afa4-4faf-b175-4bb65b8a4dbb,1,3000
4506431538,446,6644.64,REJECTED,975480d4-8c15-44ba-8c55-a9938bdaa2c4,1,2000
4557497452,691,8698.55,REJECTED,a4926703-442b-4179-808a-04de7d4e1015,1,3000
4534554601,64,7219.93,REJECTED,8df0c99e-2745-44ae-94ee-ad79cb114fdb,1,3000
4558430615,867,8539.78,WAITING,84aadcf6-499b-4416-9a35-3e546eb39a5c,1,4000
4579822927,485,3497.35,QUOTATION,cf11fe2a-443a-44e9-96b0-e6b91ddfa87d,5,1000
4577735130,341,6583.37,WAITING,0c328cd6-def4-4097-8b5d-ef9b4362cfd3,1,4000
4553778329,63,4760.9,WAITING,f6979cad-3c89-4280-985d-d7f07aaa8c2b,3,4000
4508526326,616,2374.11,REJECTED,d5b6a98e-464a-4e85-ad1c-7fd6be7df835,4,2000
4532692522,427,2048.19,QUOTATION,8ca5ca23-a910-469b-aec1-73bd31d74ba2,3,3000
4539874330,123,6755.6,WAITING,74d238f7-61d4-41c6-9d51-b05f2eddcb36,5,3000
4516286030,769,304.39,QUOTATION,8df0c99e-2745-44ae-94ee-ad79cb114fdb,3,3000
4535981575,924,5327.46,REJECTED,35672019-b6d1-42b4-b906-8819b248182e,2,2000
4574856210,425,6951.08,WAITING,eb8e5632-45d0-47e9-bcc0-ee76bf030643,4,4000
4563213513,746,3055.98,APPROVED,ce1eeb99-74a8-4547-b95c-345102c07d21,2,1000
4530644250,300,1429.16,REJECTED,e069016d-d217-4fbc-b438-1e8790b731fb,1,3000
4594687357,220,2956.54,QUOTATION,ce1eeb99-74a8-4547-b95c-345102c07d21,1,2000
4568119671,603,1903.52,REJECTED,cea90057-5542-4a9f-8ad8-2fa263b39b7b,4,3000
4504203379,352,7847.94,APPROVED,cea90057-5542-4a9f-8ad8-2fa263b39b7b,2,4000
4501204172,979,891.0,REJECTED,a1a6e723-19c6-46fd-a584-917efe27f127,2,4000
4551036581,800,559.52,QUOTATION,ce1eeb99-74a8-4547-b95c-345102c07d21,3,4000
4533453186,854,4934.83,APPROVED,9c7454a7-b80c-4d19-b841-4c0343b75add,5,4000
4572646081,483,5216.12,WAITING,4a5df305-6d85-4b5a-81ca-b2a776017f8f,2,4000
4588233749,842,8532.43,REJECTED,3f3292d8-3056-42da-9ec5-d080c252a223,3,1000
4588523810,722,9012.48,QUOTATION,e7ba4d18-37bf-472c-9d3a-7756c21a55c9,1,3000
4550490127,485,1363.12,WAITING,834a14f7-cbd7-4220-9587-cd61c93c8253,3,4000
4507013146,473,8407.63,WAITING,b6bbc970-46d2-4ff4-9c52-80f378cfe8ea,1,1000
4507878813,765,1628.05,QUOTATION,bcebc30c-15e5-48e2-9c32-c86d886f82a0,5,1000
4503525563,368,21.35,QUOTATION,3ee51816-f540-45e6-8401-474c5df84e78,4,3000
4551956393,180,4692.16,REJECTED,0f7e95f4-4fb9-4987-a1e1-5264880e721e,5,2000
4549138485,563,240.76,REJECTED,37bf8863-0046-49cb-a72c-f7e41661214b,1,4000
4585445690,215,978.94,QUOTATION,a4926703-442b-4179-808a-04de7d4e1015,2,1000
4552747944,850,3747.87,QUOTATION,68681084-7b12-4fd9-9704-7da3802cb451,4,3000
4567807940,840,3803.35,APPROVED,77b34563-244c-46da-b014-af1a9c7fa9e4,5,1000
4566502576,156,3709.57,REJECTED,b6bbc970-46d2-4ff4-9c52-80f378cfe8ea,4,3000
4579499918,91,6866.75,APPROVED,71b893be-0a75-41a7-9a52-bcdb771cc5ec,3,2000
4550934662,692,7113.24,QUOTATION,408c4fe5-9066-4997-8f1c-ad8daae4b1f6,4,4000
4509083109,177,2664.03,WAITING,651e8d5b-8636-4635-a934-6f9427d506b8,1,2000
4536815964,386,9258.92,WAITING,cf11fe2a-443a-44e9-96b0-e6b91ddfa87d,2,4000
4596240109,142,4895.4,QUOTATION,a1ad3c2b-45ca-491c-8ef2-a64af7d19e43,1,4000
4547912714,368,4025.61,APPROVED,35672019-b6d1-42b4-b906-8819b248182e,1,1000
4524847133,693,9983.13,APPROVED,bf599d91-442c-4e09-b5ae-b9f08a417d11,4,2000
4572245393,880,6634.13,REJECTED,b020551c-5fe7-45ea-881a-6fa78332362d,4,1000
4575526122,268,7456.63,QUOTATION,31ac60a6-1bc1-442c-ae10-4a420f770538,5,2000
4540984292,917,8315.89,QUOTATION,a4926703-442b-4179-808a-04de7d4e1015,1,4000
4583242161,800,9627.29,WAITING,0a58bce2-1697-4c89-b568-ae280f33f982,3,2000
4584994690,682,7951.46,APPROVED,f6979cad-3c89-4280-985d-d7f07aaa8c2b,5,4000
4505451649,276,6639.77,REJECTED,b577718c-a2a9-4f8a-a41c-7cac0d102aab,3,1000
4585751749,600,7832.23,WAITING,76fa0c16-dc3a-4a9b-b914-de6a0097f3dc,4,2000
4561008734,636,3973.82,APPROVED,32149af9-a4f0-4e80-a73d-490a9faef06f,4,4000
4505722900,442,4735.5,WAITING,0439439c-8945-42c4-b079-5340d85df97c,5,2000
4565128925,410,9072.85,QUOTATION,791660af-f0db-4fbd-a3a4-86bd38182556,4,2000
4568052355,266,1630.26,REJECTED,5257f4f1-580e-4eb3-89f9-6cae458e4509,5,1000
4559513845,810,6363.12,WAITING,daffc87a-fdb5-424e-9155-782c6cd1b731,1,3000
4510348361,551,6888.22,REJECTED,b577718c-a2a9-4f8a-a41c-7cac0d102aab,5,3000
4563291024,494,1402.44,REJECTED,dbce3e63-1a5c-4595-a1f9-d09c3d978567,1,2000
4596649516,363,7532.32,REJECTED,62117371-6664-4e90-9e4c-e3939789c81a,3,1000
4547977025,558,9775.89,APPROVED,68681084-7b12-4fd9-9704-7da3802cb451,4,4000
4588329584,468,1608.89,REJECTED,ce1eeb99-74a8-4547-b95c-345102c07d21,3,2000
4579044349,838,2641.23,QUOTATION,0f7e95f4-4fb9-4987-a1e1-5264880e721e,1,1000
4529906681,344,1565.39,WAITING,bcebc30c-15e5-48e2-9c32-c86d886f82a0,4,4000
4593844923,638,199.27,REJECTED,c40f8a37-9024-4fcd-80a6-7917301ba6bd,3,3000
4553377546,661,8968.03,APPROVED,5c250769-58e7-4a67-92b8-05566aab2cd0,1,3000
4549489452,983,6224.06,REJECTED,9567383e-1921-4683-803b-509faa2bc9d5,5,2000
4510641523,689,459.96,APPROVED,d5b6a98e-464a-4e85-ad1c-7fd6be7df835,3,4000
4556021664,786,9860.21,APPROVED,01bb5e4b-33d3-4db2-85a2-499f5c9e31b4,2,3000
4530799659,455,1732.96,QUOTATION,eb8e5632-45d0-47e9-bcc0-ee76bf030643,5,1000
4597167943,806,8776.03,QUOTATION,de541e55-b7b6-404a-8ce0-a6f1ea925750,4,2000
4537143517,19,8580.48,APPROVED,fffeaf8f-4b6b-4357-a309-89f4769c36da,5,3000
4520266560,689,8441.38,APPROVED,a1a6e723-19c6-46fd-a584-917efe27f127,3,4000
4537609057,319,9428.99,WAITING,5c250769-58e7-4a67-92b8-05566aab2cd0,4,2000
4589403478,508,778.98,REJECTED,32149af9-a4f0-4e80-a73d-490a9faef06f,3,4000
4530931911,822,7043.36,WAITING,35672019-b6d1-42b4-b906-8819b248182e,4,2000
4541380446,406,4158.88,QUOTATION,74d238f7-61d4-41c6-9d51-b05f2eddcb36,4,4000
4572994734,190,1642.03,REJECTED,12a301b9-4c71-4181-a853-d29be7b6bd18,4,2000
4507405623,355,4963.26,QUOTATION,31ac60a6-1bc1-442c-ae10-4a420f770538,5,4000
4573421756,659,9182.99,REJECTED,f6dd041e-f994-407c-9a1b-2ee8a39b9b25,3,4000
4564404159,378,2726.79,REJECTED,ce1eeb99-74a8-4547-b95c-345102c07d21,2,2000
4589567565,277,5608.15,REJECTED,31ac60a6-1bc1-442c-ae10-4a420f770538,5,3000
4595986686,191,7899.37,APPROVED,384bae62-8ba8-4cac-b8ad-3df4e68bcafa,4,2000
4539818091,636,2776.46,REJECTED,15ddc72a-7103-4a88-a951-49c5aa75affd,2,4000
4554621895,537,7249.22,WAITING,4029508a-afa4-4faf-b175-4bb65b8a4dbb,4,3000
4570633147,197,5852.48,WAITING,82ebf1b0-6982-4deb-ac51-c7a6d0a68c5d,2,1000
4526720625,244,1691.85,QUOTATION,0e752cfe-75ff-427d-8214-57710b509b33,4,2000
4573008649,994,7707.79,REJECTED,9fc109ea-2585-4c23-9329-2ccda2d964eb,2,2000
4596707601,433,1930.79,REJECTED,15ddc72a-7103-4a88-a951-49c5aa75affd,3,1000
4542857090,212,4929.97,APPROVED,77b34563-244c-46da-b014-af1a9c7fa9e4,1,1000
4516872001,791,5616.04,APPROVED,e069016d-d217-4fbc-b438-1e8790b731fb,1,2000
4504728087,685,1438.05,QUOTATION,834a14f7-cbd7-4220-9587-cd61c93c8253,5,4000
4575114549,763,6333.39,WAITING,da731710-48f7-4c02-8dd6-917ff4c62e3b,1,1000
4581902300,206,7102.56,WAITING,ba5b8587-5d45-44ac-9e4e-16cb4b3afecc,5,4000
4512616596,12,5284.07,REJECTED,cf11fe2a-443a-44e9-96b0-e6b91ddfa87d,3,1000
4570010862,767,1292.51,APPROVED,ba5b8587-5d45-44ac-9e4e-16cb4b3afecc,3,4000
4589188249,168,2728.38,QUOTATION,975480d4-8c15-44ba-8c55-a9938bdaa2c4,2,1000
4592728032,934,5168.11,APPROVED,4a2d279e-2495-496f-80d9-bc5a45e3b6b4,2,4000
4523766545,23,7155.03,APPROVED,71b893be-0a75-41a7-9a52-bcdb771cc5ec,1,3000
4545503599,614,5550.76,QUOTATION,f6dd041e-f994-407c-9a1b-2ee8a39b9b25,1,4000
4542688229,351,549.03,REJECTED,28d388a1-0e70-41d0-a8a1-abb9e3263b7b,1,1000
4574792405,532,2484.31,APPROVED,8ca5ca23-a910-469b-aec1-73bd31d74ba2,5,4000
4584540583,948,2106.82,WAITING,cea90057-5542-4a9f-8ad8-2fa263b39b7b,2,4000
4539306877,180,7739.43,WAITING,2ab670e8-49e3-4a95-9871-d937f77b5927,4,3000
4572195678,422,2605.08,APPROVED,0a58bce2-1697-4c89-b568-ae280f33f982,5,4000
4531030614,345,3134.74,APPROVED,bf599d91-442c-4e09-b5ae-b9f08a417d11,3,1000
4570301839,393,8382.91,APPROVED,35672019-b6d1-42b4-b906-8819b248182e,1,1000
4515153583,720,8279.85,APPROVED,cf11fe2a-443a-44e9-96b0-e6b91ddfa87d,3,1000
4576162063,947,5035.21,QUOTATION,3ee51816-f540-45e6-8401-474c5df84e78,3,3000
4588551439,975,3492.7,REJECTED,56ae9e46-c0b2-46ca-b51d-5686e00ce4a6,4,2000
4599079389,108,1374.99,WAITING,76fa0c16-dc3a-4a9b-b914-de6a0097f3dc,2,1000
4535253877,770,7113.6,REJECTED,a9da22e7-f42f-4428-9083-96395b7a7e9a,3,3000
4583688809,361,3588.86,REJECTED,ebfe58ef-0dee-41d8-859e-ae2bff66e7fc,3,1000
4536058303,869,7349.09,QUOTATION,f6dd041e-f994-407c-9a1b-2ee8a39b9b25,4,1000
4534186992,330,2755.38,APPROVED,611eefb3-ef38-4a2e-831a-15aff1dde8f8,2,4000
4593383384,549,9079.42,REJECTED,4a5df305-6d85-4b5a-81ca-b2a776017f8f,5,2000
4545550082,610,7102.46,QUOTATION,408c4fe5-9066-4997-8f1c-ad8daae4b1f6,5,2000
4532705931,814,4047.3,QUOTATION,8ca5ca23-a910-469b-aec1-73bd31d74ba2,2,3000
4588680828,468,6639.94,WAITING,05767575-2944-4457-9aa7-06e1dae2ae25,2,1000
4528251391,772,7350.14,WAITING,3ee51816-f540-45e6-8401-474c5df84e78,5,2000
4542043888,167,1391.05,APPROVED,0e752cfe-75ff-427d-8214-57710b509b33,5,4000
4530253585,447,3270.23,QUOTATION,71b893be-0a75-41a7-9a52-bcdb771cc5ec,5,3000
4511058171,515,8477.48,QUOTATION,975480d4-8c15-44ba-8c55-a9938bdaa2c4,4,4000
4574229985,227,5089.11,WAITING,b020551c-5fe7-45ea-881a-6fa78332362d,3,4000
4519102093,299,6043.41,WAITING,68681084-7b12-4fd9-9704-7da3802cb451,5,3000
4518228357,169,9708.53,QUOTATION,51991c98-a328-457f-a862-0962b2d30ddc,3,4000
4504641305,73,8902.33,APPROVED,bf599d91-442c-4e09-b5ae-b9f08a417d11,3,1000
4582839087,55,5079.28,WAITING,eb8e5632-45d0-47e9-bcc0-ee76bf030643,1,2000
4589295155,322,4430.02,APPROVED,0b319577-4ab0-4684-b112-b27aad212cb1,5,4000
4533592440,43,6865.53,APPROVED,84aadcf6-499b-4416-9a35-3e546eb39a5c,5,1000
4521424969,95,7748.08,WAITING,68681084-7b12-4fd9-9704-7da3802cb451,5,4000
4592469137,511,227.51,WAITING,68681084-7b12-4fd9-9704-7da3802cb451,5,2000
4528740296,113,1143.04,APPROVED,0f7e95f4-4fb9-4987-a1e1-5264880e721e,4,1000
4519221971,281,9071.23,REJECTED,3f3292d8-3056-42da-9ec5-d080c252a223,1,2000
4564396560,194,3434.31,WAITING,3341d7ea-5bed-42e4-82c2-18d0adfbcdf1,3,2000
4523011153,836,3650.29,WAITING,71b893be-0a75-41a7-9a52-bcdb771cc5ec,1,4000
4500442673,285,5087.0,WAITING,0439439c-8945-42c4-b079-5340d85df97c,5,4000
4574897563,28,1415.95,APPROVED,0c328cd6-def4-4097-8b5d-ef9b4362cfd3,4,2000
4510970374,119,5495.83,WAITING,56ae9e46-c0b2-46ca-b51d-5686e00ce4a6,2,4000
4563485990,671,4325.06,WAITING,01bb5e4b-33d3-4db2-85a2-499f5c9e31b4,4,1000
4511436139,685,3968.65,QUOTATION,ebfe58ef-0dee-41d8-859e-ae2bff66e7fc,5,3000
4567491957,957,2862.77,WAITING,9567383e-1921-4683-803b-509faa2bc9d5,3,2000
4571798010,203,1903.19,REJECTED,8df0c99e-2745-44ae-94ee-ad79cb114fdb,2,3000
4592949156,415,1067.33,APPROVED,ba3d4978-80db-4a12-9f06-e4c698936184,4,3000
4538983469,674,9746.98,REJECTED,9567383e-1921-4683-803b-509faa2bc9d5,1,1000
4591925920,352,8436.92,WAITING,b6bbc970-46d2-4ff4-9c52-80f378cfe8ea,2,3000
4507337063,536,8899.32,APPROVED,de541e55-b7b6-404a-8ce0-a6f1ea925750,4,1000
4557679205,742,4147.09,WAITING,fffeaf8f-4b6b-4357-a309-89f4769c36da,2,1000
4513775937,834,4517.03,APPROVED,4a5df305-6d85-4b5a-81ca-b2a776017f8f,3,2000
4594195071,370,3710.81,REJECTED,28d388a1-0e70-41d0-a8a1-abb9e3263b7b,1,4000
4543273368,962,8051.97,QUOTATION,3341d7ea-5bed-42e4-82c2-18d0adfbcdf1,1,3000
4554602985,963,8455.5,QUOTATION,134244b2-90f7-4d62-8488-d71e29828266,4,1000
4530104812,794,332.48,WAITING,384bae62-8ba8-4cac-b8ad-3df4e68bcafa,2,4000
4584648499,462,482.87,WAITING,35672019-b6d1-42b4-b906-8819b248182e,4,1000
4512680978,540,7881.47,WAITING,3ee51816-f540-45e6-8401-474c5df84e78,3,4000
4500181636,956,7461.74,REJECTED,0c328cd6-def4-4097-8b5d-ef9b4362cfd3,4,4000
4500781325,364,2327.85,WAITING,975480d4-8c15-44ba-8c55-a9938bdaa2c4,2,2000
4522643417,830,3884.04,QUOTATION,28d388a1-0e70-41d0-a8a1-abb9e3263b7b,2,4000
4564240395,857,414.42,WAITING,da731710-48f7-4c02-8dd6-917ff4c62e3b,4,4000
4556842007,783,7372.1,QUOTATION,d5b6a98e-464a-4e85-ad1c-7fd6be7df835,1,1000
4589655339,875,8620.95,QUOTATION,ba3d4978-80db-4a12-9f06-e4c698936184,3,2000
4580210675,608,9189.25,REJECTED,834a14f7-cbd7-4220-9587-cd61c93c8253,1,3000
4523710793,557,2133.25,APPROVED,b0154cbb-c693-4062-88b9-a8acf4402b56,1,1000
4589427215,375,3718.05,WAITING,5257f4f1-580e-4eb3-89f9-6cae458e4509,4,2000
4536869763,238,8932.72,REJECTED,aa51a37d-2867-459b-8885-b5c8b161616a,2,4000
4569952700,405,3315.17,WAITING,41f3b33b-8871-42fd-90d5-1d1d9f2d5aed,5,4000
4521189885,720,1359.89,REJECTED,3d3527a9-4ef5-45d5-83c2-4178789f9921,3,4000
4581601258,651,9389.79,APPROVED,41f3b33b-8871-42fd-90d5-1d1d9f2d5aed,1,1000
4576898029,115,7629.06,WAITING,15ddc72a-7103-4a88-a951-49c5aa75affd,5,3000
4588537629,913,9054.86,APPROVED,05767575-2944-4457-9aa7-06e1dae2ae25,4,4000
4535656557,65,4589.87,QUOTATION,dbce3e63-1a5c-4595-a1f9-d09c3d978567,1,3000
4577901436,792,4232.61,WAITING,834a14f7-cbd7-4220-9587-cd61c93c8253,4,4000
4511886560,61,7434.35,REJECTED,a9da22e7-f42f-4428-9083-96395b7a7e9a,1,1000
4504251966,903,842.62,APPROVED,3ee51816-f540-45e6-8401-474c5df84e78,3,4000
4506950984,48,5648.17,WAITING,d4dbba0a-2b26-4233-9017-bb25b2e860f3,2,3000
4552038278,855,3501.62,QUOTATION,82ebf1b0-6982-4deb-ac51-c7a6d0a68c5d,4,1000
4585846819,18,1722.68,WAITING,d7da1df8-a4af-4efe-a657-570c6d350470,5,3000
4591972144,479,5553.88,WAITING,35672019-b6d1-42b4-b906-8819b248182e,3,4000
4569811100,95,190.36,WAITING,5257f4f1-580e-4eb3-89f9-6cae458e4509,3,1000
4555771223,389,1694.45,QUOTATION,8df0c99e-2745-44ae-94ee-ad79cb114fdb,5,3000
4591039035,694,8152.63,REJECTED,15ddc72a-7103-4a88-a951-49c5aa75affd,1,3000
4530135684,185,6436.16,APPROVED,fffeaf8f-4b6b-4357-a309-89f4769c36da,3,1000
4582924504,158,138.69,WAITING,56ae9e46-c0b2-46ca-b51d-5686e00ce4a6,5,3000
4511586864,574,3065.07,APPROVED,ad64acbd-9045-44ec-9111-f6b3b90cb060,4,2000
4547652997,198,349.64,APPROVED,0a58bce2-1697-4c89-b568-ae280f33f982,4,2000
4514363726,183,1338.66,REJECTED,f6dd041e-f994-407c-9a1b-2ee8a39b9b25,3,3000
4548317369,567,980.86,WAITING,31ac60a6-1bc1-442c-ae10-4a420f770538,3,1000
4508000627,343,2998.18,WAITING,651e8d5b-8636-4635-a934-6f9427d506b8,5,4000
4545977085,353,4645.9,REJECTED,0f7e95f4-4fb9-4987-a1e1-5264880e721e,3,3000
4510787392,134,8236.16,WAITING,384bae62-8ba8-4cac-b8ad-3df4e68bcafa,2,3000
4511015365,329,9293.92,REJECTED,3341d7ea-5bed-42e4-82c2-18d0adfbcdf1,1,3000
4591054075,346,355.25,APPROVED,dbce3e63-1a5c-4595-a1f9-d09c3d978567,2,3000
4516208818,415,9032.0,APPROVED,4a2d279e-2495-496f-80d9-bc5a45e3b6b4,2,4000
4540348918,133,7566.27,APPROVED,4029508a-afa4-4faf-b175-4bb65b8a4dbb,2,3000
4546029645,217,5319.92,REJECTED,31ac60a6-1bc1-442c-ae10-4a420f770538,4,4000
4561669085,531,5759.43,APPROVED,e069016d-d217-4fbc-b438-1e8790b731fb,1,3000
4540605686,661,5479.9,REJECTED,bcebc30c-15e5-48e2-9c32-c86d886f82a0,4,2000
4525187376,542,1196.77,APPROVED,bcebc30c-15e5-48e2-9c32-c86d886f82a0,1,3000
4530804932,578,8907.37,APPROVED,d4dbba0a-2b26-4233-9017-bb25b2e860f3,5,3000
4592034350,442,5282.19,QUOTATION,110f8801-eea1-420d-98e6-dd439569747b,4,2000
4580511285,972,8505.71,REJECTED,daffc87a-fdb5-424e-9155-782c6cd1b731,4,3000
4557356856,445,8720.41,APPROVED,6c55f239-a4f0-4edd-afe8-02d129db9eda,2,3000
4597184186,479,4098.72,REJECTED,8df0c99e-2745-44ae-94ee-ad79cb114fdb,3,1000
4502737476,409,1539.97,REJECTED,a4926703-442b-4179-808a-04de7d4e1015,4,2000
4594864951,161,9351.79,APPROVED,611eefb3-ef38-4a2e-831a-15aff1dde8f8,3,3000
4569723773,818,6732.84,QUOTATION,28d388a1-0e70-41d0-a8a1-abb9e3263b7b,1,3000
4550549678,858,8106.56,REJECTED,17dffc12-ac1a-44ed-ad09-3c824851c624,5,1000
4509231467,993,3376.61,REJECTED,3341d7ea-5bed-42e4-82c2-18d0adfbcdf1,4,1000
4501425765,649,9293.98,WAITING,76fa0c16-dc3a-4a9b-b914-de6a0097f3dc,1,3000
4544846916,933,1590.71,APPROVED,4029508a-afa4-4faf-b175-4bb65b8a4dbb,1,2000
4503806144,175,9822.46,WAITING,cea90057-5542-4a9f-8ad8-2fa263b39b7b,5,1000
4580974402,781,3032.4,QUOTATION,651e8d5b-8636-4635-a934-6f9427d506b8,3,4000
4526477229,199,8684.05,WAITING,e7ba4d18-37bf-472c-9d3a-7756c21a55c9,5,3000
4502953225,750,2294.49,WAITING,bcebc30c-15e5-48e2-9c32-c86d886f82a0,2,4000
4509580375,843,5440.6,QUOTATION,fffeaf8f-4b6b-4357-a309-89f4769c36da,4,4000
4567176249,531,630.12,QUOTATION,f6dd041e-f994-407c-9a1b-2ee8a39b9b25,1,3000
4559012639,524,8711.77,QUOTATION,76fa0c16-dc3a-4a9b-b914-de6a0097f3dc,4,1000
4575713872,309,2575.42,QUOTATION,e7ba4d18-37bf-472c-9d3a-7756c21a55c9,3,4000
4582145981,408,4139.12,REJECTED,ad64acbd-9045-44ec-9111-f6b3b90cb060,5,4000
4508324396,466,6492.59,WAITING,bcebc30c-15e5-48e2-9c32-c86d886f82a0,2,3000
4573002679,249,4160.07,WAITING,384bae62-8ba8-4cac-b8ad-3df4e68bcafa,1,2000
4567488944,275,9265.1,APPROVED,4029508a-afa4-4faf-b175-4bb65b8a4dbb,1,4000
4589712859,468,2469.93,WAITING,b577718c-a2a9-4f8a-a41c-7cac0d102aab,1,1000
4572673093,833,1555.1,APPROVED,ba3d4978-80db-4a12-9f06-e4c698936184,4,3000
4588382425,8,9303.26,QUOTATION,9fc109ea-2585-4c23-9329-2ccda2d964eb,4,2000
4579066123,261,6506.86,REJECTED,37bf8863-0046-49cb-a72c-f7e41661214b,5,4000
4537772806,115,6934.03,WAITING,408c4fe5-9066-4997-8f1c-ad8daae4b1f6,5,2000
4581338035,320,8858.97,WAITING,3f3292d8-3056-42da-9ec5-d080c252a223,3,3000
4582698156,782,7412.8,WAITING,0f7e95f4-4fb9-4987-a1e1-5264880e721e,4,4000
4596692387,35,3805.33,REJECTED,e069016d-d217-4fbc-b438-1e8790b731fb,3,2000
4508158790,939,805.27,WAITING,b6bbc970-46d2-4ff4-9c52-80f378cfe8ea,1,4000
4550643805,327,9737.66,REJECTED,d4dbba0a-2b26-4233-9017-bb25b2e860f3,2,3000
4576357190,45,9214.04,APPROVED,2ab670e8-49e3-4a95-9871-d937f77b5927,4,2000
4559560240,633,4395.87,REJECTED,e7ba4d18-37bf-472c-9d3a-7756c21a55c9,3,1000
4547920235,542,6233.54,WAITING,0b319577-4ab0-4684-b112-b27aad212cb1,3,4000
4544331231,856,5415.11,QUOTATION,a4926703-442b-4179-808a-04de7d4e1015,4,1000
4585049494,873,4393.81,QUOTATION,82ebf1b0-6982-4deb-ac51-c7a6d0a68c5d,1,2000
4569193223,630,5995.96,APPROVED,0f7e95f4-4fb9-4987-a1e1-5264880e721e,3,4000
4540941366,601,300.38,APPROVED,b020551c-5fe7-45ea-881a-6fa78332362d,2,3000
4589242126,324,1810.07,WAITING,408c4fe5-9066-4997-8f1c-ad8daae4b1f6,2,4000
4547414895,642,1508.8,APPROVED,28d388a1-0e70-41d0-a8a1-abb9e3263b7b,1,1000
4523466185,645,8790.82,REJECTED,9a109dc4-7be3-4aec-94bb-ede38f79ae14,1,3000
4573265969,529,4418.76,APPROVED,e7ba4d18-37bf-472c-9d3a-7756c21a55c9,5,3000
4524997600,415,7334.46,WAITING,e069016d-d217-4fbc-b438-1e8790b731fb,5,3000
4502794905,325,1910.64,REJECTED,de541e55-b7b6-404a-8ce0-a6f1ea925750,4,3000
4565419161,449,7415.03,APPROVED,ea38b7e1-b488-4873-ab04-3066d219b434,5,1000
4504870097,416,9839.64,REJECTED,68681084-7b12-4fd9-9704-7da3802cb451,5,4000
4545949573,967,3510.13,QUOTATION,a1a6e723-19c6-46fd-a584-917efe27f127,1,1000
4570818861,947,532.21,QUOTATION,915bda23-d2b3-4bab-9d3b-0b701beb76fa,1,4000
4519321527,80,7882.17,REJECTED,31ac60a6-1bc1-442c-ae10-4a420f770538,1,3000
4541037902,546,4232.84,WAITING,de541e55-b7b6-404a-8ce0-a6f1ea925750,3,3000
4583568483,637,5439.69,QUOTATION,62117371-6664-4e90-9e4c-e3939789c81a,4,2000
4553988038,49,516.68,WAITING,77b34563-244c-46da-b014-af1a9c7fa9e4,2,3000
4529790010,573,4998.52,QUOTATION,56ae9e46-c0b2-46ca-b51d-5686e00ce4a6,5,4000
4576706806,564,2646.9,WAITING,eb8e5632-45d0-47e9-bcc0-ee76bf030643,2,1000
4598765590,738,1491.3,REJECTED,ea38b7e1-b488-4873-ab04-3066d219b434,1,1000
4568466246,724,7737.98,APPROVED,5c250769-58e7-4a67-92b8-05566aab2cd0,5,3000
4587444281,554,3445.52,QUOTATION,cea90057-5542-4a9f-8ad8-2fa263b39b7b,1,4000
4523178180,191,502.12,APPROVED,0f7e95f4-4fb9-4987-a1e1-5264880e721e,5,3000
4527728790,827,9791.07,APPROVED,dbce3e63-1a5c-4595-a1f9-d09c3d978567,3,1000
4588014972,275,5649.91,WAITING,3ee51816-f540-45e6-8401-474c5df84e78,2,1000
4513355725,183,7027.0,QUOTATION,74d238f7-61d4-41c6-9d51-b05f2eddcb36,4,2000
4560281766,541,2487.1,APPROVED,74d238f7-61d4-41c6-9d51-b05f2eddcb36,2,1000
4587818715,714,1455.13,APPROVED,6c55f239-a4f0-4edd-afe8-02d129db9eda,5,3000
4585594562,995,8309.89,APPROVED,84aadcf6-499b-4416-9a35-3e546eb39a5c,3,3000
4541604189,381,8889.58,WAITING,408c4fe5-9066-4997-8f1c-ad8daae4b1f6,2,4000
4578403208,415,5430.36,QUOTATION,05767575-2944-4457-9aa7-06e1dae2ae25,3,4000
4555307495,12,4932.14,QUOTATION,6cc3c3b9-23fa-4969-8791-af89dedc62c9,3,1000
4565353753,490,3153.2,WAITING,bcebc30c-15e5-48e2-9c32-c86d886f82a0,5,4000
4553904949,80,1942.82,WAITING,41f3b33b-8871-42fd-90d5-1d1d9f2d5aed,4,1000
4545463656,837,7521.51,WAITING,fffeaf8f-4b6b-4357-a309-89f4769c36da,2,2000
4595734073,520,5794.46,QUOTATION,4a2d279e-2495-496f-80d9-bc5a45e3b6b4,2,2000
4540754299,660,9399.62,APPROVED,dbce3e63-1a5c-4595-a1f9-d09c3d978567,2,4000
4584020977,817,252.86,APPROVED,5c250769-58e7-4a67-92b8-05566aab2cd0,4,3000
4577811301,118,7517.51,REJECTED,a1ad3c2b-45ca-491c-8ef2-a64af7d19e43,1,1000
4565636867,507,6215.58,APPROVED,b020551c-5fe7-45ea-881a-6fa78332362d,4,4000
4544149071,233,9817.65,QUOTATION,c40f8a37-9024-4fcd-80a6-7917301ba6bd,3,3000
4516941435,215,8468.59,APPROVED,5c250769-58e7-4a67-92b8-05566aab2cd0,2,1000
4572826859,954,7665.2,QUOTATION,82ebf1b0-6982-4deb-ac51-c7a6d0a68c5d,3,2000
4538962843,448,1717.26,QUOTATION,0f7e95f4-4fb9-4987-a1e1-5264880e721e,4,1000
4524876031,49,5233.75,QUOTATION,ba5b8587-5d45-44ac-9e4e-16cb4b3afecc,3,2000
4545096405,600,4578.54,QUOTATION,651e8d5b-8636-4635-a934-6f9427d506b8,4,2000
4546530828,343,1049.42,WAITING,9a109dc4-7be3-4aec-94bb-ede38f79ae14,4,2000
4571477151,332,2933.82,WAITING,0c328cd6-def4-4097-8b5d-ef9b4362cfd3,5,2000
4515841487,920,6921.44,REJECTED,d5b6a98e-464a-4e85-ad1c-7fd6be7df835,3,1000
4568945303,403,1476.86,REJECTED,73df3d25-bcec-47a6-8d66-6b628e81ed2d,1,3000
4598116232,335,7681.15,APPROVED,62117371-6664-4e90-9e4c-e3939789c81a,5,3000
4577615538,610,4687.37,QUOTATION,ea38b7e1-b488-4873-ab04-3066d219b434,4,2000
4542243574,809,4483.74,WAITING,3341d7ea-5bed-42e4-82c2-18d0adfbcdf1,1,4000
4569341573,832,8671.87,WAITING,68681084-7b12-4fd9-9704-7da3802cb451,5,1000
4599337032,48,5308.87,WAITING,de541e55-b7b6-404a-8ce0-a6f1ea925750,1,1000
4571128396,666,5695.27,WAITING,0c328cd6-def4-4097-8b5d-ef9b4362cfd3,4,2000
4531238748,799,3402.41,QUOTATION,bf599d91-442c-4e09-b5ae-b9f08a417d11,3,1000
4512342565,189,410.33,QUOTATION,2ab670e8-49e3-4a95-9871-d937f77b5927,3,1000
4519924375,515,4362.47,QUOTATION,62117371-6664-4e90-9e4c-e3939789c81a,2,2000
4579596457,649,3957.08,REJECTED,d0d94739-009d-44aa-ae3d-8c35a65083c5,5,2000
4552525436,976,2312.02,WAITING,e7ba4d18-37bf-472c-9d3a-7756c21a55c9,4,3000
4561465364,245,8233.27,QUOTATION,a1a6e723-19c6-46fd-a584-917efe27f127,4,1000
4519954078,959,9843.27,WAITING,f524f9ee-95cb-4e66-a6c1-b58f8296e7f3,5,3000
4565665361,996,6436.28,QUOTATION,5c250769-58e7-4a67-92b8-05566aab2cd0,4,1000
4554597823,993,9233.07,APPROVED,ea38b7e1-b488-4873-ab04-3066d219b434,3,3000
4581506845,840,2707.89,QUOTATION,fffeaf8f-4b6b-4357-a309-89f4769c36da,4,3000
4532222203,952,8286.69,WAITING,fffeaf8f-4b6b-4357-a309-89f4769c36da,4,3000
4553155232,735,6773.52,QUOTATION,daffc87a-fdb5-424e-9155-782c6cd1b731,3,2000
4581974162,543,8710.05,APPROVED,32149af9-a4f0-4e80-a73d-490a9faef06f,2,4000
4577580195,328,8024.96,QUOTATION,56ae9e46-c0b2-46ca-b51d-5686e00ce4a6,1,2000
4567232336,259,2161.34,WAITING,6cc3c3b9-23fa-4969-8791-af89dedc62c9,1,4000
4514355930,596,6724.0,WAITING,15ddc72a-7103-4a88-a951-49c5aa75affd,4,3000
4595382430,94,1624.07,APPROVED,134244b2-90f7-4d62-8488-d71e29828266,3,3000
4507704849,744,6195.2,REJECTED,73df3d25-bcec-47a6-8d66-6b628e81ed2d,3,1000
4514450336,826,3382.52,APPROVED,35672019-b6d1-42b4-b906-8819b248182e,1,3000
4591869912,782,9427.14,APPROVED,9c7454a7-b80c-4d19-b841-4c0343b75add,2,4000
4545136132,39,8475.65,REJECTED,cea90057-5542-4a9f-8ad8-2fa263b39b7b,3,1000
4561660272,595,7620.85,QUOTATION,ce1eeb99-74a8-4547-b95c-345102c07d21,3,2000
4523071167,961,1492.5,APPROVED,0e752cfe-75ff-427d-8214-57710b509b33,4,4000
4530217875,80,2545.16,WAITING,f6979cad-3c89-4280-985d-d7f07aaa8c2b,3,3000
4573681632,633,8564.66,REJECTED,eb8e5632-45d0-47e9-bcc0-ee76bf030643,3,1000
4580695802,524,6016.25,WAITING,e069016d-d217-4fbc-b438-1e8790b731fb,3,2000
4500404391,643,1459.22,REJECTED,b6bbc970-46d2-4ff4-9c52-80f378cfe8ea,3,3000
4576906856,757,3082.32,REJECTED,00a417fb-f2b9-4bb8-90c0-0787c3f2e3c7,5,1000
4599756246,985,2054.09,REJECTED,82ebf1b0-6982-4deb-ac51-c7a6d0a68c5d,5,3000
4516473672,890,1275.67,QUOTATION,3341d7ea-5bed-42e4-82c2-18d0adfbcdf1,1,3000
4534645831,754,3039.25,QUOTATION,82ebf1b0-6982-4deb-ac51-c7a6d0a68c5d,5,3000
4529417087,343,2485.11,WAITING,9fc109ea-2585-4c23-9329-2ccda2d964eb,1,4000
4533600990,527,9650.86,APPROVED,9fc109ea-2585-4c23-9329-2ccda2d964eb,3,2000
4595629156,606,7343.89,WAITING,3f3292d8-3056-42da-9ec5-d080c252a223,3,1000
4596376698,536,1757.39,REJECTED,a9da22e7-f42f-4428-9083-96395b7a7e9a,2,3000
4589233208,224,4252.37,QUOTATION,b0154cbb-c693-4062-88b9-a8acf4402b56,2,3000
4564613598,953,8900.0,WAITING,5c250769-58e7-4a67-92b8-05566aab2cd0,2,4000
4564374263,306,9842.79,APPROVED,5257f4f1-580e-4eb3-89f9-6cae458e4509,4,2000
4597880578,430,7437.53,WAITING,4a5df305-6d85-4b5a-81ca-b2a776017f8f,3,2000
4565435720,122,9373.42,QUOTATION,74d238f7-61d4-41c6-9d51-b05f2eddcb36,5,3000
4562894951,20,1631.2,APPROVED,408c4fe5-9066-4997-8f1c-ad8daae4b1f6,2,3000
4557705529,151,3093.27,REJECTED,37bf8863-0046-49cb-a72c-f7e41661214b,5,1000
4587430286,740,5289.47,APPROVED,a1ad3c2b-45ca-491c-8ef2-a64af7d19e43,2,4000
4533269374,108,5451.85,REJECTED,2c7b9d8a-6b92-4a21-a03e-024e434a203d,3,2000
4583207756,919,4100.15,WAITING,9a109dc4-7be3-4aec-94bb-ede38f79ae14,2,1000
4550878501,104,6799.23,APPROVED,51991c98-a328-457f-a862-0962b2d30ddc,4,3000
4528418858,851,4035.35,REJECTED,5257f4f1-580e-4eb3-89f9-6cae458e4509,4,3000
4574897623,675,9337.83,WAITING,35672019-b6d1-42b4-b906-8819b248182e,5,1000
4596243533,810,7047.09,REJECTED,6c55f239-a4f0-4edd-afe8-02d129db9eda,3,2000
4580728486,27,510.9,APPROVED,8df0c99e-2745-44ae-94ee-ad79cb114fdb,1,3000
4537454293,967,8235.89,WAITING,68681084-7b12-4fd9-9704-7da3802cb451,1,3000
4550400227,856,6512.44,WAITING,da731710-48f7-4c02-8dd6-917ff4c62e3b,2,1000
4558628050,146,8270.24,WAITING,ce1eeb99-74a8-4547-b95c-345102c07d21,1,3000
4548918635,421,5534.42,APPROVED,6c55f239-a4f0-4edd-afe8-02d129db9eda,5,1000
4586957984,788,8324.46,REJECTED,84aadcf6-499b-4416-9a35-3e546eb39a5c,3,1000
4544154962,997,9738.03,REJECTED,0b319577-4ab0-4684-b112-b27aad212cb1,4,2000
4555474490,14,9258.25,APPROVED,5c250769-58e7-4a67-92b8-05566aab2cd0,1,3000
4591638110,671,8228.83,QUOTATION,ea38b7e1-b488-4873-ab04-3066d219b434,3,1000
4545244730,936,8403.36,WAITING,71b893be-0a75-41a7-9a52-bcdb771cc5ec,4,1000
4507764109,284,8630.9,WAITING,84aadcf6-499b-4416-9a35-3e546eb39a5c,3,4000
4598867920,15,4793.75,WAITING,5c250769-58e7-4a67-92b8-05566aab2cd0,2,2000
4512875547,809,5260.75,REJECTED,de541e55-b7b6-404a-8ce0-a6f1ea925750,4,4000
4558405973,959,6261.49,WAITING,3c65561d-5119-4985-87e7-48965fe9f62c,3,2000
4563185325,972,2628.96,REJECTED,8ca5ca23-a910-469b-aec1-73bd31d74ba2,1,4000
4567697145,904,4823.32,QUOTATION,a4926703-442b-4179-808a-04de7d4e1015,1,4000
4509249623,745,8148.82,QUOTATION,408c4fe5-9066-4997-8f1c-ad8daae4b1f6,3,3000
4552568739,343,6321.49,WAITING,82ebf1b0-6982-4deb-ac51-c7a6d0a68c5d,5,2000
4535742579,231,9797.44,QUOTATION,ba3d4978-80db-4a12-9f06-e4c698936184,5,2000
4567170026,423,9386.61,REJECTED,41f3b33b-8871-42fd-90d5-1d1d9f2d5aed,5,3000
4537196096,105,3176.83,WAITING,0c328cd6-def4-4097-8b5d-ef9b4362cfd3,3,4000
4583556626,992,9913.43,QUOTATION,2c7b9d8a-6b92-4a21-a03e-024e434a203d,4,3000
4581023401,707,2699.38,APPROVED,82ebf1b0-6982-4deb-ac51-c7a6d0a68c5d,1,3000
4546824060,291,5856.69,WAITING,2ab670e8-49e3-4a95-9871-d937f77b5927,1,3000
4581707363,772,6896.67,WAITING,d5b6a98e-464a-4e85-ad1c-7fd6be7df835,1,4000
4502688792,963,8834.41,WAITING,da731710-48f7-4c02-8dd6-917ff4c62e3b,4,3000
4538622114,169,1759.39,REJECTED,0a58bce2-1697-4c89-b568-ae280f33f982,1,3000
4511658791,805,5143.63,APPROVED,fcc9df1e-2761-4b55-8f60-015b21066d78,1,1000
4527682195,509,9337.3,REJECTED,134244b2-90f7-4d62-8488-d71e29828266,3,2000
4556523534,344,7229.97,QUOTATION,17dffc12-ac1a-44ed-ad09-3c824851c624,5,2000
4529667334,320,486.42,QUOTATION,daffc87a-fdb5-424e-9155-782c6cd1b731,4,1000
4587264169,421,5394.88,REJECTED,0439439c-8945-42c4-b079-5340d85df97c,4,3000
4545391395,349,5801.45,APPROVED,01bb5e4b-33d3-4db2-85a2-499f5c9e31b4,4,4000
4532172217,368,3384.46,APPROVED,b020551c-5fe7-45ea-881a-6fa78332362d,2,3000
4566573490,373,4123.96,REJECTED,e7ba4d18-37bf-472c-9d3a-7756c21a55c9,2,1000
4557559154,238,3722.27,WAITING,e7ba4d18-37bf-472c-9d3a-7756c21a55c9,2,2000
4592009590,67,198.76,QUOTATION,de541e55-b7b6-404a-8ce0-a6f1ea925750,2,2000
4526396108,483,3475.99,QUOTATION,4a5df305-6d85-4b5a-81ca-b2a776017f8f,5,1000
4557703079,823,7675.84,APPROVED,da731710-48f7-4c02-8dd6-917ff4c62e3b,3,2000
4523545408,134,5157.23,APPROVED,cf11fe2a-443a-44e9-96b0-e6b91ddfa87d,4,3000
4507105633,702,5754.1,APPROVED,3341d7ea-5bed-42e4-82c2-18d0adfbcdf1,4,2000
4525571107,14,2945.64,APPROVED,82ebf1b0-6982-4deb-ac51-c7a6d0a68c5d,5,1000
4582096595,945,1697.19,REJECTED,e7ba4d18-37bf-472c-9d3a-7756c21a55c9,1,1000
4577388009,784,451.98,REJECTED,4a2d279e-2495-496f-80d9-bc5a45e3b6b4,5,4000
4569819229,431,4847.18,REJECTED,01bb5e4b-33d3-4db2-85a2-499f5c9e31b4,2,1000
4522602244,580,7392.06,WAITING,d5b6a98e-464a-4e85-ad1c-7fd6be7df835,1,1000
4582246836,951,4641.52,WAITING,e069016d-d217-4fbc-b438-1e8790b731fb,4,4000
4592650615,292,6728.89,QUOTATION,0a58bce2-1697-4c89-b568-ae280f33f982,5,2000
4599914347,468,8464.23,APPROVED,12a301b9-4c71-4181-a853-d29be7b6bd18,5,4000
4549652625,22,6969.1,REJECTED,110f8801-eea1-420d-98e6-dd439569747b,2,2000
4520992654,654,1256.38,APPROVED,8ca5ca23-a910-469b-aec1-73bd31d74ba2,1,3000
4503439392,409,4817.94,REJECTED,4a2d279e-2495-496f-80d9-bc5a45e3b6b4,3,3000
4591580691,430,4639.04,REJECTED,6c55f239-a4f0-4edd-afe8-02d129db9eda,4,1000
4539555589,575,4797.06,WAITING,68681084-7b12-4fd9-9704-7da3802cb451,3,1000
4537089475,527,7833.87,QUOTATION,9ec93c76-9578-4947-a5ca-def516b026cb,3,4000
4567922366,432,905.09,QUOTATION,b6bbc970-46d2-4ff4-9c52-80f378cfe8ea,3,1000
4537621791,244,8075.94,WAITING,791660af-f0db-4fbd-a3a4-86bd38182556,4,4000
4568234864,361,3107.82,REJECTED,3d3527a9-4ef5-45d5-83c2-4178789f9921,2,4000
4575154425,303,1766.53,REJECTED,b0154cbb-c693-4062-88b9-a8acf4402b56,4,3000
4532250407,730,4193.77,QUOTATION,15ddc72a-7103-4a88-a951-49c5aa75affd,4,1000
4530599035,96,3126.44,QUOTATION,12a301b9-4c71-4181-a853-d29be7b6bd18,4,4000
4529062207,849,4493.14,APPROVED,05767575-2944-4457-9aa7-06e1dae2ae25,3,3000
4599301979,478,9619.33,REJECTED,f6979cad-3c89-4280-985d-d7f07aaa8c2b,3,1000
4541693151,960,7675.96,WAITING,a1ad3c2b-45ca-491c-8ef2-a64af7d19e43,2,3000
4534872551,26,1970.55,REJECTED,2c6e3cb9-21cb-4de6-ae38-f117a3cbdfe2,1,1000
4555905212,590,8903.9,APPROVED,651e8d5b-8636-4635-a934-6f9427d506b8,5,2000
4527545442,322,5964.41,APPROVED,73df3d25-bcec-47a6-8d66-6b628e81ed2d,2,3000
4531368614,480,9987.96,REJECTED,62117371-6664-4e90-9e4c-e3939789c81a,5,3000
4544716446,244,5928.81,REJECTED,fcc9df1e-2761-4b55-8f60-015b21066d78,4,2000
4506106032,388,1110.46,APPROVED,cf11fe2a-443a-44e9-96b0-e6b91ddfa87d,1,3000
4571916325,414,7516.19,QUOTATION,e7ba4d18-37bf-472c-9d3a-7756c21a55c9,2,4000
4546374608,587,1479.05,WAITING,915bda23-d2b3-4bab-9d3b-0b701beb76fa,3,2000
4578937784,839,2477.71,QUOTATION,56ae9e46-c0b2-46ca-b51d-5686e00ce4a6,3,1000
4529006530,153,9309.95,WAITING,e7ba4d18-37bf-472c-9d3a-7756c21a55c9,1,2000
4587731014,58,6760.75,REJECTED,2ab670e8-49e3-4a95-9871-d937f77b5927,2,4000
4530402904,336,3013.76,WAITING,b6bbc970-46d2-4ff4-9c52-80f378cfe8ea,5,1000
4501151211,481,1951.35,QUOTATION,17dffc12-ac1a-44ed-ad09-3c824851c624,3,1000
4583165065,718,8592.13,REJECTED,2c6e3cb9-21cb-4de6-ae38-f117a3cbdfe2,3,1000
4592048931,566,8667.3,QUOTATION,bf599d91-442c-4e09-b5ae-b9f08a417d11,1,2000
4529270285,804,7249.42,QUOTATION,4a2d279e-2495-496f-80d9-bc5a45e3b6b4,4,3000
4514467054,639,3270.58,REJECTED,eb8e5632-45d0-47e9-bcc0-ee76bf030643,1,4000
4587569564,486,3828.1,APPROVED,d4dbba0a-2b26-4233-9017-bb25b2e860f3,5,2000
4593741614,618,26.62,QUOTATION,3f3292d8-3056-42da-9ec5-d080c252a223,1,4000
4565519119,433,5536.97,WAITING,74d238f7-61d4-41c6-9d51-b05f2eddcb36,4,1000
4548360083,772,6656.96,REJECTED,9567383e-1921-4683-803b-509faa2bc9d5,4,2000
4513762973,348,8665.68,WAITING,3f3292d8-3056-42da-9ec5-d080c252a223,4,4000
4546603729,224,1152.97,REJECTED,51991c98-a328-457f-a862-0962b2d30ddc,5,4000
4576797754,529,7361.1,APPROVED,fe53d2be-049c-47fa-871a-c4a8b1a10e40,3,2000
4591436938,232,942.24,WAITING,d4dbba0a-2b26-4233-9017-bb25b2e860f3,5,3000
4573295633,834,2906.3,APPROVED,f6979cad-3c89-4280-985d-d7f07aaa8c2b,5,1000
4516303978,386,5244.92,QUOTATION,0439439c-8945-42c4-b079-5340d85df97c,3,4000
4570543832,552,4238.19,REJECTED,fffeaf8f-4b6b-4357-a309-89f4769c36da,2,2000
4524744503,857,6240.56,QUOTATION,975480d4-8c15-44ba-8c55-a9938bdaa2c4,5,4000
4548914681,921,5285.45,REJECTED,f6979cad-3c89-4280-985d-d7f07aaa8c2b,3,1000
4537874815,108,4415.65,REJECTED,ba5b8587-5d45-44ac-9e4e-16cb4b3afecc,2,3000
4583089027,642,1253.77,QUOTATION,408c4fe5-9066-4997-8f1c-ad8daae4b1f6,5,1000
4503266994,212,3014.68,QUOTATION,dbce3e63-1a5c-4595-a1f9-d09c3d978567,5,2000
4592231822,571,2849.05,QUOTATION,5c250769-58e7-4a67-92b8-05566aab2cd0,5,2000
4551963550,688,9972.96,WAITING,2c7b9d8a-6b92-4a21-a03e-024e434a203d,2,2000
4546748686,526,8368.4,APPROVED,b020551c-5fe7-45ea-881a-6fa78332362d,2,2000
4583344358,781,6574.94,WAITING,2c7b9d8a-6b92-4a21-a03e-024e434a203d,3,1000
4565325640,659,5728.55,WAITING,9567383e-1921-4683-803b-509faa2bc9d5,2,2000
4547493650,355,2142.84,APPROVED,e069016d-d217-4fbc-b438-1e8790b731fb,4,2000
4558029880,79,1343.32,QUOTATION,f6dd041e-f994-407c-9a1b-2ee8a39b9b25,5,4000
4535835899,77,656.1,REJECTED,31ac60a6-1bc1-442c-ae10-4a420f770538,2,2000
4556498960,319,5735.0,REJECTED,ebfe58ef-0dee-41d8-859e-ae2bff66e7fc,3,3000
4593661474,787,2771.15,REJECTED,2cf52c48-a37c-4244-a030-3fe16c443ecd,3,4000
4592971215,510,7137.3,WAITING,17dffc12-ac1a-44ed-ad09-3c824851c624,5,4000
4537629240,870,3207.74,WAITING,5257f4f1-580e-4eb3-89f9-6cae458e4509,3,1000
4546266286,373,3123.8,REJECTED,134244b2-90f7-4d62-8488-d71e29828266,2,2000
4559064997,997,4738.5,QUOTATION,611eefb3-ef38-4a2e-831a-15aff1dde8f8,1,2000
4588706773,482,77.08,REJECTED,6cc3c3b9-23fa-4969-8791-af89dedc62c9,3,4000
4592747247,400,328.45,APPROVED,2cf52c48-a37c-4244-a030-3fe16c443ecd,3,3000
4536531254,493,5558.0,APPROVED,76fa0c16-dc3a-4a9b-b914-de6a0097f3dc,4,2000
4581655241,962,9447.73,REJECTED,62117371-6664-4e90-9e4c-e3939789c81a,4,1000
4557680160,766,4247.04,REJECTED,bcebc30c-15e5-48e2-9c32-c86d886f82a0,4,4000
4582681947,675,1885.21,QUOTATION,cf11fe2a-443a-44e9-96b0-e6b91ddfa87d,2,3000
4505326662,144,4020.87,APPROVED,00a417fb-f2b9-4bb8-90c0-0787c3f2e3c7,3,1000
4530898043,284,2440.96,QUOTATION,791660af-f0db-4fbd-a3a4-86bd38182556,5,3000
4589030079,342,767.28,APPROVED,fffeaf8f-4b6b-4357-a309-89f4769c36da,1,2000
4504857103,13,4352.67,APPROVED,b0154cbb-c693-4062-88b9-a8acf4402b56,3,3000
4504869875,540,4582.89,APPROVED,9c7454a7-b80c-4d19-b841-4c0343b75add,4,3000
4572410359,897,3056.53,WAITING,ba3d4978-80db-4a12-9f06-e4c698936184,2,4000
4571479549,542,8036.48,QUOTATION,cea90057-5542-4a9f-8ad8-2fa263b39b7b,2,3000
4521875142,977,3843.51,REJECTED,dbce3e63-1a5c-4595-a1f9-d09c3d978567,4,1000
4583479257,434,941.7,WAITING,791660af-f0db-4fbd-a3a4-86bd38182556,5,1000
4579883560,275,5825.94,QUOTATION,a4926703-442b-4179-808a-04de7d4e1015,3,1000
4572744696,285,831.8,REJECTED,5c250769-58e7-4a67-92b8-05566aab2cd0,4,2000
4555722273,248,3002.9,REJECTED,32149af9-a4f0-4e80-a73d-490a9faef06f,1,3000
4573106471,635,231.89,APPROVED,00a417fb-f2b9-4bb8-90c0-0787c3f2e3c7,3,3000
4595362930,124,4251.73,APPROVED,9fc109ea-2585-4c23-9329-2ccda2d964eb,1,2000
4506647898,920,806.65,REJECTED,ce1eeb99-74a8-4547-b95c-345102c07d21,3,2000
4591258538,477,852.8,APPROVED,2cf52c48-a37c-4244-a030-3fe16c443ecd,1,2000
4570034433,81,4659.71,WAITING,32149af9-a4f0-4e80-a73d-490a9faef06f,3,3000
4558330158,732,374.11,REJECTED,b0154cbb-c693-4062-88b9-a8acf4402b56,5,1000
4527290961,822,2228.98,APPROVED,cf11fe2a-443a-44e9-96b0-e6b91ddfa87d,1,3000
4536148088,919,1843.87,REJECTED,384bae62-8ba8-4cac-b8ad-3df4e68bcafa,4,3000
4591025710,908,8258.64,REJECTED,c40f8a37-9024-4fcd-80a6-7917301ba6bd,3,1000
4572172969,635,2739.93,QUOTATION,915bda23-d2b3-4bab-9d3b-0b701beb76fa,2,3000
4583688514,385,5805.66,APPROVED,32149af9-a4f0-4e80-a73d-490a9faef06f,3,3000
4509473897,392,3550.55,REJECTED,3c65561d-5119-4985-87e7-48965fe9f62c,4,1000
4589638066,675,758.05,QUOTATION,cea90057-5542-4a9f-8ad8-2fa263b39b7b,4,1000
4525723097,384,4764.47,QUOTATION,41f3b33b-8871-42fd-90d5-1d1d9f2d5aed,1,4000
4548221263,597,8003.64,QUOTATION,134244b2-90f7-4d62-8488-d71e29828266,1,3000
4569176908,345,5663.75,REJECTED,f6979cad-3c89-4280-985d-d7f07aaa8c2b,4,1000
4533756819,717,2229.42,APPROVED,0c328cd6-def4-4097-8b5d-ef9b4362cfd3,2,4000
4526283022,715,5712.81,REJECTED,da731710-48f7-4c02-8dd6-917ff4c62e3b,5,2000
4568513777,393,1815.64,QUOTATION,b577718c-a2a9-4f8a-a41c-7cac0d102aab,1,1000
4513820402,921,8997.58,REJECTED,dbce3e63-1a5c-4595-a1f9-d09c3d978567,5,2000
4561919522,4,2615.19,REJECTED,d0d94739-009d-44aa-ae3d-8c35a65083c5,2,3000
4519649011,405,507.92,REJECTED,76fa0c16-dc3a-4a9b-b914-de6a0097f3dc,2,2000
4566744557,848,4883.0,WAITING,01bb5e4b-33d3-4db2-85a2-499f5c9e31b4,5,4000
4538703767,921,7935.98,WAITING,56ae9e46-c0b2-46ca-b51d-5686e00ce4a6,3,3000
4544706759,309,5231.29,WAITING,a4926703-442b-4179-808a-04de7d4e1015,4,1000
4581854455,449,4971.09,APPROVED,37bf8863-0046-49cb-a72c-f7e41661214b,2,1000
4566589648,314,8336.32,WAITING,e069016d-d217-4fbc-b438-1e8790b731fb,2,4000
4580643803,755,7932.45,WAITING,bf599d91-442c-4e09-b5ae-b9f08a417d11,2,3000
4549500042,99,7631.11,APPROVED,82ebf1b0-6982-4deb-ac51-c7a6d0a68c5d,3,4000
4543362460,795,5171.86,APPROVED,a1a6e723-19c6-46fd-a584-917efe27f127,1,4000
4578759322,982,2112.09,QUOTATION,791660af-f0db-4fbd-a3a4-86bd38182556,2,2000
4521531362,118,856.73,REJECTED,d4dbba0a-2b26-4233-9017-bb25b2e860f3,1,3000
4513644979,94,1478.33,REJECTED,651e8d5b-8636-4635-a934-6f9427d506b8,5,3000
4551939567,933,7513.44,REJECTED,0f7e95f4-4fb9-4987-a1e1-5264880e721e,1,2000
4502836813,141,9383.05,APPROVED,5c250769-58e7-4a67-92b8-05566aab2cd0,2,3000
4506645433,452,4206.6,QUOTATION,e069016d-d217-4fbc-b438-1e8790b731fb,5,1000
4516882672,610,1940.89,WAITING,384bae62-8ba8-4cac-b8ad-3df4e68bcafa,5,3000
4558619634,262,1247.9,REJECTED,b0154cbb-c693-4062-88b9-a8acf4402b56,5,3000
4558607448,701,3412.47,QUOTATION,fe53d2be-049c-47fa-871a-c4a8b1a10e40,4,3000
4598135856,83,6685.79,REJECTED,05767575-2944-4457-9aa7-06e1dae2ae25,3,1000
4595488917,520,5943.57,QUOTATION,77b34563-244c-46da-b014-af1a9c7fa9e4,3,4000
4592804186,459,1922.96,WAITING,82ebf1b0-6982-4deb-ac51-c7a6d0a68c5d,2,1000
4533371609,126,6755.3,APPROVED,d4dbba0a-2b26-4233-9017-bb25b2e860f3,1,2000
4576783295,409,1301.82,APPROVED,bcebc30c-15e5-48e2-9c32-c86d886f82a0,4,4000
4529498805,519,7636.58,APPROVED,9a109dc4-7be3-4aec-94bb-ede38f79ae14,1,3000
4543964518,992,6774.56,QUOTATION,b020551c-5fe7-45ea-881a-6fa78332362d,4,1000
4585410856,261,7412.32,QUOTATION,01bb5e4b-33d3-4db2-85a2-499f5c9e31b4,3,1000
4556233239,257,4761.94,REJECTED,31ac60a6-1bc1-442c-ae10-4a420f770538,2,3000
4504954701,917,3412.78,QUOTATION,31ac60a6-1bc1-442c-ae10-4a420f770538,3,4000
4508429935,536,5944.15,REJECTED,12a301b9-4c71-4181-a853-d29be7b6bd18,1,3000
4535393575,166,1622.82,QUOTATION,fcc9df1e-2761-4b55-8f60-015b21066d78,3,2000
4564679408,564,8479.59,WAITING,2c6e3cb9-21cb-4de6-ae38-f117a3cbdfe2,3,3000
4597204361,395,6107.73,APPROVED,68681084-7b12-4fd9-9704-7da3802cb451,4,4000
4594409502,417,1760.69,QUOTATION,4029508a-afa4-4faf-b175-4bb65b8a4dbb,2,1000
4555532768,611,7910.2,QUOTATION,4a5df305-6d85-4b5a-81ca-b2a776017f8f,5,3000
4542371177,829,3054.6,REJECTED,4a5df305-6d85-4b5a-81ca-b2a776017f8f,3,2000
4581598672,421,2054.09,QUOTATION,0439439c-8945-42c4-b079-5340d85df97c,2,1000
4558380464,406,9737.13,QUOTATION,de541e55-b7b6-404a-8ce0-a6f1ea925750,2,1000
4506057655,377,2516.17,WAITING,d4dbba0a-2b26-4233-9017-bb25b2e860f3,3,3000
4556833520,52,2768.3,WAITING,a9da22e7-f42f-4428-9083-96395b7a7e9a,5,3000
4579627908,67,2547.71,REJECTED,e7ba4d18-37bf-472c-9d3a-7756c21a55c9,3,1000
4566222548,19,8678.76,REJECTED,fcc9df1e-2761-4b55-8f60-015b21066d78,3,4000
4542392739,367,7988.01,WAITING,2c7b9d8a-6b92-4a21-a03e-024e434a203d,4,3000
4567597037,243,9396.35,WAITING,791660af-f0db-4fbd-a3a4-86bd38182556,5,4000
4520657459,846,9387.32,WAITING,fe53d2be-049c-47fa-871a-c4a8b1a10e40,2,1000
4563971163,705,6108.5,APPROVED,41e46c83-90d4-4836-a022-b900a018b3fa,1,3000
4535280924,613,653.91,REJECTED,37bf8863-0046-49cb-a72c-f7e41661214b,4,4000
4587352899,65,1969.38,WAITING,76fa0c16-dc3a-4a9b-b914-de6a0097f3dc,4,2000
4557313484,625,1633.4,WAITING,62117371-6664-4e90-9e4c-e3939789c81a,4,1000
4593663773,144,3158.72,REJECTED,b0154cbb-c693-4062-88b9-a8acf4402b56,1,4000
4527729172,932,5632.28,REJECTED,b020551c-5fe7-45ea-881a-6fa78332362d,3,4000
4509143628,146,6977.84,APPROVED,bcebc30c-15e5-48e2-9c32-c86d886f82a0,5,4000
4521449092,178,8246.77,REJECTED,9c7454a7-b80c-4d19-b841-4c0343b75add,2,1000
4531316731,282,27.68,REJECTED,611eefb3-ef38-4a2e-831a-15aff1dde8f8,1,3000
4509446384,723,729.51,WAITING,0439439c-8945-42c4-b079-5340d85df97c,3,4000
4515818161,359,8085.27,QUOTATION,f6dd041e-f994-407c-9a1b-2ee8a39b9b25,3,2000
4512568139,4,8307.74,REJECTED,110f8801-eea1-420d-98e6-dd439569747b,2,1000
4524060419,837,7597.13,REJECTED,32149af9-a4f0-4e80-a73d-490a9faef06f,1,4000
4507106332,610,4297.2,APPROVED,a1ad3c2b-45ca-491c-8ef2-a64af7d19e43,3,4000
4500662110,603,2487.3,REJECTED,ebfe58ef-0dee-41d8-859e-ae2bff66e7fc,4,1000
4569406245,841,9251.9,REJECTED,651e8d5b-8636-4635-a934-6f9427d506b8,3,1000
4520473300,646,2813.05,REJECTED,71b893be-0a75-41a7-9a52-bcdb771cc5ec,1,2000
4592185025,579,1500.35,WAITING,0b319577-4ab0-4684-b112-b27aad212cb1,4,3000
4503089176,168,562.94,WAITING,17dffc12-ac1a-44ed-ad09-3c824851c624,4,4000
4574616354,374,8952.6,QUOTATION,2cf52c48-a37c-4244-a030-3fe16c443ecd,4,3000
4543324883,67,8729.45,QUOTATION,b020551c-5fe7-45ea-881a-6fa78332362d,1,2000
4515535483,408,9716.9,APPROVED,3341d7ea-5bed-42e4-82c2-18d0adfbcdf1,2,1000
4523047025,632,4262.02,WAITING,71b893be-0a75-41a7-9a52-bcdb771cc5ec,5,3000
4564084761,16,4294.25,REJECTED,ce1eeb99-74a8-4547-b95c-345102c07d21,5,1000
4575799058,735,4702.36,QUOTATION,73df3d25-bcec-47a6-8d66-6b628e81ed2d,1,2000
4532262642,463,7363.8,APPROVED,31ac60a6-1bc1-442c-ae10-4a420f770538,2,2000
4553415404,697,6499.88,APPROVED,4a5df305-6d85-4b5a-81ca-b2a776017f8f,2,2000
4534901149,777,7262.19,REJECTED,2ab670e8-49e3-4a95-9871-d937f77b5927,4,2000
4569101807,468,9307.37,QUOTATION,05767575-2944-4457-9aa7-06e1dae2ae25,2,4000
4546105757,394,8375.63,APPROVED,975480d4-8c15-44ba-8c55-a9938bdaa2c4,3,3000
4569664008,740,9237.41,QUOTATION,a1a6e723-19c6-46fd-a584-917efe27f127,4,1000
4557695591,253,9755.58,QUOTATION,4a2d279e-2495-496f-80d9-bc5a45e3b6b4,3,3000
4543460242,438,2800.73,WAITING,73df3d25-bcec-47a6-8d66-6b628e81ed2d,5,2000
4583272642,719,2038.69,QUOTATION,71b893be-0a75-41a7-9a52-bcdb771cc5ec,5,2000
4521505667,882,3035.92,WAITING,d4dbba0a-2b26-4233-9017-bb25b2e860f3,5,1000
4587348803,816,1958.4,APPROVED,fffeaf8f-4b6b-4357-a309-89f4769c36da,2,3000
4589239169,976,9333.59,WAITING,73df3d25-bcec-47a6-8d66-6b628e81ed2d,3,2000
4506575084,721,983.82,REJECTED,f6dd041e-f994-407c-9a1b-2ee8a39b9b25,2,4000
4505891470,229,9838.11,APPROVED,d5b6a98e-464a-4e85-ad1c-7fd6be7df835,4,1000
4578704338,161,403.16,APPROVED,cf11fe2a-443a-44e9-96b0-e6b91ddfa87d,2,4000
4578151140,864,1678.69,QUOTATION,611eefb3-ef38-4a2e-831a-15aff1dde8f8,5,4000
4573624273,892,8703.79,WAITING,b0154cbb-c693-4062-88b9-a8acf4402b56,4,4000
4573027409,731,9330.94,QUOTATION,cf11fe2a-443a-44e9-96b0-e6b91ddfa87d,5,1000
4555835378,262,4731.49,REJECTED,ba3d4978-80db-4a12-9f06-e4c698936184,4,3000
4594267826,625,4066.35,APPROVED,15ddc72a-7103-4a88-a951-49c5aa75affd,1,3000
4559458461,159,7451.47,REJECTED,791660af-f0db-4fbd-a3a4-86bd38182556,1,3000
4545780904,545,3463.87,APPROVED,fffeaf8f-4b6b-4357-a309-89f4769c36da,2,3000
4585222390,106,9747.33,WAITING,408c4fe5-9066-4997-8f1c-ad8daae4b1f6,2,1000
4555414142,548,4375.44,WAITING,28d388a1-0e70-41d0-a8a1-abb9e3263b7b,4,3000
4586680086,762,1310.12,REJECTED,0b319577-4ab0-4684-b112-b27aad212cb1,5,4000
4562771761,235,9776.46,QUOTATION,a1a6e723-19c6-46fd-a584-917efe27f127,3,2000
4591046740,282,7589.72,WAITING,d4dbba0a-2b26-4233-9017-bb25b2e860f3,2,4000
4534007981,814,6522.2,QUOTATION,cf11fe2a-443a-44e9-96b0-e6b91ddfa87d,2,1000
4514278783,95,3210.33,QUOTATION,0439439c-8945-42c4-b079-5340d85df97c,4,4000
4544357462,807,1786.06,WAITING,76fa0c16-dc3a-4a9b-b914-de6a0097f3dc,2,2000
4598498351,779,3741.05,QUOTATION,da731710-48f7-4c02-8dd6-917ff4c62e3b,1,4000
4511660817,687,1963.48,APPROVED,71b893be-0a75-41a7-9a52-bcdb771cc5ec,4,1000
4588745466,626,9646.09,WAITING,c40f8a37-9024-4fcd-80a6-7917301ba6bd,5,1000
4594935701,454,9969.7,REJECTED,b577718c-a2a9-4f8a-a41c-7cac0d102aab,1,4000
4598601506,172,1735.43,WAITING,73df3d25-bcec-47a6-8d66-6b628e81ed2d,1,4000
4533986246,617,7149.29,QUOTATION,fcc9df1e-2761-4b55-8f60-015b21066d78,5,1000
4564669595,635,7124.43,QUOTATION,05767575-2944-4457-9aa7-06e1dae2ae25,5,4000
4533749820,481,3005.89,APPROVED,eb8e5632-45d0-47e9-bcc0-ee76bf030643,2,2000
4501453985,819,5.11,APPROVED,b6bbc970-46d2-4ff4-9c52-80f378cfe8ea,2,2000
4533284266,660,6682.46,REJECTED,73df3d25-bcec-47a6-8d66-6b628e81ed2d,5,2000
4599821406,405,7718.45,REJECTED,0c328cd6-def4-4097-8b5d-ef9b4362cfd3,2,2000
4578996691,336,7081.39,APPROVED,611eefb3-ef38-4a2e-831a-15aff1dde8f8,2,3000
4577626400,420,5862.47,REJECTED,62117371-6664-4e90-9e4c-e3939789c81a,3,1000
4535344098,357,1464.13,QUOTATION,0e752cfe-75ff-427d-8214-57710b509b33,5,4000
4532122870,873,4592.43,REJECTED,5257f4f1-580e-4eb3-89f9-6cae458e4509,3,1000
4591672150,679,283.46,APPROVED,32149af9-a4f0-4e80-a73d-490a9faef06f,1,3000
4564451008,643,8719.71,WAITING,3d3527a9-4ef5-45d5-83c2-4178789f9921,3,1000
4565593765,676,487.61,WAITING,56ae9e46-c0b2-46ca-b51d-5686e00ce4a6,4,4000
4565465164,536,9993.86,QUOTATION,41e46c83-90d4-4836-a022-b900a018b3fa,4,3000
4527385176,904,5219.83,WAITING,a1ad3c2b-45ca-491c-8ef2-a64af7d19e43,4,3000
4548477121,387,7710.86,WAITING,9ec93c76-9578-4947-a5ca-def516b026cb,5,4000
4579774306,975,7670.68,WAITING,2c7b9d8a-6b92-4a21-a03e-024e434a203d,5,2000
4502012907,808,5116.44,QUOTATION,651e8d5b-8636-4635-a934-6f9427d506b8,1,1000
4586803909,447,2699.02,QUOTATION,ad64acbd-9045-44ec-9111-f6b3b90cb060,2,3000
4553699845,755,3558.75,REJECTED,4029508a-afa4-4faf-b175-4bb65b8a4dbb,2,3000
4548321360,316,7236.55,REJECTED,fffeaf8f-4b6b-4357-a309-89f4769c36da,4,2000
4558164080,604,8498.58,REJECTED,3f3292d8-3056-42da-9ec5-d080c252a223,3,3000
4515734687,865,7235.32,REJECTED,daffc87a-fdb5-424e-9155-782c6cd1b731,4,3000
4560918077,497,526.1,APPROVED,a4926703-442b-4179-808a-04de7d4e1015,2,1000
4559736201,174,6199.44,APPROVED,a4926703-442b-4179-808a-04de7d4e1015,3,3000
4574871582,874,432.09,REJECTED,84aadcf6-499b-4416-9a35-3e546eb39a5c,4,2000
4540130942,321,9844.72,APPROVED,b577718c-a2a9-4f8a-a41c-7cac0d102aab,5,3000
4595052398,347,4482.72,REJECTED,37bf8863-0046-49cb-a72c-f7e41661214b,5,3000
4586601211,542,9372.46,WAITING,9c7454a7-b80c-4d19-b841-4c0343b75add,3,1000
4563863030,983,2189.06,APPROVED,8ca5ca23-a910-469b-aec1-73bd31d74ba2,1,1000
4582190694,121,7445.65,APPROVED,4a2d279e-2495-496f-80d9-bc5a45e3b6b4,2,4000
4544382394,235,7691.79,APPROVED,8ca5ca23-a910-469b-aec1-73bd31d74ba2,5,1000
4552027424,925,8084.2,WAITING,cea90057-5542-4a9f-8ad8-2fa263b39b7b,5,2000
4502729357,420,5892.58,APPROVED,651e8d5b-8636-4635-a934-6f9427d506b8,1,3000
4551120768,683,5597.4,WAITING,2cf52c48-a37c-4244-a030-3fe16c443ecd,2,4000
4568252386,453,4523.04,WAITING,5c250769-58e7-4a67-92b8-05566aab2cd0,4,2000
4580942935,613,3035.55,WAITING,0b319577-4ab0-4684-b112-b27aad212cb1,2,4000
4531062022,632,7012.19,APPROVED,ba5b8587-5d45-44ac-9e4e-16cb4b3afecc,2,1000
4572724071,898,3161.77,WAITING,915bda23-d2b3-4bab-9d3b-0b701beb76fa,5,2000
4535532658,607,738.62,REJECTED,110f8801-eea1-420d-98e6-dd439569747b,5,3000
4555936672,749,7115.66,APPROVED,6c55f239-a4f0-4edd-afe8-02d129db9eda,1,2000
4517620493,116,777.72,REJECTED,da731710-48f7-4c02-8dd6-917ff4c62e3b,3,4000
4564956956,683,6213.73,QUOTATION,eb8e5632-45d0-47e9-bcc0-ee76bf030643,5,4000
4522945943,564,182.87,QUOTATION,73df3d25-bcec-47a6-8d66-6b628e81ed2d,3,4000
4521650293,327,1427.11,REJECTED,00a417fb-f2b9-4bb8-90c0-0787c3f2e3c7,2,2000
4593087798,764,532.23,QUOTATION,84aadcf6-499b-4416-9a35-3e546eb39a5c,5,3000
4591417874,104,2665.47,QUOTATION,d5b6a98e-464a-4e85-ad1c-7fd6be7df835,5,4000
4526127493,551,3596.04,APPROVED,384bae62-8ba8-4cac-b8ad-3df4e68bcafa,4,3000
4506896818,377,75.13,APPROVED,ea38b7e1-b488-4873-ab04-3066d219b434,2,2000
4518527581,272,8306.93,REJECTED,15ddc72a-7103-4a88-a951-49c5aa75affd,4,2000
4549640099,839,2787.96,REJECTED,f524f9ee-95cb-4e66-a6c1-b58f8296e7f3,5,2000
4591100337,848,7580.3,APPROVED,aa51a37d-2867-459b-8885-b5c8b161616a,2,4000
4508431151,379,4787.18,WAITING,651e8d5b-8636-4635-a934-6f9427d506b8,5,4000
4586128626,953,7781.91,APPROVED,05767575-2944-4457-9aa7-06e1dae2ae25,5,2000
4539068531,728,4977.01,QUOTATION,74d238f7-61d4-41c6-9d51-b05f2eddcb36,3,1000
4579915688,589,5435.21,QUOTATION,384bae62-8ba8-4cac-b8ad-3df4e68bcafa,2,2000
4544895422,819,4519.49,WAITING,8df0c99e-2745-44ae-94ee-ad79cb114fdb,2,2000
4553665055,815,3914.88,QUOTATION,12a301b9-4c71-4181-a853-d29be7b6bd18,4,4000
4594793956,887,9868.68,REJECTED,408c4fe5-9066-4997-8f1c-ad8daae4b1f6,4,3000
4517306081,944,1575.1,APPROVED,a1a6e723-19c6-46fd-a584-917efe27f127,5,3000
4510363485,889,1897.95,REJECTED,daffc87a-fdb5-424e-9155-782c6cd1b731,3,1000
4549984836,397,1406.37,REJECTED,0f7e95f4-4fb9-4987-a1e1-5264880e721e,2,4000
4595927229,830,906.08,APPROVED,5c250769-58e7-4a67-92b8-05566aab2cd0,2,4000
4551970654,171,8710.23,APPROVED,76fa0c16-dc3a-4a9b-b914-de6a0097f3dc,1,2000
4528228777,551,9572.91,APPROVED,a9da22e7-f42f-4428-9083-96395b7a7e9a,4,3000
4577964700,614,2976.42,REJECTED,f6979cad-3c89-4280-985d-d7f07aaa8c2b,1,3000
4575972478,74,5988.12,WAITING,9a109dc4-7be3-4aec-94bb-ede38f79ae14,4,4000
4565201115,293,326.62,APPROVED,cea90057-5542-4a9f-8ad8-2fa263b39b7b,2,2000
4507640634,207,8268.89,QUOTATION,8ca5ca23-a910-469b-aec1-73bd31d74ba2,1,2000
4565986188,927,7643.38,WAITING,eb8e5632-45d0-47e9-bcc0-ee76bf030643,5,1000
4587795565,856,4509.36,QUOTATION,f524f9ee-95cb-4e66-a6c1-b58f8296e7f3,2,3000
4524381080,99,566.34,WAITING,28d388a1-0e70-41d0-a8a1-abb9e3263b7b,5,3000
4599777350,809,1544.05,REJECTED,3c65561d-5119-4985-87e7-48965fe9f62c,4,1000
4503531220,728,4374.34,WAITING,31ac60a6-1bc1-442c-ae10-4a420f770538,2,4000
4578683072,404,3237.45,WAITING,51991c98-a328-457f-a862-0962b2d30ddc,1,2000
4528344627,464,9310.6,WAITING,de541e55-b7b6-404a-8ce0-a6f1ea925750,1,2000
4524977120,300,760.11,QUOTATION,0f7e95f4-4fb9-4987-a1e1-5264880e721e,5,4000
4560729562,944,8863.74,APPROVED,3341d7ea-5bed-42e4-82c2-18d0adfbcdf1,5,1000
4557985384,629,8100.5,REJECTED,73df3d25-bcec-47a6-8d66-6b628e81ed2d,4,1000
4511477472,420,2487.0,WAITING,2c6e3cb9-21cb-4de6-ae38-f117a3cbdfe2,2,3000
4550943198,962,2809.76,QUOTATION,35672019-b6d1-42b4-b906-8819b248182e,1,1000
4579245507,551,5344.08,WAITING,41e46c83-90d4-4836-a022-b900a018b3fa,1,4000
4583892832,277,1985.93,WAITING,d0d94739-009d-44aa-ae3d-8c35a65083c5,1,2000
4588646874,401,7400.61,WAITING,915bda23-d2b3-4bab-9d3b-0b701beb76fa,5,2000
4579093348,609,7564.28,APPROVED,68681084-7b12-4fd9-9704-7da3802cb451,3,2000
4587959129,994,1141.11,WAITING,d0d94739-009d-44aa-ae3d-8c35a65083c5,1,1000
4578483773,403,8137.59,APPROVED,74d238f7-61d4-41c6-9d51-b05f2eddcb36,3,2000
4591147462,758,8756.46,QUOTATION,28d388a1-0e70-41d0-a8a1-abb9e3263b7b,3,3000
4531834133,266,9926.33,WAITING,0f7e95f4-4fb9-4987-a1e1-5264880e721e,5,4000
4522050988,564,4343.06,APPROVED,aa51a37d-2867-459b-8885-b5c8b161616a,3,3000
4571371679,160,6848.03,QUOTATION,e7ba4d18-37bf-472c-9d3a-7756c21a55c9,2,2000
4565050926,496,9056.34,QUOTATION,17dffc12-ac1a-44ed-ad09-3c824851c624,4,3000
4572140532,840,9285.69,WAITING,41e46c83-90d4-4836-a022-b900a018b3fa,3,1000
4566008238,56,358.97,APPROVED,da731710-48f7-4c02-8dd6-917ff4c62e3b,4,4000
4563944583,544,7150.94,QUOTATION,a1a6e723-19c6-46fd-a584-917efe27f127,5,2000
4588721984,325,2731.21,REJECTED,bcebc30c-15e5-48e2-9c32-c86d886f82a0,3,4000
4549616494,106,1350.37,WAITING,17dffc12-ac1a-44ed-ad09-3c824851c624,1,2000
4541379861,896,9735.83,QUOTATION,110f8801-eea1-420d-98e6-dd439569747b,1,2000
4585727115,78,3562.15,APPROVED,62117371-6664-4e90-9e4c-e3939789c81a,5,3000
4546374761,290,4957.61,WAITING,ea38b7e1-b488-4873-ab04-3066d219b434,1,4000
4559501669,633,4120.61,REJECTED,56ae9e46-c0b2-46ca-b51d-5686e00ce4a6,4,1000
4572667590,19,3567.55,WAITING,915bda23-d2b3-4bab-9d3b-0b701beb76fa,4,2000
4556547762,674,1358.16,QUOTATION,b020551c-5fe7-45ea-881a-6fa78332362d,5,3000
4588793281,288,5029.56,WAITING,ebfe58ef-0dee-41d8-859e-ae2bff66e7fc,3,1000
4542991210,700,4726.7,APPROVED,cf11fe2a-443a-44e9-96b0-e6b91ddfa87d,1,3000
4562890221,429,5716.14,REJECTED,2c7b9d8a-6b92-4a21-a03e-024e434a203d,1,2000
4598226533,50,9671.55,QUOTATION,fffeaf8f-4b6b-4357-a309-89f4769c36da,2,1000
4594016989,725,1223.8,APPROVED,68681084-7b12-4fd9-9704-7da3802cb451,2,1000
4554523874,247,1861.95,WAITING,aa51a37d-2867-459b-8885-b5c8b161616a,5,3000
4560580567,958,2678.91,REJECTED,ebfe58ef-0dee-41d8-859e-ae2bff66e7fc,4,3000
4577263492,464,6316.99,WAITING,134244b2-90f7-4d62-8488-d71e29828266,1,3000
4508056960,275,551.86,WAITING,f524f9ee-95cb-4e66-a6c1-b58f8296e7f3,3,1000
4587597611,114,7339.22,WAITING,e069016d-d217-4fbc-b438-1e8790b731fb,1,2000
4537643374,635,3737.47,QUOTATION,3341d7ea-5bed-42e4-82c2-18d0adfbcdf1,3,1000
4576582485,415,5440.8,APPROVED,9ec93c76-9578-4947-a5ca-def516b026cb,5,1000
4509717768,828,7385.78,APPROVED,a1a6e723-19c6-46fd-a584-917efe27f127,5,3000
4565079547,884,6966.99,APPROVED,0439439c-8945-42c4-b079-5340d85df97c,5,4000
4545147982,989,9379.94,APPROVED,0e752cfe-75ff-427d-8214-57710b509b33,2,4000
4589787685,14,4726.72,WAITING,fffeaf8f-4b6b-4357-a309-89f4769c36da,3,4000
4509582102,332,4268.19,WAITING,dbce3e63-1a5c-4595-a1f9-d09c3d978567,1,3000
4533840922,162,7926.6,WAITING,e069016d-d217-4fbc-b438-1e8790b731fb,1,4000
4531157702,283,525.7,WAITING,fcc9df1e-2761-4b55-8f60-015b21066d78,1,3000
4545560395,28,2471.13,APPROVED,8ca5ca23-a910-469b-aec1-73bd31d74ba2,5,4000
4570061982,340,2000.59,QUOTATION,3341d7ea-5bed-42e4-82c2-18d0adfbcdf1,2,4000
4568869761,582,4504.31,REJECTED,975480d4-8c15-44ba-8c55-a9938bdaa2c4,2,3000
4599515583,303,5917.29,QUOTATION,8df0c99e-2745-44ae-94ee-ad79cb114fdb,4,3000
4589285963,355,9310.66,REJECTED,dbce3e63-1a5c-4595-a1f9-d09c3d978567,1,2000
4545845678,51,7482.2,APPROVED,975480d4-8c15-44ba-8c55-a9938bdaa2c4,5,2000
4550004219,492,7161.2,REJECTED,ba3d4978-80db-4a12-9f06-e4c698936184,2,2000
4571466635,582,1670.7,QUOTATION,74d238f7-61d4-41c6-9d51-b05f2eddcb36,5,1000
4541346086,274,570.7,WAITING,791660af-f0db-4fbd-a3a4-86bd38182556,2,1000
4508686060,478,4553.07,REJECTED,4a5df305-6d85-4b5a-81ca-b2a776017f8f,2,1000
4518016585,424,4272.46,QUOTATION,6cc3c3b9-23fa-4969-8791-af89dedc62c9,5,4000
4594352656,350,6489.17,WAITING,e7ba4d18-37bf-472c-9d3a-7756c21a55c9,1,2000
4592475378,433,9780.8,REJECTED,2c7b9d8a-6b92-4a21-a03e-024e434a203d,3,1000
4529648240,177,2699.52,APPROVED,ebfe58ef-0dee-41d8-859e-ae2bff66e7fc,4,1000
4551230327,617,7355.7,REJECTED,77b34563-244c-46da-b014-af1a9c7fa9e4,5,1000
4546311142,582,9837.65,APPROVED,51991c98-a328-457f-a862-0962b2d30ddc,1,3000
4506606403,685,7512.24,WAITING,82ebf1b0-6982-4deb-ac51-c7a6d0a68c5d,2,3000
4556792191,201,8663.71,WAITING,daffc87a-fdb5-424e-9155-782c6cd1b731,4,1000
4582635770,638,4809.23,WAITING,2cf52c48-a37c-4244-a030-3fe16c443ecd,4,3000
4513714409,954,5658.5,REJECTED,110f8801-eea1-420d-98e6-dd439569747b,1,1000
4568907465,88,4966.78,REJECTED,0e752cfe-75ff-427d-8214-57710b509b33,4,4000
4592507911,80,8104.64,WAITING,82ebf1b0-6982-4deb-ac51-c7a6d0a68c5d,1,4000
4516719179,407,7330.16,REJECTED,651e8d5b-8636-4635-a934-6f9427d506b8,3,2000
4568635344,344,9114.7,APPROVED,0a58bce2-1697-4c89-b568-ae280f33f982,4,2000
4527825064,456,7080.93,APPROVED,134244b2-90f7-4d62-8488-d71e29828266,4,1000
4504748916,185,1501.02,QUOTATION,0a58bce2-1697-4c89-b568-ae280f33f982,4,1000
4548947767,914,8733.66,WAITING,3f3292d8-3056-42da-9ec5-d080c252a223,4,3000
4570478897,401,7493.76,REJECTED,d4dbba0a-2b26-4233-9017-bb25b2e860f3,4,4000
4579643329,860,6682.97,WAITING,f6dd041e-f994-407c-9a1b-2ee8a39b9b25,3,1000
4560679411,578,2000.05,QUOTATION,17dffc12-ac1a-44ed-ad09-3c824851c624,2,4000
4542412512,271,7334.64,REJECTED,12a301b9-4c71-4181-a853-d29be7b6bd18,1,4000
4548125472,708,3770.68,REJECTED,56ae9e46-c0b2-46ca-b51d-5686e00ce4a6,2,3000
4561270421,72,2037.92,REJECTED,ebfe58ef-0dee-41d8-859e-ae2bff66e7fc,2,1000
4509417901,375,133.55,WAITING,fffeaf8f-4b6b-4357-a309-89f4769c36da,4,3000
4566316283,605,6875.89,APPROVED,4029508a-afa4-4faf-b175-4bb65b8a4dbb,3,3000
4533465950,971,8616.05,APPROVED,408c4fe5-9066-4997-8f1c-ad8daae4b1f6,2,2000
4567023249,490,3882.8,QUOTATION,3d3527a9-4ef5-45d5-83c2-4178789f9921,3,1000
4564438742,689,8514.68,REJECTED,9c7454a7-b80c-4d19-b841-4c0343b75add,3,4000
4546606464,606,1929.77,APPROVED,791660af-f0db-4fbd-a3a4-86bd38182556,1,2000
4561732089,599,6238.92,WAITING,51991c98-a328-457f-a862-0962b2d30ddc,2,3000
4508834262,579,9596.36,QUOTATION,bcebc30c-15e5-48e2-9c32-c86d886f82a0,2,2000
4562395096,239,3181.89,APPROVED,6c55f239-a4f0-4edd-afe8-02d129db9eda,1,3000
4530373190,124,950.38,QUOTATION,b577718c-a2a9-4f8a-a41c-7cac0d102aab,5,4000
4506593095,971,4980.88,WAITING,8df0c99e-2745-44ae-94ee-ad79cb114fdb,1,3000
4580068764,330,7257.48,REJECTED,8ca5ca23-a910-469b-aec1-73bd31d74ba2,1,3000
4519884994,505,4051.72,WAITING,41f3b33b-8871-42fd-90d5-1d1d9f2d5aed,2,3000
4519901255,947,3941.07,WAITING,975480d4-8c15-44ba-8c55-a9938bdaa2c4,5,1000
4546168962,82,7628.6,QUOTATION,6c55f239-a4f0-4edd-afe8-02d129db9eda,3,4000
4539033588,71,6882.04,APPROVED,a1ad3c2b-45ca-491c-8ef2-a64af7d19e43,2,2000
4518444817,270,7655.73,WAITING,28d388a1-0e70-41d0-a8a1-abb9e3263b7b,1,4000
4536770874,312,814.46,REJECTED,fe53d2be-049c-47fa-871a-c4a8b1a10e40,5,3000
4595974124,36,2920.17,QUOTATION,ba3d4978-80db-4a12-9f06-e4c698936184,5,2000
4577363680,900,6855.72,WAITING,fcc9df1e-2761-4b55-8f60-015b21066d78,3,4000
4594392966,726,8522.66,APPROVED,eb8e5632-45d0-47e9-bcc0-ee76bf030643,3,2000
4555211146,320,3505.22,WAITING,9c7454a7-b80c-4d19-b841-4c0343b75add,4,1000
4568142108,588,8581.12,APPROVED,408c4fe5-9066-4997-8f1c-ad8daae4b1f6,1,4000
4533233017,175,8326.35,APPROVED,6cc3c3b9-23fa-4969-8791-af89dedc62c9,5,2000
4500209747,522,4647.41,QUOTATION,6c55f239-a4f0-4edd-afe8-02d129db9eda,5,4000
4538023995,260,471.89,REJECTED,a4926703-442b-4179-808a-04de7d4e1015,3,4000
4504865277,433,7510.76,QUOTATION,73df3d25-bcec-47a6-8d66-6b628e81ed2d,2,1000
4538374385,911,8588.29,REJECTED,5257f4f1-580e-4eb3-89f9-6cae458e4509,1,4000
4539949266,655,4906.51,REJECTED,41e46c83-90d4-4836-a022-b900a018b3fa,5,4000
4521778037,165,9126.53,QUOTATION,00a417fb-f2b9-4bb8-90c0-0787c3f2e3c7,2,4000
4506070555,911,6495.51,QUOTATION,3341d7ea-5bed-42e4-82c2-18d0adfbcdf1,5,1000
4552225029,968,6979.35,WAITING,2c7b9d8a-6b92-4a21-a03e-024e434a203d,1,1000
4568020924,145,5775.81,QUOTATION,f6979cad-3c89-4280-985d-d7f07aaa8c2b,1,4000
4550795967,711,3544.58,APPROVED,12a301b9-4c71-4181-a853-d29be7b6bd18,1,1000
4524400972,143,2759.47,WAITING,41f3b33b-8871-42fd-90d5-1d1d9f2d5aed,1,1000
4535835859,977,3843.73,QUOTATION,74d238f7-61d4-41c6-9d51-b05f2eddcb36,4,1000
4539213666,335,5843.98,APPROVED,41f3b33b-8871-42fd-90d5-1d1d9f2d5aed,2,4000
4597720003,484,4551.04,WAITING,56ae9e46-c0b2-46ca-b51d-5686e00ce4a6,1,3000
4595475519,464,9699.08,APPROVED,28d388a1-0e70-41d0-a8a1-abb9e3263b7b,1,4000
4517358033,585,675.22,QUOTATION,aa51a37d-2867-459b-8885-b5c8b161616a,3,4000
4505576699,441,8758.09,REJECTED,3f3292d8-3056-42da-9ec5-d080c252a223,4,3000
4547779988,868,8347.81,WAITING,71b893be-0a75-41a7-9a52-bcdb771cc5ec,2,4000
4536737708,121,3430.72,APPROVED,4a5df305-6d85-4b5a-81ca-b2a776017f8f,1,2000
4500732771,868,9436.47,REJECTED,de541e55-b7b6-404a-8ce0-a6f1ea925750,3,2000
4542778783,155,6946.44,QUOTATION,791660af-f0db-4fbd-a3a4-86bd38182556,4,3000
4506450159,216,5219.82,QUOTATION,d7da1df8-a4af-4efe-a657-570c6d350470,2,4000
4569086354,902,7311.41,APPROVED,ad64acbd-9045-44ec-9111-f6b3b90cb060,2,2000
4536568136,334,7610.87,REJECTED,32149af9-a4f0-4e80-a73d-490a9faef06f,1,3000
4530285114,285,7823.69,WAITING,31ac60a6-1bc1-442c-ae10-4a420f770538,4,2000
4553045792,965,4319.77,QUOTATION,9a109dc4-7be3-4aec-94bb-ede38f79ae14,3,2000
4545730489,29,682.75,APPROVED,bf599d91-442c-4e09-b5ae-b9f08a417d11,2,1000
4535069418,461,8651.36,REJECTED,408c4fe5-9066-4997-8f1c-ad8daae4b1f6,2,2000
4565553276,758,5384.02,WAITING,6cc3c3b9-23fa-4969-8791-af89dedc62c9,1,2000
4582507379,351,4968.48,WAITING,fcc9df1e-2761-4b55-8f60-015b21066d78,2,1000
4521976054,802,4689.74,APPROVED,f524f9ee-95cb-4e66-a6c1-b58f8296e7f3,3,3000
4530003652,71,574.18,REJECTED,3341d7ea-5bed-42e4-82c2-18d0adfbcdf1,5,3000
4531966768,601,8895.16,REJECTED,5257f4f1-580e-4eb3-89f9-6cae458e4509,5,4000
4513912963,932,1122.91,APPROVED,4a5df305-6d85-4b5a-81ca-b2a776017f8f,3,2000
4541072579,395,3649.74,QUOTATION,384bae62-8ba8-4cac-b8ad-3df4e68bcafa,3,4000
4586701187,322,7544.27,WAITING,b020551c-5fe7-45ea-881a-6fa78332362d,4,4000
4574003519,393,4328.1,REJECTED,f6dd041e-f994-407c-9a1b-2ee8a39b9b25,4,3000
4552370227,193,4903.55,APPROVED,dbce3e63-1a5c-4595-a1f9-d09c3d978567,3,3000
4552516445,420,8540.24,REJECTED,a4926703-442b-4179-808a-04de7d4e1015,5,2000
4505368341,295,4895.78,WAITING,73df3d25-bcec-47a6-8d66-6b628e81ed2d,4,1000
4588316940,628,4508.79,WAITING,b6bbc970-46d2-4ff4-9c52-80f378cfe8ea,1,2000
4594180157,249,1200.94,APPROVED,0b319577-4ab0-4684-b112-b27aad212cb1,4,4000
4560486723,299,4680.38,QUOTATION,56ae9e46-c0b2-46ca-b51d-5686e00ce4a6,2,1000
4518878364,273,6808.23,WAITING,ebfe58ef-0dee-41d8-859e-ae2bff66e7fc,1,3000
4517719341,922,4851.74,WAITING,68681084-7b12-4fd9-9704-7da3802cb451,1,3000
4506034808,817,6616.55,WAITING,0e752cfe-75ff-427d-8214-57710b509b33,2,1000
4529934451,702,5412.7,QUOTATION,611eefb3-ef38-4a2e-831a-15aff1dde8f8,3,2000
4526014046,176,537.69,REJECTED,2cf52c48-a37c-4244-a030-3fe16c443ecd,3,3000
4528357646,897,9402.56,REJECTED,3f3292d8-3056-42da-9ec5-d080c252a223,5,1000
4564131811,341,9655.52,REJECTED,3d3527a9-4ef5-45d5-83c2-4178789f9921,4,4000
4505912099,889,9156.45,WAITING,6c55f239-a4f0-4edd-afe8-02d129db9eda,3,4000
4540293767,640,5245.84,WAITING,56ae9e46-c0b2-46ca-b51d-5686e00ce4a6,4,4000
4516433866,773,9222.07,WAITING,da731710-48f7-4c02-8dd6-917ff4c62e3b,3,4000
4559936411,122,8200.25,WAITING,41e46c83-90d4-4836-a022-b900a018b3fa,3,4000
4540401756,907,7821.13,REJECTED,d0d94739-009d-44aa-ae3d-8c35a65083c5,1,3000
4550847286,794,3136.63,WAITING,b020551c-5fe7-45ea-881a-6fa78332362d,2,2000
4555551203,701,2496.94,APPROVED,01bb5e4b-33d3-4db2-85a2-499f5c9e31b4,3,1000
4545445567,349,139.6,REJECTED,31ac60a6-1bc1-442c-ae10-4a420f770538,5,3000
4529091807,880,7798.24,QUOTATION,2cf52c48-a37c-4244-a030-3fe16c443ecd,1,2000
4500792440,658,184.22,QUOTATION,31ac60a6-1bc1-442c-ae10-4a420f770538,3,1000
4575787642,875,7690.95,WAITING,51991c98-a328-457f-a862-0962b2d30ddc,4,2000
4514960123,512,3992.97,QUOTATION,6cc3c3b9-23fa-4969-8791-af89dedc62c9,1,2000
4539036729,237,2133.27,REJECTED,62117371-6664-4e90-9e4c-e3939789c81a,3,4000
4574459765,237,1530.61,REJECTED,aa51a37d-2867-459b-8885-b5c8b161616a,5,3000
4597532789,461,6444.67,QUOTATION,a1ad3c2b-45ca-491c-8ef2-a64af7d19e43,2,4000
4547723339,995,1496.18,REJECTED,b0154cbb-c693-4062-88b9-a8acf4402b56,5,3000
4571691451,872,809.17,QUOTATION,3d3527a9-4ef5-45d5-83c2-4178789f9921,5,3000
4540007037,835,9738.52,REJECTED,9ec93c76-9578-4947-a5ca-def516b026cb,3,1000
4555582200,785,5820.98,WAITING,9fc109ea-2585-4c23-9329-2ccda2d964eb,2,2000
4508700381,346,6831.82,APPROVED,37bf8863-0046-49cb-a72c-f7e41661214b,4,3000
4596818595,445,6458.94,REJECTED,4a5df305-6d85-4b5a-81ca-b2a776017f8f,1,4000
4595468801,767,4559.67,WAITING,daffc87a-fdb5-424e-9155-782c6cd1b731,4,4000
4585047896,146,1519.98,WAITING,c40f8a37-9024-4fcd-80a6-7917301ba6bd,3,2000
4556216153,330,7715.59,APPROVED,834a14f7-cbd7-4220-9587-cd61c93c8253,1,1000
4523299678,221,8754.87,QUOTATION,56ae9e46-c0b2-46ca-b51d-5686e00ce4a6,3,4000
4516519219,573,9458.11,APPROVED,b0154cbb-c693-4062-88b9-a8acf4402b56,2,3000
4594915063,417,5410.48,REJECTED,28d388a1-0e70-41d0-a8a1-abb9e3263b7b,1,3000
4598417908,1,6006.5,REJECTED,c40f8a37-9024-4fcd-80a6-7917301ba6bd,4,3000
4535875042,880,6086.39,WAITING,f6dd041e-f994-407c-9a1b-2ee8a39b9b25,3,2000
4549590579,836,3041.38,REJECTED,3f3292d8-3056-42da-9ec5-d080c252a223,5,3000
4536572740,172,3488.63,WAITING,12a301b9-4c71-4181-a853-d29be7b6bd18,3,2000
4575259925,316,3933.77,APPROVED,384bae62-8ba8-4cac-b8ad-3df4e68bcafa,3,3000
4594691336,856,5914.94,WAITING,d0d94739-009d-44aa-ae3d-8c35a65083c5,2,4000
4522386284,786,9056.8,QUOTATION,d0d94739-009d-44aa-ae3d-8c35a65083c5,5,4000
4568430986,257,6242.66,REJECTED,9567383e-1921-4683-803b-509faa2bc9d5,4,2000
4599302796,487,5175.74,APPROVED,6c55f239-a4f0-4edd-afe8-02d129db9eda,4,3000
4511557934,782,3936.78,APPROVED,e7ba4d18-37bf-472c-9d3a-7756c21a55c9,4,3000
4560189045,806,8922.24,REJECTED,0b319577-4ab0-4684-b112-b27aad212cb1,5,3000
4554573764,939,9646.26,APPROVED,4a5df305-6d85-4b5a-81ca-b2a776017f8f,2,1000
4524328031,733,3544.92,WAITING,2cf52c48-a37c-4244-a030-3fe16c443ecd,1,1000
4540509308,956,618.7,WAITING,f6dd041e-f994-407c-9a1b-2ee8a39b9b25,5,1000
4536506970,292,5764.01,WAITING,62117371-6664-4e90-9e4c-e3939789c81a,2,2000
4552772179,763,1435.58,WAITING,3d3527a9-4ef5-45d5-83c2-4178789f9921,3,2000
4512426779,547,3063.74,QUOTATION,ba5b8587-5d45-44ac-9e4e-16cb4b3afecc,1,3000
4526149490,552,68.61,REJECTED,e7ba4d18-37bf-472c-9d3a-7756c21a55c9,5,1000
4577043122,200,5491.44,APPROVED,408c4fe5-9066-4997-8f1c-ad8daae4b1f6,1,4000
4559413973,619,4460.73,APPROVED,a4926703-442b-4179-808a-04de7d4e1015,5,4000
4573911155,877,3813.41,QUOTATION,fcc9df1e-2761-4b55-8f60-015b21066d78,4,4000
4587596353,421,9312.77,WAITING,0e752cfe-75ff-427d-8214-57710b509b33,1,2000
4593376073,30,8196.87,APPROVED,2ab670e8-49e3-4a95-9871-d937f77b5927,5,3000
4546628784,14,8390.85,WAITING,c40f8a37-9024-4fcd-80a6-7917301ba6bd,1,2000
4585097126,589,3463.8,REJECTED,2c7b9d8a-6b92-4a21-a03e-024e434a203d,1,4000
4580476958,967,6264.99,WAITING,4a5df305-6d85-4b5a-81ca-b2a776017f8f,1,2000
4520434824,611,6805.08,REJECTED,05767575-2944-4457-9aa7-06e1dae2ae25,3,3000
4517403696,170,5826.06,QUOTATION,651e8d5b-8636-4635-a934-6f9427d506b8,1,3000
4583646778,894,9922.3,REJECTED,9a109dc4-7be3-4aec-94bb-ede38f79ae14,5,3000
4543936660,812,8593.99,REJECTED,01bb5e4b-33d3-4db2-85a2-499f5c9e31b4,3,4000
4528059773,470,7027.7,APPROVED,73df3d25-bcec-47a6-8d66-6b628e81ed2d,3,4000
4583342841,171,1179.16,APPROVED,cf11fe2a-443a-44e9-96b0-e6b91ddfa87d,5,1000
4583818614,701,3646.0,APPROVED,791660af-f0db-4fbd-a3a4-86bd38182556,1,2000
4502220922,553,4102.54,QUOTATION,31ac60a6-1bc1-442c-ae10-4a420f770538,2,1000
4590954896,774,948.67,REJECTED,5257f4f1-580e-4eb3-89f9-6cae458e4509,1,4000
4556308379,545,8948.67,WAITING,da731710-48f7-4c02-8dd6-917ff4c62e3b,4,4000
4553399963,295,229.22,QUOTATION,00a417fb-f2b9-4bb8-90c0-0787c3f2e3c7,5,4000
4528613809,285,5378.75,REJECTED,4a5df305-6d85-4b5a-81ca-b2a776017f8f,3,1000
4525588120,134,6309.25,REJECTED,de541e55-b7b6-404a-8ce0-a6f1ea925750,1,3000
4514132365,210,5852.34,WAITING,daffc87a-fdb5-424e-9155-782c6cd1b731,1,2000
4598726709,948,3432.55,APPROVED,ce1eeb99-74a8-4547-b95c-345102c07d21,4,4000
4527435367,267,5521.29,WAITING,77b34563-244c-46da-b014-af1a9c7fa9e4,2,3000
4588056914,231,6183.77,APPROVED,0439439c-8945-42c4-b079-5340d85df97c,3,1000
4539996591,220,8658.37,APPROVED,a1a6e723-19c6-46fd-a584-917efe27f127,4,2000
4589500431,189,7815.64,REJECTED,651e8d5b-8636-4635-a934-6f9427d506b8,5,3000
4507653044,686,6138.36,APPROVED,cea90057-5542-4a9f-8ad8-2fa263b39b7b,1,1000
4508094542,20,6452.79,WAITING,f6979cad-3c89-4280-985d-d7f07aaa8c2b,1,4000
4588490821,336,6858.3,WAITING,01bb5e4b-33d3-4db2-85a2-499f5c9e31b4,5,2000
4500258592,667,8070.84,QUOTATION,51991c98-a328-457f-a862-0962b2d30ddc,4,3000
4565821045,518,7781.3,APPROVED,8df0c99e-2745-44ae-94ee-ad79cb114fdb,1,1000
4556976715,869,9007.69,QUOTATION,32149af9-a4f0-4e80-a73d-490a9faef06f,2,2000
4588631495,489,9694.4,REJECTED,73df3d25-bcec-47a6-8d66-6b628e81ed2d,4,4000
4501051196,293,4401.01,APPROVED,dbce3e63-1a5c-4595-a1f9-d09c3d978567,1,3000
4508091259,952,5334.88,REJECTED,9fc109ea-2585-4c23-9329-2ccda2d964eb,5,4000
4582680693,664,7299.07,APPROVED,f524f9ee-95cb-4e66-a6c1-b58f8296e7f3,4,2000
4562425962,289,5865.49,WAITING,408c4fe5-9066-4997-8f1c-ad8daae4b1f6,5,3000
4529062713,692,818.37,REJECTED,f6979cad-3c89-4280-985d-d7f07aaa8c2b,4,3000
4549427285,851,9302.1,REJECTED,bf599d91-442c-4e09-b5ae-b9f08a417d11,2,2000
4592385551,42,9252.53,QUOTATION,3c65561d-5119-4985-87e7-48965fe9f62c,1,4000
4509397466,433,4436.02,QUOTATION,00a417fb-f2b9-4bb8-90c0-0787c3f2e3c7,4,2000
4574159018,819,3337.45,QUOTATION,9567383e-1921-4683-803b-509faa2bc9d5,2,3000
4508844169,230,6536.18,APPROVED,fffeaf8f-4b6b-4357-a309-89f4769c36da,1,2000
4543010736,846,958.27,WAITING,ba5b8587-5d45-44ac-9e4e-16cb4b3afecc,3,4000
4537679802,288,4.5,REJECTED,6cc3c3b9-23fa-4969-8791-af89dedc62c9,5,1000
4579735186,736,7728.84,QUOTATION,41f3b33b-8871-42fd-90d5-1d1d9f2d5aed,4,1000
4554715873,815,1280.01,WAITING,0a58bce2-1697-4c89-b568-ae280f33f982,5,4000
4578670276,183,3051.54,REJECTED,b020551c-5fe7-45ea-881a-6fa78332362d,3,1000
4521130176,820,7175.91,REJECTED,de541e55-b7b6-404a-8ce0-a6f1ea925750,2,1000
4504083362,916,8840.07,REJECTED,ba3d4978-80db-4a12-9f06-e4c698936184,1,2000
4505679150,814,6231.42,QUOTATION,3c65561d-5119-4985-87e7-48965fe9f62c,3,2000
4597937000,49,5808.1,REJECTED,a1ad3c2b-45ca-491c-8ef2-a64af7d19e43,2,3000
4543220646,983,887.52,REJECTED,b020551c-5fe7-45ea-881a-6fa78332362d,4,2000
4500011560,77,6154.61,WAITING,82ebf1b0-6982-4deb-ac51-c7a6d0a68c5d,5,4000
4510929356,535,2077.95,WAITING,6cc3c3b9-23fa-4969-8791-af89dedc62c9,3,2000
4546905243,223,4977.56,REJECTED,110f8801-eea1-420d-98e6-dd439569747b,1,1000
4527686764,375,7932.66,APPROVED,fffeaf8f-4b6b-4357-a309-89f4769c36da,4,4000
4595705316,560,3331.81,APPROVED,da731710-48f7-4c02-8dd6-917ff4c62e3b,1,3000
4535447318,697,7269.44,QUOTATION,51991c98-a328-457f-a862-0962b2d30ddc,4,4000
4589071798,830,682.18,APPROVED,62117371-6664-4e90-9e4c-e3939789c81a,5,4000
4547803516,247,3863.57,WAITING,fffeaf8f-4b6b-4357-a309-89f4769c36da,2,1000
4554272142,143,2527.77,REJECTED,17dffc12-ac1a-44ed-ad09-3c824851c624,2,2000
4562236372,49,9229.93,APPROVED,0c328cd6-def4-4097-8b5d-ef9b4362cfd3,1,4000
4553841117,914,7488.75,REJECTED,6c55f239-a4f0-4edd-afe8-02d129db9eda,4,2000
4510632634,314,7127.38,QUOTATION,0a58bce2-1697-4c89-b568-ae280f33f982,2,1000
4587937668,732,5260.38,APPROVED,15ddc72a-7103-4a88-a951-49c5aa75affd,1,2000
4550407782,684,5662.55,APPROVED,ad64acbd-9045-44ec-9111-f6b3b90cb060,1,2000
4537923004,487,3643.24,WAITING,c40f8a37-9024-4fcd-80a6-7917301ba6bd,4,4000
4516485334,651,1700.79,WAITING,fcc9df1e-2761-4b55-8f60-015b21066d78,2,2000
4545078801,514,3755.06,REJECTED,b6bbc970-46d2-4ff4-9c52-80f378cfe8ea,5,2000
4525816403,547,2178.63,QUOTATION,651e8d5b-8636-4635-a934-6f9427d506b8,5,4000
4575855576,824,9748.4,WAITING,84aadcf6-499b-4416-9a35-3e546eb39a5c,1,2000
4540763944,852,8418.84,QUOTATION,eb8e5632-45d0-47e9-bcc0-ee76bf030643,1,2000
4550732348,232,9188.47,WAITING,fffeaf8f-4b6b-4357-a309-89f4769c36da,1,3000
4551199979,755,2208.23,REJECTED,6c55f239-a4f0-4edd-afe8-02d129db9eda,2,1000
4563779758,376,8751.32,QUOTATION,4a2d279e-2495-496f-80d9-bc5a45e3b6b4,1,2000
4530036923,582,4814.03,REJECTED,6c55f239-a4f0-4edd-afe8-02d129db9eda,2,1000
4510268917,237,6509.09,QUOTATION,3ee51816-f540-45e6-8401-474c5df84e78,3,2000
4558963553,156,4303.89,APPROVED,b0154cbb-c693-4062-88b9-a8acf4402b56,2,3000
4525754850,312,2136.06,QUOTATION,f6dd041e-f994-407c-9a1b-2ee8a39b9b25,1,4000
4586977192,751,1991.67,REJECTED,dbce3e63-1a5c-4595-a1f9-d09c3d978567,4,3000
4598046049,672,8490.58,APPROVED,384bae62-8ba8-4cac-b8ad-3df4e68bcafa,4,4000
4522740833,108,5894.4,APPROVED,2c6e3cb9-21cb-4de6-ae38-f117a3cbdfe2,1,1000
4524483415,895,5131.08,APPROVED,9ec93c76-9578-4947-a5ca-def516b026cb,5,4000
4568203780,60,8448.18,QUOTATION,51991c98-a328-457f-a862-0962b2d30ddc,1,2000
4529542025,354,9470.43,APPROVED,3ee51816-f540-45e6-8401-474c5df84e78,1,3000
4588311037,355,5757.69,WAITING,9a109dc4-7be3-4aec-94bb-ede38f79ae14,2,3000
4547731033,318,1453.04,REJECTED,b6bbc970-46d2-4ff4-9c52-80f378cfe8ea,2,2000
4503897921,374,9800.43,QUOTATION,ba3d4978-80db-4a12-9f06-e4c698936184,1,1000
4571673445,938,2493.48,QUOTATION,9fc109ea-2585-4c23-9329-2ccda2d964eb,3,1000
4547775361,66,749.57,REJECTED,0a58bce2-1697-4c89-b568-ae280f33f982,2,1000
4566126356,692,1605.4,APPROVED,d0d94739-009d-44aa-ae3d-8c35a65083c5,5,2000
4506131181,449,582.36,QUOTATION,384bae62-8ba8-4cac-b8ad-3df4e68bcafa,4,2000
4525333557,301,566.3,REJECTED,05767575-2944-4457-9aa7-06e1dae2ae25,5,2000
4513589251,953,6946.51,REJECTED,daffc87a-fdb5-424e-9155-782c6cd1b731,4,1000
4576497897,120,6593.01,QUOTATION,bf599d91-442c-4e09-b5ae-b9f08a417d11,3,4000
4563984159,439,9785.11,WAITING,fffeaf8f-4b6b-4357-a309-89f4769c36da,2,1000
4562476673,841,6261.67,WAITING,b577718c-a2a9-4f8a-a41c-7cac0d102aab,5,1000
4598303852,672,950.74,WAITING,e069016d-d217-4fbc-b438-1e8790b731fb,5,2000
4529803976,598,8444.12,QUOTATION,b0154cbb-c693-4062-88b9-a8acf4402b56,2,1000
4526500996,53,1640.35,APPROVED,ba3d4978-80db-4a12-9f06-e4c698936184,2,4000
4502576074,200,8967.8,WAITING,975480d4-8c15-44ba-8c55-a9938bdaa2c4,3,1000
4553531144,657,4726.07,REJECTED,a4926703-442b-4179-808a-04de7d4e1015,4,1000
4572010034,368,4001.24,APPROVED,41e46c83-90d4-4836-a022-b900a018b3fa,1,3000
4572071935,608,4080.57,REJECTED,3341d7ea-5bed-42e4-82c2-18d0adfbcdf1,2,3000
4507911302,830,4818.66,REJECTED,a9da22e7-f42f-4428-9083-96395b7a7e9a,1,3000
4558174380,983,6307.55,REJECTED,ce1eeb99-74a8-4547-b95c-345102c07d21,4,4000
4559186303,603,8903.65,REJECTED,408c4fe5-9066-4997-8f1c-ad8daae4b1f6,1,2000
4524001223,800,6994.31,WAITING,eb8e5632-45d0-47e9-bcc0-ee76bf030643,1,3000
4545579568,534,6551.86,WAITING,9a109dc4-7be3-4aec-94bb-ede38f79ae14,1,3000
4555965786,607,9686.71,QUOTATION,f6dd041e-f994-407c-9a1b-2ee8a39b9b25,2,1000
4569522248,571,921.94,QUOTATION,4a2d279e-2495-496f-80d9-bc5a45e3b6b4,2,2000
4501889080,53,2632.08,WAITING,41e46c83-90d4-4836-a022-b900a018b3fa,3,4000
4552742426,196,4027.81,APPROVED,2c6e3cb9-21cb-4de6-ae38-f117a3cbdfe2,4,3000
4565254709,455,2110.01,QUOTATION,0c328cd6-def4-4097-8b5d-ef9b4362cfd3,3,1000
4553067025,867,7104.74,REJECTED,f6dd041e-f994-407c-9a1b-2ee8a39b9b25,4,4000
4518121271,759,8785.33,WAITING,35672019-b6d1-42b4-b906-8819b248182e,4,3000
4577985020,573,1592.14,WAITING,3f3292d8-3056-42da-9ec5-d080c252a223,4,4000
4578381912,422,3126.73,REJECTED,ba5b8587-5d45-44ac-9e4e-16cb4b3afecc,3,2000
4532508976,253,7367.87,REJECTED,84aadcf6-499b-4416-9a35-3e546eb39a5c,3,1000
4546733838,224,391.34,WAITING,975480d4-8c15-44ba-8c55-a9938bdaa2c4,5,4000
4553445512,19,2635.91,APPROVED,a1ad3c2b-45ca-491c-8ef2-a64af7d19e43,3,2000
4505259327,107,4422.94,WAITING,cf11fe2a-443a-44e9-96b0-e6b91ddfa87d,1,4000
4555603334,30,897.65,QUOTATION,6c55f239-a4f0-4edd-afe8-02d129db9eda,4,2000
4502940672,289,2817.2,QUOTATION,ea38b7e1-b488-4873-ab04-3066d219b434,2,4000
4551358278,531,2834.74,APPROVED,3f3292d8-3056-42da-9ec5-d080c252a223,5,4000
4508655393,736,2776.26,QUOTATION,975480d4-8c15-44ba-8c55-a9938bdaa2c4,1,2000
4523948703,4,6234.18,QUOTATION,915bda23-d2b3-4bab-9d3b-0b701beb76fa,2,1000
4520398914,43,3006.49,APPROVED,5c250769-58e7-4a67-92b8-05566aab2cd0,5,3000
4538931153,727,926.47,QUOTATION,aa51a37d-2867-459b-8885-b5c8b161616a,1,3000
4528267905,398,6220.76,QUOTATION,4a2d279e-2495-496f-80d9-bc5a45e3b6b4,1,1000
4585069135,121,6809.95,REJECTED,2c6e3cb9-21cb-4de6-ae38-f117a3cbdfe2,2,1000
4502250590,133,5755.75,WAITING,8df0c99e-2745-44ae-94ee-ad79cb114fdb,1,4000
4568798077,627,8957.81,QUOTATION,2ab670e8-49e3-4a95-9871-d937f77b5927,5,2000
4584538120,444,9338.05,APPROVED,56ae9e46-c0b2-46ca-b51d-5686e00ce4a6,5,2000
4537824424,61,3327.98,WAITING,82ebf1b0-6982-4deb-ac51-c7a6d0a68c5d,5,3000
4596884923,88,520.8,REJECTED,6c55f239-a4f0-4edd-afe8-02d129db9eda,3,4000
4595405468,561,959.51,WAITING,6cc3c3b9-23fa-4969-8791-af89dedc62c9,2,4000
4532589925,659,4236.51,REJECTED,3341d7ea-5bed-42e4-82c2-18d0adfbcdf1,4,3000
4587220663,645,998.45,APPROVED,9ec93c76-9578-4947-a5ca-def516b026cb,3,2000
4563775109,197,4188.84,WAITING,f524f9ee-95cb-4e66-a6c1-b58f8296e7f3,1,2000
4560444183,570,4505.94,APPROVED,51991c98-a328-457f-a862-0962b2d30ddc,2,2000
4595070996,604,4624.97,WAITING,9567383e-1921-4683-803b-509faa2bc9d5,3,2000
4552081626,74,7052.25,WAITING,0f7e95f4-4fb9-4987-a1e1-5264880e721e,2,1000
4593040721,125,9963.99,APPROVED,de541e55-b7b6-404a-8ce0-a6f1ea925750,5,4000
4520009605,886,7846.2,APPROVED,134244b2-90f7-4d62-8488-d71e29828266,4,3000
4523599717,8,3885.37,WAITING,3c65561d-5119-4985-87e7-48965fe9f62c,2,4000
4530993603,405,230.65,QUOTATION,00a417fb-f2b9-4bb8-90c0-0787c3f2e3c7,1,4000
4558585686,576,8402.54,REJECTED,9567383e-1921-4683-803b-509faa2bc9d5,3,3000
4508316745,715,8014.68,APPROVED,b0154cbb-c693-4062-88b9-a8acf4402b56,5,2000
4565666656,616,8475.34,QUOTATION,62117371-6664-4e90-9e4c-e3939789c81a,5,3000
4569275706,195,8067.5,WAITING,31ac60a6-1bc1-442c-ae10-4a420f770538,3,4000
4545139592,106,6976.78,WAITING,9fc109ea-2585-4c23-9329-2ccda2d964eb,3,1000
4552867958,682,7927.39,REJECTED,84aadcf6-499b-4416-9a35-3e546eb39a5c,4,3000
4517143370,376,4778.09,WAITING,fffeaf8f-4b6b-4357-a309-89f4769c36da,5,1000
4526273307,289,9623.38,APPROVED,0b319577-4ab0-4684-b112-b27aad212cb1,3,4000
4597766152,551,8503.54,REJECTED,3341d7ea-5bed-42e4-82c2-18d0adfbcdf1,1,2000
4574511296,945,964.17,WAITING,17dffc12-ac1a-44ed-ad09-3c824851c624,2,1000
4554742691,406,3362.2,WAITING,2c6e3cb9-21cb-4de6-ae38-f117a3cbdfe2,4,2000
4564112713,445,5386.07,WAITING,2c6e3cb9-21cb-4de6-ae38-f117a3cbdfe2,3,3000
4548436209,243,7220.27,APPROVED,0b319577-4ab0-4684-b112-b27aad212cb1,1,1000
4525391030,582,4490.17,QUOTATION,3341d7ea-5bed-42e4-82c2-18d0adfbcdf1,4,1000
4567282395,96,1546.71,QUOTATION,cea90057-5542-4a9f-8ad8-2fa263b39b7b,2,3000
4586538053,498,1080.95,WAITING,c40f8a37-9024-4fcd-80a6-7917301ba6bd,4,1000
4552244599,51,8651.93,APPROVED,12a301b9-4c71-4181-a853-d29be7b6bd18,2,1000
4513518033,389,5907.06,REJECTED,56ae9e46-c0b2-46ca-b51d-5686e00ce4a6,2,2000
4539101908,577,8873.18,QUOTATION,791660af-f0db-4fbd-a3a4-86bd38182556,5,2000
4522754942,121,9269.1,REJECTED,0a58bce2-1697-4c89-b568-ae280f33f982,5,4000
4513535244,634,2824.52,WAITING,ce1eeb99-74a8-4547-b95c-345102c07d21,2,2000
4508646554,765,5958.75,REJECTED,651e8d5b-8636-4635-a934-6f9427d506b8,2,4000
4529063442,312,2580.65,REJECTED,0f7e95f4-4fb9-4987-a1e1-5264880e721e,4,1000
4521002597,180,467.87,WAITING,134244b2-90f7-4d62-8488-d71e29828266,2,2000
4592544018,737,6079.07,QUOTATION,791660af-f0db-4fbd-a3a4-86bd38182556,1,3000
4593219712,101,9.85,WAITING,c40f8a37-9024-4fcd-80a6-7917301ba6bd,3,1000
4571025897,324,4265.76,QUOTATION,f6979cad-3c89-4280-985d-d7f07aaa8c2b,2,3000
4570110937,991,329.7,APPROVED,62117371-6664-4e90-9e4c-e3939789c81a,2,4000
4568330935,40,488.77,APPROVED,31ac60a6-1bc1-442c-ae10-4a420f770538,2,4000
4540900657,475,3263.81,REJECTED,9c7454a7-b80c-4d19-b841-4c0343b75add,2,2000
4591770460,674,4963.89,APPROVED,17dffc12-ac1a-44ed-ad09-3c824851c624,1,2000
4564576764,33,1690.09,QUOTATION,4a2d279e-2495-496f-80d9-bc5a45e3b6b4,1,2000
4586598439,125,9698.93,WAITING,a4926703-442b-4179-808a-04de7d4e1015,2,2000
4509118651,725,676.34,APPROVED,134244b2-90f7-4d62-8488-d71e29828266,5,3000
4548895964,722,6282.13,QUOTATION,bf599d91-442c-4e09-b5ae-b9f08a417d11,5,4000
4542191515,397,9208.76,QUOTATION,01bb5e4b-33d3-4db2-85a2-499f5c9e31b4,5,3000
4573829684,387,3504.04,REJECTED,791660af-f0db-4fbd-a3a4-86bd38182556,5,3000
4533269254,359,8103.76,APPROVED,76fa0c16-dc3a-4a9b-b914-de6a0097f3dc,1,4000
4572434379,693,5078.72,REJECTED,3c65561d-5119-4985-87e7-48965fe9f62c,3,1000
4566188558,234,2491.74,REJECTED,f6979cad-3c89-4280-985d-d7f07aaa8c2b,5,3000
4562914914,681,2560.48,QUOTATION,9567383e-1921-4683-803b-509faa2bc9d5,3,4000
4526794573,779,3771.6,WAITING,8df0c99e-2745-44ae-94ee-ad79cb114fdb,1,1000
4593431173,282,8596.44,QUOTATION,eb8e5632-45d0-47e9-bcc0-ee76bf030643,5,1000
4576625346,753,14.64,QUOTATION,ebfe58ef-0dee-41d8-859e-ae2bff66e7fc,4,4000
4502311961,457,2707.65,APPROVED,cf11fe2a-443a-44e9-96b0-e6b91ddfa87d,5,3000
4544161372,14,1451.62,WAITING,9fc109ea-2585-4c23-9329-2ccda2d964eb,3,3000
4587154707,500,9762.95,QUOTATION,975480d4-8c15-44ba-8c55-a9938bdaa2c4,5,1000
4525662933,605,5342.54,QUOTATION,de541e55-b7b6-404a-8ce0-a6f1ea925750,1,2000
4553765234,714,8889.4,APPROVED,ba3d4978-80db-4a12-9f06-e4c698936184,5,3000
4504442842,406,6707.94,REJECTED,4a5df305-6d85-4b5a-81ca-b2a776017f8f,2,2000
4524148932,671,1562.08,QUOTATION,975480d4-8c15-44ba-8c55-a9938bdaa2c4,1,3000
4560864351,360,5426.13,REJECTED,28d388a1-0e70-41d0-a8a1-abb9e3263b7b,2,1000
4541760715,167,4345.52,APPROVED,4029508a-afa4-4faf-b175-4bb65b8a4dbb,4,1000
4538727678,759,1338.35,APPROVED,2c7b9d8a-6b92-4a21-a03e-024e434a203d,4,3000
4559482825,328,4323.65,WAITING,31ac60a6-1bc1-442c-ae10-4a420f770538,4,3000
4529296991,952,28.9,REJECTED,b0154cbb-c693-4062-88b9-a8acf4402b56,3,2000
4505280384,793,7845.57,APPROVED,d7da1df8-a4af-4efe-a657-570c6d350470,1,1000
4512781948,109,3604.13,REJECTED,de541e55-b7b6-404a-8ce0-a6f1ea925750,4,2000
4584637495,167,3140.75,QUOTATION,73df3d25-bcec-47a6-8d66-6b628e81ed2d,3,3000
4555862765,36,4349.68,WAITING,da731710-48f7-4c02-8dd6-917ff4c62e3b,3,4000
4506298899,222,59.67,APPROVED,fffeaf8f-4b6b-4357-a309-89f4769c36da,3,2000
4589913978,662,4446.41,REJECTED,9a109dc4-7be3-4aec-94bb-ede38f79ae14,5,4000
4525709151,950,1354.99,REJECTED,0b319577-4ab0-4684-b112-b27aad212cb1,4,1000
4535480298,214,1875.11,REJECTED,6c55f239-a4f0-4edd-afe8-02d129db9eda,5,4000
4566534821,762,655.32,WAITING,9567383e-1921-4683-803b-509faa2bc9d5,5,2000
4516070319,928,1551.5,APPROVED,37bf8863-0046-49cb-a72c-f7e41661214b,2,1000
4552598023,802,9404.79,REJECTED,6c55f239-a4f0-4edd-afe8-02d129db9eda,2,3000
4564457082,412,2395.64,QUOTATION,ce1eeb99-74a8-4547-b95c-345102c07d21,1,4000
4594607337,865,6848.02,APPROVED,32149af9-a4f0-4e80-a73d-490a9faef06f,3,4000
4596214749,767,1771.49,APPROVED,62117371-6664-4e90-9e4c-e3939789c81a,5,1000
4532333651,721,5471.51,APPROVED,f6dd041e-f994-407c-9a1b-2ee8a39b9b25,1,4000
4586322548,849,602.95,WAITING,f524f9ee-95cb-4e66-a6c1-b58f8296e7f3,4,2000
4582568036,969,2349.56,REJECTED,384bae62-8ba8-4cac-b8ad-3df4e68bcafa,3,1000
4526478631,923,3941.85,APPROVED,fcc9df1e-2761-4b55-8f60-015b21066d78,5,3000
4510244165,321,3351.24,WAITING,62117371-6664-4e90-9e4c-e3939789c81a,3,3000
4536405898,94,99.31,APPROVED,ba5b8587-5d45-44ac-9e4e-16cb4b3afecc,4,3000
4593802632,509,308.27,WAITING,68681084-7b12-4fd9-9704-7da3802cb451,2,2000
4557592361,825,9987.48,QUOTATION,e7ba4d18-37bf-472c-9d3a-7756c21a55c9,5,1000
4560780657,942,783.72,QUOTATION,9a109dc4-7be3-4aec-94bb-ede38f79ae14,1,1000
4586426243,280,3878.74,WAITING,e7ba4d18-37bf-472c-9d3a-7756c21a55c9,1,4000
4518756645,745,4867.14,QUOTATION,bf599d91-442c-4e09-b5ae-b9f08a417d11,4,4000
4566266888,232,6803.17,QUOTATION,8df0c99e-2745-44ae-94ee-ad79cb114fdb,5,3000
4546955952,516,1032.44,WAITING,110f8801-eea1-420d-98e6-dd439569747b,3,4000
4514507812,572,8439.12,APPROVED,5257f4f1-580e-4eb3-89f9-6cae458e4509,3,4000
4500529137,304,6473.59,WAITING,51991c98-a328-457f-a862-0962b2d30ddc,1,3000
4552066948,874,3515.1,REJECTED,e7ba4d18-37bf-472c-9d3a-7756c21a55c9,3,1000
4542862968,44,6427.4,APPROVED,fffeaf8f-4b6b-4357-a309-89f4769c36da,5,2000
4503189091,504,8420.8,WAITING,a9da22e7-f42f-4428-9083-96395b7a7e9a,3,3000
4520087083,626,7161.63,QUOTATION,0e752cfe-75ff-427d-8214-57710b509b33,2,4000
4510222586,250,9341.47,APPROVED,3341d7ea-5bed-42e4-82c2-18d0adfbcdf1,4,3000
4508178460,638,4551.01,WAITING,ba5b8587-5d45-44ac-9e4e-16cb4b3afecc,5,3000
4504516972,789,2.9,QUOTATION,f6dd041e-f994-407c-9a1b-2ee8a39b9b25,5,2000
4543045238,126,5725.24,WAITING,3341d7ea-5bed-42e4-82c2-18d0adfbcdf1,2,4000
4571819263,188,5288.19,WAITING,5257f4f1-580e-4eb3-89f9-6cae458e4509,1,1000
4558087147,159,4013.43,REJECTED,56ae9e46-c0b2-46ca-b51d-5686e00ce4a6,2,2000
4514926455,696,4980.68,APPROVED,611eefb3-ef38-4a2e-831a-15aff1dde8f8,1,2000
4519811932,505,1597.91,APPROVED,eb8e5632-45d0-47e9-bcc0-ee76bf030643,5,4000
4532880762,445,1855.35,WAITING,32149af9-a4f0-4e80-a73d-490a9faef06f,4,1000
4572311338,365,9512.47,APPROVED,28d388a1-0e70-41d0-a8a1-abb9e3263b7b,4,1000
4548171967,128,5714.97,QUOTATION,fcc9df1e-2761-4b55-8f60-015b21066d78,4,3000
4587481545,879,5192.66,APPROVED,2ab670e8-49e3-4a95-9871-d937f77b5927,3,4000
4539336438,342,5237.12,REJECTED,3ee51816-f540-45e6-8401-474c5df84e78,2,4000
4515057211,808,2406.25,WAITING,62117371-6664-4e90-9e4c-e3939789c81a,1,2000
4591583675,188,9084.76,APPROVED,9fc109ea-2585-4c23-9329-2ccda2d964eb,4,3000
4514804379,112,3067.67,QUOTATION,e7ba4d18-37bf-472c-9d3a-7756c21a55c9,1,1000
4520476152,279,677.72,WAITING,73df3d25-bcec-47a6-8d66-6b628e81ed2d,3,1000
4599071822,350,8298.66,WAITING,408c4fe5-9066-4997-8f1c-ad8daae4b1f6,1,2000
4566604215,90,7191.99,REJECTED,73df3d25-bcec-47a6-8d66-6b628e81ed2d,1,2000
4596052370,122,9217.33,APPROVED,a1a6e723-19c6-46fd-a584-917efe27f127,3,2000
4570219172,872,6324.18,QUOTATION,aa51a37d-2867-459b-8885-b5c8b161616a,3,3000
4598258901,962,6581.5,WAITING,05767575-2944-4457-9aa7-06e1dae2ae25,1,3000
4505753248,269,329.02,WAITING,c40f8a37-9024-4fcd-80a6-7917301ba6bd,4,4000
4540599542,862,4323.69,WAITING,651e8d5b-8636-4635-a934-6f9427d506b8,5,1000
4564547021,381,6781.32,APPROVED,00a417fb-f2b9-4bb8-90c0-0787c3f2e3c7,3,4000
4595259081,935,3725.42,APPROVED,bf599d91-442c-4e09-b5ae-b9f08a417d11,4,4000
4576816960,225,9574.6,WAITING,32149af9-a4f0-4e80-a73d-490a9faef06f,1,2000
4516338892,539,5857.16,QUOTATION,eb8e5632-45d0-47e9-bcc0-ee76bf030643,4,3000
4559928903,201,8425.56,APPROVED,3f3292d8-3056-42da-9ec5-d080c252a223,4,1000
4580419419,156,8919.62,REJECTED,cf11fe2a-443a-44e9-96b0-e6b91ddfa87d,5,2000
4537622334,473,9275.32,WAITING,fffeaf8f-4b6b-4357-a309-89f4769c36da,5,2000
4540381425,261,8171.8,REJECTED,134244b2-90f7-4d62-8488-d71e29828266,3,4000
4593947836,973,5123.11,WAITING,76fa0c16-dc3a-4a9b-b914-de6a0097f3dc,4,3000
4577463087,189,5091.82,WAITING,ba5b8587-5d45-44ac-9e4e-16cb4b3afecc,3,2000
4532220562,391,6805.45,REJECTED,791660af-f0db-4fbd-a3a4-86bd38182556,1,3000
4529083670,882,2318.85,REJECTED,31ac60a6-1bc1-442c-ae10-4a420f770538,4,1000
4507810196,220,1459.88,REJECTED,915bda23-d2b3-4bab-9d3b-0b701beb76fa,1,1000
4518832988,601,649.62,REJECTED,9ec93c76-9578-4947-a5ca-def516b026cb,5,1000
4510666508,307,2593.1,QUOTATION,9a109dc4-7be3-4aec-94bb-ede38f79ae14,4,4000
4592126855,606,3714.74,WAITING,6c55f239-a4f0-4edd-afe8-02d129db9eda,3,1000
4507067238,458,2700.71,WAITING,daffc87a-fdb5-424e-9155-782c6cd1b731,2,3000
4503596770,527,8493.76,WAITING,915bda23-d2b3-4bab-9d3b-0b701beb76fa,4,2000
4518899085,841,6832.54,WAITING,2ab670e8-49e3-4a95-9871-d937f77b5927,4,1000
4573630250,656,8467.54,WAITING,31ac60a6-1bc1-442c-ae10-4a420f770538,4,3000
4546317242,585,9281.06,QUOTATION,a9da22e7-f42f-4428-9083-96395b7a7e9a,4,3000
4581233486,999,1259.9,REJECTED,d0d94739-009d-44aa-ae3d-8c35a65083c5,1,4000
4548861331,50,6477.27,WAITING,2ab670e8-49e3-4a95-9871-d937f77b5927,2,1000
4509603147,732,6322.22,REJECTED,74d238f7-61d4-41c6-9d51-b05f2eddcb36,3,3000
4551406701,711,4642.61,WAITING,ce1eeb99-74a8-4547-b95c-345102c07d21,1,1000
4563430221,587,91.76,REJECTED,915bda23-d2b3-4bab-9d3b-0b701beb76fa,1,1000
4576200667,63,5912.91,APPROVED,975480d4-8c15-44ba-8c55-a9938bdaa2c4,3,4000
4547910091,208,5816.87,WAITING,74d238f7-61d4-41c6-9d51-b05f2eddcb36,3,2000
4575712013,509,1844.03,QUOTATION,8df0c99e-2745-44ae-94ee-ad79cb114fdb,1,3000
4577943692,279,1671.59,QUOTATION,3d3527a9-4ef5-45d5-83c2-4178789f9921,5,1000
4562100127,211,3976.16,APPROVED,82ebf1b0-6982-4deb-ac51-c7a6d0a68c5d,2,4000
4534873243,778,7835.46,WAITING,ce1eeb99-74a8-4547-b95c-345102c07d21,2,1000
4511546728,678,8381.88,REJECTED,0a58bce2-1697-4c89-b568-ae280f33f982,3,3000
4566058615,536,6133.71,REJECTED,f6979cad-3c89-4280-985d-d7f07aaa8c2b,1,4000
4537119529,967,5127.54,REJECTED,0c328cd6-def4-4097-8b5d-ef9b4362cfd3,4,1000
4540265151,799,1835.71,APPROVED,d4dbba0a-2b26-4233-9017-bb25b2e860f3,2,1000
4582082910,874,9930.81,WAITING,d7da1df8-a4af-4efe-a657-570c6d350470,4,1000
4540869815,80,8870.38,QUOTATION,62117371-6664-4e90-9e4c-e3939789c81a,4,2000
4590913368,518,8321.65,WAITING,32149af9-a4f0-4e80-a73d-490a9faef06f,4,1000
4571732115,310,9548.47,QUOTATION,e069016d-d217-4fbc-b438-1e8790b731fb,4,3000
4515115709,811,8519.37,QUOTATION,76fa0c16-dc3a-4a9b-b914-de6a0097f3dc,1,2000
4510600374,87,4779.63,APPROVED,76fa0c16-dc3a-4a9b-b914-de6a0097f3dc,5,2000
4564827441,543,5805.3,REJECTED,d0d94739-009d-44aa-ae3d-8c35a65083c5,1,3000
4551461766,164,9698.68,QUOTATION,ebfe58ef-0dee-41d8-859e-ae2bff66e7fc,2,4000
4585714054,144,1942.24,APPROVED,ba5b8587-5d45-44ac-9e4e-16cb4b3afecc,4,1000
4584983721,643,9567.59,REJECTED,408c4fe5-9066-4997-8f1c-ad8daae4b1f6,5,4000
4591903202,67,1492.87,QUOTATION,51991c98-a328-457f-a862-0962b2d30ddc,3,3000
4591171029,446,2264.23,APPROVED,915bda23-d2b3-4bab-9d3b-0b701beb76fa,4,1000
4565364460,73,6453.25,REJECTED,408c4fe5-9066-4997-8f1c-ad8daae4b1f6,2,4000
4583998111,195,1447.55,QUOTATION,cf11fe2a-443a-44e9-96b0-e6b91ddfa87d,2,2000
4576762558,234,5735.47,REJECTED,2cf52c48-a37c-4244-a030-3fe16c443ecd,1,2000
4520224588,139,1877.61,QUOTATION,56ae9e46-c0b2-46ca-b51d-5686e00ce4a6,3,4000
4533454514,881,6387.01,WAITING,0c328cd6-def4-4097-8b5d-ef9b4362cfd3,2,4000
4545640856,191,5868.93,WAITING,17dffc12-ac1a-44ed-ad09-3c824851c624,5,4000
4599622385,691,714.32,WAITING,8df0c99e-2745-44ae-94ee-ad79cb114fdb,5,1000
4534213642,757,5477.22,REJECTED,71b893be-0a75-41a7-9a52-bcdb771cc5ec,1,1000
4505277525,881,8909.63,APPROVED,31ac60a6-1bc1-442c-ae10-4a420f770538,2,3000
4585887723,587,9172.76,WAITING,62117371-6664-4e90-9e4c-e3939789c81a,2,3000
4569177833,782,2574.71,WAITING,b020551c-5fe7-45ea-881a-6fa78332362d,5,2000
4583585879,407,1994.56,REJECTED,2c7b9d8a-6b92-4a21-a03e-024e434a203d,2,1000
4570724285,484,1092.67,QUOTATION,3f3292d8-3056-42da-9ec5-d080c252a223,4,4000
4557647665,827,3472.76,WAITING,6c55f239-a4f0-4edd-afe8-02d129db9eda,3,4000
4506324634,579,785.4,WAITING,110f8801-eea1-420d-98e6-dd439569747b,1,3000
4599057509,116,6205.9,APPROVED,408c4fe5-9066-4997-8f1c-ad8daae4b1f6,2,4000
4569922458,498,1350.99,WAITING,ebfe58ef-0dee-41d8-859e-ae2bff66e7fc,1,1000
4597349355,601,4603.13,APPROVED,82ebf1b0-6982-4deb-ac51-c7a6d0a68c5d,4,2000
4530231149,374,420.43,REJECTED,9c7454a7-b80c-4d19-b841-4c0343b75add,4,2000
4582538775,73,75.71,WAITING,408c4fe5-9066-4997-8f1c-ad8daae4b1f6,5,1000
4506065282,478,5853.89,APPROVED,3ee51816-f540-45e6-8401-474c5df84e78,3,4000
4524161806,780,7952.46,APPROVED,fe53d2be-049c-47fa-871a-c4a8b1a10e40,2,2000
4559673871,512,5863.92,APPROVED,4a2d279e-2495-496f-80d9-bc5a45e3b6b4,4,1000
4521891016,462,1871.65,QUOTATION,32149af9-a4f0-4e80-a73d-490a9faef06f,1,1000
4558797982,687,3869.11,APPROVED,408c4fe5-9066-4997-8f1c-ad8daae4b1f6,4,3000
4515592747,518,5979.83,APPROVED,651e8d5b-8636-4635-a934-6f9427d506b8,3,2000
4547580330,807,1866.04,REJECTED,d0d94739-009d-44aa-ae3d-8c35a65083c5,2,3000
4508214893,895,5426.03,QUOTATION,3c65561d-5119-4985-87e7-48965fe9f62c,5,3000
4508078736,759,224.02,QUOTATION,3341d7ea-5bed-42e4-82c2-18d0adfbcdf1,5,4000
4534145727,937,3395.95,REJECTED,fcc9df1e-2761-4b55-8f60-015b21066d78,3,1000
4548546510,598,9336.2,QUOTATION,8df0c99e-2745-44ae-94ee-ad79cb114fdb,4,3000
4511579499,323,9671.46,APPROVED,84aadcf6-499b-4416-9a35-3e546eb39a5c,2,3000
4594561960,808,4493.33,APPROVED,a1ad3c2b-45ca-491c-8ef2-a64af7d19e43,2,2000
4580496777,669,1774.88,WAITING,41f3b33b-8871-42fd-90d5-1d1d9f2d5aed,3,3000
4588998304,856,799.16,QUOTATION,0c328cd6-def4-4097-8b5d-ef9b4362cfd3,3,2000
4502637814,887,2965.98,QUOTATION,15ddc72a-7103-4a88-a951-49c5aa75affd,5,4000
4540125747,855,1715.54,QUOTATION,3f3292d8-3056-42da-9ec5-d080c252a223,4,2000
4545262124,157,6101.01,APPROVED,bcebc30c-15e5-48e2-9c32-c86d886f82a0,2,3000
4583008569,568,4006.13,QUOTATION,eb8e5632-45d0-47e9-bcc0-ee76bf030643,3,2000
4578363626,780,1207.31,APPROVED,e7ba4d18-37bf-472c-9d3a-7756c21a55c9,4,4000
4518700898,239,5676.08,WAITING,05767575-2944-4457-9aa7-06e1dae2ae25,1,4000
4561371761,930,9001.81,QUOTATION,3c65561d-5119-4985-87e7-48965fe9f62c,3,4000
4507008272,86,7238.01,WAITING,daffc87a-fdb5-424e-9155-782c6cd1b731,3,1000
4561199740,258,214.73,REJECTED,74d238f7-61d4-41c6-9d51-b05f2eddcb36,3,1000
4594713934,17,6226.49,APPROVED,41e46c83-90d4-4836-a022-b900a018b3fa,2,4000
4557507258,260,5302.22,QUOTATION,975480d4-8c15-44ba-8c55-a9938bdaa2c4,2,1000
4561325131,689,1647.01,REJECTED,05767575-2944-4457-9aa7-06e1dae2ae25,2,3000
4546395970,684,8455.95,APPROVED,68681084-7b12-4fd9-9704-7da3802cb451,4,2000
4533618858,340,8062.75,QUOTATION,9567383e-1921-4683-803b-509faa2bc9d5,4,4000
4570690771,130,11.25,REJECTED,ebfe58ef-0dee-41d8-859e-ae2bff66e7fc,2,3000
4504008104,987,862.17,APPROVED,651e8d5b-8636-4635-a934-6f9427d506b8,5,2000
4570333086,8,8191.64,REJECTED,82ebf1b0-6982-4deb-ac51-c7a6d0a68c5d,5,2000
4536702140,807,8866.22,APPROVED,651e8d5b-8636-4635-a934-6f9427d506b8,2,1000
4552593415,671,2521.65,QUOTATION,f6979cad-3c89-4280-985d-d7f07aaa8c2b,3,1000
4567695101,124,8339.57,WAITING,ba5b8587-5d45-44ac-9e4e-16cb4b3afecc,1,3000
4586204557,446,5826.02,QUOTATION,de541e55-b7b6-404a-8ce0-a6f1ea925750,5,3000
4526649483,684,8594.94,QUOTATION,e7ba4d18-37bf-472c-9d3a-7756c21a55c9,1,4000
4517747553,593,9955.14,WAITING,3341d7ea-5bed-42e4-82c2-18d0adfbcdf1,4,2000
4504870877,395,3346.54,QUOTATION,76fa0c16-dc3a-4a9b-b914-de6a0097f3dc,2,1000
4518221102,830,5241.53,APPROVED,3f3292d8-3056-42da-9ec5-d080c252a223,5,3000
4508107004,813,7705.79,WAITING,f6979cad-3c89-4280-985d-d7f07aaa8c2b,5,2000
4597718149,45,2941.56,WAITING,daffc87a-fdb5-424e-9155-782c6cd1b731,3,3000
4569480535,374,5964.27,REJECTED,17dffc12-ac1a-44ed-ad09-3c824851c624,4,3000
4550133612,285,4375.56,APPROVED,31ac60a6-1bc1-442c-ae10-4a420f770538,5,1000
4525106437,620,6097.85,REJECTED,9567383e-1921-4683-803b-509faa2bc9d5,4,4000
4538205677,589,1689.88,REJECTED,da731710-48f7-4c02-8dd6-917ff4c62e3b,3,1000
4539411238,306,502.14,QUOTATION,3341d7ea-5bed-42e4-82c2-18d0adfbcdf1,1,4000
4590082905,548,9223.79,WAITING,dbce3e63-1a5c-4595-a1f9-d09c3d978567,4,2000
4502654089,48,6311.87,REJECTED,0f7e95f4-4fb9-4987-a1e1-5264880e721e,3,4000
4529484095,464,1430.85,REJECTED,bf599d91-442c-4e09-b5ae-b9f08a417d11,2,3000
4537388273,122,5483.14,WAITING,0439439c-8945-42c4-b079-5340d85df97c,4,3000
4531289164,503,5862.68,WAITING,384bae62-8ba8-4cac-b8ad-3df4e68bcafa,3,2000
4534996109,912,954.65,APPROVED,de541e55-b7b6-404a-8ce0-a6f1ea925750,3,3000
4554630461,852,2894.0,APPROVED,eb8e5632-45d0-47e9-bcc0-ee76bf030643,3,1000
4546311032,426,7011.02,QUOTATION,4a5df305-6d85-4b5a-81ca-b2a776017f8f,3,1000
4592782538,146,4808.99,REJECTED,a1ad3c2b-45ca-491c-8ef2-a64af7d19e43,3,4000
4504403575,930,4686.78,WAITING,cf11fe2a-443a-44e9-96b0-e6b91ddfa87d,2,4000
4576430849,833,8473.38,APPROVED,2cf52c48-a37c-4244-a030-3fe16c443ecd,2,1000
4581205391,231,9051.69,WAITING,dbce3e63-1a5c-4595-a1f9-d09c3d978567,3,2000
4500685312,470,2628.25,WAITING,76fa0c16-dc3a-4a9b-b914-de6a0097f3dc,5,3000
4524689169,316,8822.92,REJECTED,15ddc72a-7103-4a88-a951-49c5aa75affd,3,1000
4510797461,177,4366.0,QUOTATION,2ab670e8-49e3-4a95-9871-d937f77b5927,4,2000
4518452421,736,7279.67,WAITING,134244b2-90f7-4d62-8488-d71e29828266,3,1000
4510379975,580,8752.33,WAITING,8df0c99e-2745-44ae-94ee-ad79cb114fdb,1,3000
4511371859,791,1229.81,QUOTATION,c40f8a37-9024-4fcd-80a6-7917301ba6bd,5,3000
4550717968,122,3889.14,WAITING,0a58bce2-1697-4c89-b568-ae280f33f982,5,2000
4564139167,457,3604.59,REJECTED,0c328cd6-def4-4097-8b5d-ef9b4362cfd3,3,1000
4570815757,764,2268.66,REJECTED,915bda23-d2b3-4bab-9d3b-0b701beb76fa,1,4000
4561301761,185,133.45,REJECTED,ad64acbd-9045-44ec-9111-f6b3b90cb060,3,4000
4521088251,906,7769.32,QUOTATION,17dffc12-ac1a-44ed-ad09-3c824851c624,5,1000
4578259160,576,1425.3,REJECTED,05767575-2944-4457-9aa7-06e1dae2ae25,1,2000
4530153512,235,8722.66,WAITING,15ddc72a-7103-4a88-a951-49c5aa75affd,3,1000
4546420208,31,2054.25,WAITING,a1a6e723-19c6-46fd-a584-917efe27f127,1,3000
4527606461,744,4802.24,REJECTED,d0d94739-009d-44aa-ae3d-8c35a65083c5,2,3000
4563659648,547,9876.42,REJECTED,3ee51816-f540-45e6-8401-474c5df84e78,5,2000
4503721901,545,6153.97,QUOTATION,d7da1df8-a4af-4efe-a657-570c6d350470,1,4000
4510299829,798,452.5,QUOTATION,9fc109ea-2585-4c23-9329-2ccda2d964eb,1,4000
4509292598,306,3615.87,REJECTED,a1a6e723-19c6-46fd-a584-917efe27f127,5,3000
4559035773,10,6162.07,REJECTED,384bae62-8ba8-4cac-b8ad-3df4e68bcafa,5,1000
4549565990,210,3831.83,APPROVED,2ab670e8-49e3-4a95-9871-d937f77b5927,5,3000
4588676891,75,3800.5,APPROVED,9567383e-1921-4683-803b-509faa2bc9d5,5,4000
4515918872,300,1269.84,WAITING,651e8d5b-8636-4635-a934-6f9427d506b8,5,4000
4585847489,555,483.29,APPROVED,134244b2-90f7-4d62-8488-d71e29828266,3,1000
4546203434,983,8303.33,WAITING,975480d4-8c15-44ba-8c55-a9938bdaa2c4,1,1000
4550839035,535,1438.01,WAITING,aa51a37d-2867-459b-8885-b5c8b161616a,3,1000
4566081993,305,4439.69,QUOTATION,8df0c99e-2745-44ae-94ee-ad79cb114fdb,2,4000
4532052190,819,1172.28,QUOTATION,110f8801-eea1-420d-98e6-dd439569747b,4,4000
4528297165,587,9199.53,APPROVED,d7da1df8-a4af-4efe-a657-570c6d350470,5,2000
4553867426,488,9037.12,WAITING,4a5df305-6d85-4b5a-81ca-b2a776017f8f,1,1000
4548061696,659,3339.91,REJECTED,651e8d5b-8636-4635-a934-6f9427d506b8,1,1000
4524493919,97,2003.56,REJECTED,aa51a37d-2867-459b-8885-b5c8b161616a,2,4000
4540584934,717,8262.78,APPROVED,c40f8a37-9024-4fcd-80a6-7917301ba6bd,2,1000
4568725357,943,3156.3,APPROVED,aa51a37d-2867-459b-8885-b5c8b161616a,2,2000
4557391789,383,4986.32,APPROVED,d0d94739-009d-44aa-ae3d-8c35a65083c5,5,2000
4596534861,333,2963.99,WAITING,8ca5ca23-a910-469b-aec1-73bd31d74ba2,4,3000
4593327525,156,2965.55,REJECTED,82ebf1b0-6982-4deb-ac51-c7a6d0a68c5d,1,2000
4553002050,548,4812.69,REJECTED,51991c98-a328-457f-a862-0962b2d30ddc,5,2000
4537638056,848,9933.78,APPROVED,ea38b7e1-b488-4873-ab04-3066d219b434,2,2000
4540213859,155,5854.09,QUOTATION,56ae9e46-c0b2-46ca-b51d-5686e00ce4a6,1,4000
4564181483,535,4591.94,QUOTATION,6c55f239-a4f0-4edd-afe8-02d129db9eda,2,1000
4571286475,57,1240.3,REJECTED,9567383e-1921-4683-803b-509faa2bc9d5,3,2000
4502601365,112,6028.46,APPROVED,35672019-b6d1-42b4-b906-8819b248182e,1,3000
4578678217,771,15.17,QUOTATION,82ebf1b0-6982-4deb-ac51-c7a6d0a68c5d,4,2000
4546845423,787,5322.98,REJECTED,31ac60a6-1bc1-442c-ae10-4a420f770538,4,2000
4514591216,473,7365.57,REJECTED,9fc109ea-2585-4c23-9329-2ccda2d964eb,4,3000
4512187772,592,1961.62,WAITING,791660af-f0db-4fbd-a3a4-86bd38182556,4,3000
4502439718,578,9104.93,APPROVED,f6dd041e-f994-407c-9a1b-2ee8a39b9b25,5,3000
4520806538,511,689.8,QUOTATION,6cc3c3b9-23fa-4969-8791-af89dedc62c9,3,4000
4552240002,257,47.02,WAITING,4029508a-afa4-4faf-b175-4bb65b8a4dbb,3,2000
4510232698,507,4740.18,APPROVED,0c328cd6-def4-4097-8b5d-ef9b4362cfd3,3,3000
4548543170,264,2770.72,QUOTATION,6cc3c3b9-23fa-4969-8791-af89dedc62c9,4,4000
4563667504,423,4049.94,APPROVED,bf599d91-442c-4e09-b5ae-b9f08a417d11,2,4000
4583873997,337,613.85,REJECTED,0b319577-4ab0-4684-b112-b27aad212cb1,4,1000
4598742843,304,1705.72,WAITING,d7da1df8-a4af-4efe-a657-570c6d350470,2,4000
4577436975,377,6647.36,WAITING,0a58bce2-1697-4c89-b568-ae280f33f982,3,3000
4569167739,157,7489.02,QUOTATION,d4dbba0a-2b26-4233-9017-bb25b2e860f3,4,4000
4536381642,270,7798.93,WAITING,a9da22e7-f42f-4428-9083-96395b7a7e9a,2,4000
4596418904,392,3913.41,QUOTATION,0c328cd6-def4-4097-8b5d-ef9b4362cfd3,2,4000
4599948637,961,9770.75,APPROVED,2c7b9d8a-6b92-4a21-a03e-024e434a203d,2,1000
4575335880,914,3938.4,QUOTATION,aa51a37d-2867-459b-8885-b5c8b161616a,2,1000
4562335495,984,2679.19,REJECTED,975480d4-8c15-44ba-8c55-a9938bdaa2c4,5,2000
4510352903,376,726.69,APPROVED,f524f9ee-95cb-4e66-a6c1-b58f8296e7f3,2,1000
4535408530,894,8034.78,QUOTATION,8df0c99e-2745-44ae-94ee-ad79cb114fdb,2,4000
4572773263,904,7206.67,APPROVED,32149af9-a4f0-4e80-a73d-490a9faef06f,2,2000
4596992743,838,202.07,REJECTED,b577718c-a2a9-4f8a-a41c-7cac0d102aab,1,2000
4564828907,864,1607.28,QUOTATION,35672019-b6d1-42b4-b906-8819b248182e,3,1000
4553677478,32,5661.42,APPROVED,41e46c83-90d4-4836-a022-b900a018b3fa,1,4000
4512224382,457,7730.29,WAITING,41f3b33b-8871-42fd-90d5-1d1d9f2d5aed,4,3000
4506968465,922,6965.72,WAITING,e7ba4d18-37bf-472c-9d3a-7756c21a55c9,2,1000
4583685291,864,4108.63,REJECTED,2ab670e8-49e3-4a95-9871-d937f77b5927,4,2000
4550346818,887,8849.8,APPROVED,15ddc72a-7103-4a88-a951-49c5aa75affd,5,2000
4532507665,687,6138.99,QUOTATION,9fc109ea-2585-4c23-9329-2ccda2d964eb,1,2000
4515312745,62,891.71,QUOTATION,9fc109ea-2585-4c23-9329-2ccda2d964eb,2,4000
4589541418,991,319.59,APPROVED,5c250769-58e7-4a67-92b8-05566aab2cd0,1,3000
4586888613,78,8634.02,QUOTATION,3f3292d8-3056-42da-9ec5-d080c252a223,2,1000
4575881679,462,7961.79,WAITING,9ec93c76-9578-4947-a5ca-def516b026cb,4,3000
4559758821,606,995.52,APPROVED,eb8e5632-45d0-47e9-bcc0-ee76bf030643,2,3000
4547433533,922,8258.38,QUOTATION,3d3527a9-4ef5-45d5-83c2-4178789f9921,3,1000
4504185759,373,8521.38,APPROVED,76fa0c16-dc3a-4a9b-b914-de6a0097f3dc,3,4000
4599251782,369,8863.33,REJECTED,71b893be-0a75-41a7-9a52-bcdb771cc5ec,1,1000
4539700739,585,1409.48,WAITING,fcc9df1e-2761-4b55-8f60-015b21066d78,2,1000
4565588898,791,2457.34,WAITING,0c328cd6-def4-4097-8b5d-ef9b4362cfd3,2,2000
4540366462,686,5792.52,WAITING,0f7e95f4-4fb9-4987-a1e1-5264880e721e,4,2000
4534460656,352,6692.38,APPROVED,cea90057-5542-4a9f-8ad8-2fa263b39b7b,5,4000
4554214308,403,7344.94,APPROVED,611eefb3-ef38-4a2e-831a-15aff1dde8f8,5,4000
4547463288,361,7056.81,WAITING,791660af-f0db-4fbd-a3a4-86bd38182556,3,2000
4589546248,559,5431.77,APPROVED,ad64acbd-9045-44ec-9111-f6b3b90cb060,5,2000
4567707147,347,6777.06,WAITING,a9da22e7-f42f-4428-9083-96395b7a7e9a,5,4000
4567191490,399,4337.87,REJECTED,41e46c83-90d4-4836-a022-b900a018b3fa,2,2000
4535112707,822,6468.15,APPROVED,ebfe58ef-0dee-41d8-859e-ae2bff66e7fc,1,3000
4530675068,32,6516.75,APPROVED,2c6e3cb9-21cb-4de6-ae38-f117a3cbdfe2,1,3000
4532559136,344,6837.04,QUOTATION,12a301b9-4c71-4181-a853-d29be7b6bd18,4,3000
4531706464,403,8977.38,QUOTATION,2c7b9d8a-6b92-4a21-a03e-024e434a203d,5,3000
4550653633,771,1515.7,APPROVED,e7ba4d18-37bf-472c-9d3a-7756c21a55c9,1,4000
4549602491,939,338.88,QUOTATION,32149af9-a4f0-4e80-a73d-490a9faef06f,5,4000
4585747879,372,1834.03,WAITING,9c7454a7-b80c-4d19-b841-4c0343b75add,1,2000
4579018771,811,8453.7,WAITING,651e8d5b-8636-4635-a934-6f9427d506b8,5,4000
4552748880,283,2999.63,WAITING,ad64acbd-9045-44ec-9111-f6b3b90cb060,2,4000
4506347288,386,658.33,WAITING,611eefb3-ef38-4a2e-831a-15aff1dde8f8,3,3000
4513695056,164,1399.23,WAITING,82ebf1b0-6982-4deb-ac51-c7a6d0a68c5d,5,4000
4596133812,601,3797.8,REJECTED,9567383e-1921-4683-803b-509faa2bc9d5,5,1000
4564005167,960,3483.83,WAITING,37bf8863-0046-49cb-a72c-f7e41661214b,3,3000
4537085070,298,3008.69,QUOTATION,3d3527a9-4ef5-45d5-83c2-4178789f9921,3,4000
4552211680,409,8280.89,QUOTATION,05767575-2944-4457-9aa7-06e1dae2ae25,2,3000
4526077179,813,438.2,APPROVED,b577718c-a2a9-4f8a-a41c-7cac0d102aab,4,3000
4544264730,478,8715.47,REJECTED,5c250769-58e7-4a67-92b8-05566aab2cd0,1,1000
4529335178,19,1802.42,APPROVED,a9da22e7-f42f-4428-9083-96395b7a7e9a,4,3000
4511253210,169,2850.5,REJECTED,d7da1df8-a4af-4efe-a657-570c6d350470,5,2000
4500523812,845,4170.8,APPROVED,9ec93c76-9578-4947-a5ca-def516b026cb,5,4000
4564334995,691,5208.08,WAITING,28d388a1-0e70-41d0-a8a1-abb9e3263b7b,2,3000
4535592507,484,9702.12,QUOTATION,37bf8863-0046-49cb-a72c-f7e41661214b,2,3000
4544212042,727,6627.93,APPROVED,d0d94739-009d-44aa-ae3d-8c35a65083c5,4,4000
4552465883,189,2804.33,WAITING,28d388a1-0e70-41d0-a8a1-abb9e3263b7b,3,3000
4567444282,836,8152.51,WAITING,71b893be-0a75-41a7-9a52-bcdb771cc5ec,3,1000
4593548807,431,4616.1,QUOTATION,82ebf1b0-6982-4deb-ac51-c7a6d0a68c5d,5,1000
4546274042,38,8143.17,QUOTATION,2c6e3cb9-21cb-4de6-ae38-f117a3cbdfe2,3,4000
4565139247,73,9789.42,REJECTED,da731710-48f7-4c02-8dd6-917ff4c62e3b,4,1000
4544481514,112,7158.06,APPROVED,fffeaf8f-4b6b-4357-a309-89f4769c36da,1,2000
4505784489,777,2112.48,WAITING,82ebf1b0-6982-4deb-ac51-c7a6d0a68c5d,2,3000
4549717413,235,8175.04,APPROVED,ebfe58ef-0dee-41d8-859e-ae2bff66e7fc,4,2000
4525409254,657,9687.81,REJECTED,d4dbba0a-2b26-4233-9017-bb25b2e860f3,3,1000
4558268964,384,1591.31,REJECTED,e069016d-d217-4fbc-b438-1e8790b731fb,3,4000
4580807550,837,9467.5,QUOTATION,37bf8863-0046-49cb-a72c-f7e41661214b,4,3000
4532198647,777,6790.83,APPROVED,9ec93c76-9578-4947-a5ca-def516b026cb,5,2000
4571865180,989,9296.98,REJECTED,0f7e95f4-4fb9-4987-a1e1-5264880e721e,4,3000
4544419204,878,9006.48,REJECTED,a1a6e723-19c6-46fd-a584-917efe27f127,1,1000
4597648719,327,3730.66,QUOTATION,651e8d5b-8636-4635-a934-6f9427d506b8,2,3000
4509455865,572,3538.27,REJECTED,d0d94739-009d-44aa-ae3d-8c35a65083c5,2,2000
4522372425,682,7877.87,QUOTATION,ebfe58ef-0dee-41d8-859e-ae2bff66e7fc,1,3000
4527776571,336,2613.23,REJECTED,74d238f7-61d4-41c6-9d51-b05f2eddcb36,4,3000
4532406021,810,5377.49,REJECTED,9567383e-1921-4683-803b-509faa2bc9d5,5,4000
4534076083,658,2975.13,REJECTED,2c6e3cb9-21cb-4de6-ae38-f117a3cbdfe2,4,4000
4555865616,270,5394.01,QUOTATION,6c55f239-a4f0-4edd-afe8-02d129db9eda,2,3000
4536250614,2,9299.28,QUOTATION,791660af-f0db-4fbd-a3a4-86bd38182556,4,4000
4550814314,629,793.02,WAITING,01bb5e4b-33d3-4db2-85a2-499f5c9e31b4,2,2000
4560925165,230,4326.46,WAITING,2c6e3cb9-21cb-4de6-ae38-f117a3cbdfe2,5,3000
4518098526,358,179.34,QUOTATION,daffc87a-fdb5-424e-9155-782c6cd1b731,2,4000
4539172799,689,2559.14,QUOTATION,4a5df305-6d85-4b5a-81ca-b2a776017f8f,5,2000
4514786354,465,6026.61,WAITING,2c7b9d8a-6b92-4a21-a03e-024e434a203d,1,2000
4574221227,812,6490.67,REJECTED,9567383e-1921-4683-803b-509faa2bc9d5,5,3000
4518660919,735,7567.92,WAITING,ba5b8587-5d45-44ac-9e4e-16cb4b3afecc,5,4000
4588906927,449,3885.65,QUOTATION,ce1eeb99-74a8-4547-b95c-345102c07d21,4,3000
4596060309,326,6772.32,APPROVED,3c65561d-5119-4985-87e7-48965fe9f62c,5,3000
4518064002,869,9701.35,REJECTED,31ac60a6-1bc1-442c-ae10-4a420f770538,1,1000
4501929646,608,5120.1,APPROVED,3f3292d8-3056-42da-9ec5-d080c252a223,5,2000
4575818110,513,3800.26,QUOTATION,b020551c-5fe7-45ea-881a-6fa78332362d,3,1000
4518404572,345,8378.9,REJECTED,41f3b33b-8871-42fd-90d5-1d1d9f2d5aed,4,1000
4557999287,118,5407.13,QUOTATION,ea38b7e1-b488-4873-ab04-3066d219b434,4,3000
4534200734,456,4365.08,REJECTED,cea90057-5542-4a9f-8ad8-2fa263b39b7b,5,4000
4579814777,327,7441.86,APPROVED,82ebf1b0-6982-4deb-ac51-c7a6d0a68c5d,1,4000
4593051085,948,7707.34,WAITING,915bda23-d2b3-4bab-9d3b-0b701beb76fa,2,3000
4584646546,422,9036.89,QUOTATION,134244b2-90f7-4d62-8488-d71e29828266,1,1000
4503500754,697,707.08,REJECTED,daffc87a-fdb5-424e-9155-782c6cd1b731,5,1000
4545131617,423,334.08,QUOTATION,51991c98-a328-457f-a862-0962b2d30ddc,4,4000
4528022630,499,7314.49,WAITING,3ee51816-f540-45e6-8401-474c5df84e78,1,2000
4511988632,678,9932.07,APPROVED,5c250769-58e7-4a67-92b8-05566aab2cd0,3,1000
4590923365,634,7882.16,WAITING,cea90057-5542-4a9f-8ad8-2fa263b39b7b,3,2000
4521431658,149,8498.51,APPROVED,8df0c99e-2745-44ae-94ee-ad79cb114fdb,5,3000
4568941418,737,1193.27,WAITING,b577718c-a2a9-4f8a-a41c-7cac0d102aab,2,3000
4537207132,648,4988.57,QUOTATION,73df3d25-bcec-47a6-8d66-6b628e81ed2d,4,4000
4508626417,486,8561.59,QUOTATION,3d3527a9-4ef5-45d5-83c2-4178789f9921,2,4000
4516305391,279,6968.19,REJECTED,bcebc30c-15e5-48e2-9c32-c86d886f82a0,1,4000
4518813453,229,3601.98,QUOTATION,9ec93c76-9578-4947-a5ca-def516b026cb,5,4000
4563314985,760,438.48,APPROVED,15ddc72a-7103-4a88-a951-49c5aa75affd,5,4000
4524716831,208,3439.68,REJECTED,ba3d4978-80db-4a12-9f06-e4c698936184,1,1000
4548909297,199,5313.3,QUOTATION,f6979cad-3c89-4280-985d-d7f07aaa8c2b,2,1000
4531216855,976,460.58,APPROVED,0a58bce2-1697-4c89-b568-ae280f33f982,2,3000
4571676566,272,8171.92,APPROVED,3c65561d-5119-4985-87e7-48965fe9f62c,4,3000
4568214712,813,8984.9,QUOTATION,c40f8a37-9024-4fcd-80a6-7917301ba6bd,1,1000
4565391208,578,3210.24,REJECTED,71b893be-0a75-41a7-9a52-bcdb771cc5ec,4,4000
4520487822,310,4262.61,QUOTATION,fffeaf8f-4b6b-4357-a309-89f4769c36da,4,4000
4570945618,859,9069.38,QUOTATION,5257f4f1-580e-4eb3-89f9-6cae458e4509,5,2000
4542192385,160,2154.91,WAITING,3d3527a9-4ef5-45d5-83c2-4178789f9921,2,4000
4508597263,228,5059.8,QUOTATION,0e752cfe-75ff-427d-8214-57710b509b33,2,3000
4552856907,559,485.15,QUOTATION,b6bbc970-46d2-4ff4-9c52-80f378cfe8ea,5,4000
4596786691,887,9138.3,WAITING,41e46c83-90d4-4836-a022-b900a018b3fa,2,4000
4571173216,226,9089.88,WAITING,5257f4f1-580e-4eb3-89f9-6cae458e4509,4,4000
4582710126,946,2983.98,QUOTATION,da731710-48f7-4c02-8dd6-917ff4c62e3b,4,3000
4556188195,312,2590.38,APPROVED,01bb5e4b-33d3-4db2-85a2-499f5c9e31b4,1,4000
4559324285,167,1546.71,REJECTED,68681084-7b12-4fd9-9704-7da3802cb451,3,4000
4586380533,620,1669.55,WAITING,b020551c-5fe7-45ea-881a-6fa78332362d,4,2000
4565791598,875,9962.16,WAITING,71b893be-0a75-41a7-9a52-bcdb771cc5ec,4,3000
4580065943,654,4271.75,APPROVED,b020551c-5fe7-45ea-881a-6fa78332362d,1,3000
4508872371,865,3001.56,REJECTED,da731710-48f7-4c02-8dd6-917ff4c62e3b,3,2000
4566111198,646,7604.27,REJECTED,651e8d5b-8636-4635-a934-6f9427d506b8,3,1000
4533677850,439,3009.96,APPROVED,8ca5ca23-a910-469b-aec1-73bd31d74ba2,5,2000
4549074770,768,3607.95,QUOTATION,daffc87a-fdb5-424e-9155-782c6cd1b731,5,2000
4525108155,905,8667.66,WAITING,e7ba4d18-37bf-472c-9d3a-7756c21a55c9,4,4000
4598944733,447,4264.5,APPROVED,31ac60a6-1bc1-442c-ae10-4a420f770538,4,4000
4597509363,371,1429.31,REJECTED,76fa0c16-dc3a-4a9b-b914-de6a0097f3dc,5,1000
4508386931,339,9496.34,QUOTATION,3341d7ea-5bed-42e4-82c2-18d0adfbcdf1,1,2000
4516195086,962,9958.67,REJECTED,6cc3c3b9-23fa-4969-8791-af89dedc62c9,4,3000
4560721632,146,6534.24,WAITING,05767575-2944-4457-9aa7-06e1dae2ae25,1,2000
4525839140,71,2727.49,REJECTED,32149af9-a4f0-4e80-a73d-490a9faef06f,3,4000
4579648634,941,1574.23,WAITING,da731710-48f7-4c02-8dd6-917ff4c62e3b,1,2000
4517869008,349,4801.3,QUOTATION,05767575-2944-4457-9aa7-06e1dae2ae25,3,1000
4554012428,504,7078.07,WAITING,32149af9-a4f0-4e80-a73d-490a9faef06f,4,4000
4552578218,129,6795.2,QUOTATION,ebfe58ef-0dee-41d8-859e-ae2bff66e7fc,5,1000
4539120872,542,6657.07,QUOTATION,791660af-f0db-4fbd-a3a4-86bd38182556,4,2000
4510701914,62,6941.94,APPROVED,791660af-f0db-4fbd-a3a4-86bd38182556,1,3000
4571498993,896,1462.02,WAITING,17dffc12-ac1a-44ed-ad09-3c824851c624,1,3000
4535264780,833,7674.77,APPROVED,6cc3c3b9-23fa-4969-8791-af89dedc62c9,3,4000
4582676063,463,1147.55,QUOTATION,41e46c83-90d4-4836-a022-b900a018b3fa,2,1000
4548040602,50,8407.65,APPROVED,3f3292d8-3056-42da-9ec5-d080c252a223,3,4000
4583949628,179,3254.63,REJECTED,b577718c-a2a9-4f8a-a41c-7cac0d102aab,1,4000
4591542382,60,8124.71,QUOTATION,68681084-7b12-4fd9-9704-7da3802cb451,2,3000
4502025687,736,8271.13,WAITING,0e752cfe-75ff-427d-8214-57710b509b33,3,4000
4547328607,213,876.22,QUOTATION,00a417fb-f2b9-4bb8-90c0-0787c3f2e3c7,5,4000
4504387051,363,1164.22,APPROVED,b6bbc970-46d2-4ff4-9c52-80f378cfe8ea,2,3000
4510536357,917,1917.1,WAITING,fffeaf8f-4b6b-4357-a309-89f4769c36da,3,4000
4596529534,613,5251.34,APPROVED,41e46c83-90d4-4836-a022-b900a018b3fa,3,2000
4541773879,939,7035.97,QUOTATION,ce1eeb99-74a8-4547-b95c-345102c07d21,3,4000
4518709389,69,4792.15,WAITING,28d388a1-0e70-41d0-a8a1-abb9e3263b7b,2,1000
4524528959,792,3197.17,REJECTED,a9da22e7-f42f-4428-9083-96395b7a7e9a,1,3000
4518517993,554,7967.47,QUOTATION,b0154cbb-c693-4062-88b9-a8acf4402b56,5,3000
4594184763,450,4394.0,REJECTED,56ae9e46-c0b2-46ca-b51d-5686e00ce4a6,3,2000
4545026060,927,8888.36,APPROVED,41e46c83-90d4-4836-a022-b900a018b3fa,3,3000
4584719486,947,9788.65,WAITING,eb8e5632-45d0-47e9-bcc0-ee76bf030643,3,4000
4589235423,901,7275.64,REJECTED,73df3d25-bcec-47a6-8d66-6b628e81ed2d,3,3000
4512237165,518,7142.24,QUOTATION,2cf52c48-a37c-4244-a030-3fe16c443ecd,2,2000
4543400864,594,6296.6,QUOTATION,791660af-f0db-4fbd-a3a4-86bd38182556,4,4000
4508526429,924,3484.67,APPROVED,f6979cad-3c89-4280-985d-d7f07aaa8c2b,2,2000
4589571078,646,4825.65,WAITING,51991c98-a328-457f-a862-0962b2d30ddc,2,3000
4552719001,291,4668.34,QUOTATION,e069016d-d217-4fbc-b438-1e8790b731fb,4,2000
4528743074,935,5314.25,REJECTED,d5b6a98e-464a-4e85-ad1c-7fd6be7df835,4,1000
4546685176,10,5249.52,REJECTED,12a301b9-4c71-4181-a853-d29be7b6bd18,2,2000
4555788530,822,7540.05,REJECTED,4a5df305-6d85-4b5a-81ca-b2a776017f8f,1,1000
4547397791,702,6440.9,APPROVED,d4dbba0a-2b26-4233-9017-bb25b2e860f3,1,3000
4595237021,175,8497.55,REJECTED,fffeaf8f-4b6b-4357-a309-89f4769c36da,5,4000
4524319928,438,4773.94,APPROVED,35672019-b6d1-42b4-b906-8819b248182e,5,1000
4503558195,900,9317.48,WAITING,ebfe58ef-0dee-41d8-859e-ae2bff66e7fc,1,1000
4585314226,556,8145.96,WAITING,51991c98-a328-457f-a862-0962b2d30ddc,1,3000
4537878059,112,6772.0,QUOTATION,c40f8a37-9024-4fcd-80a6-7917301ba6bd,2,2000
4511100188,51,2302.86,REJECTED,a4926703-442b-4179-808a-04de7d4e1015,3,4000
4583840844,967,4964.06,APPROVED,51991c98-a328-457f-a862-0962b2d30ddc,5,4000
4561643726,319,9457.99,QUOTATION,d7da1df8-a4af-4efe-a657-570c6d350470,2,3000
4585755652,868,4482.21,WAITING,3f3292d8-3056-42da-9ec5-d080c252a223,3,1000
4562623867,484,4054.77,QUOTATION,e069016d-d217-4fbc-b438-1e8790b731fb,3,4000
4544706606,546,3839.24,QUOTATION,0f7e95f4-4fb9-4987-a1e1-5264880e721e,2,4000
4575075576,950,8901.12,QUOTATION,51991c98-a328-457f-a862-0962b2d30ddc,1,2000
4502168086,937,5188.06,REJECTED,f6dd041e-f994-407c-9a1b-2ee8a39b9b25,2,1000
4593654526,691,8590.35,REJECTED,b577718c-a2a9-4f8a-a41c-7cac0d102aab,2,1000
4537873459,75,4087.34,WAITING,9c7454a7-b80c-4d19-b841-4c0343b75add,3,4000
4580522836,279,2645.78,WAITING,dbce3e63-1a5c-4595-a1f9-d09c3d978567,4,4000
4546895300,312,3941.6,WAITING,8ca5ca23-a910-469b-aec1-73bd31d74ba2,5,2000
4545182201,521,4134.65,APPROVED,73df3d25-bcec-47a6-8d66-6b628e81ed2d,1,3000
4541203232,129,1280.35,QUOTATION,9ec93c76-9578-4947-a5ca-def516b026cb,2,2000
4593840877,903,5471.39,APPROVED,84aadcf6-499b-4416-9a35-3e546eb39a5c,3,3000
4513175794,52,811.78,QUOTATION,d0d94739-009d-44aa-ae3d-8c35a65083c5,5,1000
4528788082,518,3802.02,APPROVED,51991c98-a328-457f-a862-0962b2d30ddc,2,4000
4587808667,252,5796.43,QUOTATION,8ca5ca23-a910-469b-aec1-73bd31d74ba2,2,1000
4566241527,135,4698.7,QUOTATION,82ebf1b0-6982-4deb-ac51-c7a6d0a68c5d,5,1000
4501793462,86,4058.01,WAITING,cf11fe2a-443a-44e9-96b0-e6b91ddfa87d,4,4000
4535115148,772,254.53,WAITING,975480d4-8c15-44ba-8c55-a9938bdaa2c4,3,2000
4536684860,879,7615.91,WAITING,b577718c-a2a9-4f8a-a41c-7cac0d102aab,1,3000
4540181189,742,9350.9,REJECTED,bcebc30c-15e5-48e2-9c32-c86d886f82a0,5,4000
4561277068,295,951.78,QUOTATION,84aadcf6-499b-4416-9a35-3e546eb39a5c,3,1000
4567725672,682,2802.7,WAITING,15ddc72a-7103-4a88-a951-49c5aa75affd,5,3000
4550998635,491,2414.6,APPROVED,37bf8863-0046-49cb-a72c-f7e41661214b,2,2000
4564482084,233,4994.42,REJECTED,c40f8a37-9024-4fcd-80a6-7917301ba6bd,4,4000
4513579297,99,6181.33,REJECTED,384bae62-8ba8-4cac-b8ad-3df4e68bcafa,2,1000
4504333275,618,3368.43,QUOTATION,35672019-b6d1-42b4-b906-8819b248182e,4,3000
4585607925,745,2288.44,APPROVED,d4dbba0a-2b26-4233-9017-bb25b2e860f3,5,1000
4559040349,996,8501.24,WAITING,a9da22e7-f42f-4428-9083-96395b7a7e9a,5,4000
4562687965,318,5833.87,APPROVED,c40f8a37-9024-4fcd-80a6-7917301ba6bd,2,2000
4523696839,977,8999.68,REJECTED,0c328cd6-def4-4097-8b5d-ef9b4362cfd3,4,3000
4586446265,130,9892.52,REJECTED,da731710-48f7-4c02-8dd6-917ff4c62e3b,5,4000
4589063902,257,7267.45,REJECTED,2c6e3cb9-21cb-4de6-ae38-f117a3cbdfe2,4,3000
4562491708,579,7151.92,QUOTATION,ce1eeb99-74a8-4547-b95c-345102c07d21,5,1000
4518866783,336,3103.06,REJECTED,ea38b7e1-b488-4873-ab04-3066d219b434,5,4000
4580393328,722,8569.84,WAITING,68681084-7b12-4fd9-9704-7da3802cb451,5,4000
4505710312,530,2696.15,REJECTED,b020551c-5fe7-45ea-881a-6fa78332362d,4,4000
4581259153,428,4111.56,WAITING,05767575-2944-4457-9aa7-06e1dae2ae25,5,4000
4563789854,965,9171.11,REJECTED,41e46c83-90d4-4836-a022-b900a018b3fa,5,1000
4562049154,120,8803.71,REJECTED,ba3d4978-80db-4a12-9f06-e4c698936184,3,4000
4523649889,339,7327.49,WAITING,35672019-b6d1-42b4-b906-8819b248182e,1,3000
4597148700,806,6073.19,REJECTED,cf11fe2a-443a-44e9-96b0-e6b91ddfa87d,1,4000
4548738585,705,4046.86,WAITING,51991c98-a328-457f-a862-0962b2d30ddc,5,2000
4507277988,589,9620.89,QUOTATION,408c4fe5-9066-4997-8f1c-ad8daae4b1f6,4,1000
4536943868,798,4085.58,QUOTATION,ba3d4978-80db-4a12-9f06-e4c698936184,2,3000
4566631108,738,5333.04,APPROVED,eb8e5632-45d0-47e9-bcc0-ee76bf030643,1,2000
4557603497,680,1770.21,WAITING,0439439c-8945-42c4-b079-5340d85df97c,5,2000
4525798682,822,3414.94,WAITING,b0154cbb-c693-4062-88b9-a8acf4402b56,3,3000
4557423390,622,697.88,REJECTED,2c6e3cb9-21cb-4de6-ae38-f117a3cbdfe2,1,3000
4551308788,826,3619.68,QUOTATION,5257f4f1-580e-4eb3-89f9-6cae458e4509,3,3000
4521845078,108,2424.01,APPROVED,68681084-7b12-4fd9-9704-7da3802cb451,1,1000
4561608047,726,8229.36,REJECTED,71b893be-0a75-41a7-9a52-bcdb771cc5ec,2,3000
4510695716,460,8445.63,WAITING,41e46c83-90d4-4836-a022-b900a018b3fa,3,1000
4557649646,393,1803.7,QUOTATION,9ec93c76-9578-4947-a5ca-def516b026cb,2,1000
4564157278,864,2586.93,APPROVED,2ab670e8-49e3-4a95-9871-d937f77b5927,4,2000
4586751329,672,4578.32,QUOTATION,76fa0c16-dc3a-4a9b-b914-de6a0097f3dc,2,2000
4582354554,473,8319.11,REJECTED,3c65561d-5119-4985-87e7-48965fe9f62c,3,1000
4574285515,413,2739.18,APPROVED,ba5b8587-5d45-44ac-9e4e-16cb4b3afecc,1,1000
4581033784,583,1144.28,WAITING,e7ba4d18-37bf-472c-9d3a-7756c21a55c9,1,1000
4563309509,260,9355.11,WAITING,cf11fe2a-443a-44e9-96b0-e6b91ddfa87d,2,4000
4501147767,327,9058.93,WAITING,dbce3e63-1a5c-4595-a1f9-d09c3d978567,4,3000
4561037454,687,7017.64,QUOTATION,ebfe58ef-0dee-41d8-859e-ae2bff66e7fc,3,3000
4567089312,450,1882.28,REJECTED,ad64acbd-9045-44ec-9111-f6b3b90cb060,3,4000
4544168448,936,5914.9,WAITING,f524f9ee-95cb-4e66-a6c1-b58f8296e7f3,3,1000
4564107856,895,6433.82,APPROVED,9ec93c76-9578-4947-a5ca-def516b026cb,2,1000
4566480258,976,2437.34,WAITING,8ca5ca23-a910-469b-aec1-73bd31d74ba2,1,3000
4574778105,883,7670.15,WAITING,651e8d5b-8636-4635-a934-6f9427d506b8,5,3000
4566606494,898,2496.09,QUOTATION,cf11fe2a-443a-44e9-96b0-e6b91ddfa87d,3,2000
4570535500,81,9826.37,WAITING,0b319577-4ab0-4684-b112-b27aad212cb1,1,3000
4573252270,895,8162.67,WAITING,2ab670e8-49e3-4a95-9871-d937f77b5927,1,2000
4541859739,804,7119.2,APPROVED,b6bbc970-46d2-4ff4-9c52-80f378cfe8ea,4,2000
4542219385,40,3211.69,REJECTED,0f7e95f4-4fb9-4987-a1e1-5264880e721e,1,4000
4554113965,886,1490.78,QUOTATION,28d388a1-0e70-41d0-a8a1-abb9e3263b7b,4,4000
4538280481,992,358.86,WAITING,aa51a37d-2867-459b-8885-b5c8b161616a,4,4000
4552371780,912,4185.05,QUOTATION,c40f8a37-9024-4fcd-80a6-7917301ba6bd,1,4000
4574561429,525,7697.5,WAITING,0a58bce2-1697-4c89-b568-ae280f33f982,1,1000
4536947824,968,140.71,QUOTATION,15ddc72a-7103-4a88-a951-49c5aa75affd,4,2000
4512104277,591,282.62,QUOTATION,134244b2-90f7-4d62-8488-d71e29828266,4,1000
4574532316,251,5824.97,WAITING,28d388a1-0e70-41d0-a8a1-abb9e3263b7b,4,4000
4551909332,753,3798.07,WAITING,fffeaf8f-4b6b-4357-a309-89f4769c36da,1,3000
4595448282,245,2549.95,QUOTATION,ea38b7e1-b488-4873-ab04-3066d219b434,4,3000
4567068849,535,8898.25,APPROVED,0a58bce2-1697-4c89-b568-ae280f33f982,4,2000
4515569090,260,4092.56,REJECTED,51991c98-a328-457f-a862-0962b2d30ddc,4,1000
4551916212,20,6473.23,REJECTED,76fa0c16-dc3a-4a9b-b914-de6a0097f3dc,3,3000
4518313278,63,7111.63,WAITING,5257f4f1-580e-4eb3-89f9-6cae458e4509,4,3000
4588960880,883,6625.6,QUOTATION,651e8d5b-8636-4635-a934-6f9427d506b8,3,2000
4533063258,961,2601.14,WAITING,b6bbc970-46d2-4ff4-9c52-80f378cfe8ea,4,2000
4572722361,542,854.0,WAITING,3d3527a9-4ef5-45d5-83c2-4178789f9921,1,3000
4573742723,942,5510.42,APPROVED,d4dbba0a-2b26-4233-9017-bb25b2e860f3,3,2000
4539267586,798,6500.18,REJECTED,05767575-2944-4457-9aa7-06e1dae2ae25,5,1000
4512102954,370,5663.9,APPROVED,28d388a1-0e70-41d0-a8a1-abb9e3263b7b,4,2000
4594877944,500,632.09,APPROVED,51991c98-a328-457f-a862-0962b2d30ddc,5,2000
4522546964,291,8241.59,REJECTED,daffc87a-fdb5-424e-9155-782c6cd1b731,4,3000
4511170887,522,7667.41,REJECTED,3d3527a9-4ef5-45d5-83c2-4178789f9921,5,1000
4571356992,267,1050.67,WAITING,fe53d2be-049c-47fa-871a-c4a8b1a10e40,3,4000
4528257019,577,1303.35,APPROVED,d4dbba0a-2b26-4233-9017-bb25b2e860f3,1,1000
4585906644,370,1655.25,REJECTED,791660af-f0db-4fbd-a3a4-86bd38182556,1,2000
4517729939,919,1783.16,APPROVED,c40f8a37-9024-4fcd-80a6-7917301ba6bd,4,4000
4569128894,277,6111.55,APPROVED,28d388a1-0e70-41d0-a8a1-abb9e3263b7b,3,3000
4551983039,68,5597.12,WAITING,2c7b9d8a-6b92-4a21-a03e-024e434a203d,3,3000
4523454196,112,9378.19,APPROVED,d5b6a98e-464a-4e85-ad1c-7fd6be7df835,5,1000
4590382192,896,3277.21,REJECTED,41f3b33b-8871-42fd-90d5-1d1d9f2d5aed,2,4000
4594192001,852,5217.56,REJECTED,5257f4f1-580e-4eb3-89f9-6cae458e4509,2,2000
4590690127,713,2195.88,WAITING,00a417fb-f2b9-4bb8-90c0-0787c3f2e3c7,2,3000
4545124476,124,1363.11,WAITING,791660af-f0db-4fbd-a3a4-86bd38182556,5,2000
4590725429,968,6031.43,QUOTATION,dbce3e63-1a5c-4595-a1f9-d09c3d978567,3,3000
4598042144,65,9161.1,REJECTED,41e46c83-90d4-4836-a022-b900a018b3fa,3,4000
4539724882,822,6328.17,REJECTED,d5b6a98e-464a-4e85-ad1c-7fd6be7df835,1,1000
4520390187,601,9739.12,QUOTATION,56ae9e46-c0b2-46ca-b51d-5686e00ce4a6,1,3000
4592308229,676,751.17,QUOTATION,15ddc72a-7103-4a88-a951-49c5aa75affd,4,3000
4594669220,463,7603.38,WAITING,3c65561d-5119-4985-87e7-48965fe9f62c,3,4000
4549512097,39,8098.74,QUOTATION,b6bbc970-46d2-4ff4-9c52-80f378cfe8ea,2,3000
4569362673,632,6852.18,REJECTED,fcc9df1e-2761-4b55-8f60-015b21066d78,1,2000
4512725499,157,2471.92,APPROVED,3c65561d-5119-4985-87e7-48965fe9f62c,3,1000
4580998606,794,9750.55,APPROVED,74d238f7-61d4-41c6-9d51-b05f2eddcb36,2,1000
4594080753,145,1077.77,WAITING,2c6e3cb9-21cb-4de6-ae38-f117a3cbdfe2,4,4000
4586184033,208,8820.28,REJECTED,5257f4f1-580e-4eb3-89f9-6cae458e4509,1,2000
4574702604,763,2850.61,WAITING,41f3b33b-8871-42fd-90d5-1d1d9f2d5aed,3,2000
4508944050,751,6577.38,WAITING,71b893be-0a75-41a7-9a52-bcdb771cc5ec,3,1000
4510710958,575,8532.1,APPROVED,110f8801-eea1-420d-98e6-dd439569747b,5,4000
4597865165,648,3620.3,WAITING,01bb5e4b-33d3-4db2-85a2-499f5c9e31b4,3,1000
4573624343,655,9642.53,QUOTATION,8ca5ca23-a910-469b-aec1-73bd31d74ba2,3,2000
4564184669,605,3424.56,QUOTATION,8ca5ca23-a910-469b-aec1-73bd31d74ba2,4,3000
4561484037,543,6727.41,APPROVED,68681084-7b12-4fd9-9704-7da3802cb451,2,2000
4567815655,867,1115.07,QUOTATION,ba3d4978-80db-4a12-9f06-e4c698936184,5,4000
4551273202,680,8366.92,REJECTED,37bf8863-0046-49cb-a72c-f7e41661214b,5,2000
4520678190,464,2459.99,REJECTED,6cc3c3b9-23fa-4969-8791-af89dedc62c9,4,1000
4525915528,902,536.54,APPROVED,134244b2-90f7-4d62-8488-d71e29828266,5,3000
4523269157,964,7689.85,REJECTED,975480d4-8c15-44ba-8c55-a9938bdaa2c4,3,4000
4585126620,328,76.09,QUOTATION,28d388a1-0e70-41d0-a8a1-abb9e3263b7b,3,4000
4538982474,413,6363.58,APPROVED,dbce3e63-1a5c-4595-a1f9-d09c3d978567,2,1000
4578935354,228,5978.28,APPROVED,384bae62-8ba8-4cac-b8ad-3df4e68bcafa,2,2000
4591385640,48,4546.5,WAITING,77b34563-244c-46da-b014-af1a9c7fa9e4,5,1000
4505897330,469,393.38,QUOTATION,bcebc30c-15e5-48e2-9c32-c86d886f82a0,3,3000
4584344050,596,9282.27,QUOTATION,a1a6e723-19c6-46fd-a584-917efe27f127,1,3000
4576724057,736,6818.42,QUOTATION,9c7454a7-b80c-4d19-b841-4c0343b75add,3,1000
4596407986,78,1882.08,REJECTED,05767575-2944-4457-9aa7-06e1dae2ae25,5,2000
4554207919,809,2953.08,REJECTED,daffc87a-fdb5-424e-9155-782c6cd1b731,5,3000
4587227942,931,8184.53,QUOTATION,84aadcf6-499b-4416-9a35-3e546eb39a5c,3,4000
4590916651,88,7737.21,REJECTED,0c328cd6-def4-4097-8b5d-ef9b4362cfd3,3,4000
4503715657,821,4180.08,WAITING,dbce3e63-1a5c-4595-a1f9-d09c3d978567,2,1000
4564975177,169,978.01,WAITING,cea90057-5542-4a9f-8ad8-2fa263b39b7b,3,1000
4592803272,801,6222.49,APPROVED,daffc87a-fdb5-424e-9155-782c6cd1b731,2,2000
4559026905,615,8716.05,WAITING,84aadcf6-499b-4416-9a35-3e546eb39a5c,1,4000
4511633401,122,2452.12,APPROVED,9c7454a7-b80c-4d19-b841-4c0343b75add,3,4000
4584423054,922,4081.39,WAITING,4a2d279e-2495-496f-80d9-bc5a45e3b6b4,5,2000
4528097691,966,2571.1,APPROVED,8ca5ca23-a910-469b-aec1-73bd31d74ba2,2,4000
4564114512,397,7914.21,APPROVED,eb8e5632-45d0-47e9-bcc0-ee76bf030643,2,4000
4527690374,123,5132.45,WAITING,4a2d279e-2495-496f-80d9-bc5a45e3b6b4,5,1000
4583026889,276,2216.51,WAITING,ba3d4978-80db-4a12-9f06-e4c698936184,4,3000
4579405397,87,1810.66,APPROVED,01bb5e4b-33d3-4db2-85a2-499f5c9e31b4,4,1000
4539876266,601,7731.82,WAITING,15ddc72a-7103-4a88-a951-49c5aa75affd,5,3000
4550728447,895,8099.04,WAITING,62117371-6664-4e90-9e4c-e3939789c81a,4,3000
4529061465,590,4847.28,REJECTED,b6bbc970-46d2-4ff4-9c52-80f378cfe8ea,1,2000
4561619100,836,4947.5,WAITING,daffc87a-fdb5-424e-9155-782c6cd1b731,4,4000
4557678174,516,8750.06,REJECTED,a9da22e7-f42f-4428-9083-96395b7a7e9a,5,4000
4571484472,849,8313.51,APPROVED,b0154cbb-c693-4062-88b9-a8acf4402b56,2,2000
4567585579,449,9101.68,REJECTED,9fc109ea-2585-4c23-9329-2ccda2d964eb,1,2000
4500532935,318,6715.12,APPROVED,a4926703-442b-4179-808a-04de7d4e1015,5,2000
4513728792,753,3888.78,QUOTATION,ce1eeb99-74a8-4547-b95c-345102c07d21,1,3000
4562714524,841,8184.62,APPROVED,134244b2-90f7-4d62-8488-d71e29828266,1,1000
4577586854,15,305.23,APPROVED,d5b6a98e-464a-4e85-ad1c-7fd6be7df835,5,2000
4545947713,960,4293.23,REJECTED,6c55f239-a4f0-4edd-afe8-02d129db9eda,1,1000
4509584769,326,6054.49,APPROVED,9c7454a7-b80c-4d19-b841-4c0343b75add,1,2000
4524823224,496,2244.06,WAITING,0c328cd6-def4-4097-8b5d-ef9b4362cfd3,3,4000
4555392036,383,691.54,WAITING,8ca5ca23-a910-469b-aec1-73bd31d74ba2,2,2000
4527824695,451,6207.16,WAITING,a1ad3c2b-45ca-491c-8ef2-a64af7d19e43,5,3000
4531493559,623,4611.24,WAITING,74d238f7-61d4-41c6-9d51-b05f2eddcb36,3,1000
4542219962,919,2379.37,WAITING,834a14f7-cbd7-4220-9587-cd61c93c8253,2,2000
4570536787,401,7644.34,QUOTATION,68681084-7b12-4fd9-9704-7da3802cb451,2,4000
4591989555,119,8862.94,APPROVED,68681084-7b12-4fd9-9704-7da3802cb451,3,1000
4521206745,683,9080.02,APPROVED,110f8801-eea1-420d-98e6-dd439569747b,5,3000
4584927833,340,6716.15,REJECTED,791660af-f0db-4fbd-a3a4-86bd38182556,5,1000
4595808861,1000,4139.18,REJECTED,9c7454a7-b80c-4d19-b841-4c0343b75add,3,2000
4545173365,94,2239.09,WAITING,ce1eeb99-74a8-4547-b95c-345102c07d21,4,3000
4597189228,125,8650.23,REJECTED,fcc9df1e-2761-4b55-8f60-015b21066d78,4,2000
4504444800,573,8117.3,REJECTED,834a14f7-cbd7-4220-9587-cd61c93c8253,3,2000
4502996619,638,2929.61,WAITING,2ab670e8-49e3-4a95-9871-d937f77b5927,3,3000
4534027523,788,1020.03,QUOTATION,f6979cad-3c89-4280-985d-d7f07aaa8c2b,2,2000
4562968550,273,2624.65,REJECTED,3f3292d8-3056-42da-9ec5-d080c252a223,2,2000
4546945774,638,3847.2,APPROVED,12a301b9-4c71-4181-a853-d29be7b6bd18,1,2000
4579500401,944,2611.97,REJECTED,84aadcf6-499b-4416-9a35-3e546eb39a5c,4,4000
4539768934,120,9692.73,WAITING,9fc109ea-2585-4c23-9329-2ccda2d964eb,5,4000
4531950733,775,6449.96,APPROVED,b577718c-a2a9-4f8a-a41c-7cac0d102aab,3,1000
4596208418,524,1446.92,REJECTED,51991c98-a328-457f-a862-0962b2d30ddc,2,4000
4563647501,68,7064.81,WAITING,fe53d2be-049c-47fa-871a-c4a8b1a10e40,1,1000
4501014767,5,330.46,WAITING,ea38b7e1-b488-4873-ab04-3066d219b434,5,2000
4557616836,498,6164.9,REJECTED,5257f4f1-580e-4eb3-89f9-6cae458e4509,3,3000
4593896469,929,7761.99,QUOTATION,82ebf1b0-6982-4deb-ac51-c7a6d0a68c5d,4,3000
4583912392,469,8476.45,APPROVED,68681084-7b12-4fd9-9704-7da3802cb451,1,3000
4582983287,870,1068.23,APPROVED,31ac60a6-1bc1-442c-ae10-4a420f770538,2,3000
4560087791,325,5256.57,REJECTED,9a109dc4-7be3-4aec-94bb-ede38f79ae14,3,1000
4530054623,942,6916.64,QUOTATION,32149af9-a4f0-4e80-a73d-490a9faef06f,3,4000
4538142133,5,2494.52,APPROVED,ba3d4978-80db-4a12-9f06-e4c698936184,5,2000
4581397082,876,4622.27,REJECTED,73df3d25-bcec-47a6-8d66-6b628e81ed2d,2,1000
4540540038,342,3205.08,APPROVED,77b34563-244c-46da-b014-af1a9c7fa9e4,1,3000
4566188099,448,710.83,WAITING,0e752cfe-75ff-427d-8214-57710b509b33,2,3000
4541896934,447,6169.93,REJECTED,51991c98-a328-457f-a862-0962b2d30ddc,4,2000
4573940922,428,9410.53,WAITING,12a301b9-4c71-4181-a853-d29be7b6bd18,2,1000
4592473817,758,4257.39,WAITING,ba3d4978-80db-4a12-9f06-e4c698936184,5,1000
4599550616,614,9539.83,REJECTED,d5b6a98e-464a-4e85-ad1c-7fd6be7df835,2,4000
4528934073,811,5393.04,QUOTATION,dbce3e63-1a5c-4595-a1f9-d09c3d978567,2,2000
4514944666,909,3508.24,REJECTED,c40f8a37-9024-4fcd-80a6-7917301ba6bd,1,1000
4545371489,458,1622.42,QUOTATION,3ee51816-f540-45e6-8401-474c5df84e78,4,3000
4523705251,244,9952.55,WAITING,3d3527a9-4ef5-45d5-83c2-4178789f9921,4,3000
4560569860,724,5968.34,QUOTATION,4029508a-afa4-4faf-b175-4bb65b8a4dbb,1,1000
4572614485,408,3404.05,REJECTED,71b893be-0a75-41a7-9a52-bcdb771cc5ec,5,3000
4500510053,453,5364.64,WAITING,a1ad3c2b-45ca-491c-8ef2-a64af7d19e43,2,2000
4545790985,563,4435.06,QUOTATION,9fc109ea-2585-4c23-9329-2ccda2d964eb,1,2000
4587694075,278,9190.0,QUOTATION,b020551c-5fe7-45ea-881a-6fa78332362d,3,1000
4503601566,781,5253.92,APPROVED,611eefb3-ef38-4a2e-831a-15aff1dde8f8,3,4000
4501401022,472,9627.13,REJECTED,0b319577-4ab0-4684-b112-b27aad212cb1,5,3000
4597106022,529,6624.68,REJECTED,8df0c99e-2745-44ae-94ee-ad79cb114fdb,4,1000
4524976492,499,5867.14,QUOTATION,00a417fb-f2b9-4bb8-90c0-0787c3f2e3c7,2,2000
4505970684,90,3728.12,QUOTATION,4a2d279e-2495-496f-80d9-bc5a45e3b6b4,2,3000
4558811010,224,4613.41,APPROVED,9ec93c76-9578-4947-a5ca-def516b026cb,5,4000
4514262855,35,5301.5,APPROVED,e7ba4d18-37bf-472c-9d3a-7756c21a55c9,3,1000
4596615787,15,786.36,APPROVED,0b319577-4ab0-4684-b112-b27aad212cb1,4,1000
4585094876,749,3130.1,REJECTED,0a58bce2-1697-4c89-b568-ae280f33f982,3,3000
4575850909,536,5023.22,REJECTED,6cc3c3b9-23fa-4969-8791-af89dedc62c9,3,2000
4549103746,938,2482.36,REJECTED,bcebc30c-15e5-48e2-9c32-c86d886f82a0,3,1000
4523730924,127,4837.53,APPROVED,0a58bce2-1697-4c89-b568-ae280f33f982,1,2000
4521309353,219,7823.61,REJECTED,fe53d2be-049c-47fa-871a-c4a8b1a10e40,4,1000
4575119799,121,1005.94,APPROVED,651e8d5b-8636-4635-a934-6f9427d506b8,3,2000
4594264987,550,7795.63,WAITING,bf599d91-442c-4e09-b5ae-b9f08a417d11,2,4000
4570689491,865,6300.83,REJECTED,791660af-f0db-4fbd-a3a4-86bd38182556,2,2000
4580092641,901,7240.44,QUOTATION,a1ad3c2b-45ca-491c-8ef2-a64af7d19e43,5,2000
4503271630,428,9345.82,QUOTATION,bcebc30c-15e5-48e2-9c32-c86d886f82a0,3,2000
4582941824,146,9257.76,QUOTATION,e069016d-d217-4fbc-b438-1e8790b731fb,4,4000
4511220230,441,9241.59,APPROVED,b6bbc970-46d2-4ff4-9c52-80f378cfe8ea,2,2000
4595700487,800,2083.1,REJECTED,2c7b9d8a-6b92-4a21-a03e-024e434a203d,5,1000
4580531118,213,6093.42,WAITING,daffc87a-fdb5-424e-9155-782c6cd1b731,3,1000
4510974365,28,3355.03,QUOTATION,51991c98-a328-457f-a862-0962b2d30ddc,3,2000
4502662260,162,6354.87,WAITING,ba5b8587-5d45-44ac-9e4e-16cb4b3afecc,3,4000
4508385657,243,8904.05,APPROVED,41e46c83-90d4-4836-a022-b900a018b3fa,2,3000
4561431950,634,1304.57,REJECTED,0b319577-4ab0-4684-b112-b27aad212cb1,5,3000
4565856101,653,191.72,APPROVED,f6979cad-3c89-4280-985d-d7f07aaa8c2b,5,1000
4502987699,855,2206.28,REJECTED,8ca5ca23-a910-469b-aec1-73bd31d74ba2,5,3000
4550418953,952,4017.31,REJECTED,f6979cad-3c89-4280-985d-d7f07aaa8c2b,4,3000
4508268063,306,5185.88,WAITING,a1ad3c2b-45ca-491c-8ef2-a64af7d19e43,1,1000
4577278968,343,4073.91,QUOTATION,15ddc72a-7103-4a88-a951-49c5aa75affd,5,4000
4503692601,904,5285.76,REJECTED,12a301b9-4c71-4181-a853-d29be7b6bd18,4,3000
4577970565,594,8421.36,QUOTATION,134244b2-90f7-4d62-8488-d71e29828266,4,4000
4511156577,670,9500.11,QUOTATION,3c65561d-5119-4985-87e7-48965fe9f62c,5,1000
4511782623,574,3775.79,REJECTED,2c6e3cb9-21cb-4de6-ae38-f117a3cbdfe2,4,3000
4525945330,614,7797.32,REJECTED,ba3d4978-80db-4a12-9f06-e4c698936184,5,4000
4584285700,1000,7390.72,WAITING,0439439c-8945-42c4-b079-5340d85df97c,1,1000
4530898684,854,7008.27,APPROVED,de541e55-b7b6-404a-8ce0-a6f1ea925750,3,2000
4586032613,250,4634.67,APPROVED,0c328cd6-def4-4097-8b5d-ef9b4362cfd3,2,1000
4506726016,281,6644.1,APPROVED,de541e55-b7b6-404a-8ce0-a6f1ea925750,5,2000
4513173564,376,8752.56,REJECTED,d4dbba0a-2b26-4233-9017-bb25b2e860f3,1,4000
4593667894,40,7264.69,REJECTED,bf599d91-442c-4e09-b5ae-b9f08a417d11,1,3000
4589336161,432,3184.67,APPROVED,41f3b33b-8871-42fd-90d5-1d1d9f2d5aed,1,3000
4521262032,558,2415.46,APPROVED,5c250769-58e7-4a67-92b8-05566aab2cd0,5,3000
4595219522,889,4659.76,WAITING,5c250769-58e7-4a67-92b8-05566aab2cd0,3,1000
4549965372,84,7073.66,WAITING,62117371-6664-4e90-9e4c-e3939789c81a,1,2000
4529453204,476,7146.51,APPROVED,41e46c83-90d4-4836-a022-b900a018b3fa,1,3000
4530048427,985,6276.56,QUOTATION,0a58bce2-1697-4c89-b568-ae280f33f982,5,4000
4553636225,787,1149.52,QUOTATION,915bda23-d2b3-4bab-9d3b-0b701beb76fa,4,2000
4569905734,483,7098.93,APPROVED,d0d94739-009d-44aa-ae3d-8c35a65083c5,4,4000
4504524343,713,2909.24,WAITING,daffc87a-fdb5-424e-9155-782c6cd1b731,4,3000
4529829350,320,7696.46,APPROVED,41f3b33b-8871-42fd-90d5-1d1d9f2d5aed,3,3000
4521390629,405,836.61,QUOTATION,2c7b9d8a-6b92-4a21-a03e-024e434a203d,2,3000
4573443181,304,5697.26,REJECTED,76fa0c16-dc3a-4a9b-b914-de6a0097f3dc,1,1000
4539521140,401,1144.69,APPROVED,74d238f7-61d4-41c6-9d51-b05f2eddcb36,1,1000
4503911507,378,6346.62,QUOTATION,68681084-7b12-4fd9-9704-7da3802cb451,5,1000
4521875797,37,5195.15,QUOTATION,ea38b7e1-b488-4873-ab04-3066d219b434,1,3000
4532521769,819,5563.83,QUOTATION,3ee51816-f540-45e6-8401-474c5df84e78,2,3000
4553047830,973,6728.57,QUOTATION,9567383e-1921-4683-803b-509faa2bc9d5,2,3000
4529344078,332,5816.37,QUOTATION,3d3527a9-4ef5-45d5-83c2-4178789f9921,1,2000
4514966492,850,7874.5,WAITING,2c6e3cb9-21cb-4de6-ae38-f117a3cbdfe2,5,4000
4525800905,775,679.41,QUOTATION,915bda23-d2b3-4bab-9d3b-0b701beb76fa,5,1000
4556195790,618,2239.63,QUOTATION,384bae62-8ba8-4cac-b8ad-3df4e68bcafa,3,3000
4582929461,535,7115.63,REJECTED,b020551c-5fe7-45ea-881a-6fa78332362d,4,2000
4523923502,767,2600.1,WAITING,0f7e95f4-4fb9-4987-a1e1-5264880e721e,1,1000
4511367739,28,6648.36,APPROVED,84aadcf6-499b-4416-9a35-3e546eb39a5c,2,1000
4526383121,245,6775.89,APPROVED,daffc87a-fdb5-424e-9155-782c6cd1b731,4,1000
4520103202,326,9191.45,WAITING,9c7454a7-b80c-4d19-b841-4c0343b75add,3,1000
4513605422,194,504.79,WAITING,408c4fe5-9066-4997-8f1c-ad8daae4b1f6,5,1000
4507205649,876,9756.7,APPROVED,76fa0c16-dc3a-4a9b-b914-de6a0097f3dc,4,4000
4587080735,824,863.13,APPROVED,e7ba4d18-37bf-472c-9d3a-7756c21a55c9,3,2000
4579333402,547,3341.84,APPROVED,41f3b33b-8871-42fd-90d5-1d1d9f2d5aed,4,3000
4591211072,433,9029.88,QUOTATION,73df3d25-bcec-47a6-8d66-6b628e81ed2d,1,4000
4502607261,835,2931.45,APPROVED,05767575-2944-4457-9aa7-06e1dae2ae25,4,2000
4574292511,630,5435.43,REJECTED,51991c98-a328-457f-a862-0962b2d30ddc,1,1000
4538373883,578,4641.93,WAITING,4029508a-afa4-4faf-b175-4bb65b8a4dbb,3,2000
4503647241,933,9617.01,QUOTATION,74d238f7-61d4-41c6-9d51-b05f2eddcb36,2,2000
4598321090,220,7716.41,WAITING,fffeaf8f-4b6b-4357-a309-89f4769c36da,1,4000
4516686045,441,7674.44,REJECTED,4029508a-afa4-4faf-b175-4bb65b8a4dbb,4,3000
4586072642,537,6321.92,QUOTATION,4029508a-afa4-4faf-b175-4bb65b8a4dbb,3,1000
4580702783,378,1009.65,REJECTED,cea90057-5542-4a9f-8ad8-2fa263b39b7b,3,2000
4587156179,245,8631.13,QUOTATION,bcebc30c-15e5-48e2-9c32-c86d886f82a0,4,2000
4550663784,746,7130.57,WAITING,73df3d25-bcec-47a6-8d66-6b628e81ed2d,3,4000
4514232256,94,672.43,QUOTATION,b577718c-a2a9-4f8a-a41c-7cac0d102aab,1,3000
4545736283,145,6500.41,REJECTED,9fc109ea-2585-4c23-9329-2ccda2d964eb,4,4000
4573413188,441,4538.59,QUOTATION,b577718c-a2a9-4f8a-a41c-7cac0d102aab,3,2000
4566591560,462,8101.56,QUOTATION,41f3b33b-8871-42fd-90d5-1d1d9f2d5aed,4,3000
4589317710,913,3048.94,WAITING,8ca5ca23-a910-469b-aec1-73bd31d74ba2,1,4000
4524282274,851,8072.12,REJECTED,05767575-2944-4457-9aa7-06e1dae2ae25,1,3000
4519119539,149,7434.63,WAITING,b0154cbb-c693-4062-88b9-a8acf4402b56,5,3000
4502043452,143,6217.56,QUOTATION,8df0c99e-2745-44ae-94ee-ad79cb114fdb,1,2000
4526932155,438,9508.43,REJECTED,51991c98-a328-457f-a862-0962b2d30ddc,4,1000
4532174757,910,3602.82,REJECTED,834a14f7-cbd7-4220-9587-cd61c93c8253,4,1000
4544062711,336,4882.64,WAITING,4a5df305-6d85-4b5a-81ca-b2a776017f8f,4,4000
4575723043,159,6772.14,REJECTED,73df3d25-bcec-47a6-8d66-6b628e81ed2d,2,1000
4543086352,354,753.1,APPROVED,41f3b33b-8871-42fd-90d5-1d1d9f2d5aed,3,2000
4591220142,926,663.57,REJECTED,17dffc12-ac1a-44ed-ad09-3c824851c624,5,1000
4578762043,885,4486.52,APPROVED,ce1eeb99-74a8-4547-b95c-345102c07d21,1,1000
4527625578,825,2793.34,APPROVED,0439439c-8945-42c4-b079-5340d85df97c,4,2000
4533850991,320,6731.9,WAITING,d0d94739-009d-44aa-ae3d-8c35a65083c5,2,1000
4586024408,318,1856.45,APPROVED,84aadcf6-499b-4416-9a35-3e546eb39a5c,1,3000
4533056758,518,7818.79,APPROVED,651e8d5b-8636-4635-a934-6f9427d506b8,5,1000
4575727469,96,1697.33,APPROVED,0a58bce2-1697-4c89-b568-ae280f33f982,1,1000
4594908723,31,5363.22,WAITING,9a109dc4-7be3-4aec-94bb-ede38f79ae14,3,4000
4538398565,736,7131.68,REJECTED,84aadcf6-499b-4416-9a35-3e546eb39a5c,1,4000
4593179382,350,2902.41,REJECTED,77b34563-244c-46da-b014-af1a9c7fa9e4,3,2000
4567524475,515,8156.28,QUOTATION,9567383e-1921-4683-803b-509faa2bc9d5,5,3000
4522679798,238,8403.63,APPROVED,77b34563-244c-46da-b014-af1a9c7fa9e4,4,3000
4520494649,706,1192.6,REJECTED,b020551c-5fe7-45ea-881a-6fa78332362d,5,4000
4546644945,897,7675.9,REJECTED,4a5df305-6d85-4b5a-81ca-b2a776017f8f,5,4000
4563152653,358,6648.18,REJECTED,bcebc30c-15e5-48e2-9c32-c86d886f82a0,2,1000
4578785337,518,8356.73,QUOTATION,05767575-2944-4457-9aa7-06e1dae2ae25,3,2000
4511036954,790,7327.09,QUOTATION,b020551c-5fe7-45ea-881a-6fa78332362d,1,4000
4510469264,796,648.58,APPROVED,fffeaf8f-4b6b-4357-a309-89f4769c36da,4,3000
4511158711,903,5340.33,APPROVED,0b319577-4ab0-4684-b112-b27aad212cb1,1,3000
4599827340,589,638.52,REJECTED,ba5b8587-5d45-44ac-9e4e-16cb4b3afecc,1,1000
4534622386,239,1772.09,REJECTED,915bda23-d2b3-4bab-9d3b-0b701beb76fa,1,4000
4522954035,25,3876.13,WAITING,ce1eeb99-74a8-4547-b95c-345102c07d21,4,2000
4518344967,346,8569.5,REJECTED,74d238f7-61d4-41c6-9d51-b05f2eddcb36,2,3000
4528376517,524,733.55,APPROVED,d4dbba0a-2b26-4233-9017-bb25b2e860f3,2,3000
4511916698,592,2706.25,REJECTED,0a58bce2-1697-4c89-b568-ae280f33f982,2,4000
4500340735,227,3656.67,APPROVED,611eefb3-ef38-4a2e-831a-15aff1dde8f8,4,1000
4591869717,369,8611.07,APPROVED,73df3d25-bcec-47a6-8d66-6b628e81ed2d,1,3000
4572996266,673,6915.27,REJECTED,5257f4f1-580e-4eb3-89f9-6cae458e4509,2,4000
4585750257,349,252.8,QUOTATION,73df3d25-bcec-47a6-8d66-6b628e81ed2d,4,1000
4510492968,361,8758.28,WAITING,a4926703-442b-4179-808a-04de7d4e1015,2,3000
4550551678,192,4663.67,APPROVED,2cf52c48-a37c-4244-a030-3fe16c443ecd,1,1000
4501832383,336,1006.73,APPROVED,b6bbc970-46d2-4ff4-9c52-80f378cfe8ea,1,3000
4533208940,247,964.71,WAITING,cf11fe2a-443a-44e9-96b0-e6b91ddfa87d,1,2000
4575499402,189,7035.97,REJECTED,cf11fe2a-443a-44e9-96b0-e6b91ddfa87d,2,1000
4599936952,843,3974.59,APPROVED,00a417fb-f2b9-4bb8-90c0-0787c3f2e3c7,2,3000
4558485407,870,9921.04,APPROVED,0439439c-8945-42c4-b079-5340d85df97c,4,1000
4598391499,170,1729.72,WAITING,aa51a37d-2867-459b-8885-b5c8b161616a,1,2000
4555343041,386,3663.7,QUOTATION,0f7e95f4-4fb9-4987-a1e1-5264880e721e,5,1000
4542922913,176,7416.33,WAITING,e7ba4d18-37bf-472c-9d3a-7756c21a55c9,4,4000
4522224221,878,3466.08,QUOTATION,0f7e95f4-4fb9-4987-a1e1-5264880e721e,2,4000
4540236454,390,9512.55,REJECTED,12a301b9-4c71-4181-a853-d29be7b6bd18,2,4000
4591265140,372,7152.16,APPROVED,9fc109ea-2585-4c23-9329-2ccda2d964eb,1,2000
4568063019,314,2470.49,WAITING,cf11fe2a-443a-44e9-96b0-e6b91ddfa87d,5,3000
4530362823,605,5543.67,REJECTED,2ab670e8-49e3-4a95-9871-d937f77b5927,2,1000
4522237326,457,5332.25,REJECTED,05767575-2944-4457-9aa7-06e1dae2ae25,1,1000
4502808378,286,1108.41,QUOTATION,28d388a1-0e70-41d0-a8a1-abb9e3263b7b,2,4000
4548100613,51,9732.18,REJECTED,28d388a1-0e70-41d0-a8a1-abb9e3263b7b,5,4000
4554112391,78,8464.62,REJECTED,77b34563-244c-46da-b014-af1a9c7fa9e4,2,4000
4581304241,707,3364.2,WAITING,fcc9df1e-2761-4b55-8f60-015b21066d78,2,2000
4597149728,572,2317.76,WAITING,f6dd041e-f994-407c-9a1b-2ee8a39b9b25,2,1000
4519168328,861,3855.73,REJECTED,8df0c99e-2745-44ae-94ee-ad79cb114fdb,5,3000
4577305441,25,9557.0,REJECTED,8ca5ca23-a910-469b-aec1-73bd31d74ba2,3,4000
4546937743,98,3190.7,APPROVED,2c6e3cb9-21cb-4de6-ae38-f117a3cbdfe2,4,4000
4593951643,868,4499.05,WAITING,e069016d-d217-4fbc-b438-1e8790b731fb,4,2000
4567643479,806,6345.87,REJECTED,9fc109ea-2585-4c23-9329-2ccda2d964eb,2,2000
4513627214,343,7877.11,QUOTATION,9ec93c76-9578-4947-a5ca-def516b026cb,1,1000
4550465020,658,6251.81,QUOTATION,2ab670e8-49e3-4a95-9871-d937f77b5927,3,4000
4595056121,310,8791.3,QUOTATION,9ec93c76-9578-4947-a5ca-def516b026cb,5,4000
4557693577,435,3124.98,APPROVED,0f7e95f4-4fb9-4987-a1e1-5264880e721e,1,4000
4566815723,872,5989.07,REJECTED,e069016d-d217-4fbc-b438-1e8790b731fb,1,4000
4574130338,906,8704.72,WAITING,834a14f7-cbd7-4220-9587-cd61c93c8253,1,3000
4589896717,302,8690.12,REJECTED,0e752cfe-75ff-427d-8214-57710b509b33,5,4000
4556430378,622,2864.98,QUOTATION,134244b2-90f7-4d62-8488-d71e29828266,2,2000
4563211832,701,9293.79,WAITING,8ca5ca23-a910-469b-aec1-73bd31d74ba2,1,3000
4593089471,121,4292.25,WAITING,e069016d-d217-4fbc-b438-1e8790b731fb,2,4000
4543491614,582,6500.11,QUOTATION,2cf52c48-a37c-4244-a030-3fe16c443ecd,5,3000
4512500382,73,6987.17,REJECTED,5c250769-58e7-4a67-92b8-05566aab2cd0,4,2000
4516741508,903,1178.18,WAITING,daffc87a-fdb5-424e-9155-782c6cd1b731,3,4000
4595093627,807,7829.99,QUOTATION,6c55f239-a4f0-4edd-afe8-02d129db9eda,3,4000
4566552384,283,9041.45,QUOTATION,ad64acbd-9045-44ec-9111-f6b3b90cb060,1,3000
4510387962,769,4512.55,QUOTATION,3ee51816-f540-45e6-8401-474c5df84e78,2,3000
4580810679,364,1299.28,QUOTATION,8df0c99e-2745-44ae-94ee-ad79cb114fdb,3,4000
4580323662,182,279.81,QUOTATION,134244b2-90f7-4d62-8488-d71e29828266,3,2000
4581497570,473,2282.39,APPROVED,110f8801-eea1-420d-98e6-dd439569747b,4,3000
4562009087,765,5867.72,REJECTED,d5b6a98e-464a-4e85-ad1c-7fd6be7df835,4,3000
4503362989,302,9819.06,REJECTED,4a2d279e-2495-496f-80d9-bc5a45e3b6b4,5,2000
4523777688,759,9988.91,QUOTATION,51991c98-a328-457f-a862-0962b2d30ddc,4,2000
4596690953,57,3877.42,REJECTED,76fa0c16-dc3a-4a9b-b914-de6a0097f3dc,1,2000
4552991216,327,6929.65,REJECTED,8df0c99e-2745-44ae-94ee-ad79cb114fdb,3,4000
4594623915,897,3460.31,APPROVED,28d388a1-0e70-41d0-a8a1-abb9e3263b7b,1,4000
4587546410,843,920.08,QUOTATION,aa51a37d-2867-459b-8885-b5c8b161616a,5,2000
4532434188,942,3687.36,APPROVED,ba3d4978-80db-4a12-9f06-e4c698936184,4,3000
4528081545,764,4012.31,APPROVED,37bf8863-0046-49cb-a72c-f7e41661214b,2,1000
4529337965,569,6881.57,REJECTED,6cc3c3b9-23fa-4969-8791-af89dedc62c9,4,3000
4507090208,772,8526.72,REJECTED,134244b2-90f7-4d62-8488-d71e29828266,2,4000
4571974551,687,2480.14,APPROVED,2c7b9d8a-6b92-4a21-a03e-024e434a203d,4,4000
4515712854,844,8060.38,QUOTATION,b0154cbb-c693-4062-88b9-a8acf4402b56,5,3000
4574150526,538,4176.6,QUOTATION,a4926703-442b-4179-808a-04de7d4e1015,5,2000
4510652620,528,7352.89,REJECTED,0a58bce2-1697-4c89-b568-ae280f33f982,1,3000
4532649729,189,8195.28,REJECTED,c40f8a37-9024-4fcd-80a6-7917301ba6bd,5,1000
4516166953,964,1746.82,WAITING,9a109dc4-7be3-4aec-94bb-ede38f79ae14,2,4000
4504209518,959,2238.75,REJECTED,9c7454a7-b80c-4d19-b841-4c0343b75add,4,4000
4572283331,993,1733.48,REJECTED,2cf52c48-a37c-4244-a030-3fe16c443ecd,2,1000
4556578124,913,1187.74,WAITING,6cc3c3b9-23fa-4969-8791-af89dedc62c9,4,2000
4539861752,157,5486.97,WAITING,eb8e5632-45d0-47e9-bcc0-ee76bf030643,3,4000
4512309094,290,6609.6,REJECTED,fcc9df1e-2761-4b55-8f60-015b21066d78,1,4000
4573297901,883,3732.77,APPROVED,68681084-7b12-4fd9-9704-7da3802cb451,5,2000
4595215170,877,6493.62,APPROVED,bcebc30c-15e5-48e2-9c32-c86d886f82a0,4,4000
4588324435,823,3972.27,APPROVED,41f3b33b-8871-42fd-90d5-1d1d9f2d5aed,2,1000
4521060102,43,4130.63,APPROVED,28d388a1-0e70-41d0-a8a1-abb9e3263b7b,2,2000
4550011087,874,1915.66,WAITING,41f3b33b-8871-42fd-90d5-1d1d9f2d5aed,3,4000
4578313412,679,2082.4,WAITING,611eefb3-ef38-4a2e-831a-15aff1dde8f8,3,4000
4585659164,643,5313.73,APPROVED,82ebf1b0-6982-4deb-ac51-c7a6d0a68c5d,2,4000
4568666541,963,8076.33,REJECTED,ad64acbd-9045-44ec-9111-f6b3b90cb060,2,4000
4563359062,64,7019.47,WAITING,3c65561d-5119-4985-87e7-48965fe9f62c,4,2000
4560530023,479,6150.65,REJECTED,2c7b9d8a-6b92-4a21-a03e-024e434a203d,1,3000
4558668884,347,887.59,QUOTATION,00a417fb-f2b9-4bb8-90c0-0787c3f2e3c7,5,3000
4500127676,934,4664.32,REJECTED,8df0c99e-2745-44ae-94ee-ad79cb114fdb,5,2000
4565341652,816,4739.54,WAITING,5c250769-58e7-4a67-92b8-05566aab2cd0,5,2000
4558479692,320,808.31,QUOTATION,17dffc12-ac1a-44ed-ad09-3c824851c624,2,3000
4543749406,331,8420.74,QUOTATION,15ddc72a-7103-4a88-a951-49c5aa75affd,3,3000
4552631990,235,1568.55,QUOTATION,611eefb3-ef38-4a2e-831a-15aff1dde8f8,2,4000
4599341237,691,7400.58,REJECTED,12a301b9-4c71-4181-a853-d29be7b6bd18,3,3000
4546031214,936,9065.91,REJECTED,a1a6e723-19c6-46fd-a584-917efe27f127,4,3000
4590945974,351,2769.17,REJECTED,d7da1df8-a4af-4efe-a657-570c6d350470,5,4000
4507682059,371,5394.1,APPROVED,8df0c99e-2745-44ae-94ee-ad79cb114fdb,4,3000
4505501320,972,5870.57,QUOTATION,0439439c-8945-42c4-b079-5340d85df97c,3,1000
4507060879,490,6868.58,REJECTED,9fc109ea-2585-4c23-9329-2ccda2d964eb,4,2000
4588597988,430,3280.27,REJECTED,2c6e3cb9-21cb-4de6-ae38-f117a3cbdfe2,2,2000
4519314616,161,1948.4,APPROVED,76fa0c16-dc3a-4a9b-b914-de6a0097f3dc,3,1000
4571703846,870,4166.43,APPROVED,da731710-48f7-4c02-8dd6-917ff4c62e3b,4,3000
4554592970,66,6959.01,QUOTATION,ebfe58ef-0dee-41d8-859e-ae2bff66e7fc,1,2000
4554733794,891,4134.1,WAITING,ebfe58ef-0dee-41d8-859e-ae2bff66e7fc,3,1000
4589226436,660,5880.97,APPROVED,d0d94739-009d-44aa-ae3d-8c35a65083c5,2,1000
4503356744,206,5393.69,WAITING,28d388a1-0e70-41d0-a8a1-abb9e3263b7b,5,1000
4508845736,624,1526.19,APPROVED,bcebc30c-15e5-48e2-9c32-c86d886f82a0,5,1000
4540455753,370,746.03,APPROVED,76fa0c16-dc3a-4a9b-b914-de6a0097f3dc,1,4000
4500155511,680,7453.43,QUOTATION,d5b6a98e-464a-4e85-ad1c-7fd6be7df835,4,4000
4549986676,853,975.32,WAITING,76fa0c16-dc3a-4a9b-b914-de6a0097f3dc,3,2000
4591804247,6,2064.15,REJECTED,12a301b9-4c71-4181-a853-d29be7b6bd18,4,4000
4536808072,331,3392.21,REJECTED,975480d4-8c15-44ba-8c55-a9938bdaa2c4,2,1000
4587604564,898,7674.04,WAITING,00a417fb-f2b9-4bb8-90c0-0787c3f2e3c7,5,4000
4581165972,512,769.03,APPROVED,76fa0c16-dc3a-4a9b-b914-de6a0097f3dc,4,1000
4566146070,75,4605.06,REJECTED,651e8d5b-8636-4635-a934-6f9427d506b8,5,1000
4501115261,381,426.99,REJECTED,110f8801-eea1-420d-98e6-dd439569747b,5,3000
4579750584,337,1773.23,REJECTED,b020551c-5fe7-45ea-881a-6fa78332362d,3,4000
4592362714,786,7486.17,WAITING,da731710-48f7-4c02-8dd6-917ff4c62e3b,2,4000
4588274326,938,429.1,QUOTATION,62117371-6664-4e90-9e4c-e3939789c81a,1,1000
4556636166,207,7098.07,APPROVED,cf11fe2a-443a-44e9-96b0-e6b91ddfa87d,4,4000
4503930395,810,8526.3,WAITING,4029508a-afa4-4faf-b175-4bb65b8a4dbb,2,1000
4530512696,160,2698.48,APPROVED,9c7454a7-b80c-4d19-b841-4c0343b75add,1,3000
4523116547,332,9838.62,QUOTATION,fe53d2be-049c-47fa-871a-c4a8b1a10e40,1,1000
4539159623,560,2875.55,WAITING,611eefb3-ef38-4a2e-831a-15aff1dde8f8,1,4000
4510793719,306,2731.57,QUOTATION,4a2d279e-2495-496f-80d9-bc5a45e3b6b4,1,4000
4588684577,269,939.24,APPROVED,05767575-2944-4457-9aa7-06e1dae2ae25,4,1000
4517004398,479,4310.93,APPROVED,e7ba4d18-37bf-472c-9d3a-7756c21a55c9,4,4000
4522872179,707,139.84,WAITING,3ee51816-f540-45e6-8401-474c5df84e78,1,4000
4570451399,821,4265.15,QUOTATION,41e46c83-90d4-4836-a022-b900a018b3fa,5,3000
4519062691,508,531.61,REJECTED,3c65561d-5119-4985-87e7-48965fe9f62c,3,2000
4512850599,503,7362.15,QUOTATION,791660af-f0db-4fbd-a3a4-86bd38182556,4,2000
4510841281,26,1655.16,APPROVED,84aadcf6-499b-4416-9a35-3e546eb39a5c,1,4000
4599329540,361,5913.45,QUOTATION,12a301b9-4c71-4181-a853-d29be7b6bd18,5,2000
4546294351,814,7741.79,REJECTED,2ab670e8-49e3-4a95-9871-d937f77b5927,5,1000
4503009066,496,9383.05,QUOTATION,84aadcf6-499b-4416-9a35-3e546eb39a5c,5,1000
4581992553,941,4492.17,QUOTATION,dbce3e63-1a5c-4595-a1f9-d09c3d978567,4,4000
4578550362,742,9045.97,APPROVED,d4dbba0a-2b26-4233-9017-bb25b2e860f3,2,2000
4509703452,343,5431.79,WAITING,6cc3c3b9-23fa-4969-8791-af89dedc62c9,2,4000
4572223969,304,1320.81,APPROVED,aa51a37d-2867-459b-8885-b5c8b161616a,4,3000
4578803624,486,2595.19,REJECTED,eb8e5632-45d0-47e9-bcc0-ee76bf030643,3,1000
4591509474,207,8814.78,WAITING,ce1eeb99-74a8-4547-b95c-345102c07d21,2,1000
4531488364,302,7165.13,APPROVED,31ac60a6-1bc1-442c-ae10-4a420f770538,1,1000
4539190956,819,965.68,QUOTATION,41e46c83-90d4-4836-a022-b900a018b3fa,4,1000
4560099782,566,9386.11,REJECTED,fcc9df1e-2761-4b55-8f60-015b21066d78,3,1000
4550528532,236,8296.39,QUOTATION,6cc3c3b9-23fa-4969-8791-af89dedc62c9,3,1000
4554856830,932,2843.26,QUOTATION,da731710-48f7-4c02-8dd6-917ff4c62e3b,5,4000
4533266933,195,3077.56,QUOTATION,9fc109ea-2585-4c23-9329-2ccda2d964eb,3,3000
4542944680,52,2540.05,WAITING,15ddc72a-7103-4a88-a951-49c5aa75affd,3,4000
4512030862,96,790.54,APPROVED,ebfe58ef-0dee-41d8-859e-ae2bff66e7fc,2,3000
4572841271,453,1.53,REJECTED,a1ad3c2b-45ca-491c-8ef2-a64af7d19e43,4,2000
4554095145,68,5778.5,WAITING,3f3292d8-3056-42da-9ec5-d080c252a223,3,1000
4535501856,797,4397.69,APPROVED,a1ad3c2b-45ca-491c-8ef2-a64af7d19e43,3,1000
4564775221,613,5671.61,QUOTATION,17dffc12-ac1a-44ed-ad09-3c824851c624,1,1000
4534204574,912,4420.57,APPROVED,2ab670e8-49e3-4a95-9871-d937f77b5927,2,3000
4502023664,487,3176.98,QUOTATION,ad64acbd-9045-44ec-9111-f6b3b90cb060,2,3000
4579325747,951,678.13,QUOTATION,ba5b8587-5d45-44ac-9e4e-16cb4b3afecc,4,3000
4518728207,905,6738.45,WAITING,791660af-f0db-4fbd-a3a4-86bd38182556,3,2000
4574492636,534,8880.93,WAITING,408c4fe5-9066-4997-8f1c-ad8daae4b1f6,5,2000
4551341895,43,9995.83,QUOTATION,ba3d4978-80db-4a12-9f06-e4c698936184,3,2000
4596002966,496,5032.45,WAITING,82ebf1b0-6982-4deb-ac51-c7a6d0a68c5d,2,3000
4573741656,951,616.71,REJECTED,791660af-f0db-4fbd-a3a4-86bd38182556,5,4000
4533508609,277,5063.94,APPROVED,35672019-b6d1-42b4-b906-8819b248182e,5,2000
4574182783,62,4583.12,QUOTATION,9a109dc4-7be3-4aec-94bb-ede38f79ae14,4,3000
4545525646,379,5258.43,QUOTATION,76fa0c16-dc3a-4a9b-b914-de6a0097f3dc,4,2000
4501900083,412,5433.18,APPROVED,8df0c99e-2745-44ae-94ee-ad79cb114fdb,5,4000
4553820311,572,3303.1,APPROVED,e069016d-d217-4fbc-b438-1e8790b731fb,2,3000
4549432999,723,4350.71,WAITING,0e752cfe-75ff-427d-8214-57710b509b33,1,4000
4568586449,24,4689.64,QUOTATION,834a14f7-cbd7-4220-9587-cd61c93c8253,5,2000
4549569346,315,7322.17,APPROVED,5c250769-58e7-4a67-92b8-05566aab2cd0,3,4000
4541308157,661,9658.7,QUOTATION,82ebf1b0-6982-4deb-ac51-c7a6d0a68c5d,2,1000
4557131528,687,9373.01,WAITING,bf599d91-442c-4e09-b5ae-b9f08a417d11,2,4000
4524173456,84,8368.5,REJECTED,2c6e3cb9-21cb-4de6-ae38-f117a3cbdfe2,1,2000
4516595913,3,746.03,REJECTED,0439439c-8945-42c4-b079-5340d85df97c,4,4000
4517445167,735,7978.09,APPROVED,651e8d5b-8636-4635-a934-6f9427d506b8,3,1000
4531225246,89,3362.91,WAITING,ba5b8587-5d45-44ac-9e4e-16cb4b3afecc,2,4000
4528033531,756,9314.77,QUOTATION,f524f9ee-95cb-4e66-a6c1-b58f8296e7f3,5,1000
4524825436,116,4770.4,APPROVED,15ddc72a-7103-4a88-a951-49c5aa75affd,3,4000
4560099026,707,8572.35,WAITING,0b319577-4ab0-4684-b112-b27aad212cb1,2,2000
4517973965,530,393.4,QUOTATION,0a58bce2-1697-4c89-b568-ae280f33f982,1,4000
4581658229,656,2521.44,WAITING,41e46c83-90d4-4836-a022-b900a018b3fa,5,3000
4502345300,600,5522.55,APPROVED,651e8d5b-8636-4635-a934-6f9427d506b8,4,4000
4537295983,437,3829.55,WAITING,fe53d2be-049c-47fa-871a-c4a8b1a10e40,2,4000
4557726928,811,6453.3,APPROVED,28d388a1-0e70-41d0-a8a1-abb9e3263b7b,4,2000
4542921073,529,2636.39,APPROVED,651e8d5b-8636-4635-a934-6f9427d506b8,4,1000
4588926240,270,8980.52,QUOTATION,41f3b33b-8871-42fd-90d5-1d1d9f2d5aed,2,4000
4599161260,589,2143.27,APPROVED,2c7b9d8a-6b92-4a21-a03e-024e434a203d,5,4000
4593909488,831,8309.69,QUOTATION,0c328cd6-def4-4097-8b5d-ef9b4362cfd3,3,4000
4576918447,606,5000.99,WAITING,41f3b33b-8871-42fd-90d5-1d1d9f2d5aed,1,3000
4538217052,79,1219.58,QUOTATION,a9da22e7-f42f-4428-9083-96395b7a7e9a,5,2000
4538645195,38,1566.08,QUOTATION,3d3527a9-4ef5-45d5-83c2-4178789f9921,4,3000
4556959898,326,2472.71,APPROVED,aa51a37d-2867-459b-8885-b5c8b161616a,5,4000
4553271760,664,3220.96,QUOTATION,74d238f7-61d4-41c6-9d51-b05f2eddcb36,5,3000
4551469375,265,878.88,APPROVED,9c7454a7-b80c-4d19-b841-4c0343b75add,4,4000
4527381324,209,2024.13,APPROVED,b0154cbb-c693-4062-88b9-a8acf4402b56,3,2000
4514758263,851,8489.98,REJECTED,2c7b9d8a-6b92-4a21-a03e-024e434a203d,1,4000
4594663609,781,5608.07,REJECTED,f6979cad-3c89-4280-985d-d7f07aaa8c2b,4,1000
4526534471,874,6917.51,REJECTED,6c55f239-a4f0-4edd-afe8-02d129db9eda,4,1000
4509650725,140,6501.6,APPROVED,408c4fe5-9066-4997-8f1c-ad8daae4b1f6,5,4000
4512205456,701,2298.96,REJECTED,fcc9df1e-2761-4b55-8f60-015b21066d78,2,4000
4500327688,144,121.49,WAITING,12a301b9-4c71-4181-a853-d29be7b6bd18,5,2000
4501584170,572,1349.08,REJECTED,2ab670e8-49e3-4a95-9871-d937f77b5927,2,3000
4546057041,853,2954.58,QUOTATION,fcc9df1e-2761-4b55-8f60-015b21066d78,4,4000
4541624432,33,7586.47,WAITING,00a417fb-f2b9-4bb8-90c0-0787c3f2e3c7,3,3000
4519163744,105,8999.3,WAITING,0a58bce2-1697-4c89-b568-ae280f33f982,2,2000
4548867313,668,1016.39,REJECTED,41f3b33b-8871-42fd-90d5-1d1d9f2d5aed,5,4000
4555982132,399,2153.52,QUOTATION,8ca5ca23-a910-469b-aec1-73bd31d74ba2,5,3000
4557097298,604,230.69,QUOTATION,8ca5ca23-a910-469b-aec1-73bd31d74ba2,2,3000
4523832953,467,1684.68,APPROVED,cea90057-5542-4a9f-8ad8-2fa263b39b7b,4,4000
4511692104,775,548.91,APPROVED,f6dd041e-f994-407c-9a1b-2ee8a39b9b25,3,2000
4580273884,718,5114.43,QUOTATION,74d238f7-61d4-41c6-9d51-b05f2eddcb36,1,2000
4522879439,668,1048.01,WAITING,32149af9-a4f0-4e80-a73d-490a9faef06f,4,2000
4530504234,325,3516.05,WAITING,b6bbc970-46d2-4ff4-9c52-80f378cfe8ea,4,2000
4518524039,198,6664.01,QUOTATION,62117371-6664-4e90-9e4c-e3939789c81a,5,2000
4519179915,375,6589.05,APPROVED,a9da22e7-f42f-4428-9083-96395b7a7e9a,3,2000
4521883638,685,9661.97,APPROVED,4029508a-afa4-4faf-b175-4bb65b8a4dbb,5,1000
4548874404,60,701.66,QUOTATION,791660af-f0db-4fbd-a3a4-86bd38182556,2,4000
4521729823,395,8999.56,REJECTED,c40f8a37-9024-4fcd-80a6-7917301ba6bd,5,1000
4590516105,691,89.96,APPROVED,6c55f239-a4f0-4edd-afe8-02d129db9eda,3,1000
4581705383,672,180.5,QUOTATION,5c250769-58e7-4a67-92b8-05566aab2cd0,1,3000
4532942216,44,1294.53,WAITING,651e8d5b-8636-4635-a934-6f9427d506b8,5,2000
4520609511,538,3682.29,WAITING,4a5df305-6d85-4b5a-81ca-b2a776017f8f,1,3000
4579010010,6,4165.78,QUOTATION,9c7454a7-b80c-4d19-b841-4c0343b75add,5,4000
4553817614,309,5581.89,QUOTATION,ba3d4978-80db-4a12-9f06-e4c698936184,4,3000
4596982822,546,6892.78,QUOTATION,5c250769-58e7-4a67-92b8-05566aab2cd0,2,1000
4585139183,170,555.74,APPROVED,d4dbba0a-2b26-4233-9017-bb25b2e860f3,2,4000
4573997082,883,1151.29,APPROVED,0e752cfe-75ff-427d-8214-57710b509b33,4,1000
4566175366,691,3602.09,REJECTED,cf11fe2a-443a-44e9-96b0-e6b91ddfa87d,4,1000
4500347781,261,7906.48,QUOTATION,f6dd041e-f994-407c-9a1b-2ee8a39b9b25,5,1000
4599413104,585,5736.48,QUOTATION,f6979cad-3c89-4280-985d-d7f07aaa8c2b,1,4000
4541193796,134,9408.33,REJECTED,834a14f7-cbd7-4220-9587-cd61c93c8253,2,3000
4529772368,416,4132.13,APPROVED,791660af-f0db-4fbd-a3a4-86bd38182556,1,4000
4583357291,84,9132.67,QUOTATION,4a5df305-6d85-4b5a-81ca-b2a776017f8f,3,2000
4537307838,834,9148.03,APPROVED,b0154cbb-c693-4062-88b9-a8acf4402b56,4,2000
4524695617,230,2591.33,APPROVED,134244b2-90f7-4d62-8488-d71e29828266,3,3000
4528215251,91,709.82,WAITING,b020551c-5fe7-45ea-881a-6fa78332362d,5,4000
4536453472,717,8418.1,WAITING,fffeaf8f-4b6b-4357-a309-89f4769c36da,2,1000
4530900079,809,9750.29,WAITING,3f3292d8-3056-42da-9ec5-d080c252a223,1,3000
4556565951,272,501.98,APPROVED,975480d4-8c15-44ba-8c55-a9938bdaa2c4,3,2000
4524695346,447,507.97,REJECTED,384bae62-8ba8-4cac-b8ad-3df4e68bcafa,1,2000
4563553304,12,5168.39,QUOTATION,0c328cd6-def4-4097-8b5d-ef9b4362cfd3,1,1000
4517935384,426,5820.09,REJECTED,a4926703-442b-4179-808a-04de7d4e1015,2,2000
4505675872,785,5043.07,REJECTED,110f8801-eea1-420d-98e6-dd439569747b,4,2000
4558455726,443,5168.77,APPROVED,0c328cd6-def4-4097-8b5d-ef9b4362cfd3,5,2000
4553511107,843,3041.95,APPROVED,17dffc12-ac1a-44ed-ad09-3c824851c624,4,3000
4500136695,24,8577.84,WAITING,4a5df305-6d85-4b5a-81ca-b2a776017f8f,3,3000
4595251383,319,1703.95,WAITING,73df3d25-bcec-47a6-8d66-6b628e81ed2d,2,3000
4517151302,537,9293.81,QUOTATION,35672019-b6d1-42b4-b906-8819b248182e,4,1000
4568379252,153,2646.0,QUOTATION,b6bbc970-46d2-4ff4-9c52-80f378cfe8ea,2,4000
4584511637,694,577.95,QUOTATION,f524f9ee-95cb-4e66-a6c1-b58f8296e7f3,1,1000
4544075658,441,1997.71,QUOTATION,2c7b9d8a-6b92-4a21-a03e-024e434a203d,2,2000
4501869490,546,1845.81,REJECTED,4a5df305-6d85-4b5a-81ca-b2a776017f8f,5,4000
4570493621,395,8469.93,APPROVED,651e8d5b-8636-4635-a934-6f9427d506b8,3,3000
4521276354,996,5471.56,QUOTATION,0e752cfe-75ff-427d-8214-57710b509b33,5,2000
4501669055,849,6158.48,APPROVED,f524f9ee-95cb-4e66-a6c1-b58f8296e7f3,5,1000
4569992379,598,9394.29,WAITING,b577718c-a2a9-4f8a-a41c-7cac0d102aab,1,4000
4563549187,694,5299.62,QUOTATION,05767575-2944-4457-9aa7-06e1dae2ae25,5,2000
4527363321,606,5992.52,QUOTATION,2ab670e8-49e3-4a95-9871-d937f77b5927,1,4000
4509399450,363,3319.94,WAITING,74d238f7-61d4-41c6-9d51-b05f2eddcb36,5,1000
4540754909,413,310.61,WAITING,8df0c99e-2745-44ae-94ee-ad79cb114fdb,2,2000
4546430914,133,3501.31,WAITING,f6979cad-3c89-4280-985d-d7f07aaa8c2b,4,2000
4542047246,589,6119.6,QUOTATION,9fc109ea-2585-4c23-9329-2ccda2d964eb,1,1000
4542329724,992,3991.44,QUOTATION,01bb5e4b-33d3-4db2-85a2-499f5c9e31b4,1,4000
4598811534,701,7063.27,QUOTATION,71b893be-0a75-41a7-9a52-bcdb771cc5ec,1,2000
4596319950,940,4157.8,APPROVED,68681084-7b12-4fd9-9704-7da3802cb451,5,1000
4562945141,393,7734.53,APPROVED,6c55f239-a4f0-4edd-afe8-02d129db9eda,4,4000
4505209127,233,8962.48,WAITING,41f3b33b-8871-42fd-90d5-1d1d9f2d5aed,1,4000
4512658897,533,855.76,REJECTED,b577718c-a2a9-4f8a-a41c-7cac0d102aab,5,1000
4595083955,429,1632.98,QUOTATION,aa51a37d-2867-459b-8885-b5c8b161616a,5,3000
4589000983,170,2736.39,QUOTATION,a9da22e7-f42f-4428-9083-96395b7a7e9a,3,3000
4515757175,957,6293.13,REJECTED,aa51a37d-2867-459b-8885-b5c8b161616a,2,4000
4587581855,164,3485.3,WAITING,51991c98-a328-457f-a862-0962b2d30ddc,4,1000
4504396016,510,5470.26,APPROVED,2cf52c48-a37c-4244-a030-3fe16c443ecd,4,2000
4566671307,164,7385.15,WAITING,00a417fb-f2b9-4bb8-90c0-0787c3f2e3c7,1,4000
4511785813,757,4127.4,QUOTATION,3341d7ea-5bed-42e4-82c2-18d0adfbcdf1,1,4000
4504944689,28,775.8,WAITING,12a301b9-4c71-4181-a853-d29be7b6bd18,5,2000
4512918919,119,6189.78,REJECTED,4029508a-afa4-4faf-b175-4bb65b8a4dbb,5,2000
4525040008,638,7169.46,WAITING,408c4fe5-9066-4997-8f1c-ad8daae4b1f6,2,4000
4505086346,4,2139.05,QUOTATION,d0d94739-009d-44aa-ae3d-8c35a65083c5,4,1000
4517576934,906,8288.68,WAITING,6cc3c3b9-23fa-4969-8791-af89dedc62c9,5,1000
4599732831,751,3393.61,REJECTED,b6bbc970-46d2-4ff4-9c52-80f378cfe8ea,4,4000
4526112332,24,8178.12,QUOTATION,68681084-7b12-4fd9-9704-7da3802cb451,3,2000
4560439856,934,1073.52,APPROVED,d0d94739-009d-44aa-ae3d-8c35a65083c5,5,3000
4583728436,245,3416.14,REJECTED,3f3292d8-3056-42da-9ec5-d080c252a223,1,3000
4590986296,790,6385.32,REJECTED,a4926703-442b-4179-808a-04de7d4e1015,5,1000
4575521290,190,6223.09,QUOTATION,4a2d279e-2495-496f-80d9-bc5a45e3b6b4,1,4000
4548738338,356,2513.56,APPROVED,ebfe58ef-0dee-41d8-859e-ae2bff66e7fc,5,4000
4567271444,726,218.11,QUOTATION,975480d4-8c15-44ba-8c55-a9938bdaa2c4,2,3000
4564118276,41,4929.6,WAITING,71b893be-0a75-41a7-9a52-bcdb771cc5ec,2,3000
4571994095,926,1390.38,APPROVED,110f8801-eea1-420d-98e6-dd439569747b,3,4000
4556463282,499,1328.35,APPROVED,408c4fe5-9066-4997-8f1c-ad8daae4b1f6,2,3000
4564997442,178,3995.62,APPROVED,408c4fe5-9066-4997-8f1c-ad8daae4b1f6,4,2000
4595602918,165,2043.92,QUOTATION,3ee51816-f540-45e6-8401-474c5df84e78,4,3000
4563946028,818,7315.09,REJECTED,28d388a1-0e70-41d0-a8a1-abb9e3263b7b,4,3000
4500171836,692,2960.66,WAITING,0a58bce2-1697-4c89-b568-ae280f33f982,5,4000
4582298004,604,9483.72,APPROVED,f6979cad-3c89-4280-985d-d7f07aaa8c2b,5,4000
4594776099,846,4405.42,WAITING,2cf52c48-a37c-4244-a030-3fe16c443ecd,5,1000
4593982787,95,194.44,APPROVED,2cf52c48-a37c-4244-a030-3fe16c443ecd,2,3000
4573342609,180,1330.46,REJECTED,fffeaf8f-4b6b-4357-a309-89f4769c36da,4,2000
4502802032,957,5781.96,REJECTED,2cf52c48-a37c-4244-a030-3fe16c443ecd,4,1000
4524377370,184,6814.57,APPROVED,35672019-b6d1-42b4-b906-8819b248182e,2,3000
4585477589,768,9738.99,REJECTED,bcebc30c-15e5-48e2-9c32-c86d886f82a0,5,1000
4519133469,701,9406.32,APPROVED,0e752cfe-75ff-427d-8214-57710b509b33,2,4000
4567254262,942,7046.98,REJECTED,f6dd041e-f994-407c-9a1b-2ee8a39b9b25,3,3000
4567781138,588,7412.93,APPROVED,62117371-6664-4e90-9e4c-e3939789c81a,5,3000
4503354100,846,7520.37,WAITING,c40f8a37-9024-4fcd-80a6-7917301ba6bd,3,2000
4507229724,807,8309.07,QUOTATION,dbce3e63-1a5c-4595-a1f9-d09c3d978567,3,2000
4502239024,918,9476.29,QUOTATION,ba3d4978-80db-4a12-9f06-e4c698936184,4,3000
4573068935,397,7397.11,QUOTATION,d4dbba0a-2b26-4233-9017-bb25b2e860f3,3,2000
4511257227,804,1561.64,QUOTATION,3c65561d-5119-4985-87e7-48965fe9f62c,4,3000
4534757437,925,1355.7,REJECTED,d0d94739-009d-44aa-ae3d-8c35a65083c5,2,1000
4525271404,23,5387.48,WAITING,d0d94739-009d-44aa-ae3d-8c35a65083c5,4,1000
4539640949,544,2268.48,APPROVED,3d3527a9-4ef5-45d5-83c2-4178789f9921,1,4000
4516630059,583,7402.68,REJECTED,da731710-48f7-4c02-8dd6-917ff4c62e3b,1,3000
4560975714,743,7354.74,REJECTED,c40f8a37-9024-4fcd-80a6-7917301ba6bd,4,1000
4521834306,285,8101.52,APPROVED,77b34563-244c-46da-b014-af1a9c7fa9e4,4,4000
4504521647,267,2094.07,APPROVED,d4dbba0a-2b26-4233-9017-bb25b2e860f3,4,4000
4500538001,419,4000.03,REJECTED,bcebc30c-15e5-48e2-9c32-c86d886f82a0,5,1000
4540258151,23,8283.02,QUOTATION,cf11fe2a-443a-44e9-96b0-e6b91ddfa87d,5,2000
4537935885,55,7134.21,QUOTATION,b020551c-5fe7-45ea-881a-6fa78332362d,5,3000
4524191697,534,5386.05,QUOTATION,f524f9ee-95cb-4e66-a6c1-b58f8296e7f3,3,2000
4566198602,544,9190.71,REJECTED,aa51a37d-2867-459b-8885-b5c8b161616a,5,1000
4576526968,208,6914.25,QUOTATION,aa51a37d-2867-459b-8885-b5c8b161616a,4,2000
4542258797,77,7809.69,WAITING,a1ad3c2b-45ca-491c-8ef2-a64af7d19e43,3,2000
4598976894,300,3674.18,REJECTED,dbce3e63-1a5c-4595-a1f9-d09c3d978567,3,4000
4575269299,787,3109.5,QUOTATION,ba5b8587-5d45-44ac-9e4e-16cb4b3afecc,4,3000
4578291627,430,3043.45,REJECTED,82ebf1b0-6982-4deb-ac51-c7a6d0a68c5d,2,4000
4558207121,970,1409.22,WAITING,2cf52c48-a37c-4244-a030-3fe16c443ecd,1,1000
4552799827,408,2403.28,REJECTED,73df3d25-bcec-47a6-8d66-6b628e81ed2d,1,4000
4517440265,786,6131.42,APPROVED,9c7454a7-b80c-4d19-b841-4c0343b75add,4,3000
4505139975,380,4565.94,WAITING,e7ba4d18-37bf-472c-9d3a-7756c21a55c9,4,1000
4510297667,342,9074.63,WAITING,aa51a37d-2867-459b-8885-b5c8b161616a,5,3000
4540181600,87,266.63,REJECTED,b577718c-a2a9-4f8a-a41c-7cac0d102aab,1,2000
4572528008,157,7885.84,WAITING,d0d94739-009d-44aa-ae3d-8c35a65083c5,5,1000
4536086094,993,4678.03,APPROVED,dbce3e63-1a5c-4595-a1f9-d09c3d978567,5,4000
4534059000,790,28.23,APPROVED,00a417fb-f2b9-4bb8-90c0-0787c3f2e3c7,4,4000
4556818764,59,1965.02,WAITING,408c4fe5-9066-4997-8f1c-ad8daae4b1f6,3,2000
4520001699,295,478.44,APPROVED,e7ba4d18-37bf-472c-9d3a-7756c21a55c9,2,3000
4574024169,753,8318.09,APPROVED,17dffc12-ac1a-44ed-ad09-3c824851c624,5,3000
4577470075,884,7381.7,APPROVED,d0d94739-009d-44aa-ae3d-8c35a65083c5,3,4000
4519687846,159,6267.06,REJECTED,fffeaf8f-4b6b-4357-a309-89f4769c36da,1,1000
4590332303,363,9662.84,REJECTED,d7da1df8-a4af-4efe-a657-570c6d350470,2,1000
4552088484,421,3426.5,WAITING,9ec93c76-9578-4947-a5ca-def516b026cb,2,2000
4543382377,281,6533.55,APPROVED,fcc9df1e-2761-4b55-8f60-015b21066d78,5,1000
4573206497,392,1545.29,QUOTATION,bf599d91-442c-4e09-b5ae-b9f08a417d11,2,1000
4588429639,684,8227.47,REJECTED,31ac60a6-1bc1-442c-ae10-4a420f770538,1,2000
4593681406,738,9667.63,QUOTATION,a1a6e723-19c6-46fd-a584-917efe27f127,1,1000
4577128238,717,8850.38,REJECTED,6c55f239-a4f0-4edd-afe8-02d129db9eda,2,4000
4586591617,48,5446.5,REJECTED,5c250769-58e7-4a67-92b8-05566aab2cd0,1,1000
4524436807,840,3434.31,REJECTED,fe53d2be-049c-47fa-871a-c4a8b1a10e40,3,3000
4504457178,449,1438.29,APPROVED,da731710-48f7-4c02-8dd6-917ff4c62e3b,4,1000
4526586051,238,9269.73,REJECTED,dbce3e63-1a5c-4595-a1f9-d09c3d978567,3,1000
4590876860,827,4269.06,WAITING,0e752cfe-75ff-427d-8214-57710b509b33,1,3000
4505995015,311,112.45,WAITING,cf11fe2a-443a-44e9-96b0-e6b91ddfa87d,5,3000
4543192226,482,7112.78,REJECTED,975480d4-8c15-44ba-8c55-a9938bdaa2c4,4,2000
4501893314,904,861.61,REJECTED,3ee51816-f540-45e6-8401-474c5df84e78,2,3000
4594335405,642,572.15,WAITING,f524f9ee-95cb-4e66-a6c1-b58f8296e7f3,3,2000
4560981727,454,1029.64,WAITING,2ab670e8-49e3-4a95-9871-d937f77b5927,1,1000
4568777009,942,4617.99,QUOTATION,fe53d2be-049c-47fa-871a-c4a8b1a10e40,3,4000
4526046584,152,7711.93,WAITING,6c55f239-a4f0-4edd-afe8-02d129db9eda,4,4000
4555252024,410,6021.56,WAITING,eb8e5632-45d0-47e9-bcc0-ee76bf030643,3,3000
4599596045,733,2630.14,REJECTED,834a14f7-cbd7-4220-9587-cd61c93c8253,2,2000
4543018030,18,647.5,APPROVED,daffc87a-fdb5-424e-9155-782c6cd1b731,1,3000
4557643838,86,723.15,REJECTED,84aadcf6-499b-4416-9a35-3e546eb39a5c,5,4000
4580695259,81,4459.05,QUOTATION,ebfe58ef-0dee-41d8-859e-ae2bff66e7fc,4,3000
4598538749,606,3657.74,WAITING,d0d94739-009d-44aa-ae3d-8c35a65083c5,3,4000
4583034758,108,8713.75,QUOTATION,f6dd041e-f994-407c-9a1b-2ee8a39b9b25,4,4000
4505475969,473,4399.89,WAITING,d4dbba0a-2b26-4233-9017-bb25b2e860f3,5,4000
4530117782,580,3957.27,REJECTED,611eefb3-ef38-4a2e-831a-15aff1dde8f8,3,1000
4551731353,352,8164.56,APPROVED,37bf8863-0046-49cb-a72c-f7e41661214b,4,3000
4525934246,149,3356.46,APPROVED,35672019-b6d1-42b4-b906-8819b248182e,4,1000
4586884806,337,8624.04,QUOTATION,82ebf1b0-6982-4deb-ac51-c7a6d0a68c5d,3,2000
4520211719,795,5372.21,APPROVED,cf11fe2a-443a-44e9-96b0-e6b91ddfa87d,2,4000
4534451406,170,2813.58,APPROVED,77b34563-244c-46da-b014-af1a9c7fa9e4,1,4000
4538269566,584,6200.94,QUOTATION,b577718c-a2a9-4f8a-a41c-7cac0d102aab,1,4000
4509449934,145,3731.17,REJECTED,73df3d25-bcec-47a6-8d66-6b628e81ed2d,5,3000
4588276453,141,6813.4,QUOTATION,6c55f239-a4f0-4edd-afe8-02d129db9eda,3,2000
4587247639,87,3363.95,WAITING,d4dbba0a-2b26-4233-9017-bb25b2e860f3,1,4000
4518651466,626,1097.51,APPROVED,eb8e5632-45d0-47e9-bcc0-ee76bf030643,3,1000
4527102142,854,1862.86,WAITING,aa51a37d-2867-459b-8885-b5c8b161616a,3,1000
4571603635,109,8260.24,REJECTED,0f7e95f4-4fb9-4987-a1e1-5264880e721e,4,3000
4595837659,974,8062.98,WAITING,5c250769-58e7-4a67-92b8-05566aab2cd0,4,4000
4595417376,231,6572.77,APPROVED,0a58bce2-1697-4c89-b568-ae280f33f982,3,4000
4504437616,649,3181.52,APPROVED,ad64acbd-9045-44ec-9111-f6b3b90cb060,1,3000
4521103929,403,6860.2,WAITING,3f3292d8-3056-42da-9ec5-d080c252a223,4,2000
4503199417,824,2368.04,QUOTATION,9ec93c76-9578-4947-a5ca-def516b026cb,3,2000
4521277026,707,8714.68,APPROVED,b577718c-a2a9-4f8a-a41c-7cac0d102aab,1,2000
4573340285,579,2506.53,REJECTED,28d388a1-0e70-41d0-a8a1-abb9e3263b7b,2,1000
4559864325,694,2464.71,QUOTATION,eb8e5632-45d0-47e9-bcc0-ee76bf030643,3,3000
4560871987,161,4666.73,REJECTED,76fa0c16-dc3a-4a9b-b914-de6a0097f3dc,1,4000
4518547034,174,4253.73,REJECTED,76fa0c16-dc3a-4a9b-b914-de6a0097f3dc,4,3000
4557117449,847,1250.13,APPROVED,e069016d-d217-4fbc-b438-1e8790b731fb,1,3000
4542096696,696,2635.72,APPROVED,2ab670e8-49e3-4a95-9871-d937f77b5927,4,2000
4508773857,654,3275.46,WAITING,15ddc72a-7103-4a88-a951-49c5aa75affd,2,2000
4519892125,410,8943.56,QUOTATION,41e46c83-90d4-4836-a022-b900a018b3fa,5,4000
4526451037,840,1163.35,QUOTATION,3f3292d8-3056-42da-9ec5-d080c252a223,5,3000
4530261564,244,6007.89,WAITING,ebfe58ef-0dee-41d8-859e-ae2bff66e7fc,4,4000
4583837545,43,3045.05,APPROVED,0f7e95f4-4fb9-4987-a1e1-5264880e721e,4,3000
4585967832,799,870.93,WAITING,76fa0c16-dc3a-4a9b-b914-de6a0097f3dc,1,1000
4551864859,465,9285.61,APPROVED,b577718c-a2a9-4f8a-a41c-7cac0d102aab,5,2000
4507552285,218,6853.76,WAITING,0e752cfe-75ff-427d-8214-57710b509b33,5,3000
4520717366,334,1730.94,APPROVED,2ab670e8-49e3-4a95-9871-d937f77b5927,3,3000
4594890840,623,9713.34,APPROVED,0439439c-8945-42c4-b079-5340d85df97c,4,2000
4505258518,456,2841.46,WAITING,32149af9-a4f0-4e80-a73d-490a9faef06f,3,1000
4516978415,197,3489.16,REJECTED,28d388a1-0e70-41d0-a8a1-abb9e3263b7b,2,2000
4574814923,386,1190.67,REJECTED,4029508a-afa4-4faf-b175-4bb65b8a4dbb,2,1000
4526997574,842,5855.55,REJECTED,5257f4f1-580e-4eb3-89f9-6cae458e4509,4,1000
4559310822,149,7593.43,WAITING,ce1eeb99-74a8-4547-b95c-345102c07d21,1,3000
4565549573,986,5968.12,WAITING,dbce3e63-1a5c-4595-a1f9-d09c3d978567,2,2000
4586928658,688,2514.95,QUOTATION,31ac60a6-1bc1-442c-ae10-4a420f770538,3,4000
4573737924,311,1489.06,WAITING,ebfe58ef-0dee-41d8-859e-ae2bff66e7fc,1,1000
4555479523,850,266.15,APPROVED,8ca5ca23-a910-469b-aec1-73bd31d74ba2,1,3000
4543274013,246,4080.93,REJECTED,d5b6a98e-464a-4e85-ad1c-7fd6be7df835,5,2000
4545928561,346,565.78,QUOTATION,0f7e95f4-4fb9-4987-a1e1-5264880e721e,5,1000
4544639763,414,5392.31,REJECTED,41e46c83-90d4-4836-a022-b900a018b3fa,3,4000
4575471480,866,6683.71,WAITING,0e752cfe-75ff-427d-8214-57710b509b33,1,3000
4505860235,400,3178.28,WAITING,ba5b8587-5d45-44ac-9e4e-16cb4b3afecc,4,3000
4509189745,792,4873.89,QUOTATION,8ca5ca23-a910-469b-aec1-73bd31d74ba2,2,3000
4559037061,357,652.65,WAITING,9c7454a7-b80c-4d19-b841-4c0343b75add,4,1000
4531740489,751,8325.3,REJECTED,01bb5e4b-33d3-4db2-85a2-499f5c9e31b4,1,2000
4550358725,997,1285.36,APPROVED,b577718c-a2a9-4f8a-a41c-7cac0d102aab,1,2000
4512882562,257,8868.56,REJECTED,17dffc12-ac1a-44ed-ad09-3c824851c624,3,3000
4568266644,902,3641.27,WAITING,cea90057-5542-4a9f-8ad8-2fa263b39b7b,5,1000
4591321021,923,2756.69,WAITING,f6dd041e-f994-407c-9a1b-2ee8a39b9b25,4,2000
4548414765,163,1431.37,QUOTATION,b6bbc970-46d2-4ff4-9c52-80f378cfe8ea,4,3000
4536865967,939,1332.11,QUOTATION,eb8e5632-45d0-47e9-bcc0-ee76bf030643,1,4000
4582133473,535,9131.82,APPROVED,d5b6a98e-464a-4e85-ad1c-7fd6be7df835,5,3000
4582629291,612,1047.3,WAITING,b0154cbb-c693-4062-88b9-a8acf4402b56,5,2000
4597629419,189,7540.82,APPROVED,ebfe58ef-0dee-41d8-859e-ae2bff66e7fc,3,2000
4576757669,325,7951.98,WAITING,ce1eeb99-74a8-4547-b95c-345102c07d21,5,3000
4538855924,897,4245.83,QUOTATION,32149af9-a4f0-4e80-a73d-490a9faef06f,3,1000
4573322454,110,2562.79,WAITING,ba5b8587-5d45-44ac-9e4e-16cb4b3afecc,5,3000
4556756336,541,7081.54,QUOTATION,0b319577-4ab0-4684-b112-b27aad212cb1,3,2000
4527090037,223,6911.55,REJECTED,651e8d5b-8636-4635-a934-6f9427d506b8,2,1000
4548379272,331,1643.63,QUOTATION,ba5b8587-5d45-44ac-9e4e-16cb4b3afecc,4,1000
4576256497,366,391.44,REJECTED,651e8d5b-8636-4635-a934-6f9427d506b8,3,3000
4536512116,893,2498.79,REJECTED,17dffc12-ac1a-44ed-ad09-3c824851c624,4,2000
4539481534,351,9000.66,REJECTED,28d388a1-0e70-41d0-a8a1-abb9e3263b7b,1,2000
4555110817,324,6361.92,WAITING,a9da22e7-f42f-4428-9083-96395b7a7e9a,4,4000
4532885440,5,7729.71,WAITING,84aadcf6-499b-4416-9a35-3e546eb39a5c,5,2000
4589795599,631,9608.05,QUOTATION,651e8d5b-8636-4635-a934-6f9427d506b8,3,2000
4535062758,902,567.69,QUOTATION,fffeaf8f-4b6b-4357-a309-89f4769c36da,3,2000
4575668060,999,8671.48,REJECTED,a1a6e723-19c6-46fd-a584-917efe27f127,2,1000
4541558318,968,3501.13,WAITING,8df0c99e-2745-44ae-94ee-ad79cb114fdb,4,2000
4599046691,750,1892.66,APPROVED,05767575-2944-4457-9aa7-06e1dae2ae25,4,2000
4531502490,336,7264.06,REJECTED,15ddc72a-7103-4a88-a951-49c5aa75affd,4,1000
4560377536,525,247.49,APPROVED,b020551c-5fe7-45ea-881a-6fa78332362d,2,1000
4591629743,615,1311.96,WAITING,915bda23-d2b3-4bab-9d3b-0b701beb76fa,2,1000
4570508107,439,38.81,WAITING,ad64acbd-9045-44ec-9111-f6b3b90cb060,4,2000
4522545942,714,1828.45,QUOTATION,01bb5e4b-33d3-4db2-85a2-499f5c9e31b4,2,1000
4583094452,145,3648.7,QUOTATION,62117371-6664-4e90-9e4c-e3939789c81a,2,1000
4556194632,638,955.83,WAITING,3341d7ea-5bed-42e4-82c2-18d0adfbcdf1,1,2000
4558237127,984,3878.6,REJECTED,4029508a-afa4-4faf-b175-4bb65b8a4dbb,3,4000
4523279597,878,2367.89,WAITING,da731710-48f7-4c02-8dd6-917ff4c62e3b,5,4000
4550642832,367,228.73,REJECTED,ebfe58ef-0dee-41d8-859e-ae2bff66e7fc,1,3000
4510571804,196,4287.81,WAITING,2ab670e8-49e3-4a95-9871-d937f77b5927,2,1000
4504995900,895,6156.77,APPROVED,73df3d25-bcec-47a6-8d66-6b628e81ed2d,1,1000
4508518672,286,5744.68,REJECTED,41f3b33b-8871-42fd-90d5-1d1d9f2d5aed,1,1000
4558956347,348,6004.81,APPROVED,b0154cbb-c693-4062-88b9-a8acf4402b56,1,3000
4568033977,732,5681.54,QUOTATION,68681084-7b12-4fd9-9704-7da3802cb451,1,4000
4568797659,84,5464.7,QUOTATION,915bda23-d2b3-4bab-9d3b-0b701beb76fa,1,2000
4595016322,646,9347.21,QUOTATION,975480d4-8c15-44ba-8c55-a9938bdaa2c4,2,4000
4597480937,187,5139.66,WAITING,ebfe58ef-0dee-41d8-859e-ae2bff66e7fc,3,3000
4559285068,582,5043.51,APPROVED,134244b2-90f7-4d62-8488-d71e29828266,2,1000
4560755082,143,6787.62,REJECTED,9a109dc4-7be3-4aec-94bb-ede38f79ae14,1,3000
4532782471,653,675.6,WAITING,ea38b7e1-b488-4873-ab04-3066d219b434,5,1000
4561078467,845,5253.49,APPROVED,9fc109ea-2585-4c23-9329-2ccda2d964eb,2,2000
4550271399,137,5771.99,REJECTED,fe53d2be-049c-47fa-871a-c4a8b1a10e40,3,1000
4524705971,697,1144.6,APPROVED,384bae62-8ba8-4cac-b8ad-3df4e68bcafa,4,4000
4521911806,172,8963.04,QUOTATION,bcebc30c-15e5-48e2-9c32-c86d886f82a0,5,3000
4545053193,446,6284.62,REJECTED,76fa0c16-dc3a-4a9b-b914-de6a0097f3dc,5,4000
4573959632,764,2048.45,QUOTATION,a1ad3c2b-45ca-491c-8ef2-a64af7d19e43,5,1000
4534167399,605,6385.45,WAITING,cf11fe2a-443a-44e9-96b0-e6b91ddfa87d,2,2000
4502488999,571,556.72,WAITING,3ee51816-f540-45e6-8401-474c5df84e78,1,3000
4549747851,230,2727.15,REJECTED,834a14f7-cbd7-4220-9587-cd61c93c8253,3,1000
4562530957,760,7883.23,REJECTED,dbce3e63-1a5c-4595-a1f9-d09c3d978567,2,2000
4549091432,188,5292.86,WAITING,0b319577-4ab0-4684-b112-b27aad212cb1,4,4000
4502169217,41,9128.44,APPROVED,d5b6a98e-464a-4e85-ad1c-7fd6be7df835,5,2000
4513817943,892,9814.65,APPROVED,3d3527a9-4ef5-45d5-83c2-4178789f9921,2,2000
4556782426,180,3221.66,WAITING,3f3292d8-3056-42da-9ec5-d080c252a223,2,1000
4566011340,85,7469.18,QUOTATION,5257f4f1-580e-4eb3-89f9-6cae458e4509,1,3000
4522912364,351,5196.67,WAITING,6cc3c3b9-23fa-4969-8791-af89dedc62c9,2,4000
4501288064,694,2583.48,WAITING,2ab670e8-49e3-4a95-9871-d937f77b5927,5,2000
4575105076,506,4480.78,REJECTED,71b893be-0a75-41a7-9a52-bcdb771cc5ec,2,4000
4554633545,552,6.23,APPROVED,da731710-48f7-4c02-8dd6-917ff4c62e3b,4,2000
4509410274,118,2649.24,APPROVED,0b319577-4ab0-4684-b112-b27aad212cb1,5,1000
4551563832,804,8928.97,QUOTATION,daffc87a-fdb5-424e-9155-782c6cd1b731,3,4000
4541675381,790,1396.01,WAITING,b577718c-a2a9-4f8a-a41c-7cac0d102aab,5,3000
4527269970,634,2977.6,APPROVED,daffc87a-fdb5-424e-9155-782c6cd1b731,5,2000
4582498287,834,6417.92,QUOTATION,3341d7ea-5bed-42e4-82c2-18d0adfbcdf1,4,3000
4530960646,871,6032.43,APPROVED,3ee51816-f540-45e6-8401-474c5df84e78,4,1000
4515496451,173,5969.17,QUOTATION,134244b2-90f7-4d62-8488-d71e29828266,4,3000
4520502248,514,5392.17,WAITING,a4926703-442b-4179-808a-04de7d4e1015,1,3000
4582114934,363,1734.22,APPROVED,62117371-6664-4e90-9e4c-e3939789c81a,1,1000
4580599688,104,3277.19,WAITING,4029508a-afa4-4faf-b175-4bb65b8a4dbb,2,1000
4545185525,692,5118.6,WAITING,37bf8863-0046-49cb-a72c-f7e41661214b,1,2000
4519962743,919,7612.11,APPROVED,f6979cad-3c89-4280-985d-d7f07aaa8c2b,2,3000
4557935982,546,1832.75,REJECTED,b577718c-a2a9-4f8a-a41c-7cac0d102aab,1,1000
4533379627,61,8792.01,WAITING,834a14f7-cbd7-4220-9587-cd61c93c8253,3,1000
4516670640,787,8030.27,APPROVED,a1a6e723-19c6-46fd-a584-917efe27f127,3,4000
4513574940,453,1828.29,APPROVED,fe53d2be-049c-47fa-871a-c4a8b1a10e40,1,3000
4550184283,204,4621.85,QUOTATION,aa51a37d-2867-459b-8885-b5c8b161616a,5,1000
4506140890,294,2564.66,REJECTED,2ab670e8-49e3-4a95-9871-d937f77b5927,1,1000
4500261781,928,3706.04,WAITING,62117371-6664-4e90-9e4c-e3939789c81a,4,1000
4596999905,98,8019.71,WAITING,68681084-7b12-4fd9-9704-7da3802cb451,1,4000
4596957323,692,2344.3,WAITING,3c65561d-5119-4985-87e7-48965fe9f62c,2,2000
4511051007,784,7542.82,APPROVED,384bae62-8ba8-4cac-b8ad-3df4e68bcafa,4,4000
4517168939,97,2904.58,WAITING,b577718c-a2a9-4f8a-a41c-7cac0d102aab,5,1000
4538942230,377,5738.91,APPROVED,4029508a-afa4-4faf-b175-4bb65b8a4dbb,5,4000
4598156346,173,4377.7,WAITING,77b34563-244c-46da-b014-af1a9c7fa9e4,3,1000
4576714092,175,9187.53,QUOTATION,3c65561d-5119-4985-87e7-48965fe9f62c,5,2000
4527034277,663,8007.66,WAITING,68681084-7b12-4fd9-9704-7da3802cb451,4,3000
4593928785,506,826.97,REJECTED,9ec93c76-9578-4947-a5ca-def516b026cb,5,1000
4592401983,150,4181.92,QUOTATION,651e8d5b-8636-4635-a934-6f9427d506b8,4,2000
4514975578,592,6108.55,WAITING,00a417fb-f2b9-4bb8-90c0-0787c3f2e3c7,4,4000
4559771117,604,1392.07,WAITING,4a5df305-6d85-4b5a-81ca-b2a776017f8f,1,2000
4561006194,277,8298.24,WAITING,de541e55-b7b6-404a-8ce0-a6f1ea925750,4,3000
4509144277,371,5798.14,REJECTED,bcebc30c-15e5-48e2-9c32-c86d886f82a0,3,2000
4515802719,952,2671.45,WAITING,bcebc30c-15e5-48e2-9c32-c86d886f82a0,2,4000
4528522656,26,9316.84,WAITING,37bf8863-0046-49cb-a72c-f7e41661214b,3,4000
4537684060,432,1872.76,QUOTATION,ea38b7e1-b488-4873-ab04-3066d219b434,2,4000
4596437239,442,7630.96,QUOTATION,3d3527a9-4ef5-45d5-83c2-4178789f9921,4,2000
4519557199,634,8277.41,QUOTATION,2c6e3cb9-21cb-4de6-ae38-f117a3cbdfe2,5,3000
4535368115,433,3484.23,QUOTATION,5c250769-58e7-4a67-92b8-05566aab2cd0,3,3000
4561674709,639,3109.91,REJECTED,a4926703-442b-4179-808a-04de7d4e1015,4,1000
4577370892,970,4447.39,QUOTATION,17dffc12-ac1a-44ed-ad09-3c824851c624,5,1000
4589109022,218,6002.71,QUOTATION,e069016d-d217-4fbc-b438-1e8790b731fb,5,4000
4511025934,732,3404.65,REJECTED,ea38b7e1-b488-4873-ab04-3066d219b434,4,4000
4569859002,28,9799.09,QUOTATION,4029508a-afa4-4faf-b175-4bb65b8a4dbb,5,3000
4555871161,952,1342.52,REJECTED,2c7b9d8a-6b92-4a21-a03e-024e434a203d,3,2000
4552594065,534,330.78,QUOTATION,2ab670e8-49e3-4a95-9871-d937f77b5927,3,1000
4587216373,936,8131.51,QUOTATION,bcebc30c-15e5-48e2-9c32-c86d886f82a0,3,4000
4579824351,30,6872.38,REJECTED,b6bbc970-46d2-4ff4-9c52-80f378cfe8ea,1,2000
4503042947,874,5354.02,REJECTED,71b893be-0a75-41a7-9a52-bcdb771cc5ec,1,4000
4599897024,609,1495.66,REJECTED,3341d7ea-5bed-42e4-82c2-18d0adfbcdf1,3,4000
4578355590,560,6107.62,WAITING,9567383e-1921-4683-803b-509faa2bc9d5,3,3000
4520061776,760,7083.51,APPROVED,daffc87a-fdb5-424e-9155-782c6cd1b731,2,1000
4514980939,704,3013.75,REJECTED,0c328cd6-def4-4097-8b5d-ef9b4362cfd3,1,2000
4562849593,991,1381.42,QUOTATION,8ca5ca23-a910-469b-aec1-73bd31d74ba2,3,1000
4533882343,532,9859.99,WAITING,c40f8a37-9024-4fcd-80a6-7917301ba6bd,4,2000
4511107625,695,8957.88,QUOTATION,3ee51816-f540-45e6-8401-474c5df84e78,3,4000
4512214472,158,4773.52,REJECTED,0e752cfe-75ff-427d-8214-57710b509b33,2,2000
4506837908,408,7597.62,APPROVED,12a301b9-4c71-4181-a853-d29be7b6bd18,2,4000
4544208137,903,6237.31,REJECTED,e7ba4d18-37bf-472c-9d3a-7756c21a55c9,2,4000
4548810519,153,2042.73,WAITING,ce1eeb99-74a8-4547-b95c-345102c07d21,4,3000
4521452729,35,6565.41,APPROVED,ce1eeb99-74a8-4547-b95c-345102c07d21,2,4000
4568594475,624,2126.07,REJECTED,d4dbba0a-2b26-4233-9017-bb25b2e860f3,5,4000
4525402806,435,6678.33,APPROVED,2cf52c48-a37c-4244-a030-3fe16c443ecd,5,4000
4511156032,52,665.6,REJECTED,9fc109ea-2585-4c23-9329-2ccda2d964eb,2,3000
4531135810,628,1627.21,REJECTED,73df3d25-bcec-47a6-8d66-6b628e81ed2d,5,1000
4530039058,611,1330.8,QUOTATION,2c7b9d8a-6b92-4a21-a03e-024e434a203d,5,4000
4532830998,751,2696.7,REJECTED,975480d4-8c15-44ba-8c55-a9938bdaa2c4,4,1000
4524287832,731,4258.98,WAITING,32149af9-a4f0-4e80-a73d-490a9faef06f,5,1000
4588504090,813,4686.55,APPROVED,3341d7ea-5bed-42e4-82c2-18d0adfbcdf1,3,3000
4538204960,530,2277.31,APPROVED,ba5b8587-5d45-44ac-9e4e-16cb4b3afecc,1,3000
4580633592,694,5401.78,APPROVED,b020551c-5fe7-45ea-881a-6fa78332362d,3,3000
4562979280,879,7820.07,QUOTATION,611eefb3-ef38-4a2e-831a-15aff1dde8f8,2,2000
4579469979,870,9302.19,REJECTED,384bae62-8ba8-4cac-b8ad-3df4e68bcafa,2,3000
4590840893,928,9736.91,QUOTATION,791660af-f0db-4fbd-a3a4-86bd38182556,2,1000
4508146708,58,854.38,REJECTED,76fa0c16-dc3a-4a9b-b914-de6a0097f3dc,5,4000
4550573372,812,5985.86,REJECTED,5c250769-58e7-4a67-92b8-05566aab2cd0,2,2000
4543477546,844,623.57,REJECTED,e7ba4d18-37bf-472c-9d3a-7756c21a55c9,3,2000
4553884734,978,9959.98,QUOTATION,32149af9-a4f0-4e80-a73d-490a9faef06f,1,4000
4592877544,345,4952.79,REJECTED,f6979cad-3c89-4280-985d-d7f07aaa8c2b,4,2000
4516978688,745,7309.93,APPROVED,9a109dc4-7be3-4aec-94bb-ede38f79ae14,3,3000
4521373830,881,7903.31,QUOTATION,9a109dc4-7be3-4aec-94bb-ede38f79ae14,1,2000
4583668462,898,4371.87,QUOTATION,b020551c-5fe7-45ea-881a-6fa78332362d,5,1000
4567509930,562,1916.33,WAITING,37bf8863-0046-49cb-a72c-f7e41661214b,2,2000
4569681973,594,8055.3,REJECTED,68681084-7b12-4fd9-9704-7da3802cb451,1,3000
4524027902,486,5290.81,APPROVED,5c250769-58e7-4a67-92b8-05566aab2cd0,1,4000
4597342248,574,1980.25,APPROVED,bcebc30c-15e5-48e2-9c32-c86d886f82a0,3,3000
4505970473,765,2795.09,REJECTED,2cf52c48-a37c-4244-a030-3fe16c443ecd,4,1000
4554926224,247,2608.64,WAITING,5257f4f1-580e-4eb3-89f9-6cae458e4509,1,1000
4530290212,853,2560.49,REJECTED,2ab670e8-49e3-4a95-9871-d937f77b5927,1,4000
4590329584,24,949.33,APPROVED,35672019-b6d1-42b4-b906-8819b248182e,5,1000
4566571067,372,2182.13,REJECTED,3ee51816-f540-45e6-8401-474c5df84e78,1,2000
4524325208,506,828.54,QUOTATION,ebfe58ef-0dee-41d8-859e-ae2bff66e7fc,2,4000
4517984939,926,3082.46,QUOTATION,3c65561d-5119-4985-87e7-48965fe9f62c,2,3000
4514555460,308,6959.46,REJECTED,3d3527a9-4ef5-45d5-83c2-4178789f9921,2,2000
4501449026,116,5860.99,WAITING,00a417fb-f2b9-4bb8-90c0-0787c3f2e3c7,5,3000
4551952312,950,4719.07,APPROVED,110f8801-eea1-420d-98e6-dd439569747b,2,4000
4556838435,330,4494.8,QUOTATION,4029508a-afa4-4faf-b175-4bb65b8a4dbb,4,2000
4591383356,245,5953.15,WAITING,c40f8a37-9024-4fcd-80a6-7917301ba6bd,2,4000
4535832561,69,7580.43,QUOTATION,32149af9-a4f0-4e80-a73d-490a9faef06f,3,3000
4537637636,158,4923.86,WAITING,2cf52c48-a37c-4244-a030-3fe16c443ecd,1,4000
4572558482,406,4874.03,APPROVED,e7ba4d18-37bf-472c-9d3a-7756c21a55c9,4,4000
4545812553,457,424.05,QUOTATION,62117371-6664-4e90-9e4c-e3939789c81a,1,2000
4503574791,636,6867.4,WAITING,0e752cfe-75ff-427d-8214-57710b509b33,5,3000
4596108550,460,1799.33,APPROVED,aa51a37d-2867-459b-8885-b5c8b161616a,2,3000
4552818256,791,4639.57,APPROVED,71b893be-0a75-41a7-9a52-bcdb771cc5ec,2,1000
4524659430,247,7792.08,QUOTATION,915bda23-d2b3-4bab-9d3b-0b701beb76fa,1,3000
4584830540,254,4766.03,WAITING,b577718c-a2a9-4f8a-a41c-7cac0d102aab,5,2000
4590350229,757,6857.72,QUOTATION,384bae62-8ba8-4cac-b8ad-3df4e68bcafa,1,1000
4584406741,837,9825.62,QUOTATION,5c250769-58e7-4a67-92b8-05566aab2cd0,4,4000
4516009680,983,684.01,REJECTED,62117371-6664-4e90-9e4c-e3939789c81a,5,2000
4586555674,225,8200.23,REJECTED,b020551c-5fe7-45ea-881a-6fa78332362d,3,4000
4590764397,907,9395.37,REJECTED,28d388a1-0e70-41d0-a8a1-abb9e3263b7b,4,3000
4553064213,887,3778.17,APPROVED,3c65561d-5119-4985-87e7-48965fe9f62c,5,4000
4539300171,831,6024.9,APPROVED,aa51a37d-2867-459b-8885-b5c8b161616a,2,3000
4520552960,713,4425.76,WAITING,cf11fe2a-443a-44e9-96b0-e6b91ddfa87d,3,4000
4584889481,278,6712.54,APPROVED,0b319577-4ab0-4684-b112-b27aad212cb1,1,1000
4507149383,977,3248.41,APPROVED,f524f9ee-95cb-4e66-a6c1-b58f8296e7f3,1,4000
4544713618,159,628.71,QUOTATION,15ddc72a-7103-4a88-a951-49c5aa75affd,3,1000
4584294869,837,4045.24,QUOTATION,611eefb3-ef38-4a2e-831a-15aff1dde8f8,1,3000
4578450253,519,7512.62,APPROVED,68681084-7b12-4fd9-9704-7da3802cb451,4,2000
4514490735,267,31.55,WAITING,de541e55-b7b6-404a-8ce0-a6f1ea925750,5,3000
4514091925,704,5223.18,APPROVED,28d388a1-0e70-41d0-a8a1-abb9e3263b7b,2,2000
4570420694,788,9021.47,QUOTATION,77b34563-244c-46da-b014-af1a9c7fa9e4,4,1000
4538675153,667,4330.01,REJECTED,6cc3c3b9-23fa-4969-8791-af89dedc62c9,3,4000
4585285175,688,7648.27,WAITING,01bb5e4b-33d3-4db2-85a2-499f5c9e31b4,2,1000
4587888376,617,1685.04,REJECTED,d4dbba0a-2b26-4233-9017-bb25b2e860f3,3,3000
4570065979,560,2579.53,WAITING,3ee51816-f540-45e6-8401-474c5df84e78,2,1000
4588249859,637,9114.17,APPROVED,b6bbc970-46d2-4ff4-9c52-80f378cfe8ea,5,2000
4596502001,959,6605.84,REJECTED,0f7e95f4-4fb9-4987-a1e1-5264880e721e,1,4000
4537289052,835,2317.14,REJECTED,e7ba4d18-37bf-472c-9d3a-7756c21a55c9,2,2000
4557369906,73,4110.07,QUOTATION,5257f4f1-580e-4eb3-89f9-6cae458e4509,2,2000
4561793015,272,4985.65,QUOTATION,62117371-6664-4e90-9e4c-e3939789c81a,2,3000
4589644108,813,5181.08,REJECTED,4a2d279e-2495-496f-80d9-bc5a45e3b6b4,3,3000
4520862710,539,845.28,APPROVED,d0d94739-009d-44aa-ae3d-8c35a65083c5,4,4000
4591258489,670,8106.39,WAITING,134244b2-90f7-4d62-8488-d71e29828266,5,2000
4537706097,80,559.64,WAITING,3c65561d-5119-4985-87e7-48965fe9f62c,3,1000
4559238754,150,8694.54,WAITING,9a109dc4-7be3-4aec-94bb-ede38f79ae14,2,1000
4560203621,766,5720.12,WAITING,4a2d279e-2495-496f-80d9-bc5a45e3b6b4,4,3000
4588830947,720,11.59,WAITING,32149af9-a4f0-4e80-a73d-490a9faef06f,5,1000
4593089212,266,5629.49,QUOTATION,37bf8863-0046-49cb-a72c-f7e41661214b,2,3000
4519912015,328,1846.62,WAITING,ad64acbd-9045-44ec-9111-f6b3b90cb060,1,1000
4538306765,317,4021.42,APPROVED,9567383e-1921-4683-803b-509faa2bc9d5,4,1000
4527841996,85,8157.0,REJECTED,d5b6a98e-464a-4e85-ad1c-7fd6be7df835,2,1000
4572909663,722,1325.29,REJECTED,17dffc12-ac1a-44ed-ad09-3c824851c624,2,4000
4594161589,969,6526.18,QUOTATION,76fa0c16-dc3a-4a9b-b914-de6a0097f3dc,2,2000
4598079501,567,9422.04,QUOTATION,2ab670e8-49e3-4a95-9871-d937f77b5927,3,1000
4502567901,344,3553.36,APPROVED,41f3b33b-8871-42fd-90d5-1d1d9f2d5aed,4,1000
4546981546,769,219.07,WAITING,56ae9e46-c0b2-46ca-b51d-5686e00ce4a6,4,1000
4500887989,558,3442.89,REJECTED,62117371-6664-4e90-9e4c-e3939789c81a,2,4000
4575896238,639,1059.14,QUOTATION,f6dd041e-f994-407c-9a1b-2ee8a39b9b25,3,4000
4541640572,761,430.57,QUOTATION,0b319577-4ab0-4684-b112-b27aad212cb1,2,1000
4518269155,458,8014.62,APPROVED,12a301b9-4c71-4181-a853-d29be7b6bd18,1,3000
4584037264,289,3447.94,QUOTATION,cf11fe2a-443a-44e9-96b0-e6b91ddfa87d,2,2000
4598456506,851,8151.75,APPROVED,12a301b9-4c71-4181-a853-d29be7b6bd18,1,1000
4557591779,574,6722.51,APPROVED,82ebf1b0-6982-4deb-ac51-c7a6d0a68c5d,1,4000
4523609244,753,2864.78,QUOTATION,2ab670e8-49e3-4a95-9871-d937f77b5927,3,2000
4543474118,24,4418.96,WAITING,68681084-7b12-4fd9-9704-7da3802cb451,1,4000
4569129912,422,8446.97,REJECTED,0a58bce2-1697-4c89-b568-ae280f33f982,3,2000
4522896686,302,7997.75,WAITING,bcebc30c-15e5-48e2-9c32-c86d886f82a0,3,4000
4554459398,327,4487.14,REJECTED,31ac60a6-1bc1-442c-ae10-4a420f770538,1,4000
4536636773,524,6372.68,REJECTED,51991c98-a328-457f-a862-0962b2d30ddc,4,1000
4584956662,638,6313.58,REJECTED,611eefb3-ef38-4a2e-831a-15aff1dde8f8,1,3000
4563980596,701,3343.63,QUOTATION,b6bbc970-46d2-4ff4-9c52-80f378cfe8ea,2,1000
4589998872,461,9088.3,APPROVED,0c328cd6-def4-4097-8b5d-ef9b4362cfd3,5,4000
4577663510,948,5695.35,WAITING,f6979cad-3c89-4280-985d-d7f07aaa8c2b,5,4000
4537327784,648,8187.17,APPROVED,ba5b8587-5d45-44ac-9e4e-16cb4b3afecc,2,1000
4528527151,587,9941.35,QUOTATION,ea38b7e1-b488-4873-ab04-3066d219b434,3,1000
4581144637,573,6083.79,QUOTATION,daffc87a-fdb5-424e-9155-782c6cd1b731,1,4000
4575099317,313,9453.26,APPROVED,b020551c-5fe7-45ea-881a-6fa78332362d,5,1000
4533382918,57,2306.05,WAITING,834a14f7-cbd7-4220-9587-cd61c93c8253,4,4000
4574968791,142,2909.95,APPROVED,32149af9-a4f0-4e80-a73d-490a9faef06f,4,4000
4509896621,818,6626.3,WAITING,4a2d279e-2495-496f-80d9-bc5a45e3b6b4,1,4000
4519425605,766,5865.47,APPROVED,a1ad3c2b-45ca-491c-8ef2-a64af7d19e43,3,3000
4564781364,273,5116.95,QUOTATION,aa51a37d-2867-459b-8885-b5c8b161616a,4,4000
4540451139,772,3166.46,REJECTED,0e752cfe-75ff-427d-8214-57710b509b33,3,2000
4562057683,845,4201.11,APPROVED,9c7454a7-b80c-4d19-b841-4c0343b75add,5,1000
4522372184,374,2293.88,QUOTATION,bf599d91-442c-4e09-b5ae-b9f08a417d11,1,1000
4569469743,508,2408.48,WAITING,2cf52c48-a37c-4244-a030-3fe16c443ecd,2,3000
4528007918,991,8498.12,REJECTED,37bf8863-0046-49cb-a72c-f7e41661214b,2,2000
4591096690,363,9300.26,REJECTED,f6979cad-3c89-4280-985d-d7f07aaa8c2b,3,4000
4567972378,694,6463.52,APPROVED,f6dd041e-f994-407c-9a1b-2ee8a39b9b25,1,1000
4517600477,28,6599.13,REJECTED,6c55f239-a4f0-4edd-afe8-02d129db9eda,5,3000
4551267872,560,5521.95,WAITING,b6bbc970-46d2-4ff4-9c52-80f378cfe8ea,1,3000
4563308961,688,7600.76,QUOTATION,cf11fe2a-443a-44e9-96b0-e6b91ddfa87d,5,2000
4572377337,213,7153.22,QUOTATION,134244b2-90f7-4d62-8488-d71e29828266,2,1000
4545152700,15,1991.68,APPROVED,5257f4f1-580e-4eb3-89f9-6cae458e4509,1,4000
4535929894,545,5033.13,APPROVED,b0154cbb-c693-4062-88b9-a8acf4402b56,1,2000
4581839535,528,2393.91,REJECTED,28d388a1-0e70-41d0-a8a1-abb9e3263b7b,5,2000
4508849214,889,3296.7,REJECTED,17dffc12-ac1a-44ed-ad09-3c824851c624,1,3000
4556481641,71,217.62,WAITING,35672019-b6d1-42b4-b906-8819b248182e,1,4000
4544165305,811,2324.21,APPROVED,37bf8863-0046-49cb-a72c-f7e41661214b,1,1000
4555426946,795,891.52,QUOTATION,2cf52c48-a37c-4244-a030-3fe16c443ecd,3,4000
4514523599,655,1324.82,APPROVED,cea90057-5542-4a9f-8ad8-2fa263b39b7b,5,2000
4565248858,304,1616.98,QUOTATION,37bf8863-0046-49cb-a72c-f7e41661214b,3,4000
4578487799,69,9494.51,REJECTED,a1ad3c2b-45ca-491c-8ef2-a64af7d19e43,1,1000
4538749597,999,8551.51,QUOTATION,bcebc30c-15e5-48e2-9c32-c86d886f82a0,2,4000
4509482618,461,2258.29,REJECTED,ad64acbd-9045-44ec-9111-f6b3b90cb060,3,3000
4515909785,717,2877.27,REJECTED,74d238f7-61d4-41c6-9d51-b05f2eddcb36,2,4000
4543579974,127,9771.39,APPROVED,fcc9df1e-2761-4b55-8f60-015b21066d78,3,1000