request,createdAt,quantity,value,status,material_id,group_id,classification_id
4512192115,2025-10-10T12:09:54,255,3422.83,QUOTATION,35672019-b6d1-42b4-b906-8819b248182e,5,4000
4511062208,2025-10-28T01:51:41,105,2676.29,REJECTED,d5b6a98e-464a-4e85-ad1c-7fd6be7df835,2,3000
4531288444,2025-06-06T16:39:29,980,1913.04,REJECTED,0c328cd6-def4-4097-8b5d-ef9b4362cfd3,4,4000
4582393692,2025-06-18T19:22:39,563,5609.78,QUOTATION,408c4fe5-9066-4997-8f1c-ad8daae4b1f6,3,2000
4569387674,2025-09-05T22:53:45,533,8335.22,APPROVED,51991c98-a328-457f-a862-0962b2d30ddc,5,2000
4543280505,2025-11-02T06:34:49,528,9544.98,APPROVED,de541e55-b7b6-404a-8ce0-a6f1ea925750,4,3000
4507440317,2025-08-09T20:26:54,114,1001.89,WAITING,110f8801-eea1-420d-98e6-dd439569747b,2,2000
4546054249,2025-09-03T22:38:53,326,1483.82,APPROVED,a1ad3c2b-45ca-491c-8ef2-a64af7d19e43,3,4000
4530612814,2025-11-27T08:18:48,673,3405.15,QUOTATION,ce1eeb99-74a8-4547-b95c-345102c07d21,5,1000
4581040128,2025-09-20T11:34:18,844,9416.72,REJECTED,2c6e3cb9-21cb-4de6-ae38-f117a3cbdfe2,1,1000
4516435134,2025-06-22T01:42:09,724,973.78,WAITING,d5b6a98e-464a-4e85-ad1c-7fd6be7df835,2,1000
4519654628,2025-06-07T13:16:58,247,4577.84,QUOTATION,975480d4-8c15-44ba-8c55-a9938bdaa2c4,2,1000
4592377040,2025-08-01T23:10:16,605,1306.46,QUOTATION,aa51a37d-2867-459b-8885-b5c8b161616a,4,2000
4597592409,2025-08-02T06:37:33,87,9580.25,WAITING,c40f8a37-9024-4fcd-80a6-7917301ba6bd,1,3000
4514498816,2025-07-03T12:59:23,305,8855.45,REJECTED,a1a6e723-19c6-46fd-a584-917efe27f127,4,1000
4598259343,2025-09-08T05:13:50,807,8731.36,QUOTATION,fffeaf8f-4b6b-4357-a309-89f4769c36da,4,3000
4573421732,2025-09-09T14:16:03,258,2582.5,REJECTED,aa51a37d-2867-459b-8885-b5c8b161616a,2,3000
4508398601,2025-09-20T00:49:12,28,823.97,QUOTATION,d4dbba0a-2b26-4233-9017-bb25b2e860f3,4,1000
4529575907,2025-10-08T05:37:16,658,4109.21,WAITING,3f3292d8-3056-42da-9ec5-d080c252a223,3,1000
4542279137,2025-11-14T17:46:42,104,6989.52,QUOTATION,a9da22e7-f42f-4428-9083-96395b7a7e9a,4,3000
4593557983,2025-06-16T20:47:20,644,3293.09,WAITING,f524f9ee-95cb-4e66-a6c1-b58f8296e7f3,4,2000
4598486718,2025-09-10T02:53:20,175,7111.95,APPROVED,f524f9ee-95cb-4e66-a6c1-b58f8296e7f3,5,3000
4501032100,2025-09-19T21:02:48,256,5719.62,QUOTATION,4a5df305-6d85-4b5a-81ca-b2a776017f8f,5,4000
4540507028,2025-09-12T10:58:58,293,7000.09,REJECTED,b0154cbb-c693-4062-88b9-a8acf4402b56,3,2000
4543645569,2025-09-07T21:33:57,294,5390.16,QUOTATION,e069016d-d217-4fbc-b438-1e8790b731fb,4,2000
4576666510,2025-11-15T06:34:05,474,3217.37,REJECTED,77b34563-244c-46da-b014-af1a9c7fa9e4,4,3000
4584778134,2025-11-15T00:18:00,633,1708.93,REJECTED,d4dbba0a-2b26-4233-9017-bb25b2e860f3,3,1000
4556184546,2025-08-20T12:23:01,274,1723.07,REJECTED,31ac60a6-1bc1-442c-ae10-4a420f770538,2,1000
4572407622,2025-06-07T12:25:43,396,6238.03,QUOTATION,daffc87a-fdb5-424e-9155-782c6cd1b731,1,1000
4553692543,2025-09-05T11:16:05,694,741.74,APPROVED,2c6e3cb9-21cb-4de6-ae38-f117a3cbdfe2,1,3000
4501780123,2025-10-02T12:25:33,172,8794.76,REJECTED,5c250769-58e7-4a67-92b8-05566aab2cd0,5,4000
4525607023,2025-08-28T00:59:41,188,6939.77,QUOTATION,134244b2-90f7-4d62-8488-d71e29828266,3,1000
4536279943,2025-08-03T07:06:24,485,43.68,QUOTATION,0c328cd6-def4-4097-8b5d-ef9b4362cfd3,3,1000
4545958045,2025-08-03T07:39:12,562,1676.66,REJECTED,fffeaf8f-4b6b-4357-a309-89f4769c36da,4,4000
4536815613,2025-08-28T02:43:20,663,8620.84,WAITING,68681084-7b12-4fd9-9704-7da3802cb451,5,3000
4597898583,2025-10-04T16:50:48,23,2735.12,QUOTATION,a9da22e7-f42f-4428-9083-96395b7a7e9a,1,1000
4504199082,2025-07-14T04:31:35,36,5645.08,APPROVED,12a301b9-4c71-4181-a853-d29be7b6bd18,5,1000
4527789055,2025-06-24T12:10:15,262,7313.8,WAITING,05767575-2944-4457-9aa7-06e1dae2ae25,3,3000
4527524119,2025-10-08T20:42:58,482,253.64,REJECTED,15ddc72a-7103-4a88-a951-49c5aa75affd,2,2000
4506732203,2025-06-23T14:53:08,597,3958.32,WAITING,6cc3c3b9-23fa-4969-8791-af89dedc62c9,4,1000
4520766439,2025-07-24T21:59:15,560,2263.3,APPROVED,fcc9df1e-2761-4b55-8f60-015b21066d78,5,3000
4560112178,2025-06-06T06:50:22,558,8706.89,REJECTED,a1a6e723-19c6-46fd-a584-917efe27f127,1,2000
4597027025,2025-09-01T04:03:46,105,8910.15,REJECTED,cf11fe2a-443a-44e9-96b0-e6b91ddfa87d,1,4000
4539162317,2025-08-11T14:45:26,529,1019.6,APPROVED,cf11fe2a-443a-44e9-96b0-e6b91ddfa87d,2,4000
4568330740,2025-10-11T08:17:50,115,5844.58,QUOTATION,3d3527a9-4ef5-45d5-83c2-4178789f9921,5,1000
4586358215,2025-08-20T19:42:02,24,436.71,APPROVED,0c328cd6-def4-4097-8b5d-ef9b4362cfd3,5,3000
4551226596,2025-09-26T03:14:11,845,2615.04,WAITING,5257f4f1-580e-4eb3-89f9-6cae458e4509,3,3000
4504773802,2025-06-01T18:29:54,837,70.5,APPROVED,b0154cbb-c693-4062-88b9-a8acf4402b56,3,2000
4562732754,2025-06-14T09:10:47,534,5645.87,REJECTED,611eefb3-ef38-4a2e-831a-15aff1dde8f8,4,4000
4567412048,2025-06-27T19:09:35,942,1286.38,WAITING,12a301b9-4c71-4181-a853-d29be7b6bd18,2,3000
4553282070,2025-09-20T17:54:02,879,5046.94,REJECTED,d4dbba0a-2b26-4233-9017-bb25b2e860f3,2,4000
4592647639,2025-06-11T23:13:59,798,8502.8,REJECTED,ce1eeb99-74a8-4547-b95c-345102c07d21,1,1000
4572698358,2025-07-02T01:07:38,735,2164.61,QUOTATION,84aadcf6-499b-4416-9a35-3e546eb39a5c,2,1000
4579893666,2025-06-15T11:45:31,831,1340.43,APPROVED,dbce3e63-1a5c-4595-a1f9-d09c3d978567,5,4000
4594637570,2025-07-27T04:53:50,355,54.86,QUOTATION,0e752cfe-75ff-427d-8214-57710b509b33,2,1000
4556418685,2025-10-17T09:42:42,809,2770.23,APPROVED,f524f9ee-95cb-4e66-a6c1-b58f8296e7f3,1,1000
4562212731,2025-09-03T03:31:56,380,4665.62,QUOTATION,2c6e3cb9-21cb-4de6-ae38-f117a3cbdfe2,5,1000
4522554511,2025-07-20T16:59:05,669,1788.13,WAITING,4a2d279e-2495-496f-80d9-bc5a45e3b6b4,2,2000
4517924667,2025-09-05T14:46:10,831,4612.35,REJECTED,b0154cbb-c693-4062-88b9-a8acf4402b56,5,4000
4553503455,2025-10-18T23:10:48,831,8406.63,QUOTATION,0f7e95f4-4fb9-4987-a1e1-5264880e721e,2,4000
4537715803,2025-08-13T15:26:55,727,3298.59,QUOTATION,3d3527a9-4ef5-45d5-83c2-4178789f9921,1,3000
4540339572,2025-07-22T23:28:50,949,7734.85,APPROVED,3f3292d8-3056-42da-9ec5-d080c252a223,5,3000
4561064827,2025-06-03T23:19:21,608,9456.69,REJECTED,28d388a1-0e70-41d0-a8a1-abb9e3263b7b,1,4000
4557484566,2025-11-26T18:14:29,399,992.21,REJECTED,ba5b8587-5d45-44ac-9e4e-16cb4b3afecc,4,3000
4527869472,2025-08-05T18:03:48,813,3916.26,APPROVED,31ac60a6-1bc1-442c-ae10-4a420f770538,4,1000
4515197736,2025-08-07T08:51:34,463,597.59,QUOTATION,9a109dc4-7be3-4aec-94bb-ede38f79ae14,3,2000
4594689457,2025-06-10T08:31:50,558,3152.65,APPROVED,2c7b9d8a-6b92-4a21-a03e-024e434a203d,4,4000
4552214723,2025-08-04T00:32:36,530,2901.35,APPROVED,791660af-f0db-4fbd-a3a4-86bd38182556,1,4000
4554224125,2025-10-06T19:36:48,317,5850.78,REJECTED,fe53d2be-049c-47fa-871a-c4a8b1a10e40,3,4000
4533281327,2025-11-06T14:42:59,291,7076.63,WAITING,2c6e3cb9-21cb-4de6-ae38-f117a3cbdfe2,3,2000
4535665609,2025-09-02T13:10:24,714,1477.12,REJECTED,0a58bce2-1697-4c89-b568-ae280f33f982,3,2000
4508992456,2025-10-06T02:44:26,736,5642.23,REJECTED,ce1eeb99-74a8-4547-b95c-345102c07d21,3,2000
4526372419,2025-10-20T15:34:46,697,6019.29,QUOTATION,ba3d4978-80db-4a12-9f06-e4c698936184,2,1000
4577201966,2025-09-25T22:50:18,655,1281.04,APPROVED,b577718c-a2a9-4f8a-a41c-7cac0d102aab,2,4000
4511490715,2025-08-06T17:59:53,376,2776.26,WAITING,82ebf1b0-6982-4deb-ac51-c7a6d0a68c5d,2,4000
4589887445,2025-09-09T00:24:20,779,3122.45,QUOTATION,da731710-48f7-4c02-8dd6-917ff4c62e3b,5,1000
4564183523,2025-07-21T02:33:55,530,760.69,REJECTED,3f3292d8-3056-42da-9ec5-d080c252a223,2,4000
4596189695,2025-08-03T15:47:38,719,5057.08,APPROVED,32149af9-a4f0-4e80-a73d-490a9faef06f,1,3000
4536152030,2025-10-01T05:08:06,281,634.47,QUOTATION,e069016d-d217-4fbc-b438-1e8790b731fb,3,2000
4560056386,2025-08-08T08:11:37,465,1731.27,WAITING,fcc9df1e-2761-4b55-8f60-015b21066d78,3,3000
4529933534,2025-07-10T23:49:15,267,9732.33,QUOTATION,b0154cbb-c693-4062-88b9-a8acf4402b56,3,3000
4500693281,2025-11-17T21:02:20,835,7928.48,QUOTATION,3ee51816-f540-45e6-8401-474c5df84e78,5,2000
4527438577,2025-10-20T05:26:13,378,3200.3,REJECTED,3341d7ea-5bed-42e4-82c2-18d0adfbcdf1,2,3000
4561543583,2025-10-05T14:15:36,328,8453.04,QUOTATION,eb8e5632-45d0-47e9-bcc0-ee76bf030643,2,1000
4583293649,2025-06-05T16:25:45,462,9371.37,WAITING,0e752cfe-75ff-427d-8214-57710b509b33,2,1000
4516519366,2025-07-27T05:36:22,150,1228.84,QUOTATION,fcc9df1e-2761-4b55-8f60-015b21066d78,4,4000
4573537356,2025-06-04T14:25:40,594,4910.28,APPROVED,611eefb3-ef38-4a2e-831a-15aff1dde8f8,1,4000
4587521892,2025-11-16T00:28:22,12,7923.62,WAITING,0e752cfe-75ff-427d-8214-57710b509b33,3,4000
4512844959,2025-10-26T10:44:09,475,2222.68,REJECTED,3f3292d8-3056-42da-9ec5-d080c252a223,4,1000
4573346480,2025-10-20T13:44:33,413,5940.31,APPROVED,28d388a1-0e70-41d0-a8a1-abb9e3263b7b,4,1000
4577043181,2025-07-26T14:50:10,427,9975.27,WAITING,9567383e-1921-4683-803b-509faa2bc9d5,2,1000
4587626631,2025-06-20T04:33:04,137,7128.82,QUOTATION,ba5b8587-5d45-44ac-9e4e-16cb4b3afecc,2,1000
4565111231,2025-08-27T23:49:46,359,8176.03,QUOTATION,5257f4f1-580e-4eb3-89f9-6cae458e4509,2,4000
4534453633,2025-11-10T13:32:09,932,126.69,APPROVED,8df0c99e-2745-44ae-94ee-ad79cb114fdb,5,1000
4549358231,2025-07-08T09:28:15,718,8079.61,REJECTED,408c4fe5-9066-4997-8f1c-ad8daae4b1f6,3,1000
4512116139,2025-06-28T06:29:10,462,2281.37,APPROVED,a4926703-442b-4179-808a-04de7d4e1015,2,4000
4533888991,2025-07-13T21:47:25,566,7849.72,REJECTED,de541e55-b7b6-404a-8ce0-a6f1ea925750,4,4000
4591333002,2025-11-12T00:59:25,765,859.86,QUOTATION,05767575-2944-4457-9aa7-06e1dae2ae25,4,1000
4538949234,2025-06-23T07:43:51,209,2359.37,WAITING,d4dbba0a-2b26-4233-9017-bb25b2e860f3,4,3000
4529107627,2025-09-26T15:07:14,131,4741.43,APPROVED,6cc3c3b9-23fa-4969-8791-af89dedc62c9,5,4000
4591319193,2025-11-04T04:59:45,891,375.38,APPROVED,d4dbba0a-2b26-4233-9017-bb25b2e860f3,5,4000
4566188420,2025-06-06T16:51:00,550,1129.65,REJECTED,b020551c-5fe7-45ea-881a-6fa78332362d,3,3000
4588957607,2025-11-05T12:31:11,794,4869.35,REJECTED,3ee51816-f540-45e6-8401-474c5df84e78,5,1000
4523840185,2025-10-14T04:36:11,707,529.41,WAITING,4a5df305-6d85-4b5a-81ca-b2a776017f8f,1,2000
4558298211,2025-10-10T15:39:33,8,592.38,QUOTATION,384bae62-8ba8-4cac-b8ad-3df4e68bcafa,2,1000
4501534898,2025-10-27T00:42:48,631,1193.51,WAITING,2ab670e8-49e3-4a95-9871-d937f77b5927,2,1000
4564257973,2025-10-14T02:55:31,157,7239.96,WAITING,de541e55-b7b6-404a-8ce0-a6f1ea925750,2,3000
4553862193,2025-10-21T15:44:00,737,2473.58,APPROVED,82ebf1b0-6982-4deb-ac51-c7a6d0a68c5d,4,3000
4572651940,2025-06-24T16:06:49,58,5988.65,REJECTED,0a58bce2-1697-4c89-b568-ae280f33f982,1,1000
4556563970,2025-11-05T12:54:15,21,2393.43,REJECTED,ce1eeb99-74a8-4547-b95c-345102c07d21,1,4000
4530209476,2025-10-01T12:42:20,134,9998.91,WAITING,fffeaf8f-4b6b-4357-a309-89f4769c36da,1,4000
4554034239,2025-11-27T09:45:50,843,6069.62,REJECTED,4029508a-afa4-4faf-b175-4bb65b8a4dbb,5,2000
4537948879,2025-07-17T04:09:34,909,3703.06,REJECTED,b577718c-a2a9-4f8a-a41c-7cac0d102aab,4,4000
4546410371,2025-09-10T23:54:31,623,3980.76,QUOTATION,76fa0c16-dc3a-4a9b-b914-de6a0097f3dc,4,1000
4531933606,2025-10-21T09:12:56,103,815.64,QUOTATION,ea38b7e1-b488-4873-ab04-3066d219b434,3,3000
4522092055,2025-08-02T12:07:28,873,956.86,QUOTATION,8ca5ca23-a910-469b-aec1-73bd31d74ba2,3,2000
4543391834,2025-11-17T03:18:04,87,5555.89,REJECTED,00a417fb-f2b9-4bb8-90c0-0787c3f2e3c7,2,4000
4522623530,2025-08-21T03:56:45,562,8281.93,QUOTATION,eb8e5632-45d0-47e9-bcc0-ee76bf030643,3,1000
4562916007,2025-10-04T05:00:52,673,6412.08,REJECTED,0439439c-8945-42c4-b079-5340d85df97c,4,4000
4577738580,2025-06-18T01:26:56,735,3046.61,WAITING,00a417fb-f2b9-4bb8-90c0-0787c3f2e3c7,3,2000
4581127540,2025-07-08T04:03:00,656,7553.21,QUOTATION,791660af-f0db-4fbd-a3a4-86bd38182556,1,3000
4504054423,2025-11-07T14:00:36,981,8793.76,APPROVED,a4926703-442b-4179-808a-04de7d4e1015,5,3000
4577188164,2025-10-25T06:18:17,226,3220.55,REJECTED,74d238f7-61d4-41c6-9d51-b05f2eddcb36,4,4000
4537367278,2025-09-16T13:15:56,393,11.05,WAITING,fe53d2be-049c-47fa-871a-c4a8b1a10e40,5,2000
4566835577,2025-09-28T16:10:31,665,2174.52,WAITING,0439439c-8945-42c4-b079-5340d85df97c,1,1000
4548017601,2025-06-07T02:26:33,599,6366.3,REJECTED,134244b2-90f7-4d62-8488-d71e29828266,2,4000
4584360725,2025-10-12T04:02:59,477,5484.53,QUOTATION,b0154cbb-c693-4062-88b9-a8acf4402b56,1,3000
4550281476,2025-07-22T06:11:41,112,6082.7,APPROVED,71b893be-0a75-41a7-9a52-bcdb771cc5ec,3,1000
4579581027,2025-08-09T17:43:50,485,3931.98,APPROVED,3341d7ea-5bed-42e4-82c2-18d0adfbcdf1,3,3000
4568498822,2025-06-25T17:51:11,948,7476.75,QUOTATION,a9da22e7-f42f-4428-9083-96395b7a7e9a,4,1000
4533960999,2025-09-05T23:26:35,426,7255.87,WAITING,408c4fe5-9066-4997-8f1c-ad8daae4b1f6,3,1000
4588064707,2025-06-01T13:39:48,346,3746.22,QUOTATION,9ec93c76-9578-4947-a5ca-def516b026cb,1,4000
4599224736,2025-09-19T14:57:42,841,6628.96,WAITING,408c4fe5-9066-4997-8f1c-ad8daae4b1f6,4,3000
4584224905,2025-11-05T15:47:01,898,95.74,APPROVED,f6dd041e-f994-407c-9a1b-2ee8a39b9b25,4,2000
4578414360,2025-06-18T06:38:32,297,9116.3,WAITING,a4926703-442b-4179-808a-04de7d4e1015,5,1000
4504869732,2025-06-06T00:36:07,584,8469.92,REJECTED,31ac60a6-1bc1-442c-ae10-4a420f770538,1,4000
4571873022,2025-11-26T18:03:19,242,7627.99,REJECTED,e069016d-d217-4fbc-b438-1e8790b731fb,4,2000
4580556049,2025-11-27T22:09:37,415,8003.86,WAITING,4029508a-afa4-4faf-b175-4bb65b8a4dbb,3,1000
4555994379,2025-08-10T09:38:15,273,1591.05,WAITING,ea38b7e1-b488-4873-ab04-3066d219b434,3,4000
4504477091,2025-07-07T18:28:42,426,2116.4,REJECTED,a4926703-442b-4179-808a-04de7d4e1015,1,4000
4592324225,2025-09-01T04:42:07,10,7444.33,WAITING,da731710-48f7-4c02-8dd6-917ff4c62e3b,3,4000
4578702653,2025-08-26T16:32:29,710,9258.64,QUOTATION,fcc9df1e-2761-4b55-8f60-015b21066d78,2,4000
4577283498,2025-10-04T06:29:43,920,1708.31,QUOTATION,a9da22e7-f42f-4428-9083-96395b7a7e9a,3,4000
4555610119,2025-07-17T07:00:49,995,6076.78,QUOTATION,e7ba4d18-37bf-472c-9d3a-7756c21a55c9,2,1000
4524916463,2025-06-06T02:28:59,27,9103.67,REJECTED,9c7454a7-b80c-4d19-b841-4c0343b75add,2,4000
4582095864,2025-08-15T15:06:10,840,3744.02,REJECTED,791660af-f0db-4fbd-a3a4-86bd38182556,3,1000
4562287205,2025-10-01T23:16:41,670,3563.42,APPROVED,cea90057-5542-4a9f-8ad8-2fa263b39b7b,2,4000
4568077665,2025-09-07T11:38:09,879,9560.88,QUOTATION,ba5b8587-5d45-44ac-9e4e-16cb4b3afecc,4,1000
4524880500,2025-08-14T04:13:54,916,8594.26,WAITING,d5b6a98e-464a-4e85-ad1c-7fd6be7df835,2,3000
4559727689,2025-10-25T00:41:53,456,9406.96,WAITING,d5b6a98e-464a-4e85-ad1c-7fd6be7df835,2,4000
4529421391,2025-10-21T20:27:55,654,9602.99,WAITING,384bae62-8ba8-4cac-b8ad-3df4e68bcafa,3,4000
4554399560,2025-08-20T23:51:39,942,2367.98,APPROVED,ba3d4978-80db-4a12-9f06-e4c698936184,4,3000
4564909654,2025-08-17T14:46:28,893,6502.28,REJECTED,ce1eeb99-74a8-4547-b95c-345102c07d21,2,1000
4587068566,2025-08-10T16:39:02,836,64.26,REJECTED,41f3b33b-8871-42fd-90d5-1d1d9f2d5aed,5,2000
4562495887,2025-09-11T16:25:24,517,4087.97,QUOTATION,bf599d91-442c-4e09-b5ae-b9f08a417d11,3,3000
4541451191,2025-06-03T20:26:33,182,354.52,APPROVED,fe53d2be-049c-47fa-871a-c4a8b1a10e40,5,1000
4503978465,2025-07-05T07:42:57,888,7922.67,APPROVED,0439439c-8945-42c4-b079-5340d85df97c,2,1000
4565241509,2025-08-12T00:08:12,517,440.69,APPROVED,a1a6e723-19c6-46fd-a584-917efe27f127,1,4000
4597625929,2025-07-13T14:15:19,541,7136.56,REJECTED,134244b2-90f7-4d62-8488-d71e29828266,1,2000
4552413419,2025-06-07T22:46:48,634,6289.84,APPROVED,fffeaf8f-4b6b-4357-a309-89f4769c36da,5,2000
4521931474,2025-06-21T05:11:45,660,3455.56,WAITING,9a109dc4-7be3-4aec-94bb-ede38f79ae14,1,1000
4512106576,2025-10-09T22:26:56,11,9457.62,APPROVED,975480d4-8c15-44ba-8c55-a9938bdaa2c4,3,1000
4567178003,2025-11-21T04:55:56,132,4300.93,QUOTATION,4a2d279e-2495-496f-80d9-bc5a45e3b6b4,5,3000
4510548217,2025-06-14T09:19:52,740,4869.97,REJECTED,ea38b7e1-b488-4873-ab04-3066d219b434,4,3000
4544813262,2025-06-27T07:33:37,3,5649.95,REJECTED,6cc3c3b9-23fa-4969-8791-af89dedc62c9,5,4000
4565014864,2025-10-12T06:13:34,487,6861.9,QUOTATION,ad64acbd-9045-44ec-9111-f6b3b90cb060,5,4000
4545991532,2025-11-21T21:53:27,124,9877.75,REJECTED,8df0c99e-2745-44ae-94ee-ad79cb114fdb,5,2000
4509145047,2025-06-24T02:19:35,508,8532.9,APPROVED,84aadcf6-499b-4416-9a35-3e546eb39a5c,2,3000
4579042023,2025-07-17T07:26:55,440,3692.19,APPROVED,2cf52c48-a37c-4244-a030-3fe16c443ecd,4,3000
4538605698,2025-11-17T03:30:15,307,9293.14,WAITING,3d3527a9-4ef5-45d5-83c2-4178789f9921,3,1000
4586708727,2025-08-25T00:01:56,304,7703.89,APPROVED,b6bbc970-46d2-4ff4-9c52-80f378cfe8ea,5,1000
4562930754,2025-06-24T02:14:05,229,4305.09,WAITING,a1ad3c2b-45ca-491c-8ef2-a64af7d19e43,1,2000
4528888682,2025-06-16T20:53:09,808,3387.51,APPROVED,daffc87a-fdb5-424e-9155-782c6cd1b731,3,1000
4532875861,2025-06-11T15:26:47,45,6932.05,APPROVED,35672019-b6d1-42b4-b906-8819b248182e,3,2000
4583824020,2025-11-23T02:18:43,523,6346.25,QUOTATION,62117371-6664-4e90-9e4c-e3939789c81a,1,2000
4529541007,2025-06-08T06:04:10,859,9318.16,REJECTED,134244b2-90f7-4d62-8488-d71e29828266,3,3000
4511357938,2025-07-18T06:35:57,617,4388.32,APPROVED,5257f4f1-580e-4eb3-89f9-6cae458e4509,3,3000
4580637879,2025-09-27T10:07:49,383,5839.49,QUOTATION,4a5df305-6d85-4b5a-81ca-b2a776017f8f,3,3000
4549645936,2025-11-04T13:22:34,981,3667.01,WAITING,0c328cd6-def4-4097-8b5d-ef9b4362cfd3,2,3000
4583128492,2025-10-05T11:05:49,208,641.73,APPROVED,cea90057-5542-4a9f-8ad8-2fa263b39b7b,2,4000
4508005791,2025-11-25T16:52:46,662,7888.91,REJECTED,3f3292d8-3056-42da-9ec5-d080c252a223,4,4000
4580730163,2025-06-07T22:24:20,240,9157.97,QUOTATION,f6979cad-3c89-4280-985d-d7f07aaa8c2b,4,4000
4561879341,2025-08-22T21:22:36,589,4602.94,QUOTATION,9ec93c76-9578-4947-a5ca-def516b026cb,4,2000
4561627141,2025-07-15T00:53:55,887,7554.29,APPROVED,134244b2-90f7-4d62-8488-d71e29828266,2,3000
4538716377,2025-08-05T22:11:25,450,7282.24,WAITING,0c328cd6-def4-4097-8b5d-ef9b4362cfd3,5,4000
4527609312,2025-07-11T12:32:04,990,9663.65,WAITING,bcebc30c-15e5-48e2-9c32-c86d886f82a0,1,3000
4541329304,2025-07-09T12:58:23,723,2202.95,QUOTATION,56ae9e46-c0b2-46ca-b51d-5686e00ce4a6,5,2000
4597577660,2025-07-23T23:04:14,367,5577.34,WAITING,b020551c-5fe7-45ea-881a-6fa78332362d,3,4000
4553516264,2025-08-01T13:03:16,749,2319.75,WAITING,62117371-6664-4e90-9e4c-e3939789c81a,3,2000
4546615928,2025-06-25T21:45:44,35,8782.16,QUOTATION,3c65561d-5119-4985-87e7-48965fe9f62c,4,4000
4549855314,2025-10-12T16:15:26,471,1260.49,WAITING,2c7b9d8a-6b92-4a21-a03e-024e434a203d,3,4000
4594889833,2025-07-27T23:58:22,768,4114.8,REJECTED,74d238f7-61d4-41c6-9d51-b05f2eddcb36,4,1000
4592203249,2025-11-20T09:39:20,673,5965.33,APPROVED,834a14f7-cbd7-4220-9587-cd61c93c8253,5,3000
4583722308,2025-10-11T17:34:18,372,7532.62,APPROVED,76fa0c16-dc3a-4a9b-b914-de6a0097f3dc,2,1000
4537075202,2025-06-03T08:56:19,751,6768.41,REJECTED,05767575-2944-4457-9aa7-06e1dae2ae25,1,3000
4570925216,2025-09-20T21:24:20,391,835.95,QUOTATION,5257f4f1-580e-4eb3-89f9-6cae458e4509,5,1000
4582073782,2025-06-02T19:29:22,988,5681.22,APPROVED,de541e55-b7b6-404a-8ce0-a6f1ea925750,1,4000
4551555352,2025-06-03T06:45:16,48,3940.57,QUOTATION,4a5df305-6d85-4b5a-81ca-b2a776017f8f,2,1000
4547268586,2025-08-07T08:14:18,166,3811.49,REJECTED,0c328cd6-def4-4097-8b5d-ef9b4362cfd3,5,4000
4586117444,2025-09-07T18:09:10,325,4292.67,APPROVED,b577718c-a2a9-4f8a-a41c-7cac0d102aab,5,2000
4591569855,2025-06-09T12:58:50,351,895.07,REJECTED,0c328cd6-def4-4097-8b5d-ef9b4362cfd3,2,4000
4550144689,2025-07-27T17:17:40,803,6769.38,APPROVED,b6bbc970-46d2-4ff4-9c52-80f378cfe8ea,4,2000
4569341775,2025-10-21T18:40:26,123,2411.75,APPROVED,3d3527a9-4ef5-45d5-83c2-4178789f9921,5,3000
4544755748,2025-09-22T22:13:36,739,1012.78,APPROVED,0c328cd6-def4-4097-8b5d-ef9b4362cfd3,4,3000
4541791578,2025-10-05T08:38:57,883,166.57,QUOTATION,82ebf1b0-6982-4deb-ac51-c7a6d0a68c5d,2,1000
4552029549,2025-11-15T23:28:34,420,8378.48,APPROVED,3ee51816-f540-45e6-8401-474c5df84e78,4,1000
4587981820,2025-11-22T09:48:02,359,7639.8,REJECTED,4029508a-afa4-4faf-b175-4bb65b8a4dbb,2,2000
4528231788,2025-11-26T07:00:33,764,8728.52,REJECTED,bf599d91-442c-4e09-b5ae-b9f08a417d11,1,1000
4540747272,2025-08-27T03:10:20,240,2162.87,REJECTED,a9da22e7-f42f-4428-9083-96395b7a7e9a,4,3000
4553607264,2025-07-11T17:48:23,943,6129.97,APPROVED,41f3b33b-8871-42fd-90d5-1d1d9f2d5aed,5,1000
4543430992,2025-08-23T11:42:20,523,6393.52,QUOTATION,b020551c-5fe7-45ea-881a-6fa78332362d,3,2000
4512498361,2025-07-03T13:25:35,746,4112.04,WAITING,408c4fe5-9066-4997-8f1c-ad8daae4b1f6,3,1000
4521349277,2025-06-18T18:58:37,203,8047.63,APPROVED,fffeaf8f-4b6b-4357-a309-89f4769c36da,3,3000
4501944233,2025-10-14T00:42:16,142,9557.35,QUOTATION,b0154cbb-c693-4062-88b9-a8acf4402b56,3,3000
4517812463,2025-10-24T18:27:19,213,8183.07,QUOTATION,2c6e3cb9-21cb-4de6-ae38-f117a3cbdfe2,3,1000
4521674578,2025-07-03T05:32:39,236,7047.94,APPROVED,cea90057-5542-4a9f-8ad8-2fa263b39b7b,3,2000
4518779579,2025-10-21T23:43:26,424,2084.45,APPROVED,915bda23-d2b3-4bab-9d3b-0b701beb76fa,4,4000
4540463532,2025-07-21T06:57:44,800,9587.35,WAITING,37bf8863-0046-49cb-a72c-f7e41661214b,2,1000
4551372895,2025-07-07T15:59:44,653,8003.32,APPROVED,3c65561d-5119-4985-87e7-48965fe9f62c,4,3000
4550248334,2025-11-03T05:36:28,477,5608.29,REJECTED,00a417fb-f2b9-4bb8-90c0-0787c3f2e3c7,5,2000
4576902905,2025-09-18T05:16:10,96,821.0,REJECTED,110f8801-eea1-420d-98e6-dd439569747b,4,1000
4512211565,2025-08-18T10:19:44,735,2460.55,REJECTED,8df0c99e-2745-44ae-94ee-ad79cb114fdb,3,1000
4535978721,2025-08-10T02:06:27,64,2082.23,QUOTATION,cea90057-5542-4a9f-8ad8-2fa263b39b7b,4,1000
4584226276,2025-10-19T01:54:12,500,3455.26,QUOTATION,9fc109ea-2585-4c23-9329-2ccda2d964eb,3,4000
4511510824,2025-08-03T10:32:44,852,2828.0,QUOTATION,134244b2-90f7-4d62-8488-d71e29828266,5,4000
4539491343,2025-11-05T12:47:55,163,5132.98,WAITING,a4926703-442b-4179-808a-04de7d4e1015,4,4000
4524871969,2025-10-04T11:16:35,356,2637.75,WAITING,134244b2-90f7-4d62-8488-d71e29828266,4,3000
4567615438,2025-08-21T17:18:14,261,8864.58,QUOTATION,cea90057-5542-4a9f-8ad8-2fa263b39b7b,3,3000
4530074287,2025-06-05T15:14:18,542,9067.61,WAITING,f6dd041e-f994-407c-9a1b-2ee8a39b9b25,3,4000
4510300587,2025-07-15T18:25:15,496,3532.15,WAITING,cf11fe2a-443a-44e9-96b0-e6b91ddfa87d,3,4000
4596968101,2025-11-23T15:53:35,213,9819.53,WAITING,84aadcf6-499b-4416-9a35-3e546eb39a5c,2,2000
4526732513,2025-06-01T09:52:17,915,4371.68,APPROVED,d5b6a98e-464a-4e85-ad1c-7fd6be7df835,1,3000
4520765755,2025-11-03T02:09:41,84,8495.89,QUOTATION,0a58bce2-1697-4c89-b568-ae280f33f982,2,2000
4532429634,2025-10-07T02:38:36,784,5782.36,APPROVED,2c6e3cb9-21cb-4de6-ae38-f117a3cbdfe2,4,1000
4525224710,2025-08-27T11:49:48,859,4934.48,WAITING,2c6e3cb9-21cb-4de6-ae38-f117a3cbdfe2,1,2000
4513894030,2025-09-13T12:35:18,941,469.0,REJECTED,0439439c-8945-42c4-b079-5340d85df97c,5,3000
4573596024,2025-10-25T14:21:52,133,2223.36,APPROVED,c40f8a37-9024-4fcd-80a6-7917301ba6bd,3,4000
4553414369,2025-10-18T03:13:56,948,714.31,WAITING,3341d7ea-5bed-42e4-82c2-18d0adfbcdf1,1,2000
4526861486,2025-07-12T16:17:26,389,8266.42,APPROVED,6c55f239-a4f0-4edd-afe8-02d129db9eda,1,3000
4555497238,2025-08-07T11:54:22,340,6725.54,REJECTED,3f3292d8-3056-42da-9ec5-d080c252a223,1,4000
4590433200,2025-06-08T07:38:15,302,690.08,REJECTED,4a2d279e-2495-496f-80d9-bc5a45e3b6b4,4,1000
4568106728,2025-09-20T19:59:40,420,7592.17,QUOTATION,611eefb3-ef38-4a2e-831a-15aff1dde8f8,5,1000
4587218967,2025-06-12T02:31:40,433,8136.51,APPROVED,bcebc30c-15e5-48e2-9c32-c86d886f82a0,3,2000
4525694963,2025-06-23T19:36:20,905,5626.77,WAITING,d5b6a98e-464a-4e85-ad1c-7fd6be7df835,2,1000
4505694737,2025-06-06T05:41:54,832,767.3,WAITING,37bf8863-0046-49cb-a72c-f7e41661214b,3,4000
4529584448,2025-10-20T14:46:53,223,613.2,REJECTED,00a417fb-f2b9-4bb8-90c0-0787c3f2e3c7,5,1000
4508096250,2025-11-01T01:56:40,441,8933.1,QUOTATION,651e8d5b-8636-4635-a934-6f9427d506b8,5,1000
4534228137,2025-09-01T13:26:45,767,9721.99,REJECTED,a1ad3c2b-45ca-491c-8ef2-a64af7d19e43,3,4000
4551212423,2025-10-03T11:37:49,24,7596.29,REJECTED,bf599d91-442c-4e09-b5ae-b9f08a417d11,5,2000
4510349882,2025-09-01T01:02:11,588,2759.28,REJECTED,2cf52c48-a37c-4244-a030-3fe16c443ecd,4,4000
4567132423,2025-11-07T18:28:04,147,6103.82,REJECTED,915bda23-d2b3-4bab-9d3b-0b701beb76fa,2,4000
4592198605,2025-08-26T04:03:52,40,8777.44,APPROVED,a1ad3c2b-45ca-491c-8ef2-a64af7d19e43,2,1000
4578346084,2025-09-18T08:49:43,121,8015.3,REJECTED,3d3527a9-4ef5-45d5-83c2-4178789f9921,5,2000
4540043087,2025-06-06T13:23:14,354,7963.36,REJECTED,71b893be-0a75-41a7-9a52-bcdb771cc5ec,3,4000
4574137572,2025-10-23T12:59:51,438,6393.28,QUOTATION,fffeaf8f-4b6b-4357-a309-89f4769c36da,5,3000
4508507635,2025-09-24T11:48:43,810,7088.22,QUOTATION,d4dbba0a-2b26-4233-9017-bb25b2e860f3,1,2000
4508864006,2025-11-19T04:18:02,819,8706.22,QUOTATION,68681084-7b12-4fd9-9704-7da3802cb451,5,1000
4572739358,2025-06-19T09:40:52,546,5899.26,WAITING,cf11fe2a-443a-44e9-96b0-e6b91ddfa87d,3,1000
4520494761,2025-07-27T09:07:18,473,4131.21,WAITING,76fa0c16-dc3a-4a9b-b914-de6a0097f3dc,2,4000
4591248853,2025-07-14T18:23:07,932,8679.05,QUOTATION,4a5df305-6d85-4b5a-81ca-b2a776017f8f,2,2000
4591606418,2025-09-08T06:41:35,386,7994.9,REJECTED,76fa0c16-dc3a-4a9b-b914-de6a0097f3dc,3,4000
4542703713,2025-06-07T13:54:46,983,4070.09,REJECTED,32149af9-a4f0-4e80-a73d-490a9faef06f,1,4000
4512721355,2025-07-08T00:39:34,69,3385.01,APPROVED,ebfe58ef-0dee-41d8-859e-ae2bff66e7fc,2,4000
4593890328,2025-11-23T04:01:38,826,8038.01,QUOTATION,0e752cfe-75ff-427d-8214-57710b509b33,3,2000
4563706470,2025-10-14T21:25:12,496,9096.66,APPROVED,ad64acbd-9045-44ec-9111-f6b3b90cb060,1,3000
4545224823,2025-09-04T14:43:18,291,4234.92,REJECTED,15ddc72a-7103-4a88-a951-49c5aa75affd,3,2000
4558291283,2025-07-05T03:06:01,543,9152.35,QUOTATION,3c65561d-5119-4985-87e7-48965fe9f62c,2,3000
4591463046,2025-08-06T07:30:33,106,8169.36,QUOTATION,ad64acbd-9045-44ec-9111-f6b3b90cb060,2,3000
4515191080,2025-06-26T02:58:39,986,1718.17,WAITING,408c4fe5-9066-4997-8f1c-ad8daae4b1f6,5,2000
4593069952,2025-09-23T18:34:18,200,6353.18,APPROVED,ba5b8587-5d45-44ac-9e4e-16cb4b3afecc,4,4000
4558274219,2025-06-08T19:58:41,140,8612.35,REJECTED,ad64acbd-9045-44ec-9111-f6b3b90cb060,1,1000
4589047066,2025-11-11T14:45:41,631,7925.62,QUOTATION,a1ad3c2b-45ca-491c-8ef2-a64af7d19e43,5,3000
4597230581,2025-08-04T16:04:26,391,6250.99,QUOTATION,611eefb3-ef38-4a2e-831a-15aff1dde8f8,5,2000
4500131947,2025-08-06T15:35:44,148,3842.44,REJECTED,d5b6a98e-464a-4e85-ad1c-7fd6be7df835,2,2000
4599290404,2025-10-07T23:31:49,529,8776.0,WAITING,9c7454a7-b80c-4d19-b841-4c0343b75add,2,4000
4519156591,2025-07-01T07:30:19,518,5430.36,WAITING,651e8d5b-8636-4635-a934-6f9427d506b8,1,3000
4509516169,2025-08-23T18:12:57,575,3028.92,QUOTATION,01bb5e4b-33d3-4db2-85a2-499f5c9e31b4,1,2000
4545976907,2025-08-09T22:57:30,211,3061.24,REJECTED,0f7e95f4-4fb9-4987-a1e1-5264880e721e,1,2000
4504044700,2025-10-02T08:22:58,780,7761.48,QUOTATION,5c250769-58e7-4a67-92b8-05566aab2cd0,2,4000
4594066227,2025-09-26T13:30:34,718,290.39,QUOTATION,9c7454a7-b80c-4d19-b841-4c0343b75add,3,1000
4540980744,2025-07-04T12:28:05,481,7839.31,REJECTED,9fc109ea-2585-4c23-9329-2ccda2d964eb,5,4000
4536704150,2025-09-09T22:17:52,994,5921.83,WAITING,f6dd041e-f994-407c-9a1b-2ee8a39b9b25,1,3000
4554996183,2025-08-01T19:05:45,88,7917.06,APPROVED,9a109dc4-7be3-4aec-94bb-ede38f79ae14,4,3000
4511837371,2025-07-13T10:51:35,218,9567.86,QUOTATION,0f7e95f4-4fb9-4987-a1e1-5264880e721e,3,1000
4562469905,2025-07-15T10:54:02,39,8562.82,REJECTED,b577718c-a2a9-4f8a-a41c-7cac0d102aab,3,3000
4534659008,2025-08-22T05:34:45,856,3647.29,APPROVED,3341d7ea-5bed-42e4-82c2-18d0adfbcdf1,2,1000
4513193028,2025-10-11T21:35:24,169,239.78,REJECTED,915bda23-d2b3-4bab-9d3b-0b701beb76fa,4,4000
4578974729,2025-06-05T20:47:30,935,6852.58,APPROVED,791660af-f0db-4fbd-a3a4-86bd38182556,5,4000
4527733339,2025-08-11T05:35:27,621,967.93,REJECTED,a1a6e723-19c6-46fd-a584-917efe27f127,4,3000
4549215228,2025-07-19T17:18:56,923,3440.41,APPROVED,915bda23-d2b3-4bab-9d3b-0b701beb76fa,4,1000
4556377801,2025-07-06T08:32:18,626,2937.59,WAITING,134244b2-90f7-4d62-8488-d71e29828266,1,2000
4562956607,2025-10-26T21:18:07,202,1867.17,APPROVED,0a58bce2-1697-4c89-b568-ae280f33f982,1,2000
4504000132,2025-06-04T21:55:04,844,3801.55,REJECTED,a9da22e7-f42f-4428-9083-96395b7a7e9a,4,1000
4545721777,2025-09-28T10:09:29,675,3922.22,APPROVED,fe53d2be-049c-47fa-871a-c4a8b1a10e40,3,2000
4584931938,2025-06-17T15:19:55,743,3903.66,WAITING,ebfe58ef-0dee-41d8-859e-ae2bff66e7fc,2,3000
4594279194,2025-07-14T11:10:44,593,5195.37,WAITING,77b34563-244c-46da-b014-af1a9c7fa9e4,2,3000
4562044727,2025-07-18T22:25:48,421,7883.98,APPROVED,a1a6e723-19c6-46fd-a584-917efe27f127,4,4000
4542910108,2025-10-04T15:18:07,39,7936.87,QUOTATION,ea38b7e1-b488-4873-ab04-3066d219b434,4,2000
4552834369,2025-10-05T11:41:51,376,4011.29,WAITING,dbce3e63-1a5c-4595-a1f9-d09c3d978567,4,4000
4548677802,2025-10-08T23:30:02,695,4620.22,APPROVED,41f3b33b-8871-42fd-90d5-1d1d9f2d5aed,5,1000
4525304576,2025-11-11T05:23:37,115,1918.39,WAITING,a1ad3c2b-45ca-491c-8ef2-a64af7d19e43,5,3000
4548395019,2025-07-16T19:39:10,171,8768.45,WAITING,56ae9e46-c0b2-46ca-b51d-5686e00ce4a6,2,4000
4594373190,2025-07-11T07:59:32,219,3453.27,APPROVED,9a109dc4-7be3-4aec-94bb-ede38f79ae14,3,3000
4556794811,2025-09-25T05:07:59,335,219.17,QUOTATION,6c55f239-a4f0-4edd-afe8-02d129db9eda,1,4000
4520529912,2025-11-28T20:07:53,707,8209.82,WAITING,d7da1df8-a4af-4efe-a657-570c6d350470,1,4000
4583105105,2025-08-10T11:50:05,415,9272.34,REJECTED,a9da22e7-f42f-4428-9083-96395b7a7e9a,1,2000
4564954213,2025-08-10T20:25:58,525,1283.85,WAITING,fffeaf8f-4b6b-4357-a309-89f4769c36da,4,3000
4566008799,2025-08-22T02:31:06,912,2109.57,QUOTATION,5c250769-58e7-4a67-92b8-05566aab2cd0,2,1000
4504545843,2025-11-22T22:50:50,697,1598.65,REJECTED,51991c98-a328-457f-a862-0962b2d30ddc,2,4000
4513816171,2025-08-03T01:58:23,222,1764.86,WAITING,b0154cbb-c693-4062-88b9-a8acf4402b56,1,2000
4592857397,2025-11-02T12:02:33,456,1997.35,QUOTATION,2c7b9d8a-6b92-4a21-a03e-024e434a203d,4,2000
4514473136,2025-07-27T01:00:25,318,9331.87,REJECTED,73df3d25-bcec-47a6-8d66-6b628e81ed2d,2,4000
4599525878,2025-10-17T16:37:33,263,6140.08,QUOTATION,a4926703-442b-4179-808a-04de7d4e1015,1,2000
4583769516,2025-08-01T07:52:45,151,9255.83,APPROVED,110f8801-eea1-420d-98e6-dd439569747b,4,3000
4542004635,2025-10-26T10:40:48,963,7479.79,QUOTATION,975480d4-8c15-44ba-8c55-a9938bdaa2c4,5,1000
4562435496,2025-09-05T06:19:53,57,9109.32,WAITING,bf599d91-442c-4e09-b5ae-b9f08a417d11,5,4000
4540954552,2025-09-05T03:27:54,880,4704.05,QUOTATION,ea38b7e1-b488-4873-ab04-3066d219b434,3,4000
4527342032,2025-09-08T02:30:52,5,208.56,REJECTED,c40f8a37-9024-4fcd-80a6-7917301ba6bd,2,2000
4573718730,2025-11-17T11:13:24,116,5299.12,WAITING,408c4fe5-9066-4997-8f1c-ad8daae4b1f6,2,4000
4543745436,2025-09-05T06:49:52,636,5208.7,REJECTED,51991c98-a328-457f-a862-0962b2d30ddc,3,3000
4537228207,2025-08-11T08:35:20,311,7424.12,WAITING,975480d4-8c15-44ba-8c55-a9938bdaa2c4,1,4000
4566244723,2025-10-28T20:52:15,655,7529.0,APPROVED,41f3b33b-8871-42fd-90d5-1d1d9f2d5aed,3,3000
4573989901,2025-10-07T16:27:15,451,5149.23,APPROVED,b0154cbb-c693-4062-88b9-a8acf4402b56,1,3000
4595367756,2025-10-23T19:35:10,830,9179.3,APPROVED,bcebc30c-15e5-48e2-9c32-c86d886f82a0,1,2000
4528230170,2025-10-23T19:43:04,613,4570.79,QUOTATION,37bf8863-0046-49cb-a72c-f7e41661214b,2,3000
4559742205,2025-07-25T10:08:29,501,5591.05,QUOTATION,8ca5ca23-a910-469b-aec1-73bd31d74ba2,4,2000
4595600605,2025-09-18T08:50:50,732,531.07,WAITING,cea90057-5542-4a9f-8ad8-2fa263b39b7b,1,2000
4564366823,2025-11-12T00:36:49,299,4293.47,REJECTED,834a14f7-cbd7-4220-9587-cd61c93c8253,4,3000
4560542876,2025-10-12T02:09:54,210,4619.03,APPROVED,8ca5ca23-a910-469b-aec1-73bd31d74ba2,1,3000
4511570498,2025-10-20T15:02:46,196,2652.74,REJECTED,77b34563-244c-46da-b014-af1a9c7fa9e4,5,3000
4555295890,2025-11-18T12:12:50,980,9667.47,REJECTED,d7da1df8-a4af-4efe-a657-570c6d350470,2,4000
4506295224,2025-07-22T01:07:11,379,8988.72,APPROVED,d4dbba0a-2b26-4233-9017-bb25b2e860f3,5,4000
4576616642,2025-09-11T11:52:05,330,9636.11,QUOTATION,915bda23-d2b3-4bab-9d3b-0b701beb76fa,3,2000
4570315929,2025-09-20T13:40:29,315,8294.12,WAITING,2c6e3cb9-21cb-4de6-ae38-f117a3cbdfe2,1,3000
4578871261,2025-07-25T02:17:41,861,7366.65,REJECTED,ba3d4978-80db-4a12-9f06-e4c698936184,1,3000
4548153600,2025-10-01T06:55:14,146,2302.08,APPROVED,3f3292d8-3056-42da-9ec5-d080c252a223,5,2000
4573319591,2025-09-27T16:46:22,398,5789.14,QUOTATION,a9da22e7-f42f-4428-9083-96395b7a7e9a,1,1000
4584215243,2025-10-23T16:16:03,825,4263.0,APPROVED,b6bbc970-46d2-4ff4-9c52-80f378cfe8ea,2,2000
4557124512,2025-08-11T19:39:16,75,7931.66,REJECTED,12a301b9-4c71-4181-a853-d29be7b6bd18,1,4000
4584286107,2025-08-12T05:33:51,531,8484.5,QUOTATION,3f3292d8-3056-42da-9ec5-d080c252a223,3,1000
4573768962,2025-06-22T17:45:03,654,8560.5,APPROVED,3d3527a9-4ef5-45d5-83c2-4178789f9921,3,4000
4584182184,2025-08-26T22:00:18,737,8570.25,REJECTED,d4dbba0a-2b26-4233-9017-bb25b2e860f3,3,3000
4579750112,2025-07-06T13:07:19,328,3259.12,WAITING,da731710-48f7-4c02-8dd6-917ff4c62e3b,3,4000
4521309388,2025-09-01T07:36:51,312,2562.07,REJECTED,bf599d91-442c-4e09-b5ae-b9f08a417d11,2,1000
4592223364,2025-07-07T23:38:24,992,6368.08,APPROVED,4029508a-afa4-4faf-b175-4bb65b8a4dbb,3,2000
4574900364,2025-11-12T07:38:23,539,2076.26,WAITING,8ca5ca23-a910-469b-aec1-73bd31d74ba2,4,4000
4506037884,2025-06-23T22:19:17,366,830.51,APPROVED,6c55f239-a4f0-4edd-afe8-02d129db9eda,5,4000
4518488242,2025-07-02T09:27:06,83,834.44,QUOTATION,b0154cbb-c693-4062-88b9-a8acf4402b56,4,3000
4550400421,2025-09-23T17:36:31,349,6923.58,REJECTED,77b34563-244c-46da-b014-af1a9c7fa9e4,5,4000
4542301681,2025-06-10T11:44:05,648,8127.85,APPROVED,bf599d91-442c-4e09-b5ae-b9f08a417d11,5,2000
4586519259,2025-06-20T02:44:20,470,981.34,APPROVED,834a14f7-cbd7-4220-9587-cd61c93c8253,3,4000
4528691182,2025-09-11T06:53:08,956,8910.26,QUOTATION,56ae9e46-c0b2-46ca-b51d-5686e00ce4a6,5,3000
4535768972,2025-06-16T17:02:27,800,6403.99,REJECTED,82ebf1b0-6982-4deb-ac51-c7a6d0a68c5d,5,3000
4509318085,2025-09-04T20:59:10,586,4953.3,QUOTATION,fe53d2be-049c-47fa-871a-c4a8b1a10e40,2,3000
4512358333,2025-06-18T19:30:28,7,2569.0,QUOTATION,110f8801-eea1-420d-98e6-dd439569747b,1,1000
4531611215,2025-08-20T19:00:28,9,480.24,QUOTATION,4029508a-afa4-4faf-b175-4bb65b8a4dbb,2,4000
4511805095,2025-08-20T00:55:44,540,4175.97,QUOTATION,9c7454a7-b80c-4d19-b841-4c0343b75add,1,2000
4542775485,2025-09-25T02:25:58,370,2805.93,APPROVED,d5b6a98e-464a-4e85-ad1c-7fd6be7df835,5,2000
4571523739,2025-09-15T06:28:42,519,5788.48,APPROVED,77b34563-244c-46da-b014-af1a9c7fa9e4,4,3000
4585177100,2025-09-16T10:23:30,425,8317.42,WAITING,134244b2-90f7-4d62-8488-d71e29828266,1,3000
4570108136,2025-06-19T13:24:18,470,6149.66,REJECTED,ad64acbd-9045-44ec-9111-f6b3b90cb060,5,3000
4560915554,2025-07-04T04:22:57,855,1802.39,QUOTATION,73df3d25-bcec-47a6-8d66-6b628e81ed2d,5,2000
4501360616,2025-10-21T21:32:05,827,7380.27,QUOTATION,0439439c-8945-42c4-b079-5340d85df97c,2,1000
4529675305,2025-11-18T22:09:55,144,3251.01,WAITING,ce1eeb99-74a8-4547-b95c-345102c07d21,3,3000
4503679206,2025-09-05T01:02:08,4,7221.78,APPROVED,f524f9ee-95cb-4e66-a6c1-b58f8296e7f3,2,3000
4597414713,2025-06-14T04:32:04,436,906.75,REJECTED,975480d4-8c15-44ba-8c55-a9938bdaa2c4,1,2000
4596125154,2025-08-19T17:47:21,426,2736.58,REJECTED,bf599d91-442c-4e09-b5ae-b9f08a417d11,1,3000
4539060512,2025-06-22T09:37:44,550,1996.09,QUOTATION,6cc3c3b9-23fa-4969-8791-af89dedc62c9,1,1000
4522166073,2025-07-20T21:27:42,25,9764.06,APPROVED,68681084-7b12-4fd9-9704-7da3802cb451,4,1000
4577947512,2025-10-04T01:50:12,363,4881.39,QUOTATION,31ac60a6-1bc1-442c-ae10-4a420f770538,1,2000
4591069029,2025-11-28T22:38:55,341,6395.08,APPROVED,2c7b9d8a-6b92-4a21-a03e-024e434a203d,3,3000
4576189071,2025-11-20T05:07:10,444,7310.71,APPROVED,b6bbc970-46d2-4ff4-9c52-80f378cfe8ea,4,3000
4532068480,2025-06-18T13:12:08,328,6661.9,APPROVED,6cc3c3b9-23fa-4969-8791-af89dedc62c9,3,1000
4578822282,2025-06-09T17:38:22,64,3557.13,REJECTED,408c4fe5-9066-4997-8f1c-ad8daae4b1f6,2,2000
4583847947,2025-06-04T16:20:07,899,5465.34,WAITING,9c7454a7-b80c-4d19-b841-4c0343b75add,3,2000
4554942330,2025-07-06T07:32:23,461,3857.39,WAITING,a9da22e7-f42f-4428-9083-96395b7a7e9a,3,1000
4524982769,2025-10-25T05:48:58,819,6353.21,APPROVED,791660af-f0db-4fbd-a3a4-86bd38182556,1,3000
4575576197,2025-07-09T03:05:37,261,5094.59,REJECTED,3c65561d-5119-4985-87e7-48965fe9f62c,4,4000
4523306207,2025-11-08T20:07:00,362,8488.42,WAITING,12a301b9-4c71-4181-a853-d29be7b6bd18,3,2000
4555394354,2025-08-13T22:11:43,188,359.57,QUOTATION,975480d4-8c15-44ba-8c55-a9938bdaa2c4,3,1000
4513138670,2025-09-21T18:17:36,558,9803.22,WAITING,de541e55-b7b6-404a-8ce0-a6f1ea925750,5,3000
4530714200,2025-10-08T00:20:49,538,6262.36,APPROVED,dbce3e63-1a5c-4595-a1f9-d09c3d978567,3,1000
4584135671,2025-11-24T02:44:03,137,6046.58,QUOTATION,62117371-6664-4e90-9e4c-e3939789c81a,2,2000
4589594917,2025-06-03T02:10:31,281,8921.76,APPROVED,77b34563-244c-46da-b014-af1a9c7fa9e4,5,2000
4552660826,2025-07-07T13:42:55,898,495.02,QUOTATION,e7ba4d18-37bf-472c-9d3a-7756c21a55c9,5,1000
4567391965,2025-06-16T11:55:00,247,9760.16,WAITING,5257f4f1-580e-4eb3-89f9-6cae458e4509,1,4000
4569308511,2025-10-28T02:52:11,970,2438.1,REJECTED,0a58bce2-1697-4c89-b568-ae280f33f982,5,2000
4549565360,2025-06-24T10:45:59,144,4793.82,REJECTED,0f7e95f4-4fb9-4987-a1e1-5264880e721e,4,1000
4551861245,2025-11-27T06:29:50,67,1852.41,REJECTED,f524f9ee-95cb-4e66-a6c1-b58f8296e7f3,2,1000
4524581742,2025-06-04T05:55:56,129,1716.76,REJECTED,ad64acbd-9045-44ec-9111-f6b3b90cb060,3,3000
4552594629,2025-07-18T06:35:04,941,9159.15,REJECTED,d4dbba0a-2b26-4233-9017-bb25b2e860f3,1,1000
4585203900,2025-09-09T20:21:12,897,4235.66,APPROVED,aa51a37d-2867-459b-8885-b5c8b161616a,2,4000
4527841345,2025-07-07T04:02:57,574,4248.78,QUOTATION,dbce3e63-1a5c-4595-a1f9-d09c3d978567,4,1000
4570095028,2025-09-23T02:56:24,533,6506.4,APPROVED,28d388a1-0e70-41d0-a8a1-abb9e3263b7b,1,2000
4545249173,2025-10-20T19:01:49,796,1508.85,QUOTATION,15ddc72a-7103-4a88-a951-49c5aa75affd,5,2000
4507864955,2025-10-12T09:41:35,353,7173.33,WAITING,b020551c-5fe7-45ea-881a-6fa78332362d,3,4000
4524003058,2025-11-04T14:13:10,528,6311.86,QUOTATION,d5b6a98e-464a-4e85-ad1c-7fd6be7df835,4,3000
4572203308,2025-08-20T07:50:54,839,9736.61,APPROVED,3c65561d-5119-4985-87e7-48965fe9f62c,2,2000
4523032338,2025-11-10T18:24:34,324,5381.49,WAITING,b020551c-5fe7-45ea-881a-6fa78332362d,2,1000
4516796620,2025-07-15T23:11:21,719,3816.47,REJECTED,ea38b7e1-b488-4873-ab04-3066d219b434,5,4000
4549669618,2025-11-23T11:38:19,119,7337.68,REJECTED,73df3d25-bcec-47a6-8d66-6b628e81ed2d,4,1000
4574779110,2025-08-20T17:28:02,161,1730.72,APPROVED,3d3527a9-4ef5-45d5-83c2-4178789f9921,2,4000
4577289602,2025-10-19T02:52:47,96,1936.56,WAITING,31ac60a6-1bc1-442c-ae10-4a420f770538,5,2000
4571383631,2025-10-18T21:34:32,49,5722.29,QUOTATION,4a5df305-6d85-4b5a-81ca-b2a776017f8f,2,4000
4533440047,2025-08-18T04:39:00,124,1953.08,QUOTATION,f524f9ee-95cb-4e66-a6c1-b58f8296e7f3,1,3000
4511532457,2025-07-16T09:30:32,468,1846.22,QUOTATION,2c7b9d8a-6b92-4a21-a03e-024e434a203d,1,3000
4502983165,2025-06-07T08:40:44,920,9375.31,APPROVED,41e46c83-90d4-4836-a022-b900a018b3fa,3,3000
4518408649,2025-10-15T05:26:29,174,6409.23,APPROVED,975480d4-8c15-44ba-8c55-a9938bdaa2c4,2,3000
4527644724,2025-09-22T01:40:17,525,5287.77,QUOTATION,fe53d2be-049c-47fa-871a-c4a8b1a10e40,3,2000
4509361583,2025-08-10T07:57:26,897,7540.77,REJECTED,35672019-b6d1-42b4-b906-8819b248182e,1,1000
4530360905,2025-08-11T01:33:07,657,3071.12,REJECTED,35672019-b6d1-42b4-b906-8819b248182e,1,2000
4529682441,2025-07-06T04:59:12,523,5470.82,WAITING,00a417fb-f2b9-4bb8-90c0-0787c3f2e3c7,3,3000
4535248879,2025-09-16T20:56:39,471,1955.99,QUOTATION,b0154cbb-c693-4062-88b9-a8acf4402b56,2,3000
4556700576,2025-06-12T02:00:59,51,450.86,QUOTATION,a1ad3c2b-45ca-491c-8ef2-a64af7d19e43,1,1000
4500713470,2025-10-03T04:35:04,382,4499.28,REJECTED,32149af9-a4f0-4e80-a73d-490a9faef06f,5,1000
4531598657,2025-09-14T07:30:47,835,4542.15,WAITING,4029508a-afa4-4faf-b175-4bb65b8a4dbb,1,2000
4583363072,2025-07-18T06:22:55,380,3480.44,WAITING,41f3b33b-8871-42fd-90d5-1d1d9f2d5aed,5,1000
4569266225,2025-08-21T02:35:05,689,7711.5,QUOTATION,aa51a37d-2867-459b-8885-b5c8b161616a,3,4000
4530425177,2025-09-25T08:53:46,705,6984.54,QUOTATION,651e8d5b-8636-4635-a934-6f9427d506b8,5,4000
4594619526,2025-06-11T10:04:07,834,5653.51,QUOTATION,17dffc12-ac1a-44ed-ad09-3c824851c624,1,2000
4555956456,2025-09-25T04:58:13,826,3072.2,QUOTATION,3341d7ea-5bed-42e4-82c2-18d0adfbcdf1,4,3000
4597494856,2025-07-20T06:40:34,626,7387.82,REJECTED,384bae62-8ba8-4cac-b8ad-3df4e68bcafa,3,1000
4539507400,2025-09-26T07:50:04,413,1319.72,WAITING,ad64acbd-9045-44ec-9111-f6b3b90cb060,4,2000
4582250597,2025-10-09T00:12:08,330,5175.71,REJECTED,ce1eeb99-74a8-4547-b95c-345102c07d21,4,2000
4500939491,2025-11-07T17:38:20,237,9476.51,WAITING,ce1eeb99-74a8-4547-b95c-345102c07d21,5,4000
4503709019,2025-11-08T22:03:05,349,3360.76,QUOTATION,d7da1df8-a4af-4efe-a657-570c6d350470,3,1000
4555961435,2025-08-13T01:58:13,42,9544.67,WAITING,3d3527a9-4ef5-45d5-83c2-4178789f9921,3,3000
4569018036,2025-11-15T14:50:03,613,6442.88,APPROVED,a1a6e723-19c6-46fd-a584-917efe27f127,2,2000
4525391552,2025-07-11T14:13:13,589,2350.13,APPROVED,41f3b33b-8871-42fd-90d5-1d1d9f2d5aed,3,3000
4590124108,2025-06-05T09:46:27,545,1723.79,WAITING,975480d4-8c15-44ba-8c55-a9938bdaa2c4,1,3000
4502394366,2025-06-21T19:03:48,652,4117.73,APPROVED,d4dbba0a-2b26-4233-9017-bb25b2e860f3,2,4000
4519770453,2025-10-16T02:49:25,219,5774.24,APPROVED,cea90057-5542-4a9f-8ad8-2fa263b39b7b,2,4000
4592711284,2025-06-15T15:58:45,6,3783.71,APPROVED,0c328cd6-def4-4097-8b5d-ef9b4362cfd3,3,1000
4518924925,2025-09-04T12:53:31,513,3391.91,APPROVED,b577718c-a2a9-4f8a-a41c-7cac0d102aab,2,1000
4555305597,2025-07-28T03:32:24,761,8856.12,QUOTATION,3f3292d8-3056-42da-9ec5-d080c252a223,3,2000
4525178735,2025-10-21T00:56:16,859,8205.92,QUOTATION,ce1eeb99-74a8-4547-b95c-345102c07d21,1,1000
4582962599,2025-06-14T12:58:38,472,7925.02,QUOTATION,2c6e3cb9-21cb-4de6-ae38-f117a3cbdfe2,3,4000
4510301110,2025-08-07T06:19:54,878,9602.14,REJECTED,d5b6a98e-464a-4e85-ad1c-7fd6be7df835,2,1000
4588325028,2025-11-19T14:15:50,567,4471.55,REJECTED,daffc87a-fdb5-424e-9155-782c6cd1b731,5,1000
4528980852,2025-11-15T06:45:14,338,6115.02,REJECTED,68681084-7b12-4fd9-9704-7da3802cb451,2,1000
4585262015,2025-08-14T11:00:01,994,7877.27,QUOTATION,3d3527a9-4ef5-45d5-83c2-4178789f9921,5,3000
4518075518,2025-11-26T01:15:34,246,9988.71,APPROVED,b0154cbb-c693-4062-88b9-a8acf4402b56,5,1000
4532004483,2025-11-02T22:10:17,75,3589.8,APPROVED,9c7454a7-b80c-4d19-b841-4c0343b75add,2,2000
4512801501,2025-08-22T13:35:50,384,8868.81,REJECTED,9ec93c76-9578-4947-a5ca-def516b026cb,2,4000
4535780599,2025-09-09T00:39:30,282,826.11,REJECTED,3ee51816-f540-45e6-8401-474c5df84e78,1,4000
4536931636,2025-06-14T02:19:12,994,3143.61,QUOTATION,d0d94739-009d-44aa-ae3d-8c35a65083c5,2,2000
4544856736,2025-11-08T23:22:05,247,1811.47,QUOTATION,ad64acbd-9045-44ec-9111-f6b3b90cb060,3,2000
4599375022,2025-10-13T16:59:57,804,8794.66,REJECTED,4a2d279e-2495-496f-80d9-bc5a45e3b6b4,5,1000
4554927451,2025-09-08T07:13:09,17,9392.78,QUOTATION,f6dd041e-f994-407c-9a1b-2ee8a39b9b25,3,4000
4530208716,2025-10-15T09:23:17,452,9194.81,QUOTATION,00a417fb-f2b9-4bb8-90c0-0787c3f2e3c7,5,2000
4552669862,2025-08-21T01:15:11,312,3408.72,WAITING,fe53d2be-049c-47fa-871a-c4a8b1a10e40,2,1000
4508300697,2025-08-07T01:14:11,450,2375.84,QUOTATION,0e752cfe-75ff-427d-8214-57710b509b33,1,1000
4573588750,2025-09-27T01:15:06,456,4800.64,WAITING,5c250769-58e7-4a67-92b8-05566aab2cd0,3,4000
4529154434,2025-09-16T02:46:12,325,8230.09,WAITING,b020551c-5fe7-45ea-881a-6fa78332362d,4,3000
4568444885,2025-10-20T00:59:04,55,1217.65,APPROVED,b0154cbb-c693-4062-88b9-a8acf4402b56,3,3000
4596837810,2025-06-05T06:48:56,730,9065.59,QUOTATION,2c6e3cb9-21cb-4de6-ae38-f117a3cbdfe2,5,3000
4517200087,2025-09-26T22:41:30,896,6065.33,REJECTED,a4926703-442b-4179-808a-04de7d4e1015,1,4000
4583173805,2025-09-14T15:14:41,268,3227.75,REJECTED,f6979cad-3c89-4280-985d-d7f07aaa8c2b,5,1000
4518775633,2025-09-01T23:39:05,558,7401.8,WAITING,dbce3e63-1a5c-4595-a1f9-d09c3d978567,4,1000
4587026804,2025-09-15T19:31:55,746,8637.24,WAITING,da731710-48f7-4c02-8dd6-917ff4c62e3b,1,4000
4575493415,2025-06-01T23:17:45,977,1749.82,REJECTED,d5b6a98e-464a-4e85-ad1c-7fd6be7df835,3,4000
4550934555,2025-11-06T17:36:36,248,3581.77,QUOTATION,51991c98-a328-457f-a862-0962b2d30ddc,3,4000
4594884593,2025-09-06T08:08:44,336,3828.11,QUOTATION,daffc87a-fdb5-424e-9155-782c6cd1b731,1,1000
4573983006,2025-09-02T22:00:02,203,2289.78,QUOTATION,fffeaf8f-4b6b-4357-a309-89f4769c36da,1,2000
4580352433,2025-08-10T11:44:14,375,5102.98,APPROVED,31ac60a6-1bc1-442c-ae10-4a420f770538,3,3000
4568383238,2025-09-04T21:22:01,505,3244.21,REJECTED,9ec93c76-9578-4947-a5ca-def516b026cb,3,3000
4524084708,2025-08-01T18:44:25,125,6657.41,REJECTED,651e8d5b-8636-4635-a934-6f9427d506b8,1,4000
4573094724,2025-09-02T11:33:21,842,525.5,REJECTED,0b319577-4ab0-4684-b112-b27aad212cb1,1,3000
4527315599,2025-07-20T22:26:58,175,6875.59,WAITING,76fa0c16-dc3a-4a9b-b914-de6a0097f3dc,3,4000
4556054198,2025-10-21T04:20:39,935,6731.53,APPROVED,4029508a-afa4-4faf-b175-4bb65b8a4dbb,2,3000
4563715611,2025-10-09T22:13:00,640,1191.52,REJECTED,32149af9-a4f0-4e80-a73d-490a9faef06f,2,4000
4527400151,2025-10-04T05:04:08,122,4343.1,QUOTATION,ce1eeb99-74a8-4547-b95c-345102c07d21,3,1000
4543216242,2025-08-02T20:35:34,497,771.18,APPROVED,41f3b33b-8871-42fd-90d5-1d1d9f2d5aed,1,2000
4544162828,2025-07-18T01:00:34,255,1715.98,WAITING,6c55f239-a4f0-4edd-afe8-02d129db9eda,3,1000
4572167326,2025-10-13T05:23:01,131,9321.63,REJECTED,ba5b8587-5d45-44ac-9e4e-16cb4b3afecc,1,3000
4547351345,2025-09-10T04:36:30,255,7309.99,QUOTATION,bcebc30c-15e5-48e2-9c32-c86d886f82a0,4,1000
4556775355,2025-07-08T11:01:16,725,4395.83,APPROVED,651e8d5b-8636-4635-a934-6f9427d506b8,5,1000
4510048305,2025-06-10T03:04:53,446,28.87,REJECTED,2c6e3cb9-21cb-4de6-ae38-f117a3cbdfe2,2,4000
4500048214,2025-11-19T15:55:55,695,2845.24,REJECTED,b020551c-5fe7-45ea-881a-6fa78332362d,5,1000
4596862561,2025-09-06T01:22:26,989,1424.31,APPROVED,d4dbba0a-2b26-4233-9017-bb25b2e860f3,2,1000
4539506055,2025-08-20T03:58:47,377,4912.1,APPROVED,41f3b33b-8871-42fd-90d5-1d1d9f2d5aed,1,4000
4574693697,2025-10-23T15:52:47,514,1279.31,QUOTATION,3d3527a9-4ef5-45d5-83c2-4178789f9921,1,4000
4564913816,2025-06-21T16:47:48,952,3424.74,APPROVED,d0d94739-009d-44aa-ae3d-8c35a65083c5,1,4000
4525099137,2025-10-14T09:38:59,158,373.61,WAITING,834a14f7-cbd7-4220-9587-cd61c93c8253,2,2000
4521734448,2025-11-03T21:55:15,607,2037.82,WAITING,fe53d2be-049c-47fa-871a-c4a8b1a10e40,4,3000
4579517278,2025-06-19T06:10:04,502,545.89,REJECTED,0c328cd6-def4-4097-8b5d-ef9b4362cfd3,4,3000
4520712222,2025-09-20T22:46:30,351,190.79,WAITING,b577718c-a2a9-4f8a-a41c-7cac0d102aab,3,3000
4592943989,2025-09-13T09:26:03,512,2313.39,APPROVED,74d238f7-61d4-41c6-9d51-b05f2eddcb36,4,4000
4504438827,2025-06-06T01:44:02,76,8968.14,QUOTATION,da731710-48f7-4c02-8dd6-917ff4c62e3b,5,2000
4584545708,2025-06-20T01:36:02,400,6379.11,REJECTED,ba3d4978-80db-4a12-9f06-e4c698936184,2,2000
4590187383,2025-09-08T10:04:53,630,7017.89,APPROVED,3d3527a9-4ef5-45d5-83c2-4178789f9921,1,4000
4557337570,2025-09-07T14:18:43,482,8149.44,APPROVED,8df0c99e-2745-44ae-94ee-ad79cb114fdb,3,2000
4561246177,2025-08-14T05:08:25,873,3565.49,REJECTED,134244b2-90f7-4d62-8488-d71e29828266,5,4000
4551160575,2025-10-11T23:16:27,363,9338.35,APPROVED,74d238f7-61d4-41c6-9d51-b05f2eddcb36,3,1000
4521558545,2025-09-10T04:08:39,75,1245.13,APPROVED,834a14f7-cbd7-4220-9587-cd61c93c8253,4,1000
4537079243,2025-07-27T16:05:25,234,4896.44,REJECTED,c40f8a37-9024-4fcd-80a6-7917301ba6bd,2,3000
4569113966,2025-06-02T20:45:49,205,9911.21,QUOTATION,9ec93c76-9578-4947-a5ca-def516b026cb,5,3000
4530891220,2025-07-02T21:29:47,407,8663.01,REJECTED,134244b2-90f7-4d62-8488-d71e29828266,1,3000
4567480011,2025-07-26T16:35:03,171,2024.53,APPROVED,b0154cbb-c693-4062-88b9-a8acf4402b56,2,2000
4548910229,2025-11-05T23:56:35,541,7318.85,REJECTED,611eefb3-ef38-4a2e-831a-15aff1dde8f8,3,2000
4511107240,2025-09-13T07:15:29,973,6119.51,APPROVED,a1a6e723-19c6-46fd-a584-917efe27f127,2,2000
4580076094,2025-09-16T17:47:51,833,5502.13,REJECTED,fe53d2be-049c-47fa-871a-c4a8b1a10e40,3,1000
4526407263,2025-11-05T07:58:33,838,6139.99,REJECTED,de541e55-b7b6-404a-8ce0-a6f1ea925750,1,1000
4547609983,2025-07-05T16:26:40,541,7415.3,QUOTATION,791660af-f0db-4fbd-a3a4-86bd38182556,2,1000
4523893892,2025-08-24T12:49:44,146,6209.01,APPROVED,15ddc72a-7103-4a88-a951-49c5aa75affd,5,1000
4563585236,2025-08-01T14:34:43,690,3674.46,REJECTED,de541e55-b7b6-404a-8ce0-a6f1ea925750,4,4000
4570762383,2025-11-25T06:54:01,956,494.35,WAITING,71b893be-0a75-41a7-9a52-bcdb771cc5ec,5,1000
4588886233,2025-07-28T06:36:42,560,9942.72,WAITING,35672019-b6d1-42b4-b906-8819b248182e,1,3000
4534424746,2025-06-18T15:50:00,921,6002.05,WAITING,ea38b7e1-b488-4873-ab04-3066d219b434,5,1000
4578508199,2025-06-04T19:10:46,311,3292.46,WAITING,51991c98-a328-457f-a862-0962b2d30ddc,5,4000
4551908706,2025-10-08T05:23:46,790,4195.11,APPROVED,975480d4-8c15-44ba-8c55-a9938bdaa2c4,1,3000
4567085307,2025-06-18T11:16:12,570,7073.64,APPROVED,cea90057-5542-4a9f-8ad8-2fa263b39b7b,3,4000
4509865316,2025-10-01T01:14:28,248,1704.01,REJECTED,0a58bce2-1697-4c89-b568-ae280f33f982,4,2000
4592020268,2025-06-17T05:28:29,658,9652.22,REJECTED,4029508a-afa4-4faf-b175-4bb65b8a4dbb,5,1000
4502156257,2025-08-22T04:31:02,817,5596.03,QUOTATION,a9da22e7-f42f-4428-9083-96395b7a7e9a,2,2000
4574848170,2025-07-27T03:57:48,626,6507.12,QUOTATION,9a109dc4-7be3-4aec-94bb-ede38f79ae14,5,4000
4587812667,2025-06-09T21:20:38,973,9922.12,QUOTATION,fe53d2be-049c-47fa-871a-c4a8b1a10e40,1,3000
4519776967,2025-08-06T12:48:28,589,9257.93,REJECTED,cea90057-5542-4a9f-8ad8-2fa263b39b7b,2,4000
4532783953,2025-08-10T23:14:30,858,5425.02,REJECTED,0e752cfe-75ff-427d-8214-57710b509b33,2,2000
4512573216,2025-10-19T00:43:33,695,4384.07,WAITING,12a301b9-4c71-4181-a853-d29be7b6bd18,5,1000
4582911438,2025-11-05T13:30:35,921,3094.56,REJECTED,73df3d25-bcec-47a6-8d66-6b628e81ed2d,5,2000
4509546592,2025-09-03T17:49:40,22,2190.38,APPROVED,a1ad3c2b-45ca-491c-8ef2-a64af7d19e43,2,2000
4599997281,2025-10-04T03:58:31,369,5194.02,REJECTED,791660af-f0db-4fbd-a3a4-86bd38182556,1,4000
4566369470,2025-07-12T16:49:27,854,674.34,REJECTED,3f3292d8-3056-42da-9ec5-d080c252a223,4,3000
4584984222,2025-06-18T23:46:47,955,2858.82,APPROVED,9ec93c76-9578-4947-a5ca-def516b026cb,3,4000
4588805195,2025-11-04T13:26:05,18,2517.46,WAITING,915bda23-d2b3-4bab-9d3b-0b701beb76fa,1,1000
4553757433,2025-07-06T11:49:52,719,476.4,QUOTATION,37bf8863-0046-49cb-a72c-f7e41661214b,1,3000
4566203412,2025-10-04T23:44:07,46,7242.5,QUOTATION,8df0c99e-2745-44ae-94ee-ad79cb114fdb,4,3000
4540102403,2025-09-05T16:54:11,312,6173.95,QUOTATION,f524f9ee-95cb-4e66-a6c1-b58f8296e7f3,1,3000
4527199523,2025-10-15T22:06:26,643,3602.93,WAITING,f6dd041e-f994-407c-9a1b-2ee8a39b9b25,2,3000
4564978651,2025-09-21T07:21:10,574,320.31,QUOTATION,37bf8863-0046-49cb-a72c-f7e41661214b,3,2000
4537709868,2025-10-14T14:27:13,607,5846.02,WAITING,f6979cad-3c89-4280-985d-d7f07aaa8c2b,3,2000
4529682574,2025-11-07T13:48:41,666,1989.13,REJECTED,f6dd041e-f994-407c-9a1b-2ee8a39b9b25,4,2000
4574643606,2025-10-16T00:52:20,871,6033.8,QUOTATION,fffeaf8f-4b6b-4357-a309-89f4769c36da,1,4000
4534771576,2025-09-08T10:17:56,713,6571.86,QUOTATION,9567383e-1921-4683-803b-509faa2bc9d5,1,2000
4590075222,2025-11-12T08:49:42,734,8238.48,REJECTED,cf11fe2a-443a-44e9-96b0-e6b91ddfa87d,3,1000
4555985100,2025-06-18T02:50:42,899,6806.43,WAITING,2c7b9d8a-6b92-4a21-a03e-024e434a203d,3,1000
4517100123,2025-11-20T20:53:46,461,4557.46,WAITING,384bae62-8ba8-4cac-b8ad-3df4e68bcafa,3,4000
4535887950,2025-09-15T01:13:00,356,1701.03,REJECTED,a1ad3c2b-45ca-491c-8ef2-a64af7d19e43,4,4000
4528888916,2025-11-23T03:40:53,656,5487.81,REJECTED,05767575-2944-4457-9aa7-06e1dae2ae25,3,4000
4558876211,2025-08-25T23:30:48,258,6500.88,APPROVED,32149af9-a4f0-4e80-a73d-490a9faef06f,3,2000
4531971509,2025-11-27T12:42:13,531,9336.53,APPROVED,791660af-f0db-4fbd-a3a4-86bd38182556,4,2000
4575317657,2025-09-04T08:02:14,979,1520.09,WAITING,b577718c-a2a9-4f8a-a41c-7cac0d102aab,5,3000
4514277884,2025-11-06T23:18:47,660,6545.97,QUOTATION,fe53d2be-049c-47fa-871a-c4a8b1a10e40,5,3000
4525326078,2025-11-21T16:48:53,518,8202.55,REJECTED,3341d7ea-5bed-42e4-82c2-18d0adfbcdf1,5,3000
4554428823,2025-11-13T16:26:40,820,9382.04,WAITING,791660af-f0db-4fbd-a3a4-86bd38182556,5,4000
4575795918,2025-08-05T19:02:13,981,7906.7,QUOTATION,3ee51816-f540-45e6-8401-474c5df84e78,1,2000
4585645745,2025-11-27T14:31:16,457,7549.14,REJECTED,6cc3c3b9-23fa-4969-8791-af89dedc62c9,5,2000
4561849490,2025-11-03T22:27:44,275,1303.86,APPROVED,28d388a1-0e70-41d0-a8a1-abb9e3263b7b,2,2000
4574838454,2025-09-28T07:24:45,590,671.51,REJECTED,68681084-7b12-4fd9-9704-7da3802cb451,2,4000
4592027660,2025-06-09T09:27:29,925,2772.67,APPROVED,0e752cfe-75ff-427d-8214-57710b509b33,1,3000
4565427396,2025-07-07T01:05:12,926,3921.65,REJECTED,e7ba4d18-37bf-472c-9d3a-7756c21a55c9,4,4000
4539108347,2025-11-15T11:22:24,766,7992.16,WAITING,31ac60a6-1bc1-442c-ae10-4a420f770538,3,1000
4574093988,2025-09-13T14:55:18,401,9069.84,APPROVED,12a301b9-4c71-4181-a853-d29be7b6bd18,4,1000
4513392831,2025-08-25T07:29:05,315,6138.01,QUOTATION,31ac60a6-1bc1-442c-ae10-4a420f770538,2,3000
4559768771,2025-06-20T07:43:46,248,6908.41,WAITING,ba5b8587-5d45-44ac-9e4e-16cb4b3afecc,2,4000
4549456169,2025-11-25T04:52:15,236,7825.5,REJECTED,aa51a37d-2867-459b-8885-b5c8b161616a,2,2000
4501562569,2025-09-04T09:13:53,746,1527.71,WAITING,ebfe58ef-0dee-41d8-859e-ae2bff66e7fc,1,1000
4565117026,2025-08-10T19:02:27,800,4771.92,QUOTATION,c40f8a37-9024-4fcd-80a6-7917301ba6bd,5,2000
4528998190,2025-08-16T03:07:03,839,2523.24,QUOTATION,0c328cd6-def4-4097-8b5d-ef9b4362cfd3,4,1000
4571441048,2025-10-08T07:45:18,479,5052.01,WAITING,dbce3e63-1a5c-4595-a1f9-d09c3d978567,4,4000
4509024806,2025-08-20T11:58:01,862,4120.69,QUOTATION,5c250769-58e7-4a67-92b8-05566aab2cd0,3,1000
4591044044,2025-11-23T10:12:21,583,3152.2,REJECTED,d5b6a98e-464a-4e85-ad1c-7fd6be7df835,2,4000
4588006492,2025-10-13T14:24:17,104,8977.81,APPROVED,384bae62-8ba8-4cac-b8ad-3df4e68bcafa,1,3000
4518608988,2025-08-19T17:28:42,555,6833.18,REJECTED,9c7454a7-b80c-4d19-b841-4c0343b75add,1,4000
4560049041,2025-07-19T02:52:56,239,9349.84,QUOTATION,a4926703-442b-4179-808a-04de7d4e1015,1,2000
4595379518,2025-10-11T07:11:09,917,6346.61,REJECTED,6cc3c3b9-23fa-4969-8791-af89dedc62c9,2,4000
4518892074,2025-11-21T12:30:30,409,3284.77,REJECTED,0c328cd6-def4-4097-8b5d-ef9b4362cfd3,1,3000
4507103692,2025-10-02T23:24:04,688,5256.61,APPROVED,2ab670e8-49e3-4a95-9871-d937f77b5927,1,3000
4502773999,2025-09-05T05:54:44,878,4630.97,REJECTED,a1a6e723-19c6-46fd-a584-917efe27f127,4,1000
4573509719,2025-08-10T02:29:06,591,1838.02,WAITING,d5b6a98e-464a-4e85-ad1c-7fd6be7df835,3,1000
4541645217,2025-06-07T01:16:43,731,220.38,QUOTATION,17dffc12-ac1a-44ed-ad09-3c824851c624,2,1000
4521080611,2025-06-16T02:05:55,401,1542.67,WAITING,0e752cfe-75ff-427d-8214-57710b509b33,2,3000
4518312365,2025-06-01T21:10:40,110,6175.94,APPROVED,2ab670e8-49e3-4a95-9871-d937f77b5927,2,3000
4569645533,2025-08-16T13:27:54,676,5251.94,WAITING,68681084-7b12-4fd9-9704-7da3802cb451,4,3000
4558354388,2025-11-03T14:38:08,987,4268.32,APPROVED,a4926703-442b-4179-808a-04de7d4e1015,4,1000
4585163276,2025-06-10T14:24:11,468,8078.71,APPROVED,e7ba4d18-37bf-472c-9d3a-7756c21a55c9,3,4000
4546066073,2025-06-07T21:50:25,443,8747.22,REJECTED,3f3292d8-3056-42da-9ec5-d080c252a223,5,2000
4535333742,2025-08-19T02:11:57,362,9172.72,WAITING,384bae62-8ba8-4cac-b8ad-3df4e68bcafa,4,4000
4571581684,2025-11-04T01:07:59,185,2152.09,APPROVED,41e46c83-90d4-4836-a022-b900a018b3fa,3,2000
4561876780,2025-09-07T07:41:25,761,6689.96,WAITING,3ee51816-f540-45e6-8401-474c5df84e78,3,3000
4591338162,2025-09-19T20:19:31,323,9002.03,REJECTED,71b893be-0a75-41a7-9a52-bcdb771cc5ec,2,4000
4571542741,2025-08-09T11:09:20,292,6945.12,APPROVED,915bda23-d2b3-4bab-9d3b-0b701beb76fa,5,3000
4544889189,2025-09-27T06:23:09,986,7361.03,WAITING,f6dd041e-f994-407c-9a1b-2ee8a39b9b25,2,3000
4551278383,2025-09-24T19:07:49,563,7610.0,QUOTATION,71b893be-0a75-41a7-9a52-bcdb771cc5ec,5,4000
4507443123,2025-06-28T14:37:14,366,9951.0,APPROVED,ce1eeb99-74a8-4547-b95c-345102c07d21,1,1000
4530526728,2025-09-22T15:20:18,120,5533.72,APPROVED,d5b6a98e-464a-4e85-ad1c-7fd6be7df835,3,1000
4557539518,2025-07-04T03:18:25,919,8371.07,QUOTATION,ad64acbd-9045-44ec-9111-f6b3b90cb060,4,3000
4580167237,2025-10-05T03:40:17,107,8029.66,QUOTATION,b577718c-a2a9-4f8a-a41c-7cac0d102aab,2,3000
4569697660,2025-08-19T02:36:29,259,5412.97,REJECTED,8df0c99e-2745-44ae-94ee-ad79cb114fdb,1,2000
4505845622,2025-10-24T09:26:13,553,6015.31,REJECTED,41f3b33b-8871-42fd-90d5-1d1d9f2d5aed,3,4000
4546309967,2025-11-09T00:40:26,178,5182.95,WAITING,ad64acbd-9045-44ec-9111-f6b3b90cb060,3,4000
4547475262,2025-09-07T17:36:30,201,9746.57,REJECTED,b6bbc970-46d2-4ff4-9c52-80f378cfe8ea,2,2000
4561571215,2025-06-15T06:12:11,201,4123.82,QUOTATION,84aadcf6-499b-4416-9a35-3e546eb39a5c,3,4000
4502113734,2025-07-24T15:42:06,516,3906.95,QUOTATION,b020551c-5fe7-45ea-881a-6fa78332362d,4,1000
4516558668,2025-09-05T20:52:03,258,7411.14,REJECTED,2c6e3cb9-21cb-4de6-ae38-f117a3cbdfe2,1,3000
4532881408,2025-11-05T00:24:49,609,2504.28,WAITING,76fa0c16-dc3a-4a9b-b914-de6a0097f3dc,2,3000
4548251162,2025-06-11T20:43:30,286,864.37,QUOTATION,a9da22e7-f42f-4428-9083-96395b7a7e9a,5,1000
4500418826,2025-09-17T09:50:37,49,8388.88,WAITING,3ee51816-f540-45e6-8401-474c5df84e78,3,3000
4507912146,2025-10-16T11:31:09,497,2930.67,WAITING,de541e55-b7b6-404a-8ce0-a6f1ea925750,3,2000
4541927453,2025-08-27T03:48:36,653,6562.44,QUOTATION,6c55f239-a4f0-4edd-afe8-02d129db9eda,2,1000
4514916298,2025-09-05T16:33:18,337,1188.59,WAITING,834a14f7-cbd7-4220-9587-cd61c93c8253,4,1000
4509370802,2025-07-16T14:37:22,715,7161.09,APPROVED,d4dbba0a-2b26-4233-9017-bb25b2e860f3,5,2000
4513229409,2025-11-14T17:03:41,950,8018.65,QUOTATION,915bda23-d2b3-4bab-9d3b-0b701beb76fa,2,3000
4561166203,2025-08-17T07:46:14,529,2387.41,WAITING,f524f9ee-95cb-4e66-a6c1-b58f8296e7f3,1,2000
4522047723,2025-08-20T14:49:53,3,8211.66,REJECTED,fe53d2be-049c-47fa-871a-c4a8b1a10e40,2,4000
4559047368,2025-09-10T20:58:56,974,3121.68,APPROVED,9c7454a7-b80c-4d19-b841-4c0343b75add,1,2000
4579872261,2025-07-17T10:39:22,621,1598.33,APPROVED,00a417fb-f2b9-4bb8-90c0-0787c3f2e3c7,1,1000
4564534575,2025-06-25T03:07:41,257,5218.92,APPROVED,71b893be-0a75-41a7-9a52-bcdb771cc5ec,3,1000
4586668808,2025-09-01T08:55:55,741,7399.23,WAITING,3ee51816-f540-45e6-8401-474c5df84e78,3,3000
4569333178,2025-11-25T18:25:36,132,829.53,QUOTATION,3341d7ea-5bed-42e4-82c2-18d0adfbcdf1,3,4000
4534962703,2025-11-27T16:21:28,915,7624.92,APPROVED,fffeaf8f-4b6b-4357-a309-89f4769c36da,2,3000
4540498095,2025-08-14T20:14:34,955,1514.98,REJECTED,ea38b7e1-b488-4873-ab04-3066d219b434,3,4000
4543868861,2025-06-14T03:16:46,685,6976.9,REJECTED,51991c98-a328-457f-a862-0962b2d30ddc,2,1000
4532424442,2025-11-21T12:43:22,50,5619.42,WAITING,35672019-b6d1-42b4-b906-8819b248182e,3,4000
4539397662,2025-07-21T15:37:12,19,7519.22,REJECTED,32149af9-a4f0-4e80-a73d-490a9faef06f,4,3000
4569570455,2025-09-12T10:03:15,639,6377.22,WAITING,56ae9e46-c0b2-46ca-b51d-5686e00ce4a6,5,3000
4566405803,2025-07-21T23:51:42,427,481.72,REJECTED,9a109dc4-7be3-4aec-94bb-ede38f79ae14,1,3000
4512965962,2025-10-09T02:18:00,190,725.34,QUOTATION,da731710-48f7-4c02-8dd6-917ff4c62e3b,3,4000
4519217711,2025-11-06T08:56:45,966,194.99,QUOTATION,2c7b9d8a-6b92-4a21-a03e-024e434a203d,5,1000
4573196686,2025-09-07T12:17:44,21,5255.54,QUOTATION,b6bbc970-46d2-4ff4-9c52-80f378cfe8ea,3,2000
4507671280,2025-07-28T06:10:07,342,7332.88,QUOTATION,daffc87a-fdb5-424e-9155-782c6cd1b731,1,4000
4573156334,2025-11-15T18:08:28,7,7533.14,REJECTED,a1a6e723-19c6-46fd-a584-917efe27f127,5,4000
4563848192,2025-09-26T22:30:27,300,3385.29,QUOTATION,62117371-6664-4e90-9e4c-e3939789c81a,4,1000
4506672904,2025-07-14T23:14:21,936,9148.84,WAITING,651e8d5b-8636-4635-a934-6f9427d506b8,4,1000
4590511030,2025-07-14T19:29:39,72,9524.31,QUOTATION,84aadcf6-499b-4416-9a35-3e546eb39a5c,1,4000
4512438630,2025-08-19T04:10:41,23,6384.91,APPROVED,41f3b33b-8871-42fd-90d5-1d1d9f2d5aed,2,2000
4587975420,2025-08-28T20:45:04,466,3862.79,APPROVED,ce1eeb99-74a8-4547-b95c-345102c07d21,5,4000
4517430919,2025-11-18T15:55:20,437,6051.85,WAITING,fffeaf8f-4b6b-4357-a309-89f4769c36da,4,2000
4553997363,2025-06-11T18:54:44,992,6181.35,APPROVED,4a5df305-6d85-4b5a-81ca-b2a776017f8f,4,4000
4500359363,2025-10-24T23:36:32,672,8242.78,APPROVED,791660af-f0db-4fbd-a3a4-86bd38182556,1,3000
4549631747,2025-09-01T23:39:35,927,5952.33,QUOTATION,ce1eeb99-74a8-4547-b95c-345102c07d21,5,1000
4559883147,2025-08-07T17:30:25,851,964.44,APPROVED,5c250769-58e7-4a67-92b8-05566aab2cd0,1,1000
4568977217,2025-07-26T01:15:49,507,7826.51,APPROVED,00a417fb-f2b9-4bb8-90c0-0787c3f2e3c7,2,1000
4514773271,2025-06-26T14:51:53,635,6747.61,WAITING,77b34563-244c-46da-b014-af1a9c7fa9e4,5,4000
4594440785,2025-09-15T18:35:49,474,62.23,APPROVED,3c65561d-5119-4985-87e7-48965fe9f62c,3,1000
4509064677,2025-11-20T06:28:51,107,6241.87,WAITING,f6dd041e-f994-407c-9a1b-2ee8a39b9b25,3,3000
4594365664,2025-10-18T08:47:41,651,5810.96,REJECTED,15ddc72a-7103-4a88-a951-49c5aa75affd,3,2000
4512000763,2025-06-06T20:33:01,129,4715.18,APPROVED,3f3292d8-3056-42da-9ec5-d080c252a223,1,2000
4570121840,2025-06-13T15:00:07,441,2018.01,APPROVED,74d238f7-61d4-41c6-9d51-b05f2eddcb36,3,4000
4565548394,2025-09-23T09:05:07,916,5866.62,APPROVED,12a301b9-4c71-4181-a853-d29be7b6bd18,4,3000
4523751208,2025-08-22T11:26:17,483,3368.03,QUOTATION,f524f9ee-95cb-4e66-a6c1-b58f8296e7f3,1,3000
4583944267,2025-11-19T15:56:31,940,998.84,WAITING,b0154cbb-c693-4062-88b9-a8acf4402b56,4,2000
4502820679,2025-09-01T07:21:07,124,9734.61,QUOTATION,2ab670e8-49e3-4a95-9871-d937f77b5927,2,4000
4505105562,2025-11-05T12:01:13,425,4855.33,QUOTATION,3c65561d-5119-4985-87e7-48965fe9f62c,2,1000
4587846301,2025-06-17T20:07:12,844,6350.43,QUOTATION,2c7b9d8a-6b92-4a21-a03e-024e434a203d,5,2000
4591495954,2025-06-01T12:53:05,374,2257.58,WAITING,834a14f7-cbd7-4220-9587-cd61c93c8253,1,4000
4593855504,2025-08-08T20:53:13,281,4986.6,QUOTATION,ebfe58ef-0dee-41d8-859e-ae2bff66e7fc,1,1000
4549606124,2025-09-18T18:25:24,836,4346.44,REJECTED,71b893be-0a75-41a7-9a52-bcdb771cc5ec,5,2000
4528880172,2025-09-04T17:06:12,553,2254.81,REJECTED,01bb5e4b-33d3-4db2-85a2-499f5c9e31b4,3,2000
4573464612,2025-07-11T05:22:22,12,4491.53,REJECTED,975480d4-8c15-44ba-8c55-a9938bdaa2c4,5,3000
4528900719,2025-09-19T15:35:28,640,2266.5,WAITING,82ebf1b0-6982-4deb-ac51-c7a6d0a68c5d,5,3000
4515479156,2025-06-09T23:25:54,679,3919.39,APPROVED,3ee51816-f540-45e6-8401-474c5df84e78,5,4000
4553854768,2025-06-27T06:01:05,556,8808.55,WAITING,fcc9df1e-2761-4b55-8f60-015b21066d78,4,2000
4587723265,2025-07-03T11:28:52,242,3328.35,REJECTED,ebfe58ef-0dee-41d8-859e-ae2bff66e7fc,1,3000
4578171633,2025-07-10T13:47:36,416,9284.69,REJECTED,134244b2-90f7-4d62-8488-d71e29828266,2,2000
4535515936,2025-10-11T00:13:44,582,200.05,QUOTATION,e7ba4d18-37bf-472c-9d3a-7756c21a55c9,2,3000
4527802285,2025-11-12T13:21:08,934,8792.63,APPROVED,d7da1df8-a4af-4efe-a657-570c6d350470,4,1000
4559886962,2025-09-12T23:15:02,432,475.65,WAITING,56ae9e46-c0b2-46ca-b51d-5686e00ce4a6,2,4000
4570928187,2025-06-21T13:57:49,88,9446.96,REJECTED,5257f4f1-580e-4eb3-89f9-6cae458e4509,1,4000
4519799715,2025-09-23T18:00:39,443,4195.84,QUOTATION,b0154cbb-c693-4062-88b9-a8acf4402b56,1,2000
4590285244,2025-10-15T05:52:32,627,1211.54,APPROVED,77b34563-244c-46da-b014-af1a9c7fa9e4,2,4000
4549403449,2025-11-15T07:25:51,37,9286.51,APPROVED,ebfe58ef-0dee-41d8-859e-ae2bff66e7fc,4,3000
4521718651,2025-11-04T14:19:10,531,2161.5,REJECTED,fcc9df1e-2761-4b55-8f60-015b21066d78,2,3000
4526335987,2025-07-05T12:34:25,366,6881.76,REJECTED,3c65561d-5119-4985-87e7-48965fe9f62c,3,2000
4535589957,2025-06-03T07:18:22,78,824.26,WAITING,915bda23-d2b3-4bab-9d3b-0b701beb76fa,2,4000
4518642079,2025-08-26T10:14:44,922,864.85,QUOTATION,17dffc12-ac1a-44ed-ad09-3c824851c624,5,4000
4593415300,2025-07-02T06:52:48,905,4689.39,REJECTED,daffc87a-fdb5-424e-9155-782c6cd1b731,5,4000
4533599939,2025-07-04T22:31:36,560,3217.75,WAITING,41f3b33b-8871-42fd-90d5-1d1d9f2d5aed,1,2000
4504532157,2025-09-28T03:07:20,826,2185.5,APPROVED,84aadcf6-499b-4416-9a35-3e546eb39a5c,2,3000
4528004670,2025-11-28T13:52:42,823,9924.2,APPROVED,a4926703-442b-4179-808a-04de7d4e1015,3,1000
4569526671,2025-08-13T20:43:56,69,9034.26,REJECTED,71b893be-0a75-41a7-9a52-bcdb771cc5ec,1,4000
4554080306,2025-11-10T09:08:14,13,2757.92,WAITING,110f8801-eea1-420d-98e6-dd439569747b,1,3000
4571141149,2025-07-05T23:26:07,528,7449.98,QUOTATION,41f3b33b-8871-42fd-90d5-1d1d9f2d5aed,5,1000
4522050432,2025-11-16T23:31:49,931,9473.16,QUOTATION,4029508a-afa4-4faf-b175-4bb65b8a4dbb,2,2000
4557875073,2025-08-28T10:36:21,421,1077.95,WAITING,01bb5e4b-33d3-4db2-85a2-499f5c9e31b4,3,3000
4572097080,2025-11-19T23:33:58,159,4634.24,APPROVED,56ae9e46-c0b2-46ca-b51d-5686e00ce4a6,1,3000
4585915736,2025-08-16T20:51:11,914,8146.85,REJECTED,0b319577-4ab0-4684-b112-b27aad212cb1,3,4000
4527450632,2025-10-27T06:25:49,401,7021.87,QUOTATION,71b893be-0a75-41a7-9a52-bcdb771cc5ec,3,1000
4538013090,2025-11-18T14:46:03,735,351.97,REJECTED,56ae9e46-c0b2-46ca-b51d-5686e00ce4a6,3,4000
4543443776,2025-07-14T15:07:54,542,6533.58,APPROVED,110f8801-eea1-420d-98e6-dd439569747b,3,1000
4567852949,2025-07-26T10:42:26,480,8731.09,APPROVED,a1a6e723-19c6-46fd-a584-917efe27f127,4,3000
4518370864,2025-10-24T06:49:50,95,8466.67,QUOTATION,15ddc72a-7103-4a88-a951-49c5aa75affd,4,1000
4560096296,2025-06-04T18:22:09,36,6270.13,APPROVED,de541e55-b7b6-404a-8ce0-a6f1ea925750,1,3000
4517859868,2025-09-24T05:24:06,654,5826.67,WAITING,41f3b33b-8871-42fd-90d5-1d1d9f2d5aed,2,1000
4521528890,2025-06-09T04:51:41,850,3236.14,APPROVED,b0154cbb-c693-4062-88b9-a8acf4402b56,3,3000
4592427785,2025-07-08T02:53:40,473,5449.23,REJECTED,6cc3c3b9-23fa-4969-8791-af89dedc62c9,5,2000
4542212474,2025-07-23T07:56:02,245,431.21,QUOTATION,d7da1df8-a4af-4efe-a657-570c6d350470,2,3000
4578432727,2025-09-27T18:58:09,445,5218.56,APPROVED,c40f8a37-9024-4fcd-80a6-7917301ba6bd,3,1000
4597361989,2025-08-13T23:43:10,383,3871.69,APPROVED,3c65561d-5119-4985-87e7-48965fe9f62c,5,4000
4569295741,2025-11-13T20:09:03,539,893.08,REJECTED,32149af9-a4f0-4e80-a73d-490a9faef06f,5,1000
4555484851,2025-07-10T05:04:05,66,5189.79,WAITING,ea38b7e1-b488-4873-ab04-3066d219b434,2,3000
4550910077,2025-07-14T15:33:10,304,8197.97,WAITING,3f3292d8-3056-42da-9ec5-d080c252a223,5,1000
4514089337,2025-08-12T16:41:02,502,5981.53,APPROVED,0f7e95f4-4fb9-4987-a1e1-5264880e721e,1,1000
4555958811,2025-07-14T09:54:01,653,8412.8,APPROVED,611eefb3-ef38-4a2e-831a-15aff1dde8f8,4,4000
4538659416,2025-09-03T06:49:05,479,8045.04,WAITING,a1ad3c2b-45ca-491c-8ef2-a64af7d19e43,5,3000
4527829723,2025-07-28T23:13:08,601,8484.38,WAITING,9ec93c76-9578-4947-a5ca-def516b026cb,4,2000
4581694173,2025-10-14T05:15:00,326,4481.65,APPROVED,73df3d25-bcec-47a6-8d66-6b628e81ed2d,1,2000
4566856144,2025-11-14T19:12:40,957,1312.22,REJECTED,aa51a37d-2867-459b-8885-b5c8b161616a,1,2000
4534486557,2025-11-27T13:53:53,884,7698.74,APPROVED,f524f9ee-95cb-4e66-a6c1-b58f8296e7f3,1,1000
4537588310,2025-07-01T12:47:12,330,9290.57,APPROVED,2c6e3cb9-21cb-4de6-ae38-f117a3cbdfe2,4,3000
4561703953,2025-07-21T20:43:51,226,64.7,REJECTED,05767575-2944-4457-9aa7-06e1dae2ae25,2,2000
4500785496,2025-06-11T13:02:15,762,9460.27,QUOTATION,82ebf1b0-6982-4deb-ac51-c7a6d0a68c5d,1,4000
4591704933,2025-06-20T21:01:23,503,4089.83,REJECTED,975480d4-8c15-44ba-8c55-a9938bdaa2c4,2,2000
4524915779,2025-06-24T06:54:24,361,2077.1,APPROVED,12a301b9-4c71-4181-a853-d29be7b6bd18,1,3000
4571469022,2025-10-17T06:19:56,752,7169.61,QUOTATION,6cc3c3b9-23fa-4969-8791-af89dedc62c9,1,2000
4572499392,2025-09-14T22:44:44,755,1941.93,APPROVED,2c7b9d8a-6b92-4a21-a03e-024e434a203d,1,4000
4521710928,2025-09-28T09:54:41,990,5339.34,REJECTED,791660af-f0db-4fbd-a3a4-86bd38182556,4,1000
4533968575,2025-06-06T20:27:27,372,1723.44,WAITING,0c328cd6-def4-4097-8b5d-ef9b4362cfd3,2,1000
4529548773,2025-10-14T01:00:19,477,9455.68,QUOTATION,ad64acbd-9045-44ec-9111-f6b3b90cb060,1,2000
4550178325,2025-08-05T23:00:53,51,9319.79,REJECTED,975480d4-8c15-44ba-8c55-a9938bdaa2c4,4,1000
4569149373,2025-11-25T15:49:38,201,8863.82,QUOTATION,cea90057-5542-4a9f-8ad8-2fa263b39b7b,3,1000
4541956325,2025-11-08T14:34:38,174,5175.7,REJECTED,4a5df305-6d85-4b5a-81ca-b2a776017f8f,1,1000
4565334444,2025-11-07T04:53:54,500,4964.58,APPROVED,651e8d5b-8636-4635-a934-6f9427d506b8,5,4000
4504869545,2025-09-11T17:21:06,15,3203.66,APPROVED,ba5b8587-5d45-44ac-9e4e-16cb4b3afecc,4,1000
4515252879,2025-07-10T09:03:04,222,2484.64,QUOTATION,b020551c-5fe7-45ea-881a-6fa78332362d,2,2000
4523808874,2025-10-04T05:07:15,590,6265.26,REJECTED,dbce3e63-1a5c-4595-a1f9-d09c3d978567,3,2000
4575693165,2025-06-05T07:57:04,899,1016.46,REJECTED,82ebf1b0-6982-4deb-ac51-c7a6d0a68c5d,1,4000
4559879523,2025-09-15T10:08:16,823,8585.34,REJECTED,a1a6e723-19c6-46fd-a584-917efe27f127,4,1000
4523235727,2025-11-26T04:22:34,992,7736.3,WAITING,12a301b9-4c71-4181-a853-d29be7b6bd18,2,4000
4534743323,2025-07-12T23:18:25,747,6450.64,APPROVED,3f3292d8-3056-42da-9ec5-d080c252a223,4,3000
4561454186,2025-06-22T22:36:25,741,4494.18,WAITING,791660af-f0db-4fbd-a3a4-86bd38182556,4,1000
4585517308,2025-09-17T19:21:36,361,306.0,WAITING,a1a6e723-19c6-46fd-a584-917efe27f127,5,3000
4552255663,2025-06-09T18:12:50,46,4265.85,REJECTED,9567383e-1921-4683-803b-509faa2bc9d5,4,1000
4539130935,2025-08-17T02:59:27,757,3074.72,QUOTATION,611eefb3-ef38-4a2e-831a-15aff1dde8f8,3,1000
4518414861,2025-08-03T22:40:23,715,9689.09,WAITING,975480d4-8c15-44ba-8c55-a9938bdaa2c4,2,3000
4506411762,2025-06-08T15:31:52,419,3354.44,WAITING,a9da22e7-f42f-4428-9083-96395b7a7e9a,4,1000
4520200460,2025-10-22T01:21:40,383,493.87,REJECTED,110f8801-eea1-420d-98e6-dd439569747b,2,2000
4547367922,2025-11-06T07:09:29,959,1118.24,WAITING,4a2d279e-2495-496f-80d9-bc5a45e3b6b4,3,2000
4552770749,2025-09-17T07:33:35,458,2021.93,QUOTATION,bcebc30c-15e5-48e2-9c32-c86d886f82a0,3,4000
4513637672,2025-08-13T21:53:08,523,7226.85,APPROVED,5257f4f1-580e-4eb3-89f9-6cae458e4509,3,3000
4535830487,2025-11-03T00:27:58,362,9504.52,APPROVED,a9da22e7-f42f-4428-9083-96395b7a7e9a,1,3000
4568546333,2025-08-03T04:48:46,524,4993.08,QUOTATION,f6979cad-3c89-4280-985d-d7f07aaa8c2b,3,3000
4541717374,2025-11-01T15:34:23,228,3371.67,QUOTATION,408c4fe5-9066-4997-8f1c-ad8daae4b1f6,2,1000
4509677077,2025-09-09T19:12:06,526,6663.9,REJECTED,eb8e5632-45d0-47e9-bcc0-ee76bf030643,5,1000
4577755270,2025-08-12T18:45:41,970,6085.17,APPROVED,2cf52c48-a37c-4244-a030-3fe16c443ecd,2,1000
4566767793,2025-10-03T08:44:24,507,7358.0,WAITING,f6dd041e-f994-407c-9a1b-2ee8a39b9b25,2,1000
4575157250,2025-09-14T23:26:36,852,8504.66,APPROVED,384bae62-8ba8-4cac-b8ad-3df4e68bcafa,3,2000
4546062576,2025-06-07T00:17:57,752,1424.31,WAITING,611eefb3-ef38-4a2e-831a-15aff1dde8f8,4,1000
4569311675,2025-06-02T19:57:03,916,8792.78,REJECTED,e069016d-d217-4fbc-b438-1e8790b731fb,4,2000
4536486173,2025-06-04T15:28:05,155,9081.9,WAITING,3f3292d8-3056-42da-9ec5-d080c252a223,4,3000
4561225468,2025-11-11T10:04:58,817,2739.58,APPROVED,2c6e3cb9-21cb-4de6-ae38-f117a3cbdfe2,4,3000
4523026353,2025-06-17T06:09:33,127,1653.72,QUOTATION,9c7454a7-b80c-4d19-b841-4c0343b75add,1,1000
4547191884,2025-10-06T14:53:03,194,2036.31,WAITING,4a5df305-6d85-4b5a-81ca-b2a776017f8f,2,2000
4540871874,2025-11-16T15:27:18,258,4013.78,REJECTED,791660af-f0db-4fbd-a3a4-86bd38182556,5,1000
4562185968,2025-10-27T23:13:21,338,2290.77,REJECTED,62117371-6664-4e90-9e4c-e3939789c81a,4,1000
4539747855,2025-11-15T00:19:03,687,359.53,QUOTATION,915bda23-d2b3-4bab-9d3b-0b701beb76fa,2,1000
4560919301,2025-08-02T14:28:31,442,52.24,QUOTATION,0c328cd6-def4-4097-8b5d-ef9b4362cfd3,1,3000
4573506723,2025-11-09T10:57:52,942,4661.6,APPROVED,3c65561d-5119-4985-87e7-48965fe9f62c,2,3000
4545538777,2025-08-06T11:11:33,641,7324.08,APPROVED,975480d4-8c15-44ba-8c55-a9938bdaa2c4,1,2000
4539461913,2025-10-28T21:24:53,86,9195.45,QUOTATION,daffc87a-fdb5-424e-9155-782c6cd1b731,4,3000
4576906028,2025-07-27T04:57:44,115,1415.67,QUOTATION,32149af9-a4f0-4e80-a73d-490a9faef06f,3,4000
4500677221,2025-09-17T04:51:07,241,3534.81,WAITING,915bda23-d2b3-4bab-9d3b-0b701beb76fa,5,1000
4527788086,2025-08-27T00:21:41,663,9426.32,WAITING,b0154cbb-c693-4062-88b9-a8acf4402b56,2,1000
4501860855,2025-10-16T22:55:17,828,1105.71,APPROVED,71b893be-0a75-41a7-9a52-bcdb771cc5ec,4,4000
4501031658,2025-10-07T08:06:40,255,6584.7,APPROVED,9fc109ea-2585-4c23-9329-2ccda2d964eb,5,2000
4584884281,2025-06-27T16:35:16,269,2921.61,WAITING,611eefb3-ef38-4a2e-831a-15aff1dde8f8,1,3000
4540385772,2025-10-22T14:34:35,720,6093.39,REJECTED,76fa0c16-dc3a-4a9b-b914-de6a0097f3dc,3,2000
4560587998,2025-10-21T02:45:39,786,8643.42,APPROVED,74d238f7-61d4-41c6-9d51-b05f2eddcb36,5,2000
4513774336,2025-11-07T02:15:43,469,4136.81,APPROVED,0b319577-4ab0-4684-b112-b27aad212cb1,2,3000
4502716267,2025-07-17T01:29:11,1,2384.02,REJECTED,82ebf1b0-6982-4deb-ac51-c7a6d0a68c5d,4,2000
4581811150,2025-08-14T13:43:59,833,959.11,QUOTATION,b6bbc970-46d2-4ff4-9c52-80f378cfe8ea,2,3000
4578856054,2025-08-23T03:45:13,150,9546.75,APPROVED,915bda23-d2b3-4bab-9d3b-0b701beb76fa,3,2000
4507913478,2025-11-14T11:15:58,233,7391.36,WAITING,56ae9e46-c0b2-46ca-b51d-5686e00ce4a6,3,1000
4511204627,2025-11-06T04:58:02,516,7108.96,APPROVED,d0d94739-009d-44aa-ae3d-8c35a65083c5,1,3000
4502013607,2025-09-09T08:52:11,42,2584.51,QUOTATION,35672019-b6d1-42b4-b906-8819b248182e,3,1000
4539628995,2025-08-27T13:09:01,589,1392.65,APPROVED,384bae62-8ba8-4cac-b8ad-3df4e68bcafa,4,2000
4541477679,2025-09-20T18:25:02,466,4132.64,APPROVED,32149af9-a4f0-4e80-a73d-490a9faef06f,1,2000
4589611131,2025-11-14T17:45:23,897,6624.43,APPROVED,a1ad3c2b-45ca-491c-8ef2-a64af7d19e43,5,4000
4503623552,2025-06-23T05:16:15,56,5814.36,QUOTATION,3ee51816-f540-45e6-8401-474c5df84e78,4,1000
4584774963,2025-06-17T07:35:54,873,295.57,REJECTED,ebfe58ef-0dee-41d8-859e-ae2bff66e7fc,2,3000
4593179061,2025-07-25T09:15:39,176,6843.65,APPROVED,2ab670e8-49e3-4a95-9871-d937f77b5927,4,2000
4579074084,2025-11-27T14:43:30,265,1367.51,WAITING,834a14f7-cbd7-4220-9587-cd61c93c8253,5,3000
4574221841,2025-08-19T06:07:01,399,8458.51,APPROVED,110f8801-eea1-420d-98e6-dd439569747b,4,2000
4581161842,2025-08-23T18:10:27,653,5209.95,WAITING,ce1eeb99-74a8-4547-b95c-345102c07d21,2,3000
4583885256,2025-11-09T17:32:10,366,3805.04,APPROVED,aa51a37d-2867-459b-8885-b5c8b161616a,4,4000
4517147396,2025-08-11T07:19:29,198,2565.27,REJECTED,110f8801-eea1-420d-98e6-dd439569747b,3,3000
4535238233,2025-09-28T18:50:18,703,5017.46,QUOTATION,74d238f7-61d4-41c6-9d51-b05f2eddcb36,5,1000
4548242554,2025-06-23T08:32:08,616,5994.21,QUOTATION,da731710-48f7-4c02-8dd6-917ff4c62e3b,4,3000
4562703034,2025-08-16T01:37:02,750,9066.79,REJECTED,f6979cad-3c89-4280-985d-d7f07aaa8c2b,4,2000
4534205387,2025-08-16T08:55:41,185,6697.31,REJECTED,f6979cad-3c89-4280-985d-d7f07aaa8c2b,5,4000
4543381851,2025-09-21T20:53:16,340,6543.98,REJECTED,35672019-b6d1-42b4-b906-8819b248182e,4,3000
4582743382,2025-10-06T12:30:07,643,6941.39,QUOTATION,a1ad3c2b-45ca-491c-8ef2-a64af7d19e43,4,3000
4561656977,2025-07-09T11:05:55,99,9527.51,WAITING,73df3d25-bcec-47a6-8d66-6b628e81ed2d,5,3000
4561926958,2025-07-10T12:27:47,5,6752.94,APPROVED,384bae62-8ba8-4cac-b8ad-3df4e68bcafa,4,1000
4580653226,2025-11-27T20:31:49,953,1596.15,REJECTED,3ee51816-f540-45e6-8401-474c5df84e78,2,1000
4525724723,2025-07-22T03:18:35,628,9676.85,APPROVED,b577718c-a2a9-4f8a-a41c-7cac0d102aab,4,3000
4599308337,2025-11-15T10:54:50,662,8344.13,WAITING,35672019-b6d1-42b4-b906-8819b248182e,5,4000
4568441507,2025-06-09T02:12:39,341,950.79,APPROVED,ebfe58ef-0dee-41d8-859e-ae2bff66e7fc,2,1000
4556258908,2025-10-10T03:27:35,63,8470.92,QUOTATION,17dffc12-ac1a-44ed-ad09-3c824851c624,3,3000
4591406838,2025-07-01T09:35:49,52,2876.7,REJECTED,ce1eeb99-74a8-4547-b95c-345102c07d21,1,4000
4597566426,2025-11-27T05:35:14,618,9894.7,APPROVED,4a2d279e-2495-496f-80d9-bc5a45e3b6b4,4,1000
4519012452,2025-09-09T22:59:43,547,5640.02,REJECTED,41e46c83-90d4-4836-a022-b900a018b3fa,4,1000
4532680206,2025-11-08T17:07:15,124,6198.83,QUOTATION,5c250769-58e7-4a67-92b8-05566aab2cd0,1,3000
4503927727,2025-07-26T03:43:47,614,2123.74,REJECTED,ba5b8587-5d45-44ac-9e4e-16cb4b3afecc,5,3000
4579339690,2025-09-19T14:56:43,312,5587.25,REJECTED,01bb5e4b-33d3-4db2-85a2-499f5c9e31b4,3,2000
4501300496,2025-06-07T02:14:14,366,4252.63,APPROVED,74d238f7-61d4-41c6-9d51-b05f2eddcb36,4,1000
4517111894,2025-10-21T01:50:25,458,9910.66,APPROVED,ea38b7e1-b488-4873-ab04-3066d219b434,4,2000
4524991777,2025-06-26T16:58:02,701,8526.84,APPROVED,41f3b33b-8871-42fd-90d5-1d1d9f2d5aed,5,1000
4551068695,2025-08-03T22:07:55,714,5235.19,APPROVED,bf599d91-442c-4e09-b5ae-b9f08a417d11,5,1000
4569433044,2025-07-01T07:17:05,58,9404.55,REJECTED,b6bbc970-46d2-4ff4-9c52-80f378cfe8ea,2,2000
4563504735,2025-09-27T20:58:20,270,7583.24,APPROVED,cea90057-5542-4a9f-8ad8-2fa263b39b7b,4,3000
4599219603,2025-11-17T12:11:55,785,8980.99,WAITING,4a5df305-6d85-4b5a-81ca-b2a776017f8f,3,1000
4520364000,2025-11-11T23:17:02,788,4896.71,REJECTED,41f3b33b-8871-42fd-90d5-1d1d9f2d5aed,5,3000
4551419239,2025-09-03T19:35:33,761,8347.63,APPROVED,2ab670e8-49e3-4a95-9871-d937f77b5927,5,1000
4574589762,2025-09-08T16:55:43,487,6110.18,QUOTATION,de541e55-b7b6-404a-8ce0-a6f1ea925750,1,2000
4555863515,2025-09-01T18:38:53,421,313.75,QUOTATION,de541e55-b7b6-404a-8ce0-a6f1ea925750,5,3000
4545518420,2025-10-05T04:32:55,966,3749.83,WAITING,eb8e5632-45d0-47e9-bcc0-ee76bf030643,4,1000
4534277574,2025-08-12T05:12:39,485,9467.88,APPROVED,2c7b9d8a-6b92-4a21-a03e-024e434a203d,3,2000
4574635709,2025-10-27T21:49:11,656,2302.77,WAITING,28d388a1-0e70-41d0-a8a1-abb9e3263b7b,2,2000
4592728999,2025-08-27T05:41:30,541,2533.26,WAITING,9567383e-1921-4683-803b-509faa2bc9d5,5,1000
4567619742,2025-08-11T12:25:03,132,3203.13,QUOTATION,9c7454a7-b80c-4d19-b841-4c0343b75add,3,3000
4562923768,2025-07-16T12:48:08,72,8313.46,REJECTED,de541e55-b7b6-404a-8ce0-a6f1ea925750,4,3000
4585654355,2025-08-16T07:26:08,146,9856.26,QUOTATION,74d238f7-61d4-41c6-9d51-b05f2eddcb36,3,2000
4525810352,2025-08-05T15:08:52,844,5169.36,WAITING,daffc87a-fdb5-424e-9155-782c6cd1b731,5,4000
4575258566,2025-06-03T11:11:00,897,3374.81,REJECTED,791660af-f0db-4fbd-a3a4-86bd38182556,1,2000
4512055004,2025-06-07T00:07:15,550,3081.12,APPROVED,05767575-2944-4457-9aa7-06e1dae2ae25,5,1000
4552207707,2025-07-06T23:21:23,446,6114.74,QUOTATION,51991c98-a328-457f-a862-0962b2d30ddc,1,4000
4559173096,2025-10-01T03:32:55,228,5853.55,QUOTATION,35672019-b6d1-42b4-b906-8819b248182e,5,4000
4521876283,2025-07-14T21:53:41,106,284.46,REJECTED,fcc9df1e-2761-4b55-8f60-015b21066d78,1,3000
4574116692,2025-09-12T09:21:13,94,1057.34,APPROVED,68681084-7b12-4fd9-9704-7da3802cb451,2,2000
4526517031,2025-08-11T21:16:08,764,5478.29,WAITING,ea38b7e1-b488-4873-ab04-3066d219b434,5,3000
4510392662,2025-07-04T19:50:05,289,7076.51,WAITING,3c65561d-5119-4985-87e7-48965fe9f62c,4,2000
4527593174,2025-10-19T09:43:56,125,7254.84,APPROVED,8ca5ca23-a910-469b-aec1-73bd31d74ba2,1,1000
4515593751,2025-08-28T06:53:39,597,6812.54,QUOTATION,fe53d2be-049c-47fa-871a-c4a8b1a10e40,2,3000
4585337684,2025-09-09T05:49:25,628,8463.05,WAITING,9ec93c76-9578-4947-a5ca-def516b026cb,5,1000
4525545978,2025-09-26T19:15:41,696,5121.31,QUOTATION,28d388a1-0e70-41d0-a8a1-abb9e3263b7b,2,2000
4511976082,2025-07-18T09:35:15,908,8282.98,APPROVED,71b893be-0a75-41a7-9a52-bcdb771cc5ec,1,3000
4518566426,2025-10-13T12:02:01,481,1810.8,WAITING,35672019-b6d1-42b4-b906-8819b248182e,5,3000
4554167110,2025-08-10T22:29:58,346,6508.06,WAITING,ebfe58ef-0dee-41d8-859e-ae2bff66e7fc,1,3000
4503171371,2025-06-22T00:48:04,674,6926.86,APPROVED,01bb5e4b-33d3-4db2-85a2-499f5c9e31b4,1,1000
4520272901,2025-11-11T23:30:54,179,571.02,QUOTATION,3ee51816-f540-45e6-8401-474c5df84e78,1,2000
4579237691,2025-09-15T00:33:47,859,4223.73,REJECTED,110f8801-eea1-420d-98e6-dd439569747b,3,1000
4501519082,2025-08-28T02:04:31,430,4154.53,WAITING,51991c98-a328-457f-a862-0962b2d30ddc,2,1000
4558072899,2025-06-23T18:29:30,497,1736.38,QUOTATION,ea38b7e1-b488-4873-ab04-3066d219b434,1,3000
4568315504,2025-07-02T02:20:04,471,9057.22,QUOTATION,b577718c-a2a9-4f8a-a41c-7cac0d102aab,5,1000
4505618613,2025-09-27T16:10:06,466,9453.75,REJECTED,71b893be-0a75-41a7-9a52-bcdb771cc5ec,4,1000
4519619910,2025-11-27T23:18:49,739,3212.21,WAITING,17dffc12-ac1a-44ed-ad09-3c824851c624,5,1000
4512574894,2025-07-23T19:29:04,161,4431.16,REJECTED,28d388a1-0e70-41d0-a8a1-abb9e3263b7b,3,4000
4541871448,2025-09-22T20:20:20,525,3492.48,WAITING,5257f4f1-580e-4eb3-89f9-6cae458e4509,5,1000
4586849028,2025-10-26T15:15:00,644,1182.83,QUOTATION,2c7b9d8a-6b92-4a21-a03e-024e434a203d,4,3000
4544687589,2025-09-22T11:27:57,714,5608.36,WAITING,32149af9-a4f0-4e80-a73d-490a9faef06f,5,1000
4581444365,2025-07-23T05:29:56,847,6933.78,APPROVED,00a417fb-f2b9-4bb8-90c0-0787c3f2e3c7,2,2000
4561881748,2025-09-22T14:33:51,158,189.32,QUOTATION,01bb5e4b-33d3-4db2-85a2-499f5c9e31b4,4,1000
4570334771,2025-07-27T19:16:11,88,9522.76,QUOTATION,0439439c-8945-42c4-b079-5340d85df97c,2,1000
4584672095,2025-11-09T17:06:28,371,2311.32,REJECTED,2c7b9d8a-6b92-4a21-a03e-024e434a203d,1,1000
4540751448,2025-08-16T12:09:34,411,7625.89,APPROVED,8df0c99e-2745-44ae-94ee-ad79cb114fdb,4,1000
4535498629,2025-07-14T06:32:01,552,3602.91,WAITING,cf11fe2a-443a-44e9-96b0-e6b91ddfa87d,4,2000
4511422126,2025-09-17T06:32:20,117,7719.58,QUOTATION,73df3d25-bcec-47a6-8d66-6b628e81ed2d,5,4000
4503291676,2025-09-22T16:15:42,131,3425.01,QUOTATION,de541e55-b7b6-404a-8ce0-a6f1ea925750,5,1000
4561012302,2025-09-20T03:37:14,990,1140.91,REJECTED,975480d4-8c15-44ba-8c55-a9938bdaa2c4,5,4000
4557500667,2025-08-18T17:16:38,349,8821.63,WAITING,4a2d279e-2495-496f-80d9-bc5a45e3b6b4,5,1000
4596296597,2025-07-22T16:18:17,28,3865.62,WAITING,15ddc72a-7103-4a88-a951-49c5aa75affd,1,2000
4580852027,2025-10-23T20:53:32,313,3175.08,QUOTATION,0b319577-4ab0-4684-b112-b27aad212cb1,4,4000
4502089472,2025-09-18T20:52:36,658,4135.72,REJECTED,51991c98-a328-457f-a862-0962b2d30ddc,4,3000
4591564531,2025-10-09T07:53:07,917,7401.42,WAITING,0a58bce2-1697-4c89-b568-ae280f33f982,1,3000
4520212928,2025-08-10T03:28:04,628,4371.57,WAITING,a1ad3c2b-45ca-491c-8ef2-a64af7d19e43,2,3000
4519980543,2025-06-05T17:13:08,76,3396.04,APPROVED,05767575-2944-4457-9aa7-06e1dae2ae25,4,2000
4595627306,2025-10-15T03:45:25,934,6068.78,QUOTATION,b577718c-a2a9-4f8a-a41c-7cac0d102aab,5,2000
4524733943,2025-06-21T19:44:14,708,268.84,APPROVED,51991c98-a328-457f-a862-0962b2d30ddc,4,2000
4592979287,2025-10-26T13:14:18,459,8584.02,WAITING,651e8d5b-8636-4635-a934-6f9427d506b8,2,3000
4527376372,2025-10-17T22:45:50,978,767.96,APPROVED,dbce3e63-1a5c-4595-a1f9-d09c3d978567,5,1000
4549750925,2025-10-07T07:37:17,829,2107.96,APPROVED,fffeaf8f-4b6b-4357-a309-89f4769c36da,4,4000
4585047039,2025-09-04T23:25:24,203,5193.25,WAITING,daffc87a-fdb5-424e-9155-782c6cd1b731,4,3000
4523845278,2025-10-18T16:55:33,137,9052.49,WAITING,b577718c-a2a9-4f8a-a41c-7cac0d102aab,5,1000
4534776895,2025-06-27T07:12:32,1000,9848.23,QUOTATION,41f3b33b-8871-42fd-90d5-1d1d9f2d5aed,4,1000
4570880357,2025-10-14T10:56:58,866,3038.28,REJECTED,77b34563-244c-46da-b014-af1a9c7fa9e4,1,3000
4598180691,2025-10-08T15:03:59,583,3074.63,REJECTED,834a14f7-cbd7-4220-9587-cd61c93c8253,4,2000
4549548148,2025-09-28T15:06:00,700,4256.67,QUOTATION,a4926703-442b-4179-808a-04de7d4e1015,5,3000
4564547474,2025-08-07T20:32:46,569,3619.22,WAITING,ad64acbd-9045-44ec-9111-f6b3b90cb060,3,4000
4503031520,2025-06-21T22:19:54,914,9256.32,APPROVED,a1a6e723-19c6-46fd-a584-917efe27f127,5,3000
4503230882,2025-08-28T05:24:34,420,1872.47,REJECTED,01bb5e4b-33d3-4db2-85a2-499f5c9e31b4,4,4000
4596793299,2025-06-15T09:49:33,301,9273.64,APPROVED,82ebf1b0-6982-4deb-ac51-c7a6d0a68c5d,4,2000
4511616435,2025-09-08T09:28:23,946,3316.46,APPROVED,4029508a-afa4-4faf-b175-4bb65b8a4dbb,4,1000
4563106870,2025-06-03T22:01:03,845,4225.9,WAITING,611eefb3-ef38-4a2e-831a-15aff1dde8f8,2,3000
4517594434,2025-09-08T02:22:18,235,9159.03,WAITING,fcc9df1e-2761-4b55-8f60-015b21066d78,4,4000
4549255890,2025-08-04T03:21:13,552,466.11,REJECTED,975480d4-8c15-44ba-8c55-a9938bdaa2c4,3,2000
4591753949,2025-06-03T02:51:48,11,3269.68,REJECTED,0b319577-4ab0-4684-b112-b27aad212cb1,4,1000
4578498236,2025-11-03T03:54:19,784,5008.28,APPROVED,408c4fe5-9066-4997-8f1c-ad8daae4b1f6,1,2000
4524346064,2025-09-12T13:02:55,354,3327.05,REJECTED,d5b6a98e-464a-4e85-ad1c-7fd6be7df835,5,1000
4562408429,2025-08-24T00:59:56,267,2205.57,WAITING,15ddc72a-7103-4a88-a951-49c5aa75affd,2,2000
4593796430,2025-10-03T02:33:39,970,9188.21,REJECTED,9567383e-1921-4683-803b-509faa2bc9d5,5,4000
4567139770,2025-11-15T22:37:45,665,1888.24,APPROVED,0e752cfe-75ff-427d-8214-57710b509b33,2,2000
4515513739,2025-11-01T05:49:38,324,2070.44,WAITING,0a58bce2-1697-4c89-b568-ae280f33f982,5,1000
4575931601,2025-09-07T16:25:10,194,2070.04,APPROVED,51991c98-a328-457f-a862-0962b2d30ddc,2,4000
4531210971,2025-08-03T19:23:23,17,823.87,WAITING,915bda23-d2b3-4bab-9d3b-0b701beb76fa,1,1000
4572229463,2025-11-10T05:28:42,797,2548.63,QUOTATION,a9da22e7-f42f-4428-9083-96395b7a7e9a,1,2000
4543521502,2025-09-16T07:47:41,900,8644.46,QUOTATION,15ddc72a-7103-4a88-a951-49c5aa75affd,3,3000
4598511324,2025-11-18T07:04:42,501,2497.24,REJECTED,0c328cd6-def4-4097-8b5d-ef9b4362cfd3,1,2000
4583394496,2025-06-13T15:51:49,369,1055.54,QUOTATION,9c7454a7-b80c-4d19-b841-4c0343b75add,3,1000
4508033895,2025-06-01T01:55:48,249,8706.65,APPROVED,3ee51816-f540-45e6-8401-474c5df84e78,3,4000
4532310887,2025-10-06T09:21:27,896,5543.6,REJECTED,37bf8863-0046-49cb-a72c-f7e41661214b,3,1000
4556782316,2025-07-18T16:52:43,525,9437.36,WAITING,d7da1df8-a4af-4efe-a657-570c6d350470,2,2000
4551358370,2025-06-24T15:06:43,53,2141.24,QUOTATION,915bda23-d2b3-4bab-9d3b-0b701beb76fa,3,1000
4590365772,2025-08-18T01:20:49,45,4543.21,QUOTATION,b020551c-5fe7-45ea-881a-6fa78332362d,4,3000
4582508003,2025-10-09T22:20:29,575,8458.52,REJECTED,8ca5ca23-a910-469b-aec1-73bd31d74ba2,1,3000
4553460038,2025-10-26T07:28:25,122,5494.38,QUOTATION,68681084-7b12-4fd9-9704-7da3802cb451,3,4000
4595649348,2025-10-20T06:10:50,444,723.05,QUOTATION,2cf52c48-a37c-4244-a030-3fe16c443ecd,2,1000
4564134382,2025-09-26T13:50:06,993,2234.79,QUOTATION,2cf52c48-a37c-4244-a030-3fe16c443ecd,5,2000
4574419290,2025-06-08T22:21:52,375,8464.77,WAITING,3341d7ea-5bed-42e4-82c2-18d0adfbcdf1,2,4000
4540253628,2025-08-28T02:16:03,528,3985.95,REJECTED,a9da22e7-f42f-4428-9083-96395b7a7e9a,5,4000
4536271909,2025-06-13T17:46:45,214,6354.69,QUOTATION,d4dbba0a-2b26-4233-9017-bb25b2e860f3,3,1000
4588755784,2025-10-11T23:46:31,179,9265.1,REJECTED,41e46c83-90d4-4836-a022-b900a018b3fa,1,2000
4587333206,2025-08-17T07:18:51,470,9494.77,REJECTED,5257f4f1-580e-4eb3-89f9-6cae458e4509,3,2000
4565269177,2025-08-12T15:18:25,767,4816.81,QUOTATION,31ac60a6-1bc1-442c-ae10-4a420f770538,1,4000
4540713714,2025-11-26T08:23:56,469,6465.9,APPROVED,fcc9df1e-2761-4b55-8f60-015b21066d78,1,1000
4557287299,2025-06-28T06:51:10,742,6850.65,APPROVED,de541e55-b7b6-404a-8ce0-a6f1ea925750,5,2000
4589409395,2025-06-02T10:25:10,262,5391.33,APPROVED,daffc87a-fdb5-424e-9155-782c6cd1b731,3,1000
4531250487,2025-08-17T20:15:23,578,4415.62,APPROVED,17dffc12-ac1a-44ed-ad09-3c824851c624,1,1000
4580017754,2025-10-02T09:33:39,717,4085.84,APPROVED,d4dbba0a-2b26-4233-9017-bb25b2e860f3,2,3000
4580798049,2025-10-21T19:38:35,455,7360.55,QUOTATION,41e46c83-90d4-4836-a022-b900a018b3fa,3,2000
4510513897,2025-11-21T01:09:04,205,6932.77,WAITING,eb8e5632-45d0-47e9-bcc0-ee76bf030643,1,1000
4583898349,2025-07-27T09:46:26,502,9212.67,QUOTATION,4a2d279e-2495-496f-80d9-bc5a45e3b6b4,1,3000
4574980626,2025-10-09T15:05:04,344,8587.74,WAITING,37bf8863-0046-49cb-a72c-f7e41661214b,3,1000
4519010272,2025-09-08T12:49:14,915,2175.66,WAITING,3ee51816-f540-45e6-8401-474c5df84e78,5,2000
4567346355,2025-07-17T07:18:03,810,8883.71,QUOTATION,a4926703-442b-4179-808a-04de7d4e1015,4,1000
4531418062,2025-09-13T03:20:10,317,4130.43,REJECTED,41f3b33b-8871-42fd-90d5-1d1d9f2d5aed,5,3000
4525947440,2025-07-05T12:22:19,221,5314.91,WAITING,134244b2-90f7-4d62-8488-d71e29828266,3,2000
4502479340,2025-10-28T12:17:30,305,4981.85,APPROVED,b577718c-a2a9-4f8a-a41c-7cac0d102aab,5,4000
4594947477,2025-06-19T01:00:52,422,2075.79,WAITING,0439439c-8945-42c4-b079-5340d85df97c,3,2000
4517913237,2025-07-17T22:56:23,557,4878.52,APPROVED,ad64acbd-9045-44ec-9111-f6b3b90cb060,5,4000
4538134440,2025-11-08T10:24:07,699,7943.93,QUOTATION,4a5df305-6d85-4b5a-81ca-b2a776017f8f,3,1000
4566392895,2025-06-26T14:48:27,540,2493.08,WAITING,00a417fb-f2b9-4bb8-90c0-0787c3f2e3c7,3,4000
4566492085,2025-09-11T01:36:30,677,1116.86,REJECTED,d0d94739-009d-44aa-ae3d-8c35a65083c5,3,3000
4578314584,2025-11-23T20:56:10,942,7153.36,WAITING,41f3b33b-8871-42fd-90d5-1d1d9f2d5aed,4,1000
4598577615,2025-06-26T09:37:42,452,2612.57,REJECTED,35672019-b6d1-42b4-b906-8819b248182e,5,1000
4588799971,2025-10-06T03:06:20,747,1745.99,WAITING,da731710-48f7-4c02-8dd6-917ff4c62e3b,3,4000
4562813701,2025-08-10T00:28:49,256,9542.71,REJECTED,834a14f7-cbd7-4220-9587-cd61c93c8253,1,3000
4529220175,2025-11-13T05:55:13,309,9785.66,QUOTATION,3ee51816-f540-45e6-8401-474c5df84e78,5,2000
4525519614,2025-07-09T12:35:21,876,5255.45,REJECTED,51991c98-a328-457f-a862-0962b2d30ddc,1,4000
4509956792,2025-07-27T23:48:03,153,4865.42,WAITING,110f8801-eea1-420d-98e6-dd439569747b,3,2000
4514574200,2025-08-25T06:51:58,244,7939.97,REJECTED,cea90057-5542-4a9f-8ad8-2fa263b39b7b,2,1000
4528651976,2025-08-03T12:51:09,314,8032.05,APPROVED,ad64acbd-9045-44ec-9111-f6b3b90cb060,2,2000
4550789436,2025-10-06T06:36:07,202,9873.45,APPROVED,975480d4-8c15-44ba-8c55-a9938bdaa2c4,4,3000
4545697618,2025-08-07T23:44:22,155,4312.2,QUOTATION,c40f8a37-9024-4fcd-80a6-7917301ba6bd,4,4000
4552935280,2025-07-03T05:25:38,85,1610.67,WAITING,eb8e5632-45d0-47e9-bcc0-ee76bf030643,5,1000
4514433463,2025-11-16T03:04:43,41,6830.53,REJECTED,f6979cad-3c89-4280-985d-d7f07aaa8c2b,3,1000
4502132827,2025-06-26T07:58:17,535,3261.38,APPROVED,82ebf1b0-6982-4deb-ac51-c7a6d0a68c5d,3,1000
4559971260,2025-10-06T15:20:27,246,1798.76,APPROVED,31ac60a6-1bc1-442c-ae10-4a420f770538,4,2000
4588570244,2025-08-08T12:55:17,566,6819.14,WAITING,975480d4-8c15-44ba-8c55-a9938bdaa2c4,2,1000
4513104631,2025-07-28T11:58:16,189,6869.71,QUOTATION,0b319577-4ab0-4684-b112-b27aad212cb1,3,4000
4534240147,2025-07-17T11:30:00,857,6008.28,REJECTED,ad64acbd-9045-44ec-9111-f6b3b90cb060,2,1000
4509797937,2025-07-05T19:02:31,992,2178.98,QUOTATION,9a109dc4-7be3-4aec-94bb-ede38f79ae14,2,3000
4507041246,2025-07-15T03:03:59,183,1813.82,APPROVED,651e8d5b-8636-4635-a934-6f9427d506b8,2,1000
4553824569,2025-10-15T02:17:23,468,9116.21,APPROVED,d4dbba0a-2b26-4233-9017-bb25b2e860f3,3,2000
4560489006,2025-09-01T21:10:40,681,8111.19,WAITING,3341d7ea-5bed-42e4-82c2-18d0adfbcdf1,3,4000
4581274963,2025-08-11T15:11:58,17,2610.18,REJECTED,b020551c-5fe7-45ea-881a-6fa78332362d,5,4000
4514154767,2025-06-06T22:22:46,374,2370.61,WAITING,12a301b9-4c71-4181-a853-d29be7b6bd18,5,1000
4530039006,2025-09-10T09:58:29,104,8964.46,QUOTATION,9567383e-1921-4683-803b-509faa2bc9d5,4,1000
4500178000,2025-07-26T14:23:00,150,8270.68,QUOTATION,bf599d91-442c-4e09-b5ae-b9f08a417d11,1,3000
4524046404,2025-10-05T18:49:35,333,4408.51,REJECTED,ba5b8587-5d45-44ac-9e4e-16cb4b3afecc,5,1000
4590989938,2025-08-01T05:37:23,503,2265.25,QUOTATION,2c7b9d8a-6b92-4a21-a03e-024e434a203d,2,1000
4597892497,2025-11-08T10:05:52,888,9526.32,WAITING,3f3292d8-3056-42da-9ec5-d080c252a223,1,3000
4519185721,2025-07-04T16:02:24,813,2691.69,REJECTED,0c328cd6-def4-4097-8b5d-ef9b4362cfd3,5,1000
4552537121,2025-11-13T00:04:20,991,2589.27,APPROVED,2c6e3cb9-21cb-4de6-ae38-f117a3cbdfe2,4,4000
4506285393,2025-06-14T00:37:24,12,9806.61,WAITING,a9da22e7-f42f-4428-9083-96395b7a7e9a,4,4000
4568206283,2025-09-12T10:05:36,405,8866.8,WAITING,82ebf1b0-6982-4deb-ac51-c7a6d0a68c5d,3,1000
4504525936,2025-07-25T22:59:16,237,4435.82,APPROVED,0e752cfe-75ff-427d-8214-57710b509b33,5,2000
4584702312,2025-07-21T08:41:12,664,7748.58,APPROVED,2cf52c48-a37c-4244-a030-3fe16c443ecd,5,2000
4511060262,2025-10-15T21:15:25,60,8746.55,APPROVED,4a5df305-6d85-4b5a-81ca-b2a776017f8f,4,3000
4563849123,2025-11-07T01:38:32,535,8664.18,WAITING,15ddc72a-7103-4a88-a951-49c5aa75affd,2,1000
4512843021,2025-11-19T15:49:01,401,5756.22,WAITING,28d388a1-0e70-41d0-a8a1-abb9e3263b7b,2,1000
4503055563,2025-08-08T11:48:00,947,3532.35,WAITING,fe53d2be-049c-47fa-871a-c4a8b1a10e40,3,1000
4580789565,2025-09-01T10:19:27,616,7392.45,APPROVED,73df3d25-bcec-47a6-8d66-6b628e81ed2d,5,1000
4555887682,2025-11-19T13:45:18,112,9155.61,REJECTED,9ec93c76-9578-4947-a5ca-def516b026cb,1,2000
4573008893,2025-06-01T08:48:17,725,9842.62,APPROVED,0c328cd6-def4-4097-8b5d-ef9b4362cfd3,2,3000
4578483834,2025-07-22T11:03:43,722,5749.33,QUOTATION,f524f9ee-95cb-4e66-a6c1-b58f8296e7f3,4,2000
4536382785,2025-06-16T19:23:27,488,7616.19,REJECTED,82ebf1b0-6982-4deb-ac51-c7a6d0a68c5d,4,1000
4555570129,2025-09-02T22:26:48,877,3101.8,QUOTATION,f524f9ee-95cb-4e66-a6c1-b58f8296e7f3,5,4000
4548289853,2025-06-02T19:15:39,878,5318.58,APPROVED,c40f8a37-9024-4fcd-80a6-7917301ba6bd,1,2000
4577775537,2025-07-25T05:01:24,139,5120.22,QUOTATION,ebfe58ef-0dee-41d8-859e-ae2bff66e7fc,4,2000
4523512498,2025-09-13T23:10:42,57,4669.85,QUOTATION,8ca5ca23-a910-469b-aec1-73bd31d74ba2,3,4000
4556252901,2025-06-15T05:02:37,115,5184.34,QUOTATION,ce1eeb99-74a8-4547-b95c-345102c07d21,3,3000
4510727204,2025-08-03T17:15:11,100,5771.39,WAITING,ebfe58ef-0dee-41d8-859e-ae2bff66e7fc,3,1000
4571720771,2025-07-22T16:46:39,430,5642.05,WAITING,408c4fe5-9066-4997-8f1c-ad8daae4b1f6,2,2000
4586167340,2025-11-21T23:35:12,474,4398.0,REJECTED,4a5df305-6d85-4b5a-81ca-b2a776017f8f,4,1000
4533983231,2025-07-13T14:05:44,826,7400.98,APPROVED,bf599d91-442c-4e09-b5ae-b9f08a417d11,3,3000
4567365557,2025-11-08T14:10:57,769,9357.51,REJECTED,fffeaf8f-4b6b-4357-a309-89f4769c36da,5,2000
4512578190,2025-11-15T09:46:39,400,4186.6,WAITING,37bf8863-0046-49cb-a72c-f7e41661214b,4,3000
4584427693,2025-08-16T09:21:42,881,5096.76,APPROVED,6cc3c3b9-23fa-4969-8791-af89dedc62c9,5,3000
4560253364,2025-07-18T01:30:13,842,2471.93,REJECTED,dbce3e63-1a5c-4595-a1f9-d09c3d978567,1,1000
4511366698,2025-06-04T11:50:53,114,5346.74,QUOTATION,0439439c-8945-42c4-b079-5340d85df97c,2,3000
4522870917,2025-08-03T05:37:05,780,7859.09,APPROVED,bcebc30c-15e5-48e2-9c32-c86d886f82a0,2,4000
4517511535,2025-07-25T01:46:11,696,7031.5,QUOTATION,9ec93c76-9578-4947-a5ca-def516b026cb,4,1000
4559641479,2025-11-10T05:22:59,923,719.87,APPROVED,0439439c-8945-42c4-b079-5340d85df97c,5,4000
4576840954,2025-08-28T18:19:09,156,1801.08,QUOTATION,0439439c-8945-42c4-b079-5340d85df97c,2,3000
4533260768,2025-10-12T20:49:47,989,458.93,REJECTED,4a5df305-6d85-4b5a-81ca-b2a776017f8f,3,1000
4533924262,2025-09-28T22:12:44,47,7990.42,QUOTATION,84aadcf6-499b-4416-9a35-3e546eb39a5c,1,1000
4501598277,2025-09-16T15:10:41,714,1497.55,QUOTATION,f524f9ee-95cb-4e66-a6c1-b58f8296e7f3,4,2000
4512537515,2025-06-11T01:11:28,945,9529.91,REJECTED,aa51a37d-2867-459b-8885-b5c8b161616a,5,4000
4519719258,2025-10-16T23:30:00,901,5335.26,REJECTED,bcebc30c-15e5-48e2-9c32-c86d886f82a0,4,1000
4565655300,2025-09-18T22:40:36,51,3857.92,REJECTED,834a14f7-cbd7-4220-9587-cd61c93c8253,3,4000
4588467761,2025-07-16T06:04:00,295,7666.36,APPROVED,73df3d25-bcec-47a6-8d66-6b628e81ed2d,3,3000
4532265277,2025-07-15T03:43:28,494,5075.7,APPROVED,68681084-7b12-4fd9-9704-7da3802cb451,3,1000
4544778408,2025-08-16T08:00:52,676,3510.94,QUOTATION,fffeaf8f-4b6b-4357-a309-89f4769c36da,3,3000
4555752459,2025-08-15T13:10:36,170,3243.37,APPROVED,37bf8863-0046-49cb-a72c-f7e41661214b,3,4000
4569428897,2025-11-27T22:41:17,898,7916.46,APPROVED,fcc9df1e-2761-4b55-8f60-015b21066d78,4,2000
4585091422,2025-06-11T00:18:14,717,7154.94,APPROVED,8df0c99e-2745-44ae-94ee-ad79cb114fdb,4,4000
4566375844,2025-07-25T06:33:31,449,8399.45,APPROVED,915bda23-d2b3-4bab-9d3b-0b701beb76fa,1,1000
4543321200,2025-11-11T05:42:24,501,8511.36,QUOTATION,84aadcf6-499b-4416-9a35-3e546eb39a5c,5,1000
4507408442,2025-11-04T19:58:29,876,494.51,REJECTED,28d388a1-0e70-41d0-a8a1-abb9e3263b7b,1,3000
4563535220,2025-10-21T23:28:16,267,9548.94,APPROVED,32149af9-a4f0-4e80-a73d-490a9faef06f,2,3000
4575349599,2025-08-25T09:47:14,25,5085.48,REJECTED,834a14f7-cbd7-4220-9587-cd61c93c8253,4,1000
4513175463,2025-11-01T19:52:36,954,5328.35,APPROVED,05767575-2944-4457-9aa7-06e1dae2ae25,2,1000
4529816629,2025-08-07T19:34:56,159,9122.21,REJECTED,ad64acbd-9045-44ec-9111-f6b3b90cb060,5,1000
4538073875,2025-06-23T20:03:38,434,3708.97,APPROVED,9ec93c76-9578-4947-a5ca-def516b026cb,1,3000
4567077473,2025-11-19T06:06:44,548,9500.01,QUOTATION,de541e55-b7b6-404a-8ce0-a6f1ea925750,4,3000
4579001251,2025-09-28T18:54:05,406,7867.58,REJECTED,37bf8863-0046-49cb-a72c-f7e41661214b,3,1000
4513572461,2025-10-15T08:16:41,299,6179.18,REJECTED,2ab670e8-49e3-4a95-9871-d937f77b5927,1,1000
4535145060,2025-08-05T12:56:21,163,6500.62,QUOTATION,a1a6e723-19c6-46fd-a584-917efe27f127,5,2000
4576082283,2025-07-13T16:37:02,655,1888.54,QUOTATION,cf11fe2a-443a-44e9-96b0-e6b91ddfa87d,3,1000
4520842649,2025-10-28T12:07:52,940,4760.9,REJECTED,ce1eeb99-74a8-4547-b95c-345102c07d21,4,1000
4585981941,2025-08-07T00:25:28,843,3145.12,WAITING,f6dd041e-f994-407c-9a1b-2ee8a39b9b25,2,1000
4505703878,2025-10-11T18:01:54,258,4484.88,QUOTATION,17dffc12-ac1a-44ed-ad09-3c824851c624,1,4000
4506421921,2025-10-16T06:39:34,968,4369.81,WAITING,2ab670e8-49e3-4a95-9871-d937f77b5927,5,4000
4542170383,2025-11-11T02:26:49,521,6891.59,QUOTATION,4a2d279e-2495-496f-80d9-bc5a45e3b6b4,4,2000
4516583014,2025-09-11T16:50:49,293,8365.46,APPROVED,84aadcf6-499b-4416-9a35-3e546eb39a5c,2,4000
4589610128,2025-07-27T21:21:30,347,9699.54,QUOTATION,ad64acbd-9045-44ec-9111-f6b3b90cb060,3,2000
4551761439,2025-10-23T04:26:21,296,684.31,WAITING,3c65561d-5119-4985-87e7-48965fe9f62c,3,1000
4590115789,2025-10-19T07:37:31,528,3232.55,REJECTED,17dffc12-ac1a-44ed-ad09-3c824851c624,5,1000
4520511007,2025-06-21T01:13:31,609,5072.46,QUOTATION,de541e55-b7b6-404a-8ce0-a6f1ea925750,3,3000
4524175784,2025-06-10T00:14:13,162,5830.53,REJECTED,76fa0c16-dc3a-4a9b-b914-de6a0097f3dc,1,2000
4509886541,2025-10-23T19:03:08,880,4199.91,WAITING,bcebc30c-15e5-48e2-9c32-c86d886f82a0,5,4000
4536100996,2025-06-18T11:11:22,900,9997.39,QUOTATION,2ab670e8-49e3-4a95-9871-d937f77b5927,5,3000
4569461781,2025-07-17T04:46:32,767,9467.66,WAITING,cea90057-5542-4a9f-8ad8-2fa263b39b7b,2,3000
4530927396,2025-08-21T13:33:01,569,4885.92,WAITING,56ae9e46-c0b2-46ca-b51d-5686e00ce4a6,1,3000
4571636210,2025-09-12T13:52:31,334,8320.47,REJECTED,134244b2-90f7-4d62-8488-d71e29828266,4,2000
4568437778,2025-09-14T09:07:48,722,5771.17,WAITING,aa51a37d-2867-459b-8885-b5c8b161616a,3,2000
4597817312,2025-09-01T23:55:29,877,322.95,REJECTED,0439439c-8945-42c4-b079-5340d85df97c,5,2000
4507879709,2025-10-05T04:55:45,763,4218.66,WAITING,31ac60a6-1bc1-442c-ae10-4a420f770538,2,2000
4566377152,2025-08-24T04:27:08,794,536.99,QUOTATION,71b893be-0a75-41a7-9a52-bcdb771cc5ec,5,3000
4508372784,2025-06-19T01:00:21,421,2423.12,REJECTED,daffc87a-fdb5-424e-9155-782c6cd1b731,4,1000
4552859072,2025-10-18T05:16:46,852,5532.71,WAITING,0e752cfe-75ff-427d-8214-57710b509b33,2,3000
4521845824,2025-07-06T12:36:36,333,827.59,WAITING,834a14f7-cbd7-4220-9587-cd61c93c8253,1,2000
4530535726,2025-07-06T08:25:16,215,4486.13,REJECTED,da731710-48f7-4c02-8dd6-917ff4c62e3b,1,1000
4544438094,2025-10-04T10:56:23,32,2095.75,QUOTATION,74d238f7-61d4-41c6-9d51-b05f2eddcb36,1,3000
4524429862,2025-11-10T13:54:37,202,1029.29,APPROVED,9c7454a7-b80c-4d19-b841-4c0343b75add,1,2000
4567564386,2025-07-21T10:30:11,92,5291.05,QUOTATION,de541e55-b7b6-404a-8ce0-a6f1ea925750,5,2000
4556547372,2025-06-25T08:13:02,403,6947.56,REJECTED,d4dbba0a-2b26-4233-9017-bb25b2e860f3,2,2000
4548766113,2025-10-06T06:05:22,748,7007.62,QUOTATION,aa51a37d-2867-459b-8885-b5c8b161616a,5,4000
4558536099,2025-11-19T13:39:45,221,4854.01,APPROVED,2c6e3cb9-21cb-4de6-ae38-f117a3cbdfe2,4,2000
4532771809,2025-07-26T11:06:41,812,2004.7,REJECTED,71b893be-0a75-41a7-9a52-bcdb771cc5ec,5,3000
4532400438,2025-08-28T02:26:12,612,8578.86,QUOTATION,32149af9-a4f0-4e80-a73d-490a9faef06f,2,3000
4582324717,2025-07-08T01:21:27,585,2808.97,WAITING,3c65561d-5119-4985-87e7-48965fe9f62c,4,2000
4599664079,2025-10-21T23:52:49,423,6025.42,APPROVED,ba3d4978-80db-4a12-9f06-e4c698936184,5,1000
4542257178,2025-10-11T19:20:45,577,4785.67,QUOTATION,a1ad3c2b-45ca-491c-8ef2-a64af7d19e43,1,3000
4523811345,2025-11-06T17:04:20,573,903.31,WAITING,15ddc72a-7103-4a88-a951-49c5aa75affd,5,3000
4555556626,2025-11-14T20:33:45,93,3636.21,APPROVED,35672019-b6d1-42b4-b906-8819b248182e,4,3000
4531854759,2025-11-01T15:06:48,271,7018.21,REJECTED,791660af-f0db-4fbd-a3a4-86bd38182556,5,1000
4564250839,2025-10-22T00:47:26,676,113.67,QUOTATION,a1ad3c2b-45ca-491c-8ef2-a64af7d19e43,1,3000
4547322954,2025-06-03T07:03:26,500,6587.14,REJECTED,0e752cfe-75ff-427d-8214-57710b509b33,2,3000
4570665406,2025-11-24T16:03:46,141,1140.17,REJECTED,fe53d2be-049c-47fa-871a-c4a8b1a10e40,2,4000
4533548061,2025-07-20T06:23:34,666,4663.39,APPROVED,384bae62-8ba8-4cac-b8ad-3df4e68bcafa,3,2000
4545713651,2025-06-10T13:49:23,228,6999.53,APPROVED,8df0c99e-2745-44ae-94ee-ad79cb114fdb,5,2000
4566891702,2025-09-22T07:32:20,924,9347.0,WAITING,384bae62-8ba8-4cac-b8ad-3df4e68bcafa,5,3000
4544591376,2025-08-10T10:56:34,853,9005.82,QUOTATION,daffc87a-fdb5-424e-9155-782c6cd1b731,1,3000
4598484751,2025-11-13T09:00:54,522,288.02,APPROVED,c40f8a37-9024-4fcd-80a6-7917301ba6bd,2,4000
4548021480,2025-08-08T07:05:51,813,3872.83,QUOTATION,ad64acbd-9045-44ec-9111-f6b3b90cb060,5,4000
4588117949,2025-09-05T07:58:42,404,745.64,QUOTATION,3d3527a9-4ef5-45d5-83c2-4178789f9921,1,2000
4508285668,2025-06-16T16:36:49,125,4735.25,WAITING,408c4fe5-9066-4997-8f1c-ad8daae4b1f6,2,1000
4525191653,2025-11-23T00:16:54,159,4829.16,APPROVED,a1a6e723-19c6-46fd-a584-917efe27f127,3,1000
4595947094,2025-07-21T19:55:48,274,7532.72,REJECTED,b020551c-5fe7-45ea-881a-6fa78332362d,2,4000
4572666509,2025-08-27T19:15:34,672,76.98,WAITING,a9da22e7-f42f-4428-9083-96395b7a7e9a,3,1000
4579002365,2025-09-28T17:38:20,986,7466.72,APPROVED,b577718c-a2a9-4f8a-a41c-7cac0d102aab,1,1000
4510217382,2025-11-03T12:56:05,33,8266.23,WAITING,a1ad3c2b-45ca-491c-8ef2-a64af7d19e43,4,4000
4598327446,2025-06-08T19:18:33,686,3805.59,WAITING,c40f8a37-9024-4fcd-80a6-7917301ba6bd,4,1000
4582252435,2025-06-09T22:53:09,394,2759.73,WAITING,4a2d279e-2495-496f-80d9-bc5a45e3b6b4,1,2000
4507993408,2025-06-06T04:17:12,730,1210.41,WAITING,37bf8863-0046-49cb-a72c-f7e41661214b,1,1000
4593889484,2025-11-03T17:53:27,106,774.39,QUOTATION,8ca5ca23-a910-469b-aec1-73bd31d74ba2,2,2000
4530302993,2025-06-21T06:18:31,662,4544.23,QUOTATION,0e752cfe-75ff-427d-8214-57710b509b33,4,3000
4574060907,2025-07-06T05:28:02,677,9786.44,REJECTED,408c4fe5-9066-4997-8f1c-ad8daae4b1f6,2,3000
4563997306,2025-10-25T12:01:18,20,6808.06,QUOTATION,ad64acbd-9045-44ec-9111-f6b3b90cb060,3,4000
4575383797,2025-06-23T18:01:13,265,2892.56,REJECTED,3c65561d-5119-4985-87e7-48965fe9f62c,1,2000
4549348950,2025-09-21T03:05:21,649,3434.44,REJECTED,d7da1df8-a4af-4efe-a657-570c6d350470,5,1000
4515660143,2025-08-04T23:00:05,902,9624.63,APPROVED,384bae62-8ba8-4cac-b8ad-3df4e68bcafa,2,4000
4577361954,2025-11-03T23:05:03,259,359.4,APPROVED,2c7b9d8a-6b92-4a21-a03e-024e434a203d,4,4000
4503673773,2025-11-17T11:55:21,913,7520.46,APPROVED,a9da22e7-f42f-4428-9083-96395b7a7e9a,5,4000
4579973084,2025-06-01T22:27:14,440,3832.95,APPROVED,fcc9df1e-2761-4b55-8f60-015b21066d78,5,2000
4541327178,2025-11-09T11:08:31,613,1623.69,WAITING,37bf8863-0046-49cb-a72c-f7e41661214b,1,4000
4570955909,2025-07-14T07:55:54,195,1610.21,WAITING,05767575-2944-4457-9aa7-06e1dae2ae25,5,3000
4519864557,2025-08-11T22:57:06,831,3267.49,QUOTATION,68681084-7b12-4fd9-9704-7da3802cb451,1,2000
4574600791,2025-06-21T10:49:24,194,2888.82,APPROVED,68681084-7b12-4fd9-9704-7da3802cb451,4,2000
4586820364,2025-06-11T22:59:00,72,3181.18,REJECTED,28d388a1-0e70-41d0-a8a1-abb9e3263b7b,5,1000
4505698541,2025-10-09T08:03:37,861,9847.36,APPROVED,611eefb3-ef38-4a2e-831a-15aff1dde8f8,4,3000
4591550012,2025-08-05T04:57:01,274,1280.82,APPROVED,ce1eeb99-74a8-4547-b95c-345102c07d21,4,2000
4517961357,2025-08-01T16:04:04,384,1336.68,APPROVED,ba3d4978-80db-4a12-9f06-e4c698936184,1,1000
4504352415,2025-09-13T15:47:27,463,7180.5,REJECTED,31ac60a6-1bc1-442c-ae10-4a420f770538,2,3000
4582958288,2025-08-26T07:15:56,159,4015.74,APPROVED,71b893be-0a75-41a7-9a52-bcdb771cc5ec,2,1000
4560133382,2025-08-01T04:16:53,784,7336.74,QUOTATION,bf599d91-442c-4e09-b5ae-b9f08a417d11,1,3000
4574030291,2025-07-17T08:18:03,772,8046.06,REJECTED,dbce3e63-1a5c-4595-a1f9-d09c3d978567,2,3000
4582093563,2025-07-15T08:52:15,327,9824.06,WAITING,5257f4f1-580e-4eb3-89f9-6cae458e4509,4,3000
4558435177,2025-10-05T15:15:23,452,1039.31,QUOTATION,834a14f7-cbd7-4220-9587-cd61c93c8253,4,2000
4547422044,2025-08-06T23:58:38,223,1163.64,WAITING,8ca5ca23-a910-469b-aec1-73bd31d74ba2,2,1000
4579498241,2025-08-03T10:05:49,123,275.02,APPROVED,01bb5e4b-33d3-4db2-85a2-499f5c9e31b4,3,1000
4544800870,2025-09-02T03:07:56,127,6401.78,APPROVED,3f3292d8-3056-42da-9ec5-d080c252a223,1,4000
4525497517,2025-09-16T12:18:06,939,6611.0,WAITING,cea90057-5542-4a9f-8ad8-2fa263b39b7b,5,3000
4540337088,2025-08-27T19:20:58,374,5394.43,REJECTED,56ae9e46-c0b2-46ca-b51d-5686e00ce4a6,5,3000
4577419002,2025-07-13T03:59:45,882,2434.79,APPROVED,77b34563-244c-46da-b014-af1a9c7fa9e4,1,3000
4513662134,2025-06-20T18:03:58,749,5441.41,WAITING,fffeaf8f-4b6b-4357-a309-89f4769c36da,2,3000
4599031601,2025-09-05T05:44:30,460,4740.11,APPROVED,3f3292d8-3056-42da-9ec5-d080c252a223,5,1000
4538981481,2025-10-20T10:39:33,979,5281.51,WAITING,73df3d25-bcec-47a6-8d66-6b628e81ed2d,4,3000
4588352951,2025-07-02T12:22:07,208,8641.48,APPROVED,b6bbc970-46d2-4ff4-9c52-80f378cfe8ea,1,1000
4537308792,2025-11-11T04:04:32,750,3465.3,REJECTED,aa51a37d-2867-459b-8885-b5c8b161616a,1,1000
4520264567,2025-09-20T02:20:31,84,4822.31,QUOTATION,fcc9df1e-2761-4b55-8f60-015b21066d78,4,2000
4516634697,2025-08-02T01:54:07,80,1926.65,QUOTATION,8df0c99e-2745-44ae-94ee-ad79cb114fdb,2,2000
4506110812,2025-09-25T19:39:21,737,1907.63,QUOTATION,41e46c83-90d4-4836-a022-b900a018b3fa,2,4000
4519002985,2025-08-24T14:49:21,32,314.72,QUOTATION,6c55f239-a4f0-4edd-afe8-02d129db9eda,3,4000
4507904447,2025-09-12T17:15:26,206,1190.78,APPROVED,6c55f239-a4f0-4edd-afe8-02d129db9eda,2,2000
4586350261,2025-09-08T21:11:40,712,8117.78,REJECTED,834a14f7-cbd7-4220-9587-cd61c93c8253,5,2000
4568858608,2025-10-12T00:13:26,254,6167.17,REJECTED,2c7b9d8a-6b92-4a21-a03e-024e434a203d,3,1000
4539042364,2025-11-19T01:04:21,701,6823.58,REJECTED,3341d7ea-5bed-42e4-82c2-18d0adfbcdf1,1,3000
4534500946,2025-06-22T18:09:44,630,9821.38,QUOTATION,4a2d279e-2495-496f-80d9-bc5a45e3b6b4,5,3000
4555206241,2025-10-15T21:55:48,214,8892.29,QUOTATION,8ca5ca23-a910-469b-aec1-73bd31d74ba2,4,1000
4522194817,2025-08-23T00:25:32,234,4117.28,WAITING,73df3d25-bcec-47a6-8d66-6b628e81ed2d,3,1000
4506143782,2025-11-11T22:48:59,961,6169.58,REJECTED,ad64acbd-9045-44ec-9111-f6b3b90cb060,4,1000
4598604152,2025-08-27T05:21:05,619,3607.54,REJECTED,32149af9-a4f0-4e80-a73d-490a9faef06f,3,3000
4547802363,2025-06-03T06:27:27,798,734.18,APPROVED,de541e55-b7b6-404a-8ce0-a6f1ea925750,2,2000
4557972378,2025-11-18T22:00:40,380,950.34,REJECTED,73df3d25-bcec-47a6-8d66-6b628e81ed2d,1,4000
4545002406,2025-10-05T22:03:45,543,9351.02,QUOTATION,ce1eeb99-74a8-4547-b95c-345102c07d21,5,2000
4583243110,2025-09-21T22:51:15,252,3878.53,APPROVED,32149af9-a4f0-4e80-a73d-490a9faef06f,5,1000
4504251115,2025-08-11T02:12:29,734,913.74,WAITING,9c7454a7-b80c-4d19-b841-4c0343b75add,3,1000
4548169814,2025-08-05T15:57:31,75,8322.97,QUOTATION,17dffc12-ac1a-44ed-ad09-3c824851c624,1,3000
4596544259,2025-08-28T17:35:32,895,1189.07,APPROVED,ce1eeb99-74a8-4547-b95c-345102c07d21,2,4000
4569603824,2025-08-28T08:39:03,294,1433.68,WAITING,74d238f7-61d4-41c6-9d51-b05f2eddcb36,4,1000
4565372207,2025-11-02T19:34:20,327,3047.92,APPROVED,fffeaf8f-4b6b-4357-a309-89f4769c36da,1,3000
4508295540,2025-10-12T18:34:45,193,4988.17,APPROVED,28d388a1-0e70-41d0-a8a1-abb9e3263b7b,3,1000
4584550806,2025-08-07T12:52:35,347,5744.96,QUOTATION,ba3d4978-80db-4a12-9f06-e4c698936184,2,1000
4518917597,2025-06-10T22:51:23,74,1021.55,REJECTED,134244b2-90f7-4d62-8488-d71e29828266,1,2000
4526785220,2025-10-26T04:31:04,693,4099.55,QUOTATION,0b319577-4ab0-4684-b112-b27aad212cb1,1,1000
4577382721,2025-11-06T10:49:35,992,2131.78,REJECTED,611eefb3-ef38-4a2e-831a-15aff1dde8f8,4,1000
4596415592,2025-07-14T04:13:26,527,8562.93,REJECTED,4a2d279e-2495-496f-80d9-bc5a45e3b6b4,5,1000
4505336604,2025-11-20T06:50:00,525,9859.64,REJECTED,0e752cfe-75ff-427d-8214-57710b509b33,1,1000
4569612744,2025-07-26T03:00:22,536,7592.95,WAITING,84aadcf6-499b-4416-9a35-3e546eb39a5c,4,1000
4545561639,2025-09-11T06:46:42,610,7170.95,QUOTATION,32149af9-a4f0-4e80-a73d-490a9faef06f,1,4000
4511883204,2025-10-18T05:03:09,87,1301.53,QUOTATION,ba3d4978-80db-4a12-9f06-e4c698936184,1,2000
4595210306,2025-09-01T20:33:33,184,4401.87,QUOTATION,134244b2-90f7-4d62-8488-d71e29828266,3,1000
4559725395,2025-06-18T06:32:21,845,7933.51,APPROVED,cf11fe2a-443a-44e9-96b0-e6b91ddfa87d,3,4000
4585468308,2025-08-05T16:28:27,817,5442.72,QUOTATION,611eefb3-ef38-4a2e-831a-15aff1dde8f8,2,4000
4542697726,2025-08-22T20:34:29,667,2318.38,QUOTATION,d0d94739-009d-44aa-ae3d-8c35a65083c5,3,1000
4586770999,2025-10-12T01:16:53,664,4486.71,REJECTED,384bae62-8ba8-4cac-b8ad-3df4e68bcafa,3,1000
4572081816,2025-08-24T16:55:33,345,6360.86,WAITING,3341d7ea-5bed-42e4-82c2-18d0adfbcdf1,2,4000
4528209995,2025-08-08T08:31:06,988,9777.25,APPROVED,0439439c-8945-42c4-b079-5340d85df97c,5,1000
4501251497,2025-09-24T02:01:12,62,128.48,QUOTATION,e069016d-d217-4fbc-b438-1e8790b731fb,3,1000
4532085642,2025-11-07T21:24:56,902,7382.71,QUOTATION,28d388a1-0e70-41d0-a8a1-abb9e3263b7b,3,1000
4518010398,2025-07-11T16:42:26,511,5711.54,REJECTED,ba5b8587-5d45-44ac-9e4e-16cb4b3afecc,4,4000
4528397311,2025-08-09T11:23:55,543,5840.34,REJECTED,a9da22e7-f42f-4428-9083-96395b7a7e9a,2,4000
4509746458,2025-11-07T08:33:35,47,4190.76,QUOTATION,aa51a37d-2867-459b-8885-b5c8b161616a,3,2000
4506271902,2025-07-10T20:19:54,888,9984.19,WAITING,b6bbc970-46d2-4ff4-9c52-80f378cfe8ea,1,1000
4518546686,2025-06-08T12:12:28,514,7793.17,WAITING,ad64acbd-9045-44ec-9111-f6b3b90cb060,5,1000
4501296335,2025-07-03T13:18:28,129,2959.96,WAITING,651e8d5b-8636-4635-a934-6f9427d506b8,5,1000
4591887671,2025-08-17T12:41:41,53,4416.16,QUOTATION,15ddc72a-7103-4a88-a951-49c5aa75affd,3,1000
4545377920,2025-06-06T11:03:31,943,886.3,REJECTED,0439439c-8945-42c4-b079-5340d85df97c,3,4000
4501547039,2025-10-24T21:55:15,821,310.36,REJECTED,15ddc72a-7103-4a88-a951-49c5aa75affd,5,1000
4554876384,2025-09-02T20:36:24,949,8324.06,WAITING,fcc9df1e-2761-4b55-8f60-015b21066d78,2,2000
4521398273,2025-10-21T12:20:48,694,3746.12,APPROVED,41f3b33b-8871-42fd-90d5-1d1d9f2d5aed,3,3000
4503093985,2025-11-21T12:31:32,185,8742.42,QUOTATION,b0154cbb-c693-4062-88b9-a8acf4402b56,5,1000
4531358850,2025-11-10T23:06:50,646,1045.09,QUOTATION,110f8801-eea1-420d-98e6-dd439569747b,2,2000
4586682748,2025-09-21T10:04:40,515,6253.32,QUOTATION,28d388a1-0e70-41d0-a8a1-abb9e3263b7b,1,2000
4573215009,2025-08-20T00:18:37,426,1260.46,REJECTED,5257f4f1-580e-4eb3-89f9-6cae458e4509,1,2000
4508650652,2025-10-19T07:31:33,941,5673.04,WAITING,fffeaf8f-4b6b-4357-a309-89f4769c36da,2,1000
4598309342,2025-07-26T00:36:11,953,7385.78,WAITING,8df0c99e-2745-44ae-94ee-ad79cb114fdb,4,1000
4501765247,2025-08-09T10:13:21,577,4782.3,QUOTATION,975480d4-8c15-44ba-8c55-a9938bdaa2c4,2,1000
4581901806,2025-08-10T01:06:32,991,4807.93,REJECTED,6cc3c3b9-23fa-4969-8791-af89dedc62c9,3,1000
4553138775,2025-09-14T09:07:58,228,6679.49,REJECTED,aa51a37d-2867-459b-8885-b5c8b161616a,4,4000
4516678675,2025-09-28T13:17:36,973,1759.11,REJECTED,a9da22e7-f42f-4428-9083-96395b7a7e9a,2,2000
4508652086,2025-07-20T04:20:26,431,7332.52,APPROVED,bcebc30c-15e5-48e2-9c32-c86d886f82a0,1,3000
4562717629,2025-10-27T04:49:39,629,9343.38,APPROVED,cea90057-5542-4a9f-8ad8-2fa263b39b7b,4,3000
4568172273,2025-11-12T16:47:16,677,532.1,QUOTATION,68681084-7b12-4fd9-9704-7da3802cb451,2,3000
4521915885,2025-10-02T05:04:07,153,1164.05,REJECTED,bf599d91-442c-4e09-b5ae-b9f08a417d11,5,3000
4562222332,2025-11-17T02:47:47,141,4831.99,WAITING,f6dd041e-f994-407c-9a1b-2ee8a39b9b25,3,3000
4536151242,2025-07-23T10:14:31,923,255.59,QUOTATION,3ee51816-f540-45e6-8401-474c5df84e78,3,3000
4503235390,2025-08-02T10:58:06,552,5802.38,APPROVED,0e752cfe-75ff-427d-8214-57710b509b33,3,3000
4511264368,2025-11-14T22:59:32,893,8733.26,WAITING,0b319577-4ab0-4684-b112-b27aad212cb1,1,4000
4598150075,2025-07-12T20:42:18,68,3794.87,QUOTATION,4a5df305-6d85-4b5a-81ca-b2a776017f8f,5,3000
4501913044,2025-07-25T09:12:40,726,7091.63,QUOTATION,76fa0c16-dc3a-4a9b-b914-de6a0097f3dc,4,3000
4531340744,2025-11-12T16:16:39,538,1843.8,WAITING,2c6e3cb9-21cb-4de6-ae38-f117a3cbdfe2,2,3000
4502083559,2025-09-04T22:49:25,177,5832.3,QUOTATION,5257f4f1-580e-4eb3-89f9-6cae458e4509,2,3000
4598793819,2025-10-01T04:20:54,814,6217.08,APPROVED,76fa0c16-dc3a-4a9b-b914-de6a0097f3dc,1,2000
4529361194,2025-08-21T08:19:04,503,888.74,REJECTED,d4dbba0a-2b26-4233-9017-bb25b2e860f3,1,4000
4584417008,2025-08-28T03:18:16,669,6768.25,WAITING,a4926703-442b-4179-808a-04de7d4e1015,2,2000
4505024730,2025-07-25T20:39:01,660,5984.12,APPROVED,fcc9df1e-2761-4b55-8f60-015b21066d78,1,2000
4591023152,2025-06-13T04:46:42,991,980.05,WAITING,5257f4f1-580e-4eb3-89f9-6cae458e4509,3,4000
4590177523,2025-07-28T11:48:41,582,7270.09,WAITING,74d238f7-61d4-41c6-9d51-b05f2eddcb36,3,4000
4540014416,2025-11-04T23:35:25,554,8998.23,QUOTATION,15ddc72a-7103-4a88-a951-49c5aa75affd,1,1000
4513038716,2025-11-11T22:36:28,296,2988.12,QUOTATION,12a301b9-4c71-4181-a853-d29be7b6bd18,3,4000
4565356365,2025-07-19T22:23:13,820,1047.85,REJECTED,ebfe58ef-0dee-41d8-859e-ae2bff66e7fc,5,2000
4597362013,2025-10-08T05:03:00,171,8080.52,REJECTED,bcebc30c-15e5-48e2-9c32-c86d886f82a0,4,3000
4592153521,2025-09-01T19:13:09,872,9619.77,APPROVED,eb8e5632-45d0-47e9-bcc0-ee76bf030643,2,4000
4561610122,2025-10-16T02:42:22,116,8143.74,APPROVED,b020551c-5fe7-45ea-881a-6fa78332362d,3,1000
4590959128,2025-06-23T19:28:49,8,3365.29,REJECTED,76fa0c16-dc3a-4a9b-b914-de6a0097f3dc,3,1000
4558584878,2025-11-21T21:55:35,708,2414.11,REJECTED,77b34563-244c-46da-b014-af1a9c7fa9e4,4,4000
4562369675,2025-06-20T07:21:10,1,5505.02,REJECTED,ce1eeb99-74a8-4547-b95c-345102c07d21,2,1000
4560337122,2025-11-20T07:14:39,819,4941.88,REJECTED,de541e55-b7b6-404a-8ce0-a6f1ea925750,1,1000
4502604432,2025-09-12T16:35:24,194,4036.96,QUOTATION,3f3292d8-3056-42da-9ec5-d080c252a223,1,4000
4552275238,2025-07-13T03:04:23,649,987.78,QUOTATION,5c250769-58e7-4a67-92b8-05566aab2cd0,5,4000
4508981102,2025-08-06T12:31:38,439,5715.19,WAITING,384bae62-8ba8-4cac-b8ad-3df4e68bcafa,5,2000
4504778714,2025-10-20T05:19:00,813,2009.45,WAITING,62117371-6664-4e90-9e4c-e3939789c81a,4,3000
4532954956,2025-08-14T17:29:50,148,2639.98,APPROVED,84aadcf6-499b-4416-9a35-3e546eb39a5c,1,2000
4553233367,2025-07-17T08:46:30,410,3404.0,REJECTED,fe53d2be-049c-47fa-871a-c4a8b1a10e40,3,2000
4523484373,2025-10-12T23:49:05,978,1810.63,WAITING,77b34563-244c-46da-b014-af1a9c7fa9e4,3,1000
4554751963,2025-09-01T10:35:32,51,537.97,REJECTED,b0154cbb-c693-4062-88b9-a8acf4402b56,2,4000
4506011122,2025-07-23T22:18:42,380,2975.39,APPROVED,e7ba4d18-37bf-472c-9d3a-7756c21a55c9,4,4000
4531166742,2025-06-15T16:46:11,209,6612.65,QUOTATION,84aadcf6-499b-4416-9a35-3e546eb39a5c,3,2000
4550838287,2025-11-23T09:56:48,240,5375.04,APPROVED,0439439c-8945-42c4-b079-5340d85df97c,1,4000
4518225804,2025-08-10T14:30:19,764,4432.11,QUOTATION,d0d94739-009d-44aa-ae3d-8c35a65083c5,1,3000
4578453443,2025-07-20T03:34:22,390,7838.89,APPROVED,8ca5ca23-a910-469b-aec1-73bd31d74ba2,2,2000
4556465438,2025-10-12T00:14:30,231,8543.41,WAITING,28d388a1-0e70-41d0-a8a1-abb9e3263b7b,3,2000
4532189722,2025-11-08T23:50:53,75,893.19,REJECTED,cea90057-5542-4a9f-8ad8-2fa263b39b7b,2,2000
4530033526,2025-08-09T16:58:25,449,8146.66,APPROVED,408c4fe5-9066-4997-8f1c-ad8daae4b1f6,5,4000
4557921174,2025-10-18T03:58:47,614,7083.36,QUOTATION,a1ad3c2b-45ca-491c-8ef2-a64af7d19e43,4,3000
4508898081,2025-07-28T05:07:40,415,1262.19,WAITING,73df3d25-bcec-47a6-8d66-6b628e81ed2d,3,1000
4576145060,2025-08-25T22:25:19,586,6659.2,WAITING,3ee51816-f540-45e6-8401-474c5df84e78,2,3000
4588548176,2025-09-28T23:18:42,918,7201.87,WAITING,e7ba4d18-37bf-472c-9d3a-7756c21a55c9,3,1000
4503674632,2025-09-22T18:43:49,584,5546.19,QUOTATION,2cf52c48-a37c-4244-a030-3fe16c443ecd,5,4000
4538819071,2025-10-16T01:35:56,355,7965.43,QUOTATION,611eefb3-ef38-4a2e-831a-15aff1dde8f8,5,1000
4537802318,2025-08-01T00:47:54,656,2702.94,REJECTED,e069016d-d217-4fbc-b438-1e8790b731fb,3,4000
4550225982,2025-07-26T21:27:41,791,6867.93,WAITING,6c55f239-a4f0-4edd-afe8-02d129db9eda,5,4000
4551354611,2025-06-27T21:38:57,875,5513.53,APPROVED,56ae9e46-c0b2-46ca-b51d-5686e00ce4a6,1,1000
4509287597,2025-07-24T22:41:36,155,7663.12,QUOTATION,17dffc12-ac1a-44ed-ad09-3c824851c624,2,2000
4582370545,2025-09-04T19:48:29,289,7723.05,APPROVED,01bb5e4b-33d3-4db2-85a2-499f5c9e31b4,1,2000
4581826083,2025-08-04T16:00:02,263,9915.51,REJECTED,9567383e-1921-4683-803b-509faa2bc9d5,2,2000
4533279329,2025-08-14T08:12:38,646,9627.03,REJECTED,d7da1df8-a4af-4efe-a657-570c6d350470,3,4000
4539243624,2025-07-10T22:40:56,942,2183.06,WAITING,73df3d25-bcec-47a6-8d66-6b628e81ed2d,1,4000
4541896376,2025-10-11T21:06:15,782,4335.95,QUOTATION,a1a6e723-19c6-46fd-a584-917efe27f127,5,1000
4513745556,2025-11-10T07:50:30,126,6437.13,APPROVED,8df0c99e-2745-44ae-94ee-ad79cb114fdb,5,1000
4575997458,2025-08-25T08:34:42,907,8566.43,QUOTATION,15ddc72a-7103-4a88-a951-49c5aa75affd,2,4000
4514026819,2025-11-10T11:29:55,187,6229.63,REJECTED,0439439c-8945-42c4-b079-5340d85df97c,2,1000
4532236713,2025-11-10T13:51:56,911,6375.29,WAITING,eb8e5632-45d0-47e9-bcc0-ee76bf030643,2,2000
4531085747,2025-11-11T23:31:21,574,6686.11,APPROVED,41e46c83-90d4-4836-a022-b900a018b3fa,1,4000
4556328490,2025-08-28T13:14:44,284,6689.76,QUOTATION,975480d4-8c15-44ba-8c55-a9938bdaa2c4,3,2000
4554300585,2025-10-28T09:15:34,367,2464.79,QUOTATION,d0d94739-009d-44aa-ae3d-8c35a65083c5,5,3000
4512531375,2025-10-21T01:25:13,437,847.02,WAITING,e7ba4d18-37bf-472c-9d3a-7756c21a55c9,1,4000
4593582067,2025-08-19T22:34:32,65,2053.16,QUOTATION,791660af-f0db-4fbd-a3a4-86bd38182556,3,2000
4568899861,2025-08-17T05:39:55,673,6060.41,QUOTATION,975480d4-8c15-44ba-8c55-a9938bdaa2c4,5,1000
4549740742,2025-08-15T07:53:43,364,4035.71,APPROVED,3d3527a9-4ef5-45d5-83c2-4178789f9921,5,1000
4586441071,2025-09-20T23:08:07,475,2803.86,REJECTED,41f3b33b-8871-42fd-90d5-1d1d9f2d5aed,4,3000
4559131517,2025-08-18T04:41:48,548,9749.86,QUOTATION,15ddc72a-7103-4a88-a951-49c5aa75affd,3,1000
4512619566,2025-09-09T11:36:04,530,6491.34,QUOTATION,01bb5e4b-33d3-4db2-85a2-499f5c9e31b4,2,1000
4540629302,2025-08-07T20:14:45,947,5168.48,QUOTATION,35672019-b6d1-42b4-b906-8819b248182e,1,1000
4517716312,2025-06-07T19:30:46,294,2995.09,APPROVED,73df3d25-bcec-47a6-8d66-6b628e81ed2d,5,3000
4539667813,2025-11-07T13:38:25,143,479.79,QUOTATION,408c4fe5-9066-4997-8f1c-ad8daae4b1f6,4,4000
4517773883,2025-08-21T17:29:23,599,4664.89,QUOTATION,4029508a-afa4-4faf-b175-4bb65b8a4dbb,3,4000
4588584849,2025-11-17T15:17:21,226,1987.92,APPROVED,ba5b8587-5d45-44ac-9e4e-16cb4b3afecc,2,3000
4599066475,2025-11-22T16:13:40,503,461.33,REJECTED,0c328cd6-def4-4097-8b5d-ef9b4362cfd3,1,3000
4557045406,2025-07-04T16:34:55,286,2642.59,APPROVED,9ec93c76-9578-4947-a5ca-def516b026cb,2,4000
4511409261,2025-10-24T15:16:57,451,7973.21,REJECTED,110f8801-eea1-420d-98e6-dd439569747b,3,4000
4516566571,2025-08-05T05:39:19,734,4541.98,APPROVED,d0d94739-009d-44aa-ae3d-8c35a65083c5,3,4000
4531216130,2025-07-22T08:40:02,265,6192.38,WAITING,fe53d2be-049c-47fa-871a-c4a8b1a10e40,4,1000
4551539259,2025-08-06T05:01:55,622,2409.61,QUOTATION,8ca5ca23-a910-469b-aec1-73bd31d74ba2,4,4000
4545043815,2025-06-13T01:12:08,550,7506.62,QUOTATION,b6bbc970-46d2-4ff4-9c52-80f378cfe8ea,4,1000
4532570570,2025-10-19T20:39:06,90,1477.4,REJECTED,cea90057-5542-4a9f-8ad8-2fa263b39b7b,3,1000
4540671122,2025-08-02T23:30:24,143,7950.98,REJECTED,9ec93c76-9578-4947-a5ca-def516b026cb,2,1000
4502657686,2025-11-19T14:46:27,550,81.01,WAITING,d4dbba0a-2b26-4233-9017-bb25b2e860f3,4,2000
4584253102,2025-09-01T19:20:22,855,7689.39,APPROVED,84aadcf6-499b-4416-9a35-3e546eb39a5c,5,4000
4590024437,2025-09-22T04:52:57,268,4598.5,APPROVED,fcc9df1e-2761-4b55-8f60-015b21066d78,4,3000
4585748985,2025-07-09T10:31:46,453,1040.69,REJECTED,e7ba4d18-37bf-472c-9d3a-7756c21a55c9,2,1000
4534952524,2025-07-06T15:26:20,955,7425.07,WAITING,35672019-b6d1-42b4-b906-8819b248182e,5,2000
4565091961,2025-07-01T04:39:58,580,1661.23,REJECTED,d4dbba0a-2b26-4233-9017-bb25b2e860f3,3,1000
4503794120,2025-10-27T10:13:08,927,8790.97,APPROVED,384bae62-8ba8-4cac-b8ad-3df4e68bcafa,2,1000
4554202604,2025-08-19T22:33:26,405,9858.21,QUOTATION,fe53d2be-049c-47fa-871a-c4a8b1a10e40,5,4000
4542001773,2025-11-04T19:56:28,365,2276.93,REJECTED,ebfe58ef-0dee-41d8-859e-ae2bff66e7fc,3,2000
4528454250,2025-11-11T04:43:12,575,7597.52,WAITING,bf599d91-442c-4e09-b5ae-b9f08a417d11,1,2000
4515713935,2025-10-11T08:00:49,70,7586.63,APPROVED,ba3d4978-80db-4a12-9f06-e4c698936184,1,1000
4599063111,2025-06-01T20:24:34,799,6756.85,QUOTATION,c40f8a37-9024-4fcd-80a6-7917301ba6bd,2,4000
4597451845,2025-07-08T09:17:02,556,4587.85,REJECTED,ba3d4978-80db-4a12-9f06-e4c698936184,3,2000
4579949514,2025-09-22T01:50:09,409,9614.0,APPROVED,2ab670e8-49e3-4a95-9871-d937f77b5927,2,1000
4536622078,2025-08-20T18:11:14,7,4514.97,REJECTED,5c250769-58e7-4a67-92b8-05566aab2cd0,4,3000
4553843959,2025-07-09T06:50:19,685,4083.9,QUOTATION,3f3292d8-3056-42da-9ec5-d080c252a223,3,3000
4547199867,2025-09-28T03:40:08,189,8437.58,REJECTED,110f8801-eea1-420d-98e6-dd439569747b,1,2000
4524824187,2025-07-15T06:59:43,947,4368.24,APPROVED,2c7b9d8a-6b92-4a21-a03e-024e434a203d,1,2000
4552388343,2025-07-15T01:00:57,985,6903.75,APPROVED,73df3d25-bcec-47a6-8d66-6b628e81ed2d,3,3000
4510919532,2025-07-14T10:16:08,484,7965.09,REJECTED,9c7454a7-b80c-4d19-b841-4c0343b75add,1,3000
4523696333,2025-08-21T23:30:40,915,7973.64,QUOTATION,834a14f7-cbd7-4220-9587-cd61c93c8253,1,2000
4568511982,2025-09-12T11:39:22,23,271.84,QUOTATION,fcc9df1e-2761-4b55-8f60-015b21066d78,1,3000
4509507775,2025-08-20T13:45:27,374,1682.23,APPROVED,31ac60a6-1bc1-442c-ae10-4a420f770538,2,4000
4564744028,2025-10-26T06:26:52,229,766.27,REJECTED,9ec93c76-9578-4947-a5ca-def516b026cb,3,1000
4562428605,2025-06-19T14:18:16,18,1031.84,APPROVED,35672019-b6d1-42b4-b906-8819b248182e,4,4000
4531486565,2025-08-05T10:52:21,425,5753.33,QUOTATION,de541e55-b7b6-404a-8ce0-a6f1ea925750,4,4000
4559921343,2025-07-28T04:52:22,42,9246.03,APPROVED,ebfe58ef-0dee-41d8-859e-ae2bff66e7fc,3,3000
4508057695,2025-07-03T23:01:53,261,952.92,QUOTATION,00a417fb-f2b9-4bb8-90c0-0787c3f2e3c7,4,3000
4513790811,2025-11-10T08:03:44,676,7593.77,REJECTED,d0d94739-009d-44aa-ae3d-8c35a65083c5,5,2000
4590431894,2025-07-03T18:48:42,935,2127.38,APPROVED,fe53d2be-049c-47fa-871a-c4a8b1a10e40,1,4000
4585089174,2025-06-23T00:12:14,203,3340.06,REJECTED,3f3292d8-3056-42da-9ec5-d080c252a223,4,1000
4550665603,2025-07-19T07:21:28,570,9511.78,REJECTED,cea90057-5542-4a9f-8ad8-2fa263b39b7b,1,1000
4523038917,2025-06-16T23:58:24,242,4463.23,WAITING,12a301b9-4c71-4181-a853-d29be7b6bd18,4,2000
4592731047,2025-10-15T11:11:15,414,3515.55,APPROVED,0f7e95f4-4fb9-4987-a1e1-5264880e721e,1,2000
4591036002,2025-09-02T15:13:27,550,9325.51,APPROVED,c40f8a37-9024-4fcd-80a6-7917301ba6bd,1,1000
4563218753,2025-06-09T07:24:38,477,3840.23,WAITING,408c4fe5-9066-4997-8f1c-ad8daae4b1f6,5,4000
4507242962,2025-09-27T14:33:24,450,3498.66,REJECTED,b020551c-5fe7-45ea-881a-6fa78332362d,1,1000
4560326609,2025-11-19T15:26:08,282,7306.57,WAITING,cea90057-5542-4a9f-8ad8-2fa263b39b7b,4,4000
4535526871,2025-06-16T18:11:48,907,8276.93,REJECTED,2c7b9d8a-6b92-4a21-a03e-024e434a203d,3,2000
4584904486,2025-06-12T14:18:07,840,227.05,REJECTED,0e752cfe-75ff-427d-8214-57710b509b33,4,1000
4529767782,2025-06-11T22:02:13,705,6626.24,REJECTED,56ae9e46-c0b2-46ca-b51d-5686e00ce4a6,2,3000
4555272446,2025-07-08T21:23:19,744,2942.71,APPROVED,da731710-48f7-4c02-8dd6-917ff4c62e3b,1,2000
4545008994,2025-08-17T23:31:27,944,5276.24,APPROVED,ebfe58ef-0dee-41d8-859e-ae2bff66e7fc,2,4000
4514600015,2025-08-11T09:25:15,541,6052.64,REJECTED,384bae62-8ba8-4cac-b8ad-3df4e68bcafa,1,2000
4556288245,2025-07-02T08:22:54,852,7006.26,WAITING,05767575-2944-4457-9aa7-06e1dae2ae25,2,3000
4528048830,2025-07-07T21:43:32,730,1280.31,REJECTED,384bae62-8ba8-4cac-b8ad-3df4e68bcafa,2,3000
4598219819,2025-06-27T00:03:30,227,2396.21,WAITING,de541e55-b7b6-404a-8ce0-a6f1ea925750,5,3000
4524834529,2025-10-24T04:43:27,461,3053.68,QUOTATION,110f8801-eea1-420d-98e6-dd439569747b,2,1000
4578207783,2025-11-24T07:06:33,987,8791.86,QUOTATION,4a2d279e-2495-496f-80d9-bc5a45e3b6b4,1,1000
4507409786,2025-08-04T20:23:35,143,7640.06,WAITING,8ca5ca23-a910-469b-aec1-73bd31d74ba2,1,4000
4507116723,2025-10-20T03:56:49,798,605.59,APPROVED,0b319577-4ab0-4684-b112-b27aad212cb1,5,2000
4553279696,2025-06-23T02:27:42,487,7344.93,APPROVED,2ab670e8-49e3-4a95-9871-d937f77b5927,3,4000
4570107082,2025-07-05T03:01:46,473,3921.44,APPROVED,01bb5e4b-33d3-4db2-85a2-499f5c9e31b4,4,3000
4532227068,2025-09-20T02:11:12,644,8374.02,REJECTED,611eefb3-ef38-4a2e-831a-15aff1dde8f8,5,3000
4567063260,2025-06-08T11:27:53,596,5578.09,APPROVED,a1a6e723-19c6-46fd-a584-917efe27f127,5,3000
4503655736,2025-08-28T04:20:45,382,3549.58,REJECTED,82ebf1b0-6982-4deb-ac51-c7a6d0a68c5d,3,3000
4509480020,2025-11-28T11:54:42,201,8938.04,REJECTED,17dffc12-ac1a-44ed-ad09-3c824851c624,2,2000
4557681344,2025-11-08T11:13:46,661,6488.08,APPROVED,f6dd041e-f994-407c-9a1b-2ee8a39b9b25,4,4000
4521322003,2025-11-28T00:56:56,10,3414.31,REJECTED,62117371-6664-4e90-9e4c-e3939789c81a,5,2000
4596709630,2025-06-09T23:53:30,756,1724.0,WAITING,dbce3e63-1a5c-4595-a1f9-d09c3d978567,1,4000
4514566199,2025-09-11T16:32:37,521,9588.1,WAITING,3341d7ea-5bed-42e4-82c2-18d0adfbcdf1,2,1000
4577427877,2025-11-02T13:13:02,829,1173.89,APPROVED,e069016d-d217-4fbc-b438-1e8790b731fb,5,3000
4540164682,2025-11-17T13:25:25,408,9136.4,QUOTATION,ba3d4978-80db-4a12-9f06-e4c698936184,5,2000
4596989221,2025-08-17T22:31:05,695,5084.75,QUOTATION,0439439c-8945-42c4-b079-5340d85df97c,4,4000
4500760798,2025-09-18T20:30:56,150,6051.41,QUOTATION,110f8801-eea1-420d-98e6-dd439569747b,4,4000
4585954225,2025-08-12T15:37:45,166,8039.45,WAITING,651e8d5b-8636-4635-a934-6f9427d506b8,1,3000
4563189451,2025-06-12T06:03:17,333,8127.27,WAITING,ba5b8587-5d45-44ac-9e4e-16cb4b3afecc,3,2000
4500099715,2025-07-27T08:17:54,744,9487.84,QUOTATION,73df3d25-bcec-47a6-8d66-6b628e81ed2d,2,3000
4527397894,2025-07-20T22:25:16,529,2016.5,WAITING,4029508a-afa4-4faf-b175-4bb65b8a4dbb,3,3000
4558536643,2025-08-11T15:42:51,516,4854.41,WAITING,aa51a37d-2867-459b-8885-b5c8b161616a,5,1000
4557689646,2025-08-05T14:10:37,615,6660.77,REJECTED,84aadcf6-499b-4416-9a35-3e546eb39a5c,5,4000
4530285363,2025-09-06T13:43:34,136,3900.01,APPROVED,dbce3e63-1a5c-4595-a1f9-d09c3d978567,5,3000
4506724795,2025-10-19T07:31:29,543,2870.47,APPROVED,d5b6a98e-464a-4e85-ad1c-7fd6be7df835,4,1000
4547752795,2025-10-19T10:45:55,273,7228.13,REJECTED,3341d7ea-5bed-42e4-82c2-18d0adfbcdf1,4,1000
4561465240,2025-09-18T06:37:32,455,5441.08,APPROVED,e7ba4d18-37bf-472c-9d3a-7756c21a55c9,1,1000
4583663789,2025-06-05T07:24:16,686,5734.3,WAITING,ad64acbd-9045-44ec-9111-f6b3b90cb060,2,1000
4525235607,2025-08-05T19:42:47,585,7213.89,QUOTATION,d4dbba0a-2b26-4233-9017-bb25b2e860f3,1,3000
4575883129,2025-08-15T19:22:14,855,2720.94,REJECTED,d7da1df8-a4af-4efe-a657-570c6d350470,1,4000
4548909231,2025-10-03T20:47:52,929,8012.35,WAITING,651e8d5b-8636-4635-a934-6f9427d506b8,3,1000
4503521147,2025-11-16T21:19:24,574,4351.81,WAITING,82ebf1b0-6982-4deb-ac51-c7a6d0a68c5d,1,2000
4567566477,2025-06-10T04:21:41,16,1413.31,REJECTED,791660af-f0db-4fbd-a3a4-86bd38182556,5,1000
4503060494,2025-06-28T22:37:46,931,3586.03,REJECTED,dbce3e63-1a5c-4595-a1f9-d09c3d978567,4,2000
4519977071,2025-09-15T17:16:02,555,3583.74,REJECTED,01bb5e4b-33d3-4db2-85a2-499f5c9e31b4,2,4000
4583249457,2025-06-19T00:29:01,57,7197.49,REJECTED,0f7e95f4-4fb9-4987-a1e1-5264880e721e,3,2000
4503239989,2025-06-27T21:49:50,187,6846.9,APPROVED,ebfe58ef-0dee-41d8-859e-ae2bff66e7fc,4,3000
4506158387,2025-11-02T02:26:23,932,712.72,REJECTED,5c250769-58e7-4a67-92b8-05566aab2cd0,4,4000
4558485083,2025-11-24T21:06:02,185,8060.74,WAITING,9ec93c76-9578-4947-a5ca-def516b026cb,1,2000
4568811037,2025-10-07T18:48:06,616,7154.34,REJECTED,b0154cbb-c693-4062-88b9-a8acf4402b56,5,2000
4549236784,2025-09-17T06:41:02,851,7471.14,REJECTED,e069016d-d217-4fbc-b438-1e8790b731fb,1,1000
4586191730,2025-10-03T14:14:19,515,7555.5,QUOTATION,b6bbc970-46d2-4ff4-9c52-80f378cfe8ea,4,3000
4596153579,2025-06-07T01:53:20,61,7268.81,APPROVED,77b34563-244c-46da-b014-af1a9c7fa9e4,4,1000
4580229855,2025-10-10T05:00:18,333,8821.9,REJECTED,e069016d-d217-4fbc-b438-1e8790b731fb,5,2000
4516906962,2025-09-01T19:37:55,849,9373.06,REJECTED,aa51a37d-2867-459b-8885-b5c8b161616a,3,4000
4546702073,2025-10-28T14:10:39,622,2212.67,REJECTED,2c7b9d8a-6b92-4a21-a03e-024e434a203d,5,1000
4500570757,2025-07-10T00:35:30,902,7481.55,WAITING,ad64acbd-9045-44ec-9111-f6b3b90cb060,1,1000
4503599326,2025-06-25T04:34:52,802,6429.29,WAITING,01bb5e4b-33d3-4db2-85a2-499f5c9e31b4,1,3000
4537950213,2025-11-24T13:09:41,527,4544.42,QUOTATION,6c55f239-a4f0-4edd-afe8-02d129db9eda,3,1000
4562320099,2025-09-14T07:33:36,800,9258.37,QUOTATION,0a58bce2-1697-4c89-b568-ae280f33f982,4,1000
4542197919,2025-11-01T07:53:47,174,7294.91,WAITING,0e752cfe-75ff-427d-8214-57710b509b33,2,1000
4585595652,2025-11-20T09:55:07,15,2802.19,WAITING,35672019-b6d1-42b4-b906-8819b248182e,5,3000
4505169117,2025-10-18T00:32:39,220,9908.8,REJECTED,ba5b8587-5d45-44ac-9e4e-16cb4b3afecc,4,2000
4598780058,2025-07-03T10:21:46,622,2336.07,WAITING,41f3b33b-8871-42fd-90d5-1d1d9f2d5aed,5,2000
4504268665,2025-09-16T12:12:40,462,6950.0,WAITING,0e752cfe-75ff-427d-8214-57710b509b33,1,3000
4564531138,2025-07-08T11:36:11,766,6882.01,APPROVED,74d238f7-61d4-41c6-9d51-b05f2eddcb36,2,3000
4559225503,2025-09-13T08:01:59,380,3085.44,APPROVED,fe53d2be-049c-47fa-871a-c4a8b1a10e40,1,1000
4548539559,2025-10-14T08:06:02,539,9600.85,REJECTED,834a14f7-cbd7-4220-9587-cd61c93c8253,5,2000
4556105967,2025-09-03T13:38:14,750,4627.6,QUOTATION,37bf8863-0046-49cb-a72c-f7e41661214b,2,2000
4536891114,2025-11-08T06:25:49,287,1927.48,APPROVED,b020551c-5fe7-45ea-881a-6fa78332362d,3,1000
4542869471,2025-06-20T23:32:25,491,9883.7,QUOTATION,fe53d2be-049c-47fa-871a-c4a8b1a10e40,1,4000
4574510710,2025-11-04T13:14:26,5,2193.4,WAITING,8df0c99e-2745-44ae-94ee-ad79cb114fdb,5,1000
4555835877,2025-09-06T19:41:30,726,654.66,WAITING,cea90057-5542-4a9f-8ad8-2fa263b39b7b,1,1000
4599341763,2025-09-11T07:32:56,740,9982.8,WAITING,bf599d91-442c-4e09-b5ae-b9f08a417d11,1,1000
4592583042,2025-11-04T15:02:17,563,8840.3,QUOTATION,0439439c-8945-42c4-b079-5340d85df97c,1,3000
4514572386,2025-08-26T06:19:21,6,7313.6,APPROVED,71b893be-0a75-41a7-9a52-bcdb771cc5ec,3,2000
4567670592,2025-07-22T22:08:21,985,4768.96,QUOTATION,0a58bce2-1697-4c89-b568-ae280f33f982,2,3000
4546993887,2025-07-09T05:35:36,213,2709.4,REJECTED,ea38b7e1-b488-4873-ab04-3066d219b434,3,4000
4563039741,2025-06-25T08:55:41,251,9098.99,QUOTATION,77b34563-244c-46da-b014-af1a9c7fa9e4,2,1000
4530493406,2025-10-12T22:27:15,913,694.2,QUOTATION,71b893be-0a75-41a7-9a52-bcdb771cc5ec,1,3000
4563029153,2025-09-26T23:48:17,660,6007.87,APPROVED,9ec93c76-9578-4947-a5ca-def516b026cb,5,4000
4583902682,2025-09-06T16:39:28,757,8833.06,QUOTATION,00a417fb-f2b9-4bb8-90c0-0787c3f2e3c7,1,3000
4560644251,2025-11-26T16:15:37,464,6326.86,APPROVED,a1ad3c2b-45ca-491c-8ef2-a64af7d19e43,5,1000
4546638935,2025-07-22T17:46:33,745,3056.47,APPROVED,2ab670e8-49e3-4a95-9871-d937f77b5927,1,1000
4508360743,2025-10-13T20:43:12,400,6768.1,QUOTATION,4029508a-afa4-4faf-b175-4bb65b8a4dbb,2,4000
4564008978,2025-06-21T16:36:18,226,6441.88,REJECTED,71b893be-0a75-41a7-9a52-bcdb771cc5ec,2,3000
4571296675,2025-07-01T20:35:35,410,9669.56,REJECTED,a4926703-442b-4179-808a-04de7d4e1015,5,1000
4515671853,2025-08-22T11:48:01,700,9047.44,WAITING,bf599d91-442c-4e09-b5ae-b9f08a417d11,2,3000
4580170772,2025-07-22T05:59:07,963,5221.71,REJECTED,3f3292d8-3056-42da-9ec5-d080c252a223,2,4000
4526048531,2025-11-15T12:44:37,888,4074.88,QUOTATION,15ddc72a-7103-4a88-a951-49c5aa75affd,1,3000
4599795968,2025-07-07T23:30:12,594,4573.43,QUOTATION,bcebc30c-15e5-48e2-9c32-c86d886f82a0,1,3000
4573424756,2025-11-23T08:53:20,823,2039.46,QUOTATION,e7ba4d18-37bf-472c-9d3a-7756c21a55c9,2,1000
4595878308,2025-09-28T12:32:29,682,7833.17,REJECTED,71b893be-0a75-41a7-9a52-bcdb771cc5ec,5,1000
4501626406,2025-06-21T15:49:45,65,9174.04,QUOTATION,5257f4f1-580e-4eb3-89f9-6cae458e4509,3,4000
4528950604,2025-07-26T07:37:03,415,1982.76,QUOTATION,68681084-7b12-4fd9-9704-7da3802cb451,4,1000
4564386015,2025-10-10T11:28:31,145,4272.57,QUOTATION,8ca5ca23-a910-469b-aec1-73bd31d74ba2,4,2000
4505447236,2025-08-02T10:46:58,656,5155.7,WAITING,a1a6e723-19c6-46fd-a584-917efe27f127,1,3000
4541878125,2025-07-07T01:41:18,341,2058.37,QUOTATION,76fa0c16-dc3a-4a9b-b914-de6a0097f3dc,2,3000
4593991685,2025-11-26T02:35:58,158,3388.0,REJECTED,4029508a-afa4-4faf-b175-4bb65b8a4dbb,3,1000
4555035734,2025-06-26T03:11:12,788,7370.51,REJECTED,b0154cbb-c693-4062-88b9-a8acf4402b56,4,4000
4567437834,2025-08-14T08:54:31,726,3604.78,REJECTED,915bda23-d2b3-4bab-9d3b-0b701beb76fa,5,3000
4526341826,2025-09-02T12:28:53,533,8963.13,QUOTATION,9fc109ea-2585-4c23-9329-2ccda2d964eb,3,1000
4582749146,2025-09-27T11:25:46,911,1329.52,WAITING,975480d4-8c15-44ba-8c55-a9938bdaa2c4,2,3000
4523770470,2025-11-13T21:54:19,571,7811.47,REJECTED,0439439c-8945-42c4-b079-5340d85df97c,2,1000
4566742174,2025-08-19T18:43:00,750,6364.73,REJECTED,00a417fb-f2b9-4bb8-90c0-0787c3f2e3c7,3,4000
4592903299,2025-09-26T04:20:21,859,5010.08,REJECTED,0b319577-4ab0-4684-b112-b27aad212cb1,3,3000
4571841181,2025-06-22T04:22:58,197,970.97,REJECTED,51991c98-a328-457f-a862-0962b2d30ddc,2,3000
4555576147,2025-10-28T05:47:09,565,9245.16,WAITING,3341d7ea-5bed-42e4-82c2-18d0adfbcdf1,5,2000
4569871943,2025-10-14T23:08:30,31,442.7,REJECTED,62117371-6664-4e90-9e4c-e3939789c81a,1,2000
4553455000,2025-09-20T16:15:23,463,8416.28,APPROVED,56ae9e46-c0b2-46ca-b51d-5686e00ce4a6,3,2000
4551230592,2025-09-24T02:11:17,291,6836.82,QUOTATION,5c250769-58e7-4a67-92b8-05566aab2cd0,2,1000
4577820013,2025-09-08T03:23:37,918,5160.53,QUOTATION,00a417fb-f2b9-4bb8-90c0-0787c3f2e3c7,4,4000
4567437557,2025-08-18T10:32:30,119,1609.65,APPROVED,3d3527a9-4ef5-45d5-83c2-4178789f9921,1,4000
4560944784,2025-08-04T19:55:45,303,5202.94,QUOTATION,32149af9-a4f0-4e80-a73d-490a9faef06f,5,2000
4553492045,2025-11-19T04:21:02,245,7148.11,WAITING,cf11fe2a-443a-44e9-96b0-e6b91ddfa87d,2,1000
4548085451,2025-06-05T08:40:27,874,4800.94,WAITING,ba3d4978-80db-4a12-9f06-e4c698936184,2,2000
4584022951,2025-08-26T02:58:33,928,2484.42,REJECTED,9c7454a7-b80c-4d19-b841-4c0343b75add,3,3000
4507370656,2025-11-27T22:14:57,298,4670.33,QUOTATION,ce1eeb99-74a8-4547-b95c-345102c07d21,2,2000
4580121069,2025-09-04T00:49:22,72,9939.8,APPROVED,41f3b33b-8871-42fd-90d5-1d1d9f2d5aed,4,4000
4576400940,2025-09-19T11:47:39,818,2159.16,APPROVED,41f3b33b-8871-42fd-90d5-1d1d9f2d5aed,5,3000
4522687642,2025-10-28T21:55:45,766,1144.87,WAITING,6cc3c3b9-23fa-4969-8791-af89dedc62c9,4,1000
4504417930,2025-11-10T17:43:20,883,9425.84,REJECTED,de541e55-b7b6-404a-8ce0-a6f1ea925750,3,4000
4595712883,2025-10-14T09:15:45,917,5906.49,REJECTED,b6bbc970-46d2-4ff4-9c52-80f378cfe8ea,3,2000
4584134738,2025-09-22T13:54:38,540,9544.35,APPROVED,de541e55-b7b6-404a-8ce0-a6f1ea925750,4,4000
4519401850,2025-07-23T05:43:22,965,881.46,REJECTED,32149af9-a4f0-4e80-a73d-490a9faef06f,1,1000
4563030301,2025-08-19T07:56:54,625,5499.54,REJECTED,791660af-f0db-4fbd-a3a4-86bd38182556,3,2000
4598364226,2025-11-23T19:01:56,987,4655.08,QUOTATION,fffeaf8f-4b6b-4357-a309-89f4769c36da,2,1000
4595764566,2025-10-14T00:16:29,992,5633.66,APPROVED,31ac60a6-1bc1-442c-ae10-4a420f770538,2,1000
4573004388,2025-08-15T06:30:42,689,4763.37,REJECTED,fe53d2be-049c-47fa-871a-c4a8b1a10e40,2,4000
4560788263,2025-08-02T21:32:07,59,7569.55,WAITING,76fa0c16-dc3a-4a9b-b914-de6a0097f3dc,1,1000
4581206463,2025-08-25T12:28:46,289,7497.27,REJECTED,3d3527a9-4ef5-45d5-83c2-4178789f9921,4,2000
4593554223,2025-08-15T18:10:15,616,9015.06,QUOTATION,8ca5ca23-a910-469b-aec1-73bd31d74ba2,4,3000
4597560452,2025-10-22T05:54:55,826,1819.06,WAITING,a9da22e7-f42f-4428-9083-96395b7a7e9a,2,1000
4558175591,2025-09-16T16:03:34,328,4572.9,APPROVED,384bae62-8ba8-4cac-b8ad-3df4e68bcafa,5,2000
4534174449,2025-09-24T01:52:07,678,1806.97,REJECTED,9567383e-1921-4683-803b-509faa2bc9d5,5,1000
4516109865,2025-09-20T16:43:35,419,1240.86,REJECTED,de541e55-b7b6-404a-8ce0-a6f1ea925750,3,2000
4503173650,2025-06-19T20:21:48,577,1730.42,REJECTED,71b893be-0a75-41a7-9a52-bcdb771cc5ec,5,1000
4524594403,2025-06-06T15:34:54,410,6083.31,REJECTED,d4dbba0a-2b26-4233-9017-bb25b2e860f3,4,3000
4500950481,2025-06-11T04:38:22,569,876.4,QUOTATION,ba5b8587-5d45-44ac-9e4e-16cb4b3afecc,4,4000
4578066970,2025-08-04T00:45:50,621,3922.0,WAITING,791660af-f0db-4fbd-a3a4-86bd38182556,4,2000
4590397668,2025-11-11T11:49:12,43,3739.11,APPROVED,f524f9ee-95cb-4e66-a6c1-b58f8296e7f3,5,2000
4517426545,2025-09-16T16:47:45,801,2421.32,WAITING,3f3292d8-3056-42da-9ec5-d080c252a223,2,4000
4587494811,2025-10-16T12:47:05,181,3985.71,QUOTATION,d4dbba0a-2b26-4233-9017-bb25b2e860f3,5,2000
4547328262,2025-10-23T20:47:17,570,6174.39,APPROVED,3341d7ea-5bed-42e4-82c2-18d0adfbcdf1,2,4000
4595245416,2025-11-16T14:24:57,570,9422.51,WAITING,77b34563-244c-46da-b014-af1a9c7fa9e4,2,3000
4525758249,2025-08-04T10:20:19,934,9732.63,WAITING,e069016d-d217-4fbc-b438-1e8790b731fb,2,2000
4520483522,2025-10-14T02:51:05,18,3305.9,APPROVED,0439439c-8945-42c4-b079-5340d85df97c,4,3000
4578033256,2025-07-05T11:01:26,59,6924.73,APPROVED,0439439c-8945-42c4-b079-5340d85df97c,2,3000
4572170557,2025-11-02T19:23:16,652,6106.77,QUOTATION,41e46c83-90d4-4836-a022-b900a018b3fa,4,3000
4551482014,2025-07-14T20:01:53,242,6582.7,REJECTED,00a417fb-f2b9-4bb8-90c0-0787c3f2e3c7,1,1000
4552927668,2025-07-04T20:28:05,904,5786.88,QUOTATION,c40f8a37-9024-4fcd-80a6-7917301ba6bd,1,2000
4543339563,2025-09-12T20:09:43,568,6200.5,REJECTED,bf599d91-442c-4e09-b5ae-b9f08a417d11,4,1000
4501072910,2025-07-18T07:37:23,309,2794.65,APPROVED,a1a6e723-19c6-46fd-a584-917efe27f127,5,2000
4500440250,2025-10-11T15:56:36,714,8014.42,APPROVED,31ac60a6-1bc1-442c-ae10-4a420f770538,4,2000
4591197070,2025-08-14T13:00:31,815,1895.48,REJECTED,d0d94739-009d-44aa-ae3d-8c35a65083c5,5,2000
4516039039,2025-06-07T01:58:30,296,9827.47,REJECTED,17dffc12-ac1a-44ed-ad09-3c824851c624,3,1000
4528781427,2025-09-12T04:12:59,451,3891.33,APPROVED,0439439c-8945-42c4-b079-5340d85df97c,5,3000
4501424047,2025-07-14T16:47:42,804,2853.57,WAITING,3341d7ea-5bed-42e4-82c2-18d0adfbcdf1,2,4000
4527029293,2025-06-08T22:56:50,43,8517.92,APPROVED,37bf8863-0046-49cb-a72c-f7e41661214b,4,1000
4590902230,2025-11-16T20:06:15,951,59.41,REJECTED,9567383e-1921-4683-803b-509faa2bc9d5,2,3000
4586878425,2025-06-19T20:28:18,787,4542.07,APPROVED,8ca5ca23-a910-469b-aec1-73bd31d74ba2,5,4000
4509488924,2025-10-13T22:44:50,455,4330.33,APPROVED,a9da22e7-f42f-4428-9083-96395b7a7e9a,1,2000
4576941310,2025-09-24T16:30:13,522,6296.53,APPROVED,bcebc30c-15e5-48e2-9c32-c86d886f82a0,5,1000
4566851227,2025-10-09T22:21:29,76,8764.09,APPROVED,8df0c99e-2745-44ae-94ee-ad79cb114fdb,3,4000
4523032912,2025-08-22T02:15:14,895,867.34,WAITING,408c4fe5-9066-4997-8f1c-ad8daae4b1f6,2,3000
4546534829,2025-07-02T06:10:12,770,797.76,WAITING,3341d7ea-5bed-42e4-82c2-18d0adfbcdf1,5,4000
4520385189,2025-08-25T11:12:55,86,4068.74,QUOTATION,975480d4-8c15-44ba-8c55-a9938bdaa2c4,3,4000
4551737131,2025-09-07T21:21:25,279,3324.28,QUOTATION,37bf8863-0046-49cb-a72c-f7e41661214b,3,3000
4519812505,2025-10-20T14:51:02,628,9361.79,QUOTATION,84aadcf6-499b-4416-9a35-3e546eb39a5c,4,1000
4592964613,2025-07-05T06:53:27,3,8685.74,WAITING,cf11fe2a-443a-44e9-96b0-e6b91ddfa87d,3,2000
4588278655,2025-06-05T23:12:48,747,3541.55,WAITING,a4926703-442b-4179-808a-04de7d4e1015,4,2000
4557387582,2025-06-03T10:57:50,929,5710.9,QUOTATION,41f3b33b-8871-42fd-90d5-1d1d9f2d5aed,2,2000
4541259556,2025-07-23T16:52:07,439,2500.03,WAITING,41e46c83-90d4-4836-a022-b900a018b3fa,1,4000
4564528059,2025-11-05T15:20:36,878,2765.71,WAITING,6c55f239-a4f0-4edd-afe8-02d129db9eda,2,4000
4500479191,2025-09-23T03:52:22,155,4516.82,REJECTED,e7ba4d18-37bf-472c-9d3a-7756c21a55c9,4,1000
4561380935,2025-06-15T19:30:53,656,5743.83,APPROVED,28d388a1-0e70-41d0-a8a1-abb9e3263b7b,2,4000
4543344985,2025-08-01T22:10:30,581,682.04,QUOTATION,915bda23-d2b3-4bab-9d3b-0b701beb76fa,4,2000
4590724480,2025-08-18T16:21:00,888,3752.37,REJECTED,8ca5ca23-a910-469b-aec1-73bd31d74ba2,4,4000
4537968747,2025-08-04T05:33:47,420,6761.46,APPROVED,de541e55-b7b6-404a-8ce0-a6f1ea925750,3,1000
4559121340,2025-07-08T19:31:13,971,7625.66,QUOTATION,f6979cad-3c89-4280-985d-d7f07aaa8c2b,3,2000
4590167717,2025-07-23T07:07:38,117,9581.33,QUOTATION,4a2d279e-2495-496f-80d9-bc5a45e3b6b4,1,1000
4593541672,2025-09-26T06:43:10,375,1669.83,WAITING,0a58bce2-1697-4c89-b568-ae280f33f982,4,1000
4503292105,2025-09-04T11:09:54,633,593.91,REJECTED,611eefb3-ef38-4a2e-831a-15aff1dde8f8,1,1000
4551505025,2025-08-17T19:08:51,421,3871.87,QUOTATION,82ebf1b0-6982-4deb-ac51-c7a6d0a68c5d,4,2000
4527630685,2025-06-11T12:36:36,874,4421.33,WAITING,2c6e3cb9-21cb-4de6-ae38-f117a3cbdfe2,3,1000
4514918953,2025-11-10T18:50:29,20,8501.49,WAITING,9a109dc4-7be3-4aec-94bb-ede38f79ae14,5,4000
4594157995,2025-11-28T02:06:06,300,9418.18,REJECTED,6cc3c3b9-23fa-4969-8791-af89dedc62c9,1,1000
4516556937,2025-07-01T13:00:07,182,83.4,WAITING,134244b2-90f7-4d62-8488-d71e29828266,2,1000
4513457106,2025-11-05T15:02:50,965,4803.41,REJECTED,56ae9e46-c0b2-46ca-b51d-5686e00ce4a6,4,1000
4592718004,2025-06-07T22:50:32,49,2183.82,APPROVED,3341d7ea-5bed-42e4-82c2-18d0adfbcdf1,5,4000
4512798077,2025-07-25T21:39:30,567,5570.33,QUOTATION,9c7454a7-b80c-4d19-b841-4c0343b75add,1,4000
4540164137,2025-08-05T07:12:34,262,213.6,QUOTATION,37bf8863-0046-49cb-a72c-f7e41661214b,2,2000
4538155608,2025-07-16T06:10:54,491,3747.51,APPROVED,28d388a1-0e70-41d0-a8a1-abb9e3263b7b,4,1000
4536987479,2025-06-15T14:42:55,494,1422.6,WAITING,6cc3c3b9-23fa-4969-8791-af89dedc62c9,3,3000
4540487873,2025-07-13T04:12:45,218,1024.04,WAITING,eb8e5632-45d0-47e9-bcc0-ee76bf030643,1,3000
4537220767,2025-11-02T09:05:27,673,2213.37,WAITING,74d238f7-61d4-41c6-9d51-b05f2eddcb36,2,3000
4513216191,2025-09-11T17:52:26,109,5038.49,APPROVED,77b34563-244c-46da-b014-af1a9c7fa9e4,3,1000
4568650395,2025-10-16T11:14:46,662,3810.79,WAITING,cf11fe2a-443a-44e9-96b0-e6b91ddfa87d,2,3000
4536831860,2025-11-01T10:57:28,449,7059.7,REJECTED,daffc87a-fdb5-424e-9155-782c6cd1b731,5,4000
4555526023,2025-07-13T19:12:28,733,1481.44,QUOTATION,84aadcf6-499b-4416-9a35-3e546eb39a5c,5,2000
4563802837,2025-06-16T22:48:45,261,1555.24,WAITING,8df0c99e-2745-44ae-94ee-ad79cb114fdb,3,1000
4599637543,2025-10-22T14:30:04,479,9143.72,REJECTED,b0154cbb-c693-4062-88b9-a8acf4402b56,5,3000
4597332912,2025-09-24T16:47:15,675,4642.56,QUOTATION,9a109dc4-7be3-4aec-94bb-ede38f79ae14,4,3000
4568878834,2025-06-16T11:29:39,250,3824.4,APPROVED,73df3d25-bcec-47a6-8d66-6b628e81ed2d,3,2000
4507015432,2025-09-23T06:41:34,153,1680.46,REJECTED,74d238f7-61d4-41c6-9d51-b05f2eddcb36,1,1000
4566142541,2025-08-08T07:24:15,544,8871.53,QUOTATION,28d388a1-0e70-41d0-a8a1-abb9e3263b7b,5,2000
4552662195,2025-06-07T00:55:37,30,4689.11,APPROVED,f6979cad-3c89-4280-985d-d7f07aaa8c2b,3,3000
4574330321,2025-09-15T14:30:18,968,2127.7,REJECTED,9a109dc4-7be3-4aec-94bb-ede38f79ae14,4,1000
4592598539,2025-11-04T07:47:46,441,1918.54,WAITING,2c7b9d8a-6b92-4a21-a03e-024e434a203d,5,3000
4501085483,2025-10-23T04:47:47,354,1668.39,APPROVED,41e46c83-90d4-4836-a022-b900a018b3fa,4,4000
4556783227,2025-11-06T15:51:55,197,8531.32,REJECTED,32149af9-a4f0-4e80-a73d-490a9faef06f,5,2000
4584738364,2025-06-14T07:18:54,384,4235.49,WAITING,834a14f7-cbd7-4220-9587-cd61c93c8253,4,1000
4563720883,2025-06-09T09:41:33,823,2141.81,QUOTATION,35672019-b6d1-42b4-b906-8819b248182e,5,3000
4514974102,2025-08-25T12:05:01,126,5630.94,APPROVED,01bb5e4b-33d3-4db2-85a2-499f5c9e31b4,4,3000
4568783850,2025-07-06T15:00:34,499,8386.31,APPROVED,aa51a37d-2867-459b-8885-b5c8b161616a,4,2000
4570136647,2025-07-07T14:02:37,501,4567.96,WAITING,37bf8863-0046-49cb-a72c-f7e41661214b,4,3000
4519169879,2025-07-05T11:24:17,910,4263.79,REJECTED,e069016d-d217-4fbc-b438-1e8790b731fb,5,3000
4514443729,2025-06-16T21:18:52,641,2907.54,WAITING,9fc109ea-2585-4c23-9329-2ccda2d964eb,4,4000
4559103651,2025-11-21T22:58:09,673,1899.45,REJECTED,a9da22e7-f42f-4428-9083-96395b7a7e9a,3,4000
4500595698,2025-06-15T19:37:09,221,8168.03,APPROVED,68681084-7b12-4fd9-9704-7da3802cb451,3,2000
4547594638,2025-11-07T12:20:05,863,3467.93,REJECTED,2c6e3cb9-21cb-4de6-ae38-f117a3cbdfe2,1,2000
4524414978,2025-07-16T11:19:07,735,2857.42,APPROVED,31ac60a6-1bc1-442c-ae10-4a420f770538,1,2000
4534230530,2025-06-15T11:49:10,603,7526.61,REJECTED,b577718c-a2a9-4f8a-a41c-7cac0d102aab,2,3000
4563390271,2025-07-12T13:01:04,952,1879.23,QUOTATION,b577718c-a2a9-4f8a-a41c-7cac0d102aab,3,4000
4533754790,2025-07-07T00:47:26,304,2593.2,QUOTATION,f524f9ee-95cb-4e66-a6c1-b58f8296e7f3,5,4000
4530000976,2025-09-09T23:20:40,904,4124.38,WAITING,68681084-7b12-4fd9-9704-7da3802cb451,3,3000
4530402349,2025-06-05T10:44:54,427,7309.43,REJECTED,651e8d5b-8636-4635-a934-6f9427d506b8,3,4000
4549120328,2025-09-23T22:22:18,398,9079.68,QUOTATION,4029508a-afa4-4faf-b175-4bb65b8a4dbb,4,2000
4508167617,2025-08-05T16:45:02,766,5158.83,REJECTED,9fc109ea-2585-4c23-9329-2ccda2d964eb,1,2000
4599548846,2025-09-09T20:42:09,204,8916.31,REJECTED,4a2d279e-2495-496f-80d9-bc5a45e3b6b4,1,4000
4556424547,2025-10-14T05:42:55,474,343.63,REJECTED,15ddc72a-7103-4a88-a951-49c5aa75affd,2,2000
4570704111,2025-11-03T15:03:59,8,2949.24,WAITING,ad64acbd-9045-44ec-9111-f6b3b90cb060,2,1000
4528622935,2025-09-18T23:09:09,147,1770.58,QUOTATION,9ec93c76-9578-4947-a5ca-def516b026cb,1,4000
4542481184,2025-09-16T02:53:08,142,7473.38,WAITING,37bf8863-0046-49cb-a72c-f7e41661214b,4,2000
4548345897,2025-07-09T22:48:19,792,4283.64,QUOTATION,68681084-7b12-4fd9-9704-7da3802cb451,2,3000
4544979123,2025-07-03T19:55:59,611,1787.49,QUOTATION,0e752cfe-75ff-427d-8214-57710b509b33,3,2000
4572660116,2025-11-24T08:42:21,861,2497.3,APPROVED,110f8801-eea1-420d-98e6-dd439569747b,2,2000
4539249151,2025-07-03T17:28:29,903,7632.52,QUOTATION,611eefb3-ef38-4a2e-831a-15aff1dde8f8,5,4000
4520330633,2025-07-19T15:07:07,677,4033.23,REJECTED,834a14f7-cbd7-4220-9587-cd61c93c8253,1,3000
4533625992,2025-06-17T21:17:55,506,9529.05,REJECTED,611eefb3-ef38-4a2e-831a-15aff1dde8f8,2,3000
4596070748,2025-08-17T23:59:50,188,5700.21,REJECTED,3f3292d8-3056-42da-9ec5-d080c252a223,2,3000
4581160418,2025-11-10T23:36:01,26,336.55,QUOTATION,41f3b33b-8871-42fd-90d5-1d1d9f2d5aed,5,2000
4550009506,2025-10-22T22:16:27,835,876.76,APPROVED,975480d4-8c15-44ba-8c55-a9938bdaa2c4,3,3000
4538092762,2025-09-08T08:45:31,6,3847.26,WAITING,15ddc72a-7103-4a88-a951-49c5aa75affd,2,4000
4593731637,2025-10-24T18:18:16,63,9288.89,WAITING,ad64acbd-9045-44ec-9111-f6b3b90cb060,1,4000
4575772633,2025-11-17T20:16:16,184,1308.48,WAITING,17dffc12-ac1a-44ed-ad09-3c824851c624,2,1000
4594231939,2025-10-19T23:30:59,731,4316.7,APPROVED,56ae9e46-c0b2-46ca-b51d-5686e00ce4a6,3,3000
4574203678,2025-09-21T06:48:42,752,5486.2,APPROVED,a4926703-442b-4179-808a-04de7d4e1015,5,3000
4544560378,2025-07-12T19:36:55,318,7913.05,REJECTED,35672019-b6d1-42b4-b906-8819b248182e,4,4000
4524775412,2025-11-20T06:47:02,620,9629.43,APPROVED,b6bbc970-46d2-4ff4-9c52-80f378cfe8ea,1,1000
4564890632,2025-11-18T04:50:57,859,6286.51,APPROVED,05767575-2944-4457-9aa7-06e1dae2ae25,1,4000
4513475928,2025-09-08T01:24:59,497,6607.4,QUOTATION,b020551c-5fe7-45ea-881a-6fa78332362d,4,3000
4569417955,2025-08-28T19:09:01,798,4992.54,QUOTATION,a1ad3c2b-45ca-491c-8ef2-a64af7d19e43,4,4000
4592666159,2025-08-02T20:03:32,486,2544.42,APPROVED,6c55f239-a4f0-4edd-afe8-02d129db9eda,4,4000
4591984721,2025-10-27T13:59:12,433,363.78,QUOTATION,68681084-7b12-4fd9-9704-7da3802cb451,3,3000
4544506913,2025-09-13T20:13:15,97,1302.46,QUOTATION,a9da22e7-f42f-4428-9083-96395b7a7e9a,3,2000
4546118630,2025-10-04T21:11:10,296,2634.13,QUOTATION,37bf8863-0046-49cb-a72c-f7e41661214b,3,1000
4590329355,2025-10-20T20:21:57,785,2553.29,QUOTATION,110f8801-eea1-420d-98e6-dd439569747b,5,4000
4560151812,2025-06-27T19:49:50,785,1901.11,APPROVED,37bf8863-0046-49cb-a72c-f7e41661214b,1,3000
4557626038,2025-08-12T15:24:47,727,3118.76,WAITING,0e752cfe-75ff-427d-8214-57710b509b33,5,1000
4579378702,2025-10-05T09:38:57,496,8503.5,QUOTATION,2c6e3cb9-21cb-4de6-ae38-f117a3cbdfe2,2,4000
4539601281,2025-10-09T06:41:55,496,1906.64,WAITING,76fa0c16-dc3a-4a9b-b914-de6a0097f3dc,1,3000
4528870641,2025-08-17T15:52:45,44,3412.21,QUOTATION,ba3d4978-80db-4a12-9f06-e4c698936184,1,4000
4505164267,2025-06-17T21:05:12,173,7283.99,WAITING,d0d94739-009d-44aa-ae3d-8c35a65083c5,1,4000
4500093188,2025-09-28T17:47:16,565,6188.94,REJECTED,ba3d4978-80db-4a12-9f06-e4c698936184,4,4000
4538550075,2025-07-16T10:14:32,108,152.79,APPROVED,ebfe58ef-0dee-41d8-859e-ae2bff66e7fc,3,2000
4579851194,2025-11-06T07:16:58,41,3178.28,APPROVED,15ddc72a-7103-4a88-a951-49c5aa75affd,4,1000
4510546241,2025-11-27T17:47:45,331,7369.14,QUOTATION,daffc87a-fdb5-424e-9155-782c6cd1b731,3,4000
4527211345,2025-08-16T15:33:46,442,1841.99,WAITING,915bda23-d2b3-4bab-9d3b-0b701beb76fa,4,1000
4537341837,2025-09-24T14:03:40,47,8482.01,APPROVED,fe53d2be-049c-47fa-871a-c4a8b1a10e40,3,2000
4571102917,2025-07-26T18:08:41,131,2787.2,APPROVED,bf599d91-442c-4e09-b5ae-b9f08a417d11,1,3000
4585131045,2025-07-14T13:35:25,388,8626.93,WAITING,611eefb3-ef38-4a2e-831a-15aff1dde8f8,3,3000
4560906819,2025-09-11T12:18:12,762,149.6,WAITING,c40f8a37-9024-4fcd-80a6-7917301ba6bd,1,2000
4554327607,2025-07-24T06:25:27,770,4051.7,REJECTED,9a109dc4-7be3-4aec-94bb-ede38f79ae14,3,2000
4554417311,2025-10-15T09:25:30,754,7999.68,QUOTATION,5c250769-58e7-4a67-92b8-05566aab2cd0,2,2000
4522372124,2025-07-28T09:31:47,307,2265.28,WAITING,0e752cfe-75ff-427d-8214-57710b509b33,4,3000
4542305559,2025-11-16T11:37:44,882,8966.38,QUOTATION,134244b2-90f7-4d62-8488-d71e29828266,2,1000
4571275206,2025-06-22T18:54:30,367,1636.09,REJECTED,834a14f7-cbd7-4220-9587-cd61c93c8253,3,4000
4596788261,2025-07-06T13:56:47,972,9905.87,REJECTED,6cc3c3b9-23fa-4969-8791-af89dedc62c9,2,4000
4554927278,2025-10-14T00:13:17,610,4759.96,REJECTED,56ae9e46-c0b2-46ca-b51d-5686e00ce4a6,5,4000
4539082379,2025-11-25T09:28:36,556,2289.2,WAITING,e7ba4d18-37bf-472c-9d3a-7756c21a55c9,1,2000
4538132658,2025-11-12T19:07:51,398,9924.18,APPROVED,4029508a-afa4-4faf-b175-4bb65b8a4dbb,5,4000
4553622502,2025-06-02T01:45:25,106,496.42,APPROVED,c40f8a37-9024-4fcd-80a6-7917301ba6bd,2,3000
4590362954,2025-07-28T13:01:13,330,5366.12,REJECTED,ba5b8587-5d45-44ac-9e4e-16cb4b3afecc,4,3000
4591907875,2025-10-02T08:00:51,848,6469.28,APPROVED,0a58bce2-1697-4c89-b568-ae280f33f982,3,4000
4574331848,2025-07-07T08:06:15,948,2520.68,REJECTED,ebfe58ef-0dee-41d8-859e-ae2bff66e7fc,3,2000
4502872246,2025-07-27T12:43:26,367,3954.67,REJECTED,71b893be-0a75-41a7-9a52-bcdb771cc5ec,1,3000
4591107849,2025-08-02T07:54:32,680,9234.84,APPROVED,76fa0c16-dc3a-4a9b-b914-de6a0097f3dc,2,3000
4536707748,2025-10-22T21:24:07,246,4795.45,APPROVED,12a301b9-4c71-4181-a853-d29be7b6bd18,4,4000
4548073053,2025-08-12T20:03:00,659,8875.2,WAITING,408c4fe5-9066-4997-8f1c-ad8daae4b1f6,3,3000
4531528739,2025-08-28T10:37:51,762,2174.83,REJECTED,da731710-48f7-4c02-8dd6-917ff4c62e3b,4,2000
4524667327,2025-07-10T19:37:42,845,3658.29,QUOTATION,3d3527a9-4ef5-45d5-83c2-4178789f9921,5,4000
4531354038,2025-07-05T11:02:00,956,4650.69,QUOTATION,e069016d-d217-4fbc-b438-1e8790b731fb,5,3000
4559505860,2025-07-19T16:03:46,922,9323.5,WAITING,ba3d4978-80db-4a12-9f06-e4c698936184,3,2000
4589326405,2025-10-17T21:10:54,442,363.76,REJECTED,ad64acbd-9045-44ec-9111-f6b3b90cb060,3,2000
4521994046,2025-06-26T04:49:02,218,6125.84,REJECTED,2ab670e8-49e3-4a95-9871-d937f77b5927,4,1000
4595176719,2025-11-17T05:36:34,714,1811.95,WAITING,4029508a-afa4-4faf-b175-4bb65b8a4dbb,3,1000
4542897745,2025-07-23T14:18:02,873,9572.58,APPROVED,a1ad3c2b-45ca-491c-8ef2-a64af7d19e43,3,3000
4557115057,2025-11-11T16:50:12,691,9260.79,QUOTATION,f6979cad-3c89-4280-985d-d7f07aaa8c2b,3,1000
4577460050,2025-11-19T12:50:44,568,4101.03,QUOTATION,9c7454a7-b80c-4d19-b841-4c0343b75add,1,2000
4592055020,2025-08-16T03:22:46,641,1676.37,REJECTED,d7da1df8-a4af-4efe-a657-570c6d350470,5,3000
4597150415,2025-11-24T04:30:41,768,1837.82,QUOTATION,0f7e95f4-4fb9-4987-a1e1-5264880e721e,2,1000
4597521673,2025-07-10T14:41:15,777,6554.65,APPROVED,3c65561d-5119-4985-87e7-48965fe9f62c,5,4000
4512514622,2025-06-03T09:01:22,1000,745.48,QUOTATION,77b34563-244c-46da-b014-af1a9c7fa9e4,1,2000
4525213930,2025-09-05T22:24:33,994,584.33,WAITING,71b893be-0a75-41a7-9a52-bcdb771cc5ec,1,2000
4532794031,2025-11-03T00:31:48,869,1928.93,APPROVED,9fc109ea-2585-4c23-9329-2ccda2d964eb,5,3000
4584527800,2025-11-26T14:29:50,420,8582.85,REJECTED,fffeaf8f-4b6b-4357-a309-89f4769c36da,5,2000
4514388884,2025-11-11T02:23:12,434,5612.05,REJECTED,5257f4f1-580e-4eb3-89f9-6cae458e4509,1,4000
4541965421,2025-11-19T02:24:55,931,2752.71,REJECTED,3341d7ea-5bed-42e4-82c2-18d0adfbcdf1,1,3000
4544726561,2025-07-20T21:34:30,195,4425.06,QUOTATION,d5b6a98e-464a-4e85-ad1c-7fd6be7df835,2,4000
4560615010,2025-07-15T17:31:05,724,5720.82,QUOTATION,fe53d2be-049c-47fa-871a-c4a8b1a10e40,1,4000
4553108695,2025-07-11T06:27:27,420,783.81,APPROVED,ebfe58ef-0dee-41d8-859e-ae2bff66e7fc,1,2000
4537056351,2025-11-07T08:45:26,311,7766.66,WAITING,5c250769-58e7-4a67-92b8-05566aab2cd0,1,1000
4534054905,2025-10-05T07:30:55,861,6469.67,REJECTED,0e752cfe-75ff-427d-8214-57710b509b33,3,3000
4563611919,2025-07-16T18:15:00,622,2853.77,QUOTATION,0f7e95f4-4fb9-4987-a1e1-5264880e721e,4,3000
4571500418,2025-10-12T15:07:22,891,3747.44,REJECTED,aa51a37d-2867-459b-8885-b5c8b161616a,2,1000
4584349728,2025-06-25T06:17:25,433,7327.53,APPROVED,fffeaf8f-4b6b-4357-a309-89f4769c36da,3,2000
4509641666,2025-11-09T21:52:42,51,2205.33,APPROVED,0e752cfe-75ff-427d-8214-57710b509b33,4,1000
4546604126,2025-06-26T16:14:48,717,6979.9,APPROVED,a4926703-442b-4179-808a-04de7d4e1015,2,4000
4575554312,2025-11-07T13:40:35,140,8463.54,WAITING,110f8801-eea1-420d-98e6-dd439569747b,1,3000
4578242514,2025-10-15T22:00:38,104,8502.88,APPROVED,daffc87a-fdb5-424e-9155-782c6cd1b731,5,3000
4596797294,2025-10-13T07:21:43,187,9873.76,WAITING,00a417fb-f2b9-4bb8-90c0-0787c3f2e3c7,5,4000
4535963840,2025-11-24T14:26:10,840,9550.21,QUOTATION,915bda23-d2b3-4bab-9d3b-0b701beb76fa,5,3000
4579241152,2025-11-01T21:33:34,837,8296.09,APPROVED,b020551c-5fe7-45ea-881a-6fa78332362d,4,2000
4532320858,2025-11-06T05:30:39,867,7073.29,WAITING,611eefb3-ef38-4a2e-831a-15aff1dde8f8,3,4000
4574186316,2025-07-22T20:35:08,573,2112.75,WAITING,b6bbc970-46d2-4ff4-9c52-80f378cfe8ea,4,4000
4560911389,2025-06-25T06:39:28,291,1021.69,APPROVED,384bae62-8ba8-4cac-b8ad-3df4e68bcafa,2,4000
4557177996,2025-11-23T01:40:04,949,1846.86,REJECTED,6cc3c3b9-23fa-4969-8791-af89dedc62c9,5,1000
4560397420,2025-06-28T13:49:47,123,2371.43,QUOTATION,0f7e95f4-4fb9-4987-a1e1-5264880e721e,2,3000
4590930139,2025-08-02T07:20:22,60,3214.75,QUOTATION,9fc109ea-2585-4c23-9329-2ccda2d964eb,5,1000
4569011541,2025-09-23T07:15:26,381,5115.2,QUOTATION,d5b6a98e-464a-4e85-ad1c-7fd6be7df835,4,4000
4569136041,2025-09-08T05:13:40,465,6348.29,APPROVED,3f3292d8-3056-42da-9ec5-d080c252a223,1,3000
4511593627,2025-08-07T06:59:14,879,5812.86,QUOTATION,6c55f239-a4f0-4edd-afe8-02d129db9eda,2,2000
4591453395,2025-09-13T15:25:15,618,5657.16,WAITING,b6bbc970-46d2-4ff4-9c52-80f378cfe8ea,5,2000
4561056902,2025-10-07T20:32:54,866,3904.41,REJECTED,ce1eeb99-74a8-4547-b95c-345102c07d21,5,4000
4583405797,2025-06-21T01:46:10,95,315.94,REJECTED,17dffc12-ac1a-44ed-ad09-3c824851c624,5,1000
4593079056,2025-07-15T03:32:19,436,6162.07,APPROVED,51991c98-a328-457f-a862-0962b2d30ddc,5,4000
4501087521,2025-07-18T04:51:13,432,1251.96,REJECTED,2c7b9d8a-6b92-4a21-a03e-024e434a203d,4,4000
4514394182,2025-06-23T05:14:10,727,5701.29,APPROVED,ad64acbd-9045-44ec-9111-f6b3b90cb060,2,3000
4563676411,2025-06-17T20:48:57,393,67.29,APPROVED,cf11fe2a-443a-44e9-96b0-e6b91ddfa87d,4,3000
4507784244,2025-07-28T15:01:03,441,7453.69,REJECTED,b577718c-a2a9-4f8a-a41c-7cac0d102aab,4,4000
4536419463,2025-09-02T20:44:37,56,4514.98,QUOTATION,eb8e5632-45d0-47e9-bcc0-ee76bf030643,4,3000
4517715690,2025-11-10T05:38:36,790,6749.88,QUOTATION,134244b2-90f7-4d62-8488-d71e29828266,2,1000
4599880241,2025-06-21T19:50:11,97,9732.67,REJECTED,975480d4-8c15-44ba-8c55-a9938bdaa2c4,4,3000
4506970013,2025-07-05T14:21:01,710,3571.75,WAITING,51991c98-a328-457f-a862-0962b2d30ddc,1,1000
4539140053,2025-08-24T23:52:22,214,8850.64,QUOTATION,d0d94739-009d-44aa-ae3d-8c35a65083c5,2,3000
4567853919,2025-06-03T12:02:24,322,2717.63,WAITING,3f3292d8-3056-42da-9ec5-d080c252a223,3,3000
4518612190,2025-08-25T10:05:27,880,467.23,WAITING,e7ba4d18-37bf-472c-9d3a-7756c21a55c9,5,4000
4579305146,2025-07-03T15:28:54,425,4423.29,APPROVED,15ddc72a-7103-4a88-a951-49c5aa75affd,3,3000
4567222599,2025-08-28T00:35:43,674,8390.82,WAITING,56ae9e46-c0b2-46ca-b51d-5686e00ce4a6,1,1000
4567267586,2025-09-10T23:06:32,255,7621.63,WAITING,71b893be-0a75-41a7-9a52-bcdb771cc5ec,4,4000
4502734775,2025-06-21T06:04:12,824,3447.65,QUOTATION,41e46c83-90d4-4836-a022-b900a018b3fa,5,4000
4587354277,2025-10-23T02:08:57,486,4226.92,WAITING,71b893be-0a75-41a7-9a52-bcdb771cc5ec,2,4000
4567645588,2025-10-19T00:10:45,794,9890.57,APPROVED,41e46c83-90d4-4836-a022-b900a018b3fa,4,3000
4546800587,2025-06-04T10:02:36,506,4774.57,QUOTATION,8df0c99e-2745-44ae-94ee-ad79cb114fdb,2,3000
4537398062,2025-07-21T13:57:18,855,9133.95,QUOTATION,82ebf1b0-6982-4deb-ac51-c7a6d0a68c5d,4,1000
4574294848,2025-07-16T23:38:19,989,2577.61,QUOTATION,0b319577-4ab0-4684-b112-b27aad212cb1,3,1000
4527913939,2025-07-24T00:00:17,370,8002.41,WAITING,62117371-6664-4e90-9e4c-e3939789c81a,5,4000
4599056038,2025-07-07T05:59:22,689,2459.48,REJECTED,9ec93c76-9578-4947-a5ca-def516b026cb,1,1000
4505717110,2025-07-07T12:48:27,553,3801.68,QUOTATION,0f7e95f4-4fb9-4987-a1e1-5264880e721e,5,3000
4560528076,2025-08-05T05:23:48,813,7381.48,REJECTED,73df3d25-bcec-47a6-8d66-6b628e81ed2d,5,3000
4521925130,2025-09-24T14:33:08,601,2350.32,APPROVED,fffeaf8f-4b6b-4357-a309-89f4769c36da,4,1000
4579572328,2025-11-05T19:16:01,436,3129.03,QUOTATION,975480d4-8c15-44ba-8c55-a9938bdaa2c4,1,1000
4553409432,2025-07-11T07:46:50,706,2321.22,APPROVED,3341d7ea-5bed-42e4-82c2-18d0adfbcdf1,2,2000
4541554579,2025-11-26T15:54:19,288,6386.57,QUOTATION,2c7b9d8a-6b92-4a21-a03e-024e434a203d,3,2000
4549276213,2025-06-16T02:09:40,835,9582.73,APPROVED,c40f8a37-9024-4fcd-80a6-7917301ba6bd,5,4000
4509492050,2025-06-03T12:41:56,10,8936.56,REJECTED,15ddc72a-7103-4a88-a951-49c5aa75affd,5,3000
4560415097,2025-11-08T23:30:34,166,7636.15,QUOTATION,611eefb3-ef38-4a2e-831a-15aff1dde8f8,5,4000
4571419600,2025-08-01T09:09:45,32,8547.82,REJECTED,82ebf1b0-6982-4deb-ac51-c7a6d0a68c5d,2,2000
4573696647,2025-11-13T01:48:19,30,7329.86,WAITING,9ec93c76-9578-4947-a5ca-def516b026cb,5,4000
4580174195,2025-06-10T22:33:34,202,7693.46,WAITING,8ca5ca23-a910-469b-aec1-73bd31d74ba2,2,3000
4576416306,2025-08-16T02:28:57,630,4858.88,QUOTATION,ce1eeb99-74a8-4547-b95c-345102c07d21,5,4000
4565714835,2025-09-20T21:43:31,196,7942.32,REJECTED,e069016d-d217-4fbc-b438-1e8790b731fb,3,4000
4547260449,2025-07-26T05:08:38,63,9886.69,APPROVED,3f3292d8-3056-42da-9ec5-d080c252a223,3,2000
4581096677,2025-08-05T08:53:50,40,7780.28,REJECTED,35672019-b6d1-42b4-b906-8819b248182e,3,1000
4589288081,2025-07-17T08:18:49,460,7765.3,REJECTED,05767575-2944-4457-9aa7-06e1dae2ae25,2,3000
4524209813,2025-09-27T22:12:54,629,5174.89,REJECTED,0f7e95f4-4fb9-4987-a1e1-5264880e721e,3,1000
4539906960,2025-07-07T18:55:47,306,7243.34,QUOTATION,2c6e3cb9-21cb-4de6-ae38-f117a3cbdfe2,1,2000
4594179889,2025-11-04T08:48:16,93,7266.97,WAITING,cf11fe2a-443a-44e9-96b0-e6b91ddfa87d,2,4000
4558023694,2025-06-09T03:55:36,502,8789.52,QUOTATION,110f8801-eea1-420d-98e6-dd439569747b,2,4000
4551263059,2025-10-21T00:33:03,366,3386.82,WAITING,9fc109ea-2585-4c23-9329-2ccda2d964eb,3,3000
4564003146,2025-07-21T14:52:11,733,6464.81,QUOTATION,651e8d5b-8636-4635-a934-6f9427d506b8,2,2000
4517187815,2025-09-28T09:39:12,397,5852.22,APPROVED,9fc109ea-2585-4c23-9329-2ccda2d964eb,1,4000
4550672959,2025-10-02T18:33:12,532,2119.45,WAITING,daffc87a-fdb5-424e-9155-782c6cd1b731,5,2000
4578529987,2025-06-13T21:08:24,576,7916.34,QUOTATION,17dffc12-ac1a-44ed-ad09-3c824851c624,1,4000
4539955008,2025-09-10T03:48:33,710,23.37,QUOTATION,bcebc30c-15e5-48e2-9c32-c86d886f82a0,2,2000
4558953389,2025-06-25T20:29:58,789,6605.14,QUOTATION,daffc87a-fdb5-424e-9155-782c6cd1b731,2,3000
4536622023,2025-09-26T15:38:04,412,1171.48,APPROVED,3d3527a9-4ef5-45d5-83c2-4178789f9921,4,2000
4569972009,2025-07-01T21:25:11,491,9318.67,APPROVED,4a2d279e-2495-496f-80d9-bc5a45e3b6b4,2,2000
4563073827,2025-07-16T04:12:02,278,541.27,WAITING,e069016d-d217-4fbc-b438-1e8790b731fb,5,1000
4510399561,2025-08-04T11:41:32,113,4752.83,APPROVED,fcc9df1e-2761-4b55-8f60-015b21066d78,2,3000
4550627236,2025-11-24T02:38:14,660,106.35,WAITING,a1a6e723-19c6-46fd-a584-917efe27f127,1,2000
4534725098,2025-06-14T23:27:55,674,9633.45,WAITING,b577718c-a2a9-4f8a-a41c-7cac0d102aab,3,1000
4560797422,2025-11-20T00:38:35,897,974.12,REJECTED,28d388a1-0e70-41d0-a8a1-abb9e3263b7b,2,3000
4591125538,2025-08-03T19:14:00,621,9040.47,WAITING,611eefb3-ef38-4a2e-831a-15aff1dde8f8,1,3000
4593238009,2025-10-21T06:42:24,786,7029.75,APPROVED,ebfe58ef-0dee-41d8-859e-ae2bff66e7fc,2,3000
4574403833,2025-06-18T09:40:48,12,3687.83,APPROVED,56ae9e46-c0b2-46ca-b51d-5686e00ce4a6,1,2000
4581286459,2025-06-19T20:15:00,767,363.44,WAITING,eb8e5632-45d0-47e9-bcc0-ee76bf030643,4,3000
4577783105,2025-07-26T04:15:49,905,6169.78,QUOTATION,41e46c83-90d4-4836-a022-b900a018b3fa,3,1000
4571198402,2025-06-12T14:43:49,728,2870.54,REJECTED,77b34563-244c-46da-b014-af1a9c7fa9e4,1,4000
4539514637,2025-08-22T07:55:22,189,3050.71,REJECTED,9a109dc4-7be3-4aec-94bb-ede38f79ae14,3,1000
4529874525,2025-08-15T21:38:29,424,9918.36,WAITING,e7ba4d18-37bf-472c-9d3a-7756c21a55c9,1,2000
4536032996,2025-09-14T10:36:38,616,7899.3,WAITING,0f7e95f4-4fb9-4987-a1e1-5264880e721e,2,1000
4526443272,2025-06-09T15:37:28,446,386.64,REJECTED,384bae62-8ba8-4cac-b8ad-3df4e68bcafa,3,3000
4578981712,2025-11-19T13:30:19,651,7101.2,REJECTED,15ddc72a-7103-4a88-a951-49c5aa75affd,3,4000
4546211778,2025-11-28T05:01:29,391,6944.66,REJECTED,51991c98-a328-457f-a862-0962b2d30ddc,3,2000
4510340480,2025-11-23T05:23:56,104,6428.89,WAITING,c40f8a37-9024-4fcd-80a6-7917301ba6bd,1,3000
4550011564,2025-09-13T02:29:06,39,4039.43,QUOTATION,b577718c-a2a9-4f8a-a41c-7cac0d102aab,5,1000
4571813944,2025-10-11T10:23:12,487,4506.98,REJECTED,15ddc72a-7103-4a88-a951-49c5aa75affd,5,1000
4590882182,2025-07-05T17:08:19,22,3058.92,APPROVED,f524f9ee-95cb-4e66-a6c1-b58f8296e7f3,5,2000
4598857641,2025-08-13T07:43:04,123,5751.93,WAITING,ba3d4978-80db-4a12-9f06-e4c698936184,1,1000
4591593084,2025-07-27T03:44:31,724,7635.81,WAITING,a1a6e723-19c6-46fd-a584-917efe27f127,2,4000
4599536928,2025-06-20T13:09:53,203,1103.82,APPROVED,ea38b7e1-b488-4873-ab04-3066d219b434,3,1000
4551629342,2025-06-01T06:25:05,243,9496.63,APPROVED,bf599d91-442c-4e09-b5ae-b9f08a417d11,4,3000
4542686349,2025-11-02T23:45:04,543,4907.11,APPROVED,74d238f7-61d4-41c6-9d51-b05f2eddcb36,4,3000
4538359821,2025-11-21T22:54:43,803,5038.82,WAITING,9ec93c76-9578-4947-a5ca-def516b026cb,1,4000
4570058210,2025-11-04T20:28:12,284,6613.33,WAITING,de541e55-b7b6-404a-8ce0-a6f1ea925750,1,2000
4500066787,2025-10-11T19:12:57,114,558.12,APPROVED,110f8801-eea1-420d-98e6-dd439569747b,3,2000
4591527227,2025-08-03T21:47:55,213,627.26,QUOTATION,15ddc72a-7103-4a88-a951-49c5aa75affd,2,1000
4510670616,2025-09-01T14:51:55,369,6314.17,APPROVED,0c328cd6-def4-4097-8b5d-ef9b4362cfd3,3,1000
4559333912,2025-08-01T17:40:39,700,8801.58,QUOTATION,4a5df305-6d85-4b5a-81ca-b2a776017f8f,1,2000
4563922006,2025-08-18T10:19:55,111,3294.73,APPROVED,da731710-48f7-4c02-8dd6-917ff4c62e3b,1,4000
4595185540,2025-11-14T09:42:11,267,4830.18,QUOTATION,9c7454a7-b80c-4d19-b841-4c0343b75add,1,1000
4514682507,2025-06-04T06:07:52,625,287.92,REJECTED,ce1eeb99-74a8-4547-b95c-345102c07d21,1,1000
4572329677,2025-08-26T20:17:57,639,7283.87,QUOTATION,9ec93c76-9578-4947-a5ca-def516b026cb,4,2000
4579640935,2025-06-01T22:59:35,387,6853.98,WAITING,408c4fe5-9066-4997-8f1c-ad8daae4b1f6,2,1000
4542694455,2025-08-04T05:29:12,724,3838.56,QUOTATION,651e8d5b-8636-4635-a934-6f9427d506b8,3,4000
4571187670,2025-11-23T15:41:19,225,8468.41,WAITING,3c65561d-5119-4985-87e7-48965fe9f62c,1,2000
4543919443,2025-08-16T01:07:25,751,1023.05,WAITING,ad64acbd-9045-44ec-9111-f6b3b90cb060,3,2000
4540380909,2025-10-28T00:03:50,502,6750.2,REJECTED,9a109dc4-7be3-4aec-94bb-ede38f79ae14,1,3000
4591735921,2025-10-11T20:15:43,878,191.63,REJECTED,00a417fb-f2b9-4bb8-90c0-0787c3f2e3c7,2,1000
4520612393,2025-07-21T23:50:30,942,3578.63,APPROVED,82ebf1b0-6982-4deb-ac51-c7a6d0a68c5d,1,3000
4589274556,2025-09-05T11:15:31,577,4796.31,QUOTATION,05767575-2944-4457-9aa7-06e1dae2ae25,4,4000
4507560119,2025-06-18T22:28:36,407,4567.72,WAITING,71b893be-0a75-41a7-9a52-bcdb771cc5ec,2,4000
4545582045,2025-11-11T20:06:44,859,9818.51,APPROVED,2c7b9d8a-6b92-4a21-a03e-024e434a203d,3,1000
4558515111,2025-11-08T16:16:23,164,4042.07,APPROVED,56ae9e46-c0b2-46ca-b51d-5686e00ce4a6,5,4000
4560317004,2025-07-18T13:36:45,955,1013.13,REJECTED,4a5df305-6d85-4b5a-81ca-b2a776017f8f,4,1000
4535749337,2025-07-05T03:18:05,776,7721.94,WAITING,37bf8863-0046-49cb-a72c-f7e41661214b,5,1000
4542300240,2025-11-20T10:41:19,401,7973.99,QUOTATION,dbce3e63-1a5c-4595-a1f9-d09c3d978567,4,3000
4586085970,2025-07-09T20:45:43,622,2988.9,REJECTED,4a2d279e-2495-496f-80d9-bc5a45e3b6b4,2,2000
4569716292,2025-09-04T19:19:32,403,3569.04,WAITING,9fc109ea-2585-4c23-9329-2ccda2d964eb,3,1000
4593502870,2025-11-18T22:59:19,789,8994.16,QUOTATION,73df3d25-bcec-47a6-8d66-6b628e81ed2d,2,1000
4581297138,2025-08-24T16:14:18,19,7442.02,APPROVED,17dffc12-ac1a-44ed-ad09-3c824851c624,4,4000
4517066244,2025-10-14T04:49:25,270,3874.86,WAITING,51991c98-a328-457f-a862-0962b2d30ddc,5,3000
4569433008,2025-10-26T01:31:50,449,8264.61,QUOTATION,3ee51816-f540-45e6-8401-474c5df84e78,3,1000
4588448403,2025-11-07T21:21:39,727,142.47,APPROVED,d7da1df8-a4af-4efe-a657-570c6d350470,1,3000
4571899256,2025-11-13T18:05:27,752,8513.26,APPROVED,3c65561d-5119-4985-87e7-48965fe9f62c,3,2000
4550430815,2025-07-11T08:55:33,586,459.24,QUOTATION,8ca5ca23-a910-469b-aec1-73bd31d74ba2,4,3000
4507495466,2025-08-04T07:01:59,725,5844.7,REJECTED,b0154cbb-c693-4062-88b9-a8acf4402b56,3,4000
4506613159,2025-08-07T01:07:26,801,6773.8,APPROVED,4029508a-afa4-4faf-b175-4bb65b8a4dbb,3,3000
4523863917,2025-10-20T06:48:18,766,7019.62,APPROVED,68681084-7b12-4fd9-9704-7da3802cb451,2,3000
4506251397,2025-06-11T00:08:53,675,73.91,QUOTATION,9ec93c76-9578-4947-a5ca-def516b026cb,3,2000
4566325364,2025-11-06T20:38:53,365,4021.8,QUOTATION,2ab670e8-49e3-4a95-9871-d937f77b5927,2,2000
4541954839,2025-10-17T20:30:27,578,2574.56,APPROVED,fe53d2be-049c-47fa-871a-c4a8b1a10e40,4,4000
4583678654,2025-09-21T07:07:23,898,484.26,WAITING,a1a6e723-19c6-46fd-a584-917efe27f127,1,3000
4546133733,2025-09-19T08:40:10,118,4938.52,APPROVED,bcebc30c-15e5-48e2-9c32-c86d886f82a0,3,2000
4513040183,2025-09-10T14:17:57,691,9867.59,REJECTED,35672019-b6d1-42b4-b906-8819b248182e,4,4000
4565424494,2025-07-18T17:31:46,861,6732.64,WAITING,e7ba4d18-37bf-472c-9d3a-7756c21a55c9,3,1000
4523753442,2025-09-17T16:39:52,563,3906.14,QUOTATION,56ae9e46-c0b2-46ca-b51d-5686e00ce4a6,2,2000
4522938336,2025-10-14T21:26:16,278,4597.92,QUOTATION,74d238f7-61d4-41c6-9d51-b05f2eddcb36,5,2000
4511402778,2025-10-20T08:02:44,56,868.96,WAITING,cea90057-5542-4a9f-8ad8-2fa263b39b7b,5,1000
4596858704,2025-09-24T15:57:11,159,8954.9,REJECTED,31ac60a6-1bc1-442c-ae10-4a420f770538,5,4000
4534059669,2025-08-03T12:41:40,667,9032.31,QUOTATION,71b893be-0a75-41a7-9a52-bcdb771cc5ec,1,4000
4547989403,2025-06-25T09:42:20,911,1728.47,APPROVED,aa51a37d-2867-459b-8885-b5c8b161616a,3,4000
4541518879,2025-07-12T06:08:10,344,6473.38,QUOTATION,17dffc12-ac1a-44ed-ad09-3c824851c624,3,2000
4553273989,2025-08-08T06:20:32,4,6185.01,REJECTED,ba3d4978-80db-4a12-9f06-e4c698936184,3,2000
4509673497,2025-07-20T11:22:06,997,650.59,WAITING,b577718c-a2a9-4f8a-a41c-7cac0d102aab,1,1000
4582990579,2025-10-22T01:10:19,56,2194.21,QUOTATION,384bae62-8ba8-4cac-b8ad-3df4e68bcafa,2,4000
4593913108,2025-10-09T14:52:28,831,341.14,REJECTED,384bae62-8ba8-4cac-b8ad-3df4e68bcafa,2,4000
4565874131,2025-06-06T15:13:23,850,3084.94,WAITING,f6dd041e-f994-407c-9a1b-2ee8a39b9b25,5,2000
4587419568,2025-06-06T17:22:39,475,5403.04,APPROVED,9fc109ea-2585-4c23-9329-2ccda2d964eb,5,2000
4505072315,2025-09-04T06:01:07,946,1219.79,REJECTED,2c7b9d8a-6b92-4a21-a03e-024e434a203d,5,2000
4506082413,2025-11-12T17:44:31,779,5870.28,QUOTATION,110f8801-eea1-420d-98e6-dd439569747b,4,4000
4571738048,2025-07-01T05:32:05,929,6042.79,WAITING,2cf52c48-a37c-4244-a030-3fe16c443ecd,2,4000
4511575150,2025-07-24T19:44:38,450,1577.97,QUOTATION,4029508a-afa4-4faf-b175-4bb65b8a4dbb,2,4000
4506067823,2025-09-23T15:43:58,935,4238.25,REJECTED,32149af9-a4f0-4e80-a73d-490a9faef06f,3,3000
4596490673,2025-08-08T07:39:35,168,8072.48,WAITING,a1a6e723-19c6-46fd-a584-917efe27f127,3,2000
4592445624,2025-11-19T16:50:09,332,3347.98,REJECTED,a1a6e723-19c6-46fd-a584-917efe27f127,4,3000
4561722003,2025-06-21T19:31:24,513,8105.25,WAITING,3341d7ea-5bed-42e4-82c2-18d0adfbcdf1,5,4000
4529066972,2025-07-24T20:08:18,268,9984.3,REJECTED,ba3d4978-80db-4a12-9f06-e4c698936184,3,1000
4535326710,2025-06-28T20:29:20,517,9134.89,WAITING,8df0c99e-2745-44ae-94ee-ad79cb114fdb,1,4000
4533368828,2025-06-21T10:56:07,363,8718.36,APPROVED,35672019-b6d1-42b4-b906-8819b248182e,4,2000
4576543636,2025-11-27T07:56:13,827,5581.6,APPROVED,b020551c-5fe7-45ea-881a-6fa78332362d,1,4000
4573109083,2025-11-14T03:13:15,497,3990.67,APPROVED,32149af9-a4f0-4e80-a73d-490a9faef06f,4,4000
4574988514,2025-09-06T22:15:57,294,1028.35,APPROVED,110f8801-eea1-420d-98e6-dd439569747b,5,3000
4597927445,2025-08-02T08:36:51,111,8254.5,WAITING,84aadcf6-499b-4416-9a35-3e546eb39a5c,2,1000
4555328936,2025-09-20T00:49:17,630,2984.34,REJECTED,2ab670e8-49e3-4a95-9871-d937f77b5927,2,2000
4509980418,2025-06-23T03:51:12,354,196.37,WAITING,f524f9ee-95cb-4e66-a6c1-b58f8296e7f3,5,1000
4540782837,2025-06-18T15:12:51,744,6112.82,WAITING,da731710-48f7-4c02-8dd6-917ff4c62e3b,1,3000
4560869578,2025-06-21T09:49:02,576,4434.32,QUOTATION,8df0c99e-2745-44ae-94ee-ad79cb114fdb,5,3000
4531388044,2025-11-16T06:25:09,224,8189.54,APPROVED,da731710-48f7-4c02-8dd6-917ff4c62e3b,2,3000
4557358226,2025-11-27T13:40:53,943,4617.49,WAITING,791660af-f0db-4fbd-a3a4-86bd38182556,1,2000
4521291029,2025-06-10T17:41:40,206,939.62,WAITING,611eefb3-ef38-4a2e-831a-15aff1dde8f8,1,3000
4585993824,2025-11-02T05:38:38,858,1353.72,REJECTED,b6bbc970-46d2-4ff4-9c52-80f378cfe8ea,5,3000
4513422705,2025-11-09T16:04:00,744,5104.03,APPROVED,8ca5ca23-a910-469b-aec1-73bd31d74ba2,5,4000
4511998074,2025-08-15T14:06:37,928,1477.83,WAITING,f6dd041e-f994-407c-9a1b-2ee8a39b9b25,1,1000
4520621099,2025-08-19T04:39:43,335,5871.83,WAITING,8ca5ca23-a910-469b-aec1-73bd31d74ba2,1,4000
4577439331,2025-07-02T22:20:01,314,1054.12,APPROVED,a1ad3c2b-45ca-491c-8ef2-a64af7d19e43,1,1000
4576404490,2025-11-14T08:57:21,213,5842.43,QUOTATION,56ae9e46-c0b2-46ca-b51d-5686e00ce4a6,5,4000
4599878513,2025-11-10T23:12:25,13,7788.18,QUOTATION,834a14f7-cbd7-4220-9587-cd61c93c8253,5,4000
4595386231,2025-11-17T21:45:16,13,8816.67,REJECTED,5257f4f1-580e-4eb3-89f9-6cae458e4509,3,3000
4519448357,2025-10-11T17:38:20,216,1561.56,QUOTATION,ea38b7e1-b488-4873-ab04-3066d219b434,3,1000
4582198543,2025-07-06T05:08:10,428,3364.71,WAITING,12a301b9-4c71-4181-a853-d29be7b6bd18,4,2000
4514033191,2025-09-11T03:51:49,729,811.54,QUOTATION,37bf8863-0046-49cb-a72c-f7e41661214b,3,3000
4560113430,2025-07-06T11:42:36,199,9338.26,QUOTATION,651e8d5b-8636-4635-a934-6f9427d506b8,3,2000
4507284106,2025-08-04T03:59:09,244,6783.62,REJECTED,a4926703-442b-4179-808a-04de7d4e1015,4,3000
4550031696,2025-09-17T12:36:49,131,9129.5,QUOTATION,408c4fe5-9066-4997-8f1c-ad8daae4b1f6,4,4000
4568126491,2025-09-08T15:41:53,53,7401.59,QUOTATION,2ab670e8-49e3-4a95-9871-d937f77b5927,4,4000
4598226620,2025-11-11T20:40:10,576,894.81,QUOTATION,35672019-b6d1-42b4-b906-8819b248182e,5,1000
4541016983,2025-11-16T15:52:45,277,6962.0,APPROVED,05767575-2944-4457-9aa7-06e1dae2ae25,1,4000
4519659153,2025-07-27T12:38:02,788,5244.67,WAITING,da731710-48f7-4c02-8dd6-917ff4c62e3b,5,3000
4515083428,2025-11-06T21:56:02,666,434.8,APPROVED,f524f9ee-95cb-4e66-a6c1-b58f8296e7f3,5,2000
4568679144,2025-08-02T18:20:39,300,1837.43,REJECTED,9a109dc4-7be3-4aec-94bb-ede38f79ae14,2,2000
4589847839,2025-10-28T20:16:31,275,5591.95,REJECTED,0e752cfe-75ff-427d-8214-57710b509b33,3,2000
4536084283,2025-08-03T18:07:10,109,8017.83,APPROVED,32149af9-a4f0-4e80-a73d-490a9faef06f,1,4000
4576204002,2025-07-10T07:48:13,83,7477.94,REJECTED,0c328cd6-def4-4097-8b5d-ef9b4362cfd3,5,2000
4552025695,2025-09-13T14:06:15,152,3343.22,WAITING,4a5df305-6d85-4b5a-81ca-b2a776017f8f,2,4000
4542993969,2025-09-26T12:25:51,859,3523.07,WAITING,d4dbba0a-2b26-4233-9017-bb25b2e860f3,4,1000
4564408632,2025-06-24T11:57:19,881,5933.03,WAITING,975480d4-8c15-44ba-8c55-a9938bdaa2c4,3,2000
4511779390,2025-06-24T05:22:40,936,2165.0,QUOTATION,ba5b8587-5d45-44ac-9e4e-16cb4b3afecc,5,1000
4585806531,2025-11-03T00:54:17,932,9400.48,QUOTATION,611eefb3-ef38-4a2e-831a-15aff1dde8f8,3,1000
4551755743,2025-09-10T03:37:39,816,6099.74,WAITING,73df3d25-bcec-47a6-8d66-6b628e81ed2d,5,3000
4567225084,2025-07-08T14:40:17,965,9128.62,WAITING,82ebf1b0-6982-4deb-ac51-c7a6d0a68c5d,4,2000
4553011128,2025-08-19T18:33:38,377,7382.31,WAITING,12a301b9-4c71-4181-a853-d29be7b6bd18,2,4000
4507519851,2025-08-02T08:06:07,41,4676.98,APPROVED,5c250769-58e7-4a67-92b8-05566aab2cd0,3,3000
4522387443,2025-06-24T06:34:25,704,2688.87,WAITING,76fa0c16-dc3a-4a9b-b914-de6a0097f3dc,3,1000
4524894236,2025-07-17T06:16:03,573,6666.51,QUOTATION,a4926703-442b-4179-808a-04de7d4e1015,4,4000
4513313683,2025-11-25T02:23:07,769,8734.9,APPROVED,eb8e5632-45d0-47e9-bcc0-ee76bf030643,3,1000
4509913928,2025-07-03T09:39:08,612,9560.86,APPROVED,b6bbc970-46d2-4ff4-9c52-80f378cfe8ea,2,4000
4500789463,2025-08-13T10:58:03,374,3093.28,APPROVED,d5b6a98e-464a-4e85-ad1c-7fd6be7df835,3,4000
4592134025,2025-09-22T20:37:55,284,5216.04,APPROVED,3ee51816-f540-45e6-8401-474c5df84e78,4,1000
4589819468,2025-07-04T19:28:57,1,2320.58,APPROVED,2ab670e8-49e3-4a95-9871-d937f77b5927,5,3000
4588279850,2025-07-27T23:57:54,277,4123.6,APPROVED,2c7b9d8a-6b92-4a21-a03e-024e434a203d,5,3000
4561323644,2025-10-14T10:05:58,509,7402.05,QUOTATION,9c7454a7-b80c-4d19-b841-4c0343b75add,1,2000
4574143536,2025-10-24T04:37:10,462,8771.63,REJECTED,da731710-48f7-4c02-8dd6-917ff4c62e3b,3,3000
4531909176,2025-08-12T22:35:29,137,4825.91,REJECTED,dbce3e63-1a5c-4595-a1f9-d09c3d978567,5,3000
4525449001,2025-06-13T12:39:47,517,4791.62,APPROVED,51991c98-a328-457f-a862-0962b2d30ddc,5,3000
4503642009,2025-08-12T19:42:01,405,9372.15,APPROVED,8df0c99e-2745-44ae-94ee-ad79cb114fdb,5,1000
4583921590,2025-11-22T18:38:54,445,5453.14,REJECTED,384bae62-8ba8-4cac-b8ad-3df4e68bcafa,4,1000
4591964765,2025-10-17T12:38:50,454,3185.5,REJECTED,3f3292d8-3056-42da-9ec5-d080c252a223,3,4000
4587745917,2025-07-03T11:11:05,727,6443.6,QUOTATION,ce1eeb99-74a8-4547-b95c-345102c07d21,4,4000
4516562229,2025-06-12T01:06:48,324,5514.98,WAITING,3ee51816-f540-45e6-8401-474c5df84e78,3,4000
4531001029,2025-10-05T03:09:32,716,8897.23,WAITING,fcc9df1e-2761-4b55-8f60-015b21066d78,4,3000
4576791622,2025-10-26T04:44:29,906,4011.24,APPROVED,8df0c99e-2745-44ae-94ee-ad79cb114fdb,1,2000
4528119962,2025-10-20T04:54:38,625,6547.65,WAITING,12a301b9-4c71-4181-a853-d29be7b6bd18,1,4000
4525385509,2025-08-17T04:35:49,108,5105.04,APPROVED,82ebf1b0-6982-4deb-ac51-c7a6d0a68c5d,2,1000
4531125086,2025-07-21T07:24:03,2,3604.87,WAITING,da731710-48f7-4c02-8dd6-917ff4c62e3b,1,2000
4559724455,2025-08-23T12:44:27,20,1715.06,REJECTED,9c7454a7-b80c-4d19-b841-4c0343b75add,4,3000
4523590712,2025-06-22T04:21:09,681,4289.59,WAITING,35672019-b6d1-42b4-b906-8819b248182e,5,3000
4598242770,2025-09-13T11:29:36,979,3002.39,WAITING,35672019-b6d1-42b4-b906-8819b248182e,5,2000
4552583340,2025-10-20T13:44:49,645,8446.15,WAITING,bf599d91-442c-4e09-b5ae-b9f08a417d11,1,3000
4553959386,2025-08-22T16:26:49,742,6133.64,WAITING,9c7454a7-b80c-4d19-b841-4c0343b75add,4,2000
4510534716,2025-10-25T06:50:34,38,4461.22,WAITING,d4dbba0a-2b26-4233-9017-bb25b2e860f3,4,4000
4579726631,2025-06-15T00:42:58,390,9616.08,QUOTATION,de541e55-b7b6-404a-8ce0-a6f1ea925750,4,3000
4554346692,2025-06-01T20:16:13,851,2476.83,QUOTATION,d5b6a98e-464a-4e85-ad1c-7fd6be7df835,5,4000
4592255127,2025-09-06T19:54:24,311,8162.56,WAITING,41e46c83-90d4-4836-a022-b900a018b3fa,1,3000
4597324498,2025-09-18T06:15:29,170,8056.94,WAITING,eb8e5632-45d0-47e9-bcc0-ee76bf030643,5,2000
4538883226,2025-07-08T04:35:09,687,5632.59,WAITING,5257f4f1-580e-4eb3-89f9-6cae458e4509,2,2000
4580364349,2025-09-24T09:05:31,981,3935.29,REJECTED,2c6e3cb9-21cb-4de6-ae38-f117a3cbdfe2,5,1000
4543032537,2025-06-12T13:10:10,378,4238.48,QUOTATION,0439439c-8945-42c4-b079-5340d85df97c,2,1000
4560704939,2025-09-23T03:15:38,240,2884.84,WAITING,fe53d2be-049c-47fa-871a-c4a8b1a10e40,4,2000
4525642411,2025-08-15T10:57:35,173,157.49,REJECTED,3f3292d8-3056-42da-9ec5-d080c252a223,3,3000
4516993679,2025-11-21T02:54:11,868,1261.18,QUOTATION,d0d94739-009d-44aa-ae3d-8c35a65083c5,1,4000
4584522693,2025-07-24T10:13:39,207,9657.56,REJECTED,74d238f7-61d4-41c6-9d51-b05f2eddcb36,2,2000
4520795993,2025-07-01T18:13:03,524,9152.95,REJECTED,82ebf1b0-6982-4deb-ac51-c7a6d0a68c5d,2,3000
4519733877,2025-08-03T10:03:45,957,8623.41,QUOTATION,a9da22e7-f42f-4428-9083-96395b7a7e9a,1,4000
4556602937,2025-10-04T15:06:22,65,6723.48,REJECTED,0f7e95f4-4fb9-4987-a1e1-5264880e721e,2,2000
4522292633,2025-06-12T02:30:19,953,4627.04,REJECTED,05767575-2944-4457-9aa7-06e1dae2ae25,3,1000
4523505155,2025-06-08T07:52:42,298,1892.38,QUOTATION,e7ba4d18-37bf-472c-9d3a-7756c21a55c9,3,3000
4572883103,2025-11-10T13:44:28,785,4407.85,APPROVED,d0d94739-009d-44aa-ae3d-8c35a65083c5,1,1000
4541964682,2025-08-07T13:15:13,833,5431.32,QUOTATION,fcc9df1e-2761-4b55-8f60-015b21066d78,1,4000
4597793045,2025-10-03T19:45:55,438,2011.94,APPROVED,00a417fb-f2b9-4bb8-90c0-0787c3f2e3c7,3,3000
4540083773,2025-10-15T00:03:02,900,2348.5,QUOTATION,0a58bce2-1697-4c89-b568-ae280f33f982,1,1000
4536377732,2025-11-07T18:30:52,475,5149.08,APPROVED,0a58bce2-1697-4c89-b568-ae280f33f982,1,3000
4599925257,2025-08-20T09:37:43,820,1610.06,REJECTED,28d388a1-0e70-41d0-a8a1-abb9e3263b7b,3,3000
4516663743,2025-06-06T23:36:51,172,2088.27,QUOTATION,384bae62-8ba8-4cac-b8ad-3df4e68bcafa,4,3000
4543611637,2025-07-25T03:35:52,756,495.57,REJECTED,daffc87a-fdb5-424e-9155-782c6cd1b731,5,3000
4559533395,2025-08-16T00:45:52,241,8347.56,REJECTED,4029508a-afa4-4faf-b175-4bb65b8a4dbb,2,2000
4539718486,2025-07-05T07:18:42,754,9676.27,QUOTATION,3ee51816-f540-45e6-8401-474c5df84e78,3,1000
4540908461,2025-08-18T09:25:25,342,293.33,WAITING,384bae62-8ba8-4cac-b8ad-3df4e68bcafa,5,4000
4579813423,2025-08-18T08:20:08,628,9212.01,WAITING,ba5b8587-5d45-44ac-9e4e-16cb4b3afecc,2,2000
4545052834,2025-08-07T02:21:58,63,7059.23,WAITING,37bf8863-0046-49cb-a72c-f7e41661214b,2,4000
4592345475,2025-08-06T15:39:58,34,6955.06,QUOTATION,134244b2-90f7-4d62-8488-d71e29828266,2,4000
4555419225,2025-07-17T12:35:22,118,1610.89,QUOTATION,c40f8a37-9024-4fcd-80a6-7917301ba6bd,4,3000
4533349419,2025-10-21T18:36:01,112,7227.3,QUOTATION,b0154cbb-c693-4062-88b9-a8acf4402b56,2,4000
4596240813,2025-09-23T15:37:01,849,3227.82,REJECTED,915bda23-d2b3-4bab-9d3b-0b701beb76fa,4,3000
4592689008,2025-11-14T08:53:49,388,5140.77,QUOTATION,c40f8a37-9024-4fcd-80a6-7917301ba6bd,2,3000
4584969944,2025-06-19T18:58:28,947,4292.33,QUOTATION,62117371-6664-4e90-9e4c-e3939789c81a,1,2000
4502548459,2025-07-25T03:48:17,592,8927.26,APPROVED,fe53d2be-049c-47fa-871a-c4a8b1a10e40,1,3000
4537487959,2025-06-16T01:36:08,37,5223.83,REJECTED,9a109dc4-7be3-4aec-94bb-ede38f79ae14,3,2000
4543974409,2025-06-07T00:03:22,522,7917.49,QUOTATION,9567383e-1921-4683-803b-509faa2bc9d5,2,3000
4590141405,2025-09-04T16:17:07,815,8912.32,APPROVED,ba3d4978-80db-4a12-9f06-e4c698936184,5,1000
4586470413,2025-07-14T03:56:15,46,2273.75,APPROVED,0439439c-8945-42c4-b079-5340d85df97c,4,1000
4557783557,2025-06-16T15:53:03,721,7312.63,REJECTED,62117371-6664-4e90-9e4c-e3939789c81a,2,4000
4568249307,2025-06-21T12:24:50,973,9090.22,QUOTATION,611eefb3-ef38-4a2e-831a-15aff1dde8f8,3,3000
4589962334,2025-07-16T11:26:07,773,5997.01,QUOTATION,fe53d2be-049c-47fa-871a-c4a8b1a10e40,2,2000
4563232631,2025-06-14T21:31:33,683,4277.06,WAITING,17dffc12-ac1a-44ed-ad09-3c824851c624,5,4000
4531331423,2025-09-11T14:43:57,291,4416.75,WAITING,da731710-48f7-4c02-8dd6-917ff4c62e3b,3,2000
4554579221,2025-09-09T19:54:47,916,553.55,REJECTED,3f3292d8-3056-42da-9ec5-d080c252a223,1,4000
4538913494,2025-06-09T04:28:30,632,5538.01,APPROVED,ea38b7e1-b488-4873-ab04-3066d219b434,2,4000
4567943774,2025-11-25T04:09:06,784,4757.21,QUOTATION,01bb5e4b-33d3-4db2-85a2-499f5c9e31b4,2,2000
4567864360,2025-06-23T15:13:16,239,3140.5,QUOTATION,73df3d25-bcec-47a6-8d66-6b628e81ed2d,2,1000
4589326750,2025-10-25T06:02:40,515,5895.02,QUOTATION,fcc9df1e-2761-4b55-8f60-015b21066d78,1,2000
4549851940,2025-11-05T03:41:39,975,9063.61,QUOTATION,76fa0c16-dc3a-4a9b-b914-de6a0097f3dc,1,1000
4540670215,2025-09-08T19:25:07,819,6051.47,APPROVED,ea38b7e1-b488-4873-ab04-3066d219b434,4,2000
4502612275,2025-07-20T20:53:18,941,824.33,APPROVED,6cc3c3b9-23fa-4969-8791-af89dedc62c9,5,3000
4508058575,2025-08-11T00:00:38,840,2081.15,APPROVED,73df3d25-bcec-47a6-8d66-6b628e81ed2d,3,2000
4596524949,2025-11-06T22:53:25,449,1524.62,WAITING,6c55f239-a4f0-4edd-afe8-02d129db9eda,2,4000
4562409723,2025-07-01T19:37:55,797,4384.92,APPROVED,eb8e5632-45d0-47e9-bcc0-ee76bf030643,1,2000
4572122631,2025-10-08T11:41:13,210,9722.28,WAITING,e069016d-d217-4fbc-b438-1e8790b731fb,4,4000
4539032735,2025-06-28T14:24:39,820,8505.13,REJECTED,da731710-48f7-4c02-8dd6-917ff4c62e3b,4,2000
4521238917,2025-08-09T21:05:34,603,5059.92,WAITING,15ddc72a-7103-4a88-a951-49c5aa75affd,4,4000
4550184012,2025-06-24T09:21:49,636,3367.93,APPROVED,41e46c83-90d4-4836-a022-b900a018b3fa,4,4000
4557625693,2025-09-22T06:55:31,741,4332.14,WAITING,17dffc12-ac1a-44ed-ad09-3c824851c624,2,4000
4579570431,2025-11-28T23:23:59,153,6844.69,REJECTED,d4dbba0a-2b26-4233-9017-bb25b2e860f3,2,3000
4503311675,2025-11-14T10:08:34,130,4794.7,REJECTED,0a58bce2-1697-4c89-b568-ae280f33f982,1,1000
4591643517,2025-10-23T15:43:13,473,1791.4,APPROVED,b577718c-a2a9-4f8a-a41c-7cac0d102aab,4,2000
4545657853,2025-06-05T16:42:33,570,4656.88,QUOTATION,408c4fe5-9066-4997-8f1c-ad8daae4b1f6,2,4000
4521893090,2025-07-04T10:18:11,661,9409.33,WAITING,6cc3c3b9-23fa-4969-8791-af89dedc62c9,2,2000
4579773631,2025-11-02T10:43:26,460,2591.56,APPROVED,a1a6e723-19c6-46fd-a584-917efe27f127,2,4000
4596848494,2025-11-18T07:13:58,923,2.17,WAITING,b020551c-5fe7-45ea-881a-6fa78332362d,2,2000
4590200657,2025-10-24T16:32:26,450,7458.84,WAITING,2c6e3cb9-21cb-4de6-ae38-f117a3cbdfe2,4,3000
4525857909,2025-07-27T08:51:15,721,5415.77,REJECTED,4a5df305-6d85-4b5a-81ca-b2a776017f8f,4,4000
4589488806,2025-10-16T14:59:48,454,6161.62,QUOTATION,15ddc72a-7103-4a88-a951-49c5aa75affd,5,3000
4568655194,2025-11-02T18:58:07,753,9285.78,APPROVED,bcebc30c-15e5-48e2-9c32-c86d886f82a0,5,1000
4508076054,2025-06-18T02:03:21,267,1560.75,WAITING,5257f4f1-580e-4eb3-89f9-6cae458e4509,5,2000
4560425860,2025-06-06T20:01:32,656,5282.64,APPROVED,975480d4-8c15-44ba-8c55-a9938bdaa2c4,1,1000
4523792189,2025-07-16T10:02:37,559,2660.47,QUOTATION,915bda23-d2b3-4bab-9d3b-0b701beb76fa,4,2000
4578080694,2025-07-24T09:16:19,764,6527.93,APPROVED,4a5df305-6d85-4b5a-81ca-b2a776017f8f,3,3000
4576257502,2025-09-03T01:24:32,621,5719.01,APPROVED,da731710-48f7-4c02-8dd6-917ff4c62e3b,2,4000
4526213769,2025-10-02T08:23:40,996,4911.88,REJECTED,12a301b9-4c71-4181-a853-d29be7b6bd18,2,1000
4544868711,2025-08-08T05:28:21,880,4457.87,WAITING,791660af-f0db-4fbd-a3a4-86bd38182556,4,3000
4524414169,2025-07-24T00:53:03,108,3740.62,APPROVED,cea90057-5542-4a9f-8ad8-2fa263b39b7b,5,4000
4508473872,2025-06-24T20:28:24,409,5803.67,WAITING,84aadcf6-499b-4416-9a35-3e546eb39a5c,1,1000
4564424366,2025-09-03T08:31:59,19,9630.68,WAITING,4029508a-afa4-4faf-b175-4bb65b8a4dbb,4,2000
4571883107,2025-07-04T18:54:37,897,8323.46,APPROVED,9567383e-1921-4683-803b-509faa2bc9d5,2,2000
4558826989,2025-11-25T21:44:59,347,8605.16,APPROVED,dbce3e63-1a5c-4595-a1f9-d09c3d978567,2,4000
4585745400,2025-10-11T05:31:54,898,8664.74,REJECTED,9c7454a7-b80c-4d19-b841-4c0343b75add,3,2000
4538757457,2025-07-18T15:50:44,650,4710.31,WAITING,28d388a1-0e70-41d0-a8a1-abb9e3263b7b,4,3000
4512850749,2025-10-07T16:40:24,1,7377.21,WAITING,2ab670e8-49e3-4a95-9871-d937f77b5927,3,1000
4540372510,2025-10-19T17:05:53,789,4887.44,WAITING,84aadcf6-499b-4416-9a35-3e546eb39a5c,5,2000
4510459033,2025-08-13T05:04:04,473,1043.11,WAITING,dbce3e63-1a5c-4595-a1f9-d09c3d978567,5,3000
4527104732,2025-06-15T03:18:31,457,166.96,QUOTATION,ad64acbd-9045-44ec-9111-f6b3b90cb060,5,3000
4560337218,2025-08-07T02:02:03,800,9559.56,WAITING,aa51a37d-2867-459b-8885-b5c8b161616a,2,3000
4545297515,2025-11-06T03:50:04,222,4268.58,APPROVED,110f8801-eea1-420d-98e6-dd439569747b,2,4000
4540737484,2025-08-09T05:27:37,530,9863.38,REJECTED,b577718c-a2a9-4f8a-a41c-7cac0d102aab,5,2000
4527959098,2025-11-25T12:01:59,429,7278.05,REJECTED,41e46c83-90d4-4836-a022-b900a018b3fa,1,3000
4502624132,2025-08-09T20:43:42,204,8370.88,QUOTATION,aa51a37d-2867-459b-8885-b5c8b161616a,1,1000
4569123666,2025-08-07T12:25:52,113,8210.79,QUOTATION,01bb5e4b-33d3-4db2-85a2-499f5c9e31b4,5,3000
4539815532,2025-09-03T19:02:58,991,4235.93,REJECTED,71b893be-0a75-41a7-9a52-bcdb771cc5ec,1,4000
4585118102,2025-10-17T16:32:48,639,9224.27,QUOTATION,d0d94739-009d-44aa-ae3d-8c35a65083c5,2,2000
4599078960,2025-10-27T05:47:22,561,9571.17,REJECTED,0e752cfe-75ff-427d-8214-57710b509b33,5,1000
4551191937,2025-10-16T16:23:06,446,2564.52,QUOTATION,d4dbba0a-2b26-4233-9017-bb25b2e860f3,2,4000
4511410590,2025-07-01T20:57:55,189,192.6,REJECTED,cea90057-5542-4a9f-8ad8-2fa263b39b7b,3,4000
4557553813,2025-09-09T16:59:47,342,2315.89,REJECTED,b577718c-a2a9-4f8a-a41c-7cac0d102aab,2,2000
4536578548,2025-10-09T03:50:10,403,6192.72,REJECTED,651e8d5b-8636-4635-a934-6f9427d506b8,1,2000
4531379393,2025-07-05T23:58:27,257,216.05,APPROVED,d7da1df8-a4af-4efe-a657-570c6d350470,3,4000
4509909170,2025-10-17T07:09:09,421,5908.72,REJECTED,aa51a37d-2867-459b-8885-b5c8b161616a,1,1000
4555515461,2025-07-11T19:49:44,833,6401.02,QUOTATION,791660af-f0db-4fbd-a3a4-86bd38182556,2,2000
4591726589,2025-09-08T21:37:47,484,2234.28,REJECTED,3341d7ea-5bed-42e4-82c2-18d0adfbcdf1,3,4000
4576439225,2025-09-13T04:29:14,269,2721.42,APPROVED,b020551c-5fe7-45ea-881a-6fa78332362d,5,2000
4530668536,2025-07-24T00:40:53,395,2529.81,APPROVED,2c7b9d8a-6b92-4a21-a03e-024e434a203d,2,4000
4515995594,2025-08-18T00:29:10,212,5545.69,QUOTATION,ce1eeb99-74a8-4547-b95c-345102c07d21,5,3000
4516194899,2025-10-20T11:06:15,929,6432.12,REJECTED,fffeaf8f-4b6b-4357-a309-89f4769c36da,5,1000
4505688441,2025-11-15T17:22:51,621,8558.13,WAITING,791660af-f0db-4fbd-a3a4-86bd38182556,5,1000
4564772603,2025-09-12T13:20:31,745,1686.01,APPROVED,384bae62-8ba8-4cac-b8ad-3df4e68bcafa,2,1000
4510934448,2025-10-13T10:00:09,562,8473.57,QUOTATION,56ae9e46-c0b2-46ca-b51d-5686e00ce4a6,3,4000
4551451992,2025-09-08T06:41:02,167,5446.36,WAITING,68681084-7b12-4fd9-9704-7da3802cb451,1,2000
4549811795,2025-09-05T03:46:25,1000,9119.93,QUOTATION,4029508a-afa4-4faf-b175-4bb65b8a4dbb,4,4000
4500112359,2025-10-24T23:24:22,461,844.37,APPROVED,76fa0c16-dc3a-4a9b-b914-de6a0097f3dc,5,4000
4569165733,2025-10-20T05:28:30,924,1310.29,REJECTED,ba3d4978-80db-4a12-9f06-e4c698936184,4,3000
4507260297,2025-09-21T21:19:39,278,372.63,REJECTED,51991c98-a328-457f-a862-0962b2d30ddc,3,4000
4529217534,2025-07-24T02:39:42,378,9911.24,APPROVED,d0d94739-009d-44aa-ae3d-8c35a65083c5,4,4000
4525647246,2025-07-20T15:58:44,823,8467.44,WAITING,ea38b7e1-b488-4873-ab04-3066d219b434,3,3000
4581580746,2025-11-04T09:53:38,792,2929.95,REJECTED,01bb5e4b-33d3-4db2-85a2-499f5c9e31b4,4,4000
4543512695,2025-07-22T12:19:59,297,5822.58,APPROVED,da731710-48f7-4c02-8dd6-917ff4c62e3b,3,3000
4539517036,2025-08-03T02:35:21,983,2181.81,APPROVED,82ebf1b0-6982-4deb-ac51-c7a6d0a68c5d,4,4000
4590832640,2025-10-03T11:59:38,345,203.79,APPROVED,73df3d25-bcec-47a6-8d66-6b628e81ed2d,1,3000
4507145975,2025-11-14T15:48:04,958,3084.49,QUOTATION,37bf8863-0046-49cb-a72c-f7e41661214b,3,3000
4593795559,2025-11-22T02:51:34,574,643.04,QUOTATION,d5b6a98e-464a-4e85-ad1c-7fd6be7df835,2,3000
4544445479,2025-11-14T22:03:12,809,9417.73,QUOTATION,cf11fe2a-443a-44e9-96b0-e6b91ddfa87d,5,2000
4535430819,2025-08-24T17:17:57,167,2496.09,WAITING,ea38b7e1-b488-4873-ab04-3066d219b434,3,2000
4546024995,2025-09-06T14:21:00,107,9547.68,WAITING,aa51a37d-2867-459b-8885-b5c8b161616a,5,3000
4502854181,2025-09-09T19:55:38,227,5002.97,QUOTATION,84aadcf6-499b-4416-9a35-3e546eb39a5c,2,1000
4503306077,2025-09-09T17:29:36,357,7041.51,REJECTED,110f8801-eea1-420d-98e6-dd439569747b,3,2000
4575796473,2025-11-03T07:52:59,754,3206.31,APPROVED,9fc109ea-2585-4c23-9329-2ccda2d964eb,1,1000
4555122953,2025-09-17T07:26:05,830,5438.78,REJECTED,35672019-b6d1-42b4-b906-8819b248182e,4,4000
4572894708,2025-07-11T12:20:33,106,1461.1,QUOTATION,a1a6e723-19c6-46fd-a584-917efe27f127,1,1000
4523530530,2025-07-12T21:24:11,32,8812.81,WAITING,ce1eeb99-74a8-4547-b95c-345102c07d21,4,1000
4559520105,2025-10-09T14:36:43,863,6107.31,REJECTED,ce1eeb99-74a8-4547-b95c-345102c07d21,2,2000
4513046018,2025-08-09T18:27:35,87,48.35,REJECTED,51991c98-a328-457f-a862-0962b2d30ddc,3,4000
4594221567,2025-06-27T18:15:05,898,1590.93,REJECTED,05767575-2944-4457-9aa7-06e1dae2ae25,5,1000
4550904263,2025-11-12T02:36:09,308,4923.17,QUOTATION,9ec93c76-9578-4947-a5ca-def516b026cb,3,2000
4534315730,2025-07-14T23:01:31,336,7586.49,QUOTATION,9567383e-1921-4683-803b-509faa2bc9d5,5,3000
4538587262,2025-11-24T13:41:00,727,3417.36,WAITING,ad64acbd-9045-44ec-9111-f6b3b90cb060,1,2000
4511722258,2025-08-09T07:02:50,366,434.24,APPROVED,0c328cd6-def4-4097-8b5d-ef9b4362cfd3,2,1000
4511462655,2025-09-08T09:54:23,584,4585.04,REJECTED,3ee51816-f540-45e6-8401-474c5df84e78,2,1000
4595084516,2025-07-28T23:18:11,402,3594.49,QUOTATION,0c328cd6-def4-4097-8b5d-ef9b4362cfd3,5,2000
4545850836,2025-07-14T00:30:18,673,3848.36,REJECTED,17dffc12-ac1a-44ed-ad09-3c824851c624,2,1000
4574416116,2025-06-20T13:01:27,827,7008.92,QUOTATION,15ddc72a-7103-4a88-a951-49c5aa75affd,5,1000
4539449250,2025-09-17T18:56:14,203,4282.9,WAITING,fffeaf8f-4b6b-4357-a309-89f4769c36da,4,3000
4587730147,2025-09-16T08:53:14,736,7270.92,REJECTED,3c65561d-5119-4985-87e7-48965fe9f62c,2,1000
4519831310,2025-11-25T04:49:25,215,3705.62,QUOTATION,a1a6e723-19c6-46fd-a584-917efe27f127,1,3000
4557013416,2025-08-27T11:32:58,61,9333.49,APPROVED,6c55f239-a4f0-4edd-afe8-02d129db9eda,3,2000
4517308907,2025-11-06T20:29:52,484,100.5,APPROVED,834a14f7-cbd7-4220-9587-cd61c93c8253,3,4000
4539302207,2025-11-09T16:47:18,916,8310.53,REJECTED,834a14f7-cbd7-4220-9587-cd61c93c8253,1,2000
4562729755,2025-07-20T20:12:01,624,349.81,QUOTATION,bcebc30c-15e5-48e2-9c32-c86d886f82a0,3,1000
4504698993,2025-07-07T18:25:19,765,8766.04,REJECTED,f6979cad-3c89-4280-985d-d7f07aaa8c2b,1,3000
4545303383,2025-09-12T01:05:12,210,8626.7,REJECTED,134244b2-90f7-4d62-8488-d71e29828266,1,3000
4542963423,2025-10-14T10:43:25,464,2161.64,APPROVED,ea38b7e1-b488-4873-ab04-3066d219b434,2,3000
4556151064,2025-07-03T10:37:17,668,9588.03,REJECTED,3c65561d-5119-4985-87e7-48965fe9f62c,3,4000
4562958428,2025-11-28T00:30:57,850,7979.01,APPROVED,2c6e3cb9-21cb-4de6-ae38-f117a3cbdfe2,5,2000
4554126873,2025-07-01T21:03:06,199,5300.76,QUOTATION,bcebc30c-15e5-48e2-9c32-c86d886f82a0,2,3000
4547986621,2025-08-22T18:57:28,886,8876.2,REJECTED,134244b2-90f7-4d62-8488-d71e29828266,3,1000
4532015419,2025-07-22T16:43:23,648,1135.24,WAITING,bcebc30c-15e5-48e2-9c32-c86d886f82a0,2,1000
4594768817,2025-06-13T02:30:07,522,9923.76,REJECTED,0f7e95f4-4fb9-4987-a1e1-5264880e721e,3,4000
4595645121,2025-11-18T20:42:53,486,3272.51,REJECTED,8ca5ca23-a910-469b-aec1-73bd31d74ba2,4,1000
4530699800,2025-08-17T23:55:46,798,9153.52,APPROVED,d4dbba0a-2b26-4233-9017-bb25b2e860f3,5,2000
4515571132,2025-06-02T23:43:45,579,74.49,WAITING,2cf52c48-a37c-4244-a030-3fe16c443ecd,3,2000
4597910530,2025-08-06T09:13:57,246,6297.58,WAITING,15ddc72a-7103-4a88-a951-49c5aa75affd,2,4000
4505726775,2025-08-21T05:13:32,874,5173.92,WAITING,12a301b9-4c71-4181-a853-d29be7b6bd18,4,1000
4524623965,2025-11-09T17:18:58,811,6585.8,QUOTATION,e7ba4d18-37bf-472c-9d3a-7756c21a55c9,3,2000
4566457951,2025-11-25T12:50:18,202,9629.04,QUOTATION,4a5df305-6d85-4b5a-81ca-b2a776017f8f,1,4000
4557965360,2025-08-01T11:42:02,351,1116.63,QUOTATION,84aadcf6-499b-4416-9a35-3e546eb39a5c,3,2000
4505759616,2025-06-15T15:29:57,783,1862.66,REJECTED,a4926703-442b-4179-808a-04de7d4e1015,1,2000
4596509932,2025-10-13T21:01:10,723,721.3,APPROVED,37bf8863-0046-49cb-a72c-f7e41661214b,3,4000
4539998718,2025-08-13T00:56:51,2,3447.56,APPROVED,da731710-48f7-4c02-8dd6-917ff4c62e3b,2,2000
4524455326,2025-10-08T04:11:22,764,1533.47,QUOTATION,0f7e95f4-4fb9-4987-a1e1-5264880e721e,3,3000
4533576264,2025-06-25T17:43:21,401,2062.16,WAITING,9567383e-1921-4683-803b-509faa2bc9d5,1,1000
4509509593,2025-09-20T15:56:28,473,8774.95,APPROVED,f6dd041e-f994-407c-9a1b-2ee8a39b9b25,3,2000
4577532226,2025-11-03T02:41:37,490,2254.37,WAITING,5257f4f1-580e-4eb3-89f9-6cae458e4509,5,1000
4573143294,2025-10-19T02:48:02,878,6036.36,APPROVED,f6979cad-3c89-4280-985d-d7f07aaa8c2b,4,3000
4522535215,2025-11-25T22:07:26,607,4930.55,APPROVED,de541e55-b7b6-404a-8ce0-a6f1ea925750,1,3000
4586639469,2025-09-24T16:04:17,121,3223.0,WAITING,5257f4f1-580e-4eb3-89f9-6cae458e4509,3,1000
4572816157,2025-07-26T12:27:46,466,7038.68,REJECTED,01bb5e4b-33d3-4db2-85a2-499f5c9e31b4,4,3000
4502948256,2025-10-21T17:06:47,902,9322.46,QUOTATION,611eefb3-ef38-4a2e-831a-15aff1dde8f8,4,2000
4511713198,2025-10-19T23:46:56,699,9725.1,WAITING,62117371-6664-4e90-9e4c-e3939789c81a,3,2000
4571172053,2025-10-13T22:39:42,960,1337.74,APPROVED,37bf8863-0046-49cb-a72c-f7e41661214b,4,4000
4589959698,2025-11-23T06:21:04,343,3285.38,REJECTED,84aadcf6-499b-4416-9a35-3e546eb39a5c,4,1000
4545047873,2025-10-17T00:36:52,712,475.42,QUOTATION,12a301b9-4c71-4181-a853-d29be7b6bd18,2,2000
4577071270,2025-09-07T17:04:30,515,7162.52,WAITING,56ae9e46-c0b2-46ca-b51d-5686e00ce4a6,1,1000
4512761255,2025-10-28T12:21:43,545,4961.62,APPROVED,c40f8a37-9024-4fcd-80a6-7917301ba6bd,1,2000
4599813843,2025-08-23T03:57:36,272,1286.81,APPROVED,84aadcf6-499b-4416-9a35-3e546eb39a5c,5,4000
4514132886,2025-08-05T08:26:50,955,810.04,QUOTATION,134244b2-90f7-4d62-8488-d71e29828266,2,4000
4575921388,2025-07-03T02:02:50,174,7806.84,REJECTED,daffc87a-fdb5-424e-9155-782c6cd1b731,5,2000
4514421950,2025-09-07T07:07:24,594,5762.59,REJECTED,b0154cbb-c693-4062-88b9-a8acf4402b56,4,1000
4588343049,2025-11-26T03:34:11,798,6528.95,WAITING,c40f8a37-9024-4fcd-80a6-7917301ba6bd,4,4000
4546281077,2025-09-12T03:03:06,479,3166.77,APPROVED,35672019-b6d1-42b4-b906-8819b248182e,5,3000
4535924544,2025-06-07T02:44:20,586,5621.43,APPROVED,bcebc30c-15e5-48e2-9c32-c86d886f82a0,5,1000
4584960644,2025-06-16T04:42:43,769,6818.33,APPROVED,cf11fe2a-443a-44e9-96b0-e6b91ddfa87d,3,1000
4519034271,2025-08-06T02:49:22,937,9439.89,WAITING,eb8e5632-45d0-47e9-bcc0-ee76bf030643,4,3000
4538388409,2025-07-14T19:20:02,388,6055.89,REJECTED,8df0c99e-2745-44ae-94ee-ad79cb114fdb,5,3000
4530483638,2025-08-26T04:02:54,252,5639.85,WAITING,77b34563-244c-46da-b014-af1a9c7fa9e4,4,2000
4511286819,2025-10-05T20:52:21,328,66.96,APPROVED,00a417fb-f2b9-4bb8-90c0-0787c3f2e3c7,1,2000
4516617120,2025-11-08T18:38:38,523,5912.06,QUOTATION,4029508a-afa4-4faf-b175-4bb65b8a4dbb,4,2000
4528443061,2025-11-14T09:57:59,45,7510.58,QUOTATION,73df3d25-bcec-47a6-8d66-6b628e81ed2d,2,4000
4501183222,2025-10-01T02:04:34,593,5149.39,APPROVED,8df0c99e-2745-44ae-94ee-ad79cb114fdb,3,4000
4551066368,2025-09-13T22:28:46,252,4540.94,QUOTATION,fcc9df1e-2761-4b55-8f60-015b21066d78,3,3000
4560826142,2025-09-19T00:39:51,346,8674.79,REJECTED,2c7b9d8a-6b92-4a21-a03e-024e434a203d,1,1000
4592478812,2025-07-18T12:51:13,785,4261.14,QUOTATION,3ee51816-f540-45e6-8401-474c5df84e78,4,2000
4546285935,2025-07-14T13:11:27,79,5867.05,QUOTATION,f6dd041e-f994-407c-9a1b-2ee8a39b9b25,4,3000
4528045529,2025-11-23T01:24:06,319,5913.32,QUOTATION,4029508a-afa4-4faf-b175-4bb65b8a4dbb,3,4000
4594183580,2025-11-14T20:05:51,477,5342.55,APPROVED,9c7454a7-b80c-4d19-b841-4c0343b75add,5,3000
4562464911,2025-06-05T03:20:53,416,2147.34,APPROVED,0c328cd6-def4-4097-8b5d-ef9b4362cfd3,2,1000
4582639695,2025-09-02T10:51:58,95,8098.17,REJECTED,b0154cbb-c693-4062-88b9-a8acf4402b56,3,4000
4521749867,2025-10-19T04:05:28,798,6444.46,APPROVED,9567383e-1921-4683-803b-509faa2bc9d5,1,3000
4597740572,2025-11-20T14:29:58,159,8352.48,WAITING,84aadcf6-499b-4416-9a35-3e546eb39a5c,5,4000
4590225808,2025-07-14T00:25:38,164,270.52,QUOTATION,84aadcf6-499b-4416-9a35-3e546eb39a5c,1,3000
4543480276,2025-11-14T12:52:28,562,832.31,QUOTATION,0c328cd6-def4-4097-8b5d-ef9b4362cfd3,5,4000
4596462007,2025-07-17T14:53:49,602,22.91,QUOTATION,37bf8863-0046-49cb-a72c-f7e41661214b,4,1000
4570801008,2025-09-17T15:05:07,31,4698.98,APPROVED,5257f4f1-580e-4eb3-89f9-6cae458e4509,4,4000
4559391589,2025-11-20T22:34:37,490,4781.71,REJECTED,eb8e5632-45d0-47e9-bcc0-ee76bf030643,1,4000
4583452758,2025-06-20T21:53:24,144,438.64,WAITING,fffeaf8f-4b6b-4357-a309-89f4769c36da,2,3000
4529898805,2025-07-17T11:02:14,101,5719.31,APPROVED,bcebc30c-15e5-48e2-9c32-c86d886f82a0,2,1000
4567239962,2025-07-04T10:08:19,766,6031.97,QUOTATION,611eefb3-ef38-4a2e-831a-15aff1dde8f8,5,3000
4572296027,2025-10-03T23:14:38,297,1998.77,REJECTED,134244b2-90f7-4d62-8488-d71e29828266,3,4000
4582477486,2025-11-03T22:47:30,460,2906.31,APPROVED,d5b6a98e-464a-4e85-ad1c-7fd6be7df835,4,3000
4547326133,2025-08-01T20:57:44,906,5595.26,WAITING,f6dd041e-f994-407c-9a1b-2ee8a39b9b25,1,2000
4581949157,2025-11-26T14:30:43,426,4499.47,APPROVED,9a109dc4-7be3-4aec-94bb-ede38f79ae14,3,2000
4567611382,2025-10-20T00:40:06,410,310.37,REJECTED,15ddc72a-7103-4a88-a951-49c5aa75affd,2,1000
4593700035,2025-10-28T23:18:47,847,4799.72,APPROVED,bcebc30c-15e5-48e2-9c32-c86d886f82a0,5,1000
4513793691,2025-11-10T15:33:42,765,9423.38,WAITING,3d3527a9-4ef5-45d5-83c2-4178789f9921,1,2000
4584768329,2025-10-23T18:51:29,261,1260.07,REJECTED,3ee51816-f540-45e6-8401-474c5df84e78,3,4000
4579279077,2025-08-02T15:15:11,968,2656.31,WAITING,b020551c-5fe7-45ea-881a-6fa78332362d,5,4000
4587103811,2025-08-08T18:26:44,520,6165.94,APPROVED,15ddc72a-7103-4a88-a951-49c5aa75affd,1,4000
4503978496,2025-07-04T12:44:08,563,6455.13,QUOTATION,8ca5ca23-a910-469b-aec1-73bd31d74ba2,3,3000
4586321286,2025-10-15T16:09:04,488,3825.97,WAITING,0b319577-4ab0-4684-b112-b27aad212cb1,1,2000
4513532234,2025-07-14T04:18:10,159,3660.42,QUOTATION,de541e55-b7b6-404a-8ce0-a6f1ea925750,1,1000
4531007743,2025-07-23T21:27:27,473,2853.55,REJECTED,9567383e-1921-4683-803b-509faa2bc9d5,3,4000
4515991200,2025-09-13T21:43:58,422,2824.33,WAITING,31ac60a6-1bc1-442c-ae10-4a420f770538,1,1000
4583407450,2025-07-05T15:08:05,894,6336.2,QUOTATION,b6bbc970-46d2-4ff4-9c52-80f378cfe8ea,5,4000
4518385664,2025-10-24T13:56:33,83,1882.56,REJECTED,3ee51816-f540-45e6-8401-474c5df84e78,2,4000
4561542518,2025-07-11T09:31:37,311,1769.69,QUOTATION,e069016d-d217-4fbc-b438-1e8790b731fb,2,4000
4565918130,2025-11-25T06:15:53,787,7151.76,APPROVED,cea90057-5542-4a9f-8ad8-2fa263b39b7b,5,2000
4570473960,2025-06-28T18:47:16,227,8416.25,APPROVED,3341d7ea-5bed-42e4-82c2-18d0adfbcdf1,1,2000
4513745914,2025-10-02T07:05:36,439,9500.63,QUOTATION,0a58bce2-1697-4c89-b568-ae280f33f982,5,2000
4559745490,2025-10-14T22:17:07,157,9756.75,REJECTED,c40f8a37-9024-4fcd-80a6-7917301ba6bd,5,1000
4548777184,2025-09-13T01:16:30,372,6696.93,WAITING,cf11fe2a-443a-44e9-96b0-e6b91ddfa87d,1,1000
4572842754,2025-08-02T03:20:46,930,1990.24,APPROVED,35672019-b6d1-42b4-b906-8819b248182e,5,1000
4518103747,2025-10-10T03:27:49,696,6420.67,REJECTED,aa51a37d-2867-459b-8885-b5c8b161616a,3,4000
4568108708,2025-10-20T04:04:13,959,5915.17,REJECTED,5257f4f1-580e-4eb3-89f9-6cae458e4509,3,1000
4510993767,2025-09-13T13:38:50,267,65.96,REJECTED,3c65561d-5119-4985-87e7-48965fe9f62c,5,2000
4521691526,2025-07-11T07:14:08,884,8474.67,APPROVED,6cc3c3b9-23fa-4969-8791-af89dedc62c9,3,2000
4589535151,2025-09-23T10:05:46,335,6158.83,REJECTED,975480d4-8c15-44ba-8c55-a9938bdaa2c4,4,3000
4562867973,2025-08-18T03:19:13,890,8341.56,WAITING,da731710-48f7-4c02-8dd6-917ff4c62e3b,4,1000
4524851468,2025-11-26T13:55:25,506,6851.94,QUOTATION,2c7b9d8a-6b92-4a21-a03e-024e434a203d,1,4000
4529647361,2025-11-26T16:30:29,869,8783.35,QUOTATION,5c250769-58e7-4a67-92b8-05566aab2cd0,3,3000
4586876161,2025-09-06T17:27:52,425,4567.79,REJECTED,41e46c83-90d4-4836-a022-b900a018b3fa,3,1000
4545238606,2025-11-02T00:37:00,211,184.91,WAITING,6c55f239-a4f0-4edd-afe8-02d129db9eda,5,3000
4582458678,2025-06-03T04:10:43,131,4754.18,APPROVED,01bb5e4b-33d3-4db2-85a2-499f5c9e31b4,3,1000
4534096062,2025-07-18T01:59:15,879,7005.07,WAITING,fcc9df1e-2761-4b55-8f60-015b21066d78,1,2000
4586621531,2025-07-07T06:16:18,698,9520.19,REJECTED,0439439c-8945-42c4-b079-5340d85df97c,3,3000
4509690485,2025-10-15T21:03:03,524,819.04,APPROVED,8ca5ca23-a910-469b-aec1-73bd31d74ba2,5,1000
4595461986,2025-09-01T09:48:51,58,8930.68,QUOTATION,28d388a1-0e70-41d0-a8a1-abb9e3263b7b,2,4000
4549912817,2025-11-28T20:16:16,573,8837.2,APPROVED,cf11fe2a-443a-44e9-96b0-e6b91ddfa87d,1,4000
4538252230,2025-11-03T06:02:07,890,2595.94,WAITING,110f8801-eea1-420d-98e6-dd439569747b,2,4000
4579644919,2025-06-17T11:54:24,260,9305.58,REJECTED,fcc9df1e-2761-4b55-8f60-015b21066d78,1,3000
4538056534,2025-07-12T20:16:00,709,7947.7,APPROVED,110f8801-eea1-420d-98e6-dd439569747b,5,3000
4561645743,2025-06-21T17:29:41,238,4633.15,REJECTED,28d388a1-0e70-41d0-a8a1-abb9e3263b7b,2,2000
4565563194,2025-11-11T14:05:58,555,3249.86,APPROVED,28d388a1-0e70-41d0-a8a1-abb9e3263b7b,3,4000
4582134888,2025-07-16T19:29:46,154,9673.62,REJECTED,ea38b7e1-b488-4873-ab04-3066d219b434,5,3000
4573813122,2025-07-24T03:30:50,508,8553.42,REJECTED,5257f4f1-580e-4eb3-89f9-6cae458e4509,4,1000
4516321125,2025-08-25T21:51:53,827,9711.88,QUOTATION,611eefb3-ef38-4a2e-831a-15aff1dde8f8,5,2000
4517236401,2025-06-15T08:54:03,810,3352.33,QUOTATION,611eefb3-ef38-4a2e-831a-15aff1dde8f8,5,2000
4598067301,2025-07-12T19:12:50,396,4378.82,WAITING,35672019-b6d1-42b4-b906-8819b248182e,4,2000
4596892917,2025-10-17T14:43:32,496,7680.31,QUOTATION,408c4fe5-9066-4997-8f1c-ad8daae4b1f6,2,1000
4559093935,2025-11-23T03:01:43,518,72.99,REJECTED,b020551c-5fe7-45ea-881a-6fa78332362d,4,2000
4572779043,2025-07-09T06:42:33,372,9011.32,REJECTED,84aadcf6-499b-4416-9a35-3e546eb39a5c,1,3000
4586984568,2025-10-28T22:37:44,20,5346.45,REJECTED,ce1eeb99-74a8-4547-b95c-345102c07d21,2,1000
4535915646,2025-10-02T08:58:51,14,9811.93,QUOTATION,05767575-2944-4457-9aa7-06e1dae2ae25,3,4000
4515575085,2025-09-21T23:00:53,924,5027.36,REJECTED,a1a6e723-19c6-46fd-a584-917efe27f127,4,2000
4584639274,2025-07-06T20:49:30,416,4941.87,WAITING,9c7454a7-b80c-4d19-b841-4c0343b75add,2,3000
4593235532,2025-09-12T00:35:34,652,8367.17,REJECTED,37bf8863-0046-49cb-a72c-f7e41661214b,4,2000
4592411805,2025-07-01T13:38:54,693,4318.73,REJECTED,f6979cad-3c89-4280-985d-d7f07aaa8c2b,1,3000
4521817892,2025-09-27T09:26:53,99,4332.04,APPROVED,3ee51816-f540-45e6-8401-474c5df84e78,3,3000
4547611812,2025-06-10T17:17:04,865,4152.17,REJECTED,fe53d2be-049c-47fa-871a-c4a8b1a10e40,1,1000
4530328482,2025-11-16T04:37:18,512,6289.59,WAITING,bcebc30c-15e5-48e2-9c32-c86d886f82a0,2,4000
4524937687,2025-10-11T21:02:58,319,8519.28,REJECTED,834a14f7-cbd7-4220-9587-cd61c93c8253,5,4000
4523279082,2025-10-17T15:25:55,519,9934.7,WAITING,e7ba4d18-37bf-472c-9d3a-7756c21a55c9,3,2000
4509548815,2025-09-01T21:23:13,303,8390.91,WAITING,0439439c-8945-42c4-b079-5340d85df97c,2,4000
4573642352,2025-08-22T12:30:55,767,576.71,APPROVED,a1ad3c2b-45ca-491c-8ef2-a64af7d19e43,2,2000
4579389547,2025-06-17T19:09:35,737,6561.77,WAITING,62117371-6664-4e90-9e4c-e3939789c81a,5,1000
4596264883,2025-08-05T12:24:37,417,2454.99,APPROVED,dbce3e63-1a5c-4595-a1f9-d09c3d978567,2,2000
4573119074,2025-09-08T07:17:10,367,1122.74,WAITING,77b34563-244c-46da-b014-af1a9c7fa9e4,2,1000
4504233108,2025-06-01T06:07:08,358,9480.28,APPROVED,f6dd041e-f994-407c-9a1b-2ee8a39b9b25,1,4000
4567887012,2025-08-12T17:46:37,423,9151.15,REJECTED,834a14f7-cbd7-4220-9587-cd61c93c8253,3,4000
4598151058,2025-08-03T18:51:04,543,2218.54,APPROVED,b577718c-a2a9-4f8a-a41c-7cac0d102aab,5,2000
4510774190,2025-09-10T14:01:34,10,1316.49,QUOTATION,408c4fe5-9066-4997-8f1c-ad8daae4b1f6,5,1000
4590514873,2025-10-02T17:54:12,127,411.24,WAITING,0f7e95f4-4fb9-4987-a1e1-5264880e721e,2,3000
4526996984,2025-07-24T10:02:06,65,9890.88,APPROVED,0a58bce2-1697-4c89-b568-ae280f33f982,2,3000
4530501006,2025-06-03T22:18:51,464,5220.47,REJECTED,915bda23-d2b3-4bab-9d3b-0b701beb76fa,5,2000
4520165412,2025-07-16T01:05:31,701,7016.45,APPROVED,4a2d279e-2495-496f-80d9-bc5a45e3b6b4,1,1000
4504232594,2025-06-19T13:51:13,197,182.08,WAITING,00a417fb-f2b9-4bb8-90c0-0787c3f2e3c7,4,1000
4594481531,2025-09-14T15:28:14,232,7721.75,APPROVED,a4926703-442b-4179-808a-04de7d4e1015,5,3000
4525223075,2025-08-15T00:58:27,762,9172.5,WAITING,aa51a37d-2867-459b-8885-b5c8b161616a,4,3000
4550361294,2025-07-18T15:35:48,12,479.56,REJECTED,74d238f7-61d4-41c6-9d51-b05f2eddcb36,4,1000
4541871604,2025-10-03T17:27:01,673,4843.25,REJECTED,31ac60a6-1bc1-442c-ae10-4a420f770538,4,1000
4529030763,2025-10-17T09:47:48,457,3656.96,QUOTATION,0439439c-8945-42c4-b079-5340d85df97c,4,3000
4590178917,2025-11-03T17:50:11,937,8302.32,APPROVED,56ae9e46-c0b2-46ca-b51d-5686e00ce4a6,5,3000
4508874352,2025-07-05T11:20:46,380,6088.5,WAITING,da731710-48f7-4c02-8dd6-917ff4c62e3b,3,3000
4548811729,2025-10-01T23:03:38,565,618.19,REJECTED,c40f8a37-9024-4fcd-80a6-7917301ba6bd,2,4000
4596613284,2025-08-25T01:34:20,56,3971.91,WAITING,4a2d279e-2495-496f-80d9-bc5a45e3b6b4,1,1000
4560829795,2025-10-28T06:43:57,84,4769.39,REJECTED,5257f4f1-580e-4eb3-89f9-6cae458e4509,2,3000
4512292369,2025-06-02T02:03:15,60,3484.07,APPROVED,d5b6a98e-464a-4e85-ad1c-7fd6be7df835,2,4000
4584306627,2025-07-21T14:58:16,319,266.69,APPROVED,8ca5ca23-a910-469b-aec1-73bd31d74ba2,5,4000
4505422782,2025-07-21T07:09:38,593,2655.67,APPROVED,611eefb3-ef38-4a2e-831a-15aff1dde8f8,3,2000
4577403992,2025-09-27T15:35:03,356,9728.74,WAITING,fe53d2be-049c-47fa-871a-c4a8b1a10e40,1,3000
4569862643,2025-08-19T05:05:41,944,887.12,REJECTED,ba5b8587-5d45-44ac-9e4e-16cb4b3afecc,4,3000
4565662917,2025-10-01T22:42:07,133,194.72,REJECTED,3d3527a9-4ef5-45d5-83c2-4178789f9921,1,3000
4551879804,2025-06-12T13:56:55,70,5764.36,REJECTED,05767575-2944-4457-9aa7-06e1dae2ae25,3,3000
4594254127,2025-08-03T06:58:59,369,1239.83,REJECTED,bf599d91-442c-4e09-b5ae-b9f08a417d11,1,4000
4564831497,2025-09-18T05:01:49,359,3657.75,APPROVED,76fa0c16-dc3a-4a9b-b914-de6a0097f3dc,5,2000
4586990394,2025-06-25T10:40:27,329,6594.25,APPROVED,9a109dc4-7be3-4aec-94bb-ede38f79ae14,4,1000
4552218699,2025-10-14T01:15:14,699,3981.0,REJECTED,791660af-f0db-4fbd-a3a4-86bd38182556,3,3000
4559519369,2025-08-20T06:26:15,810,4280.85,APPROVED,bf599d91-442c-4e09-b5ae-b9f08a417d11,2,3000
4537325233,2025-07-05T19:23:42,729,2788.52,APPROVED,51991c98-a328-457f-a862-0962b2d30ddc,5,4000
4573735850,2025-09-08T17:16:56,761,7968.06,WAITING,0e752cfe-75ff-427d-8214-57710b509b33,2,3000
4560363056,2025-10-28T21:45:28,747,2760.2,APPROVED,de541e55-b7b6-404a-8ce0-a6f1ea925750,4,3000
4516143569,2025-08-16T08:00:25,29,3225.82,APPROVED,2c6e3cb9-21cb-4de6-ae38-f117a3cbdfe2,2,2000
4500209659,2025-10-28T01:09:25,827,1647.49,REJECTED,b6bbc970-46d2-4ff4-9c52-80f378cfe8ea,4,3000
4572421409,2025-06-11T16:49:55,285,1554.06,APPROVED,611eefb3-ef38-4a2e-831a-15aff1dde8f8,3,4000
4502687761,2025-11-21T10:01:02,154,4041.6,QUOTATION,daffc87a-fdb5-424e-9155-782c6cd1b731,4,1000
4558907369,2025-10-22T02:37:39,580,2845.34,WAITING,9fc109ea-2585-4c23-9329-2ccda2d964eb,1,3000
4546369661,2025-06-25T15:45:36,234,8141.27,REJECTED,2ab670e8-49e3-4a95-9871-d937f77b5927,5,3000
4562847319,2025-08-02T13:20:05,454,2516.44,QUOTATION,384bae62-8ba8-4cac-b8ad-3df4e68bcafa,5,1000
4593587398,2025-09-17T12:53:33,168,3667.46,QUOTATION,12a301b9-4c71-4181-a853-d29be7b6bd18,4,3000
4569327133,2025-09-18T23:32:39,770,1801.2,APPROVED,e069016d-d217-4fbc-b438-1e8790b731fb,4,4000
4516056858,2025-10-24T05:55:47,558,8510.41,REJECTED,6c55f239-a4f0-4edd-afe8-02d129db9eda,5,1000
4562604576,2025-07-02T10:39:46,930,9001.49,APPROVED,834a14f7-cbd7-4220-9587-cd61c93c8253,4,2000
4548191839,2025-09-04T09:59:29,528,8007.94,WAITING,2cf52c48-a37c-4244-a030-3fe16c443ecd,2,3000
4504124134,2025-09-02T02:29:12,972,7136.91,REJECTED,b577718c-a2a9-4f8a-a41c-7cac0d102aab,3,3000
4521971389,2025-09-05T10:20:54,378,1631.45,QUOTATION,cf11fe2a-443a-44e9-96b0-e6b91ddfa87d,1,4000
4543227061,2025-11-06T11:10:48,720,7278.74,QUOTATION,4029508a-afa4-4faf-b175-4bb65b8a4dbb,5,3000
4549568846,2025-07-04T23:02:41,604,8510.67,APPROVED,28d388a1-0e70-41d0-a8a1-abb9e3263b7b,1,4000
4597614651,2025-06-01T10:01:03,396,5908.9,REJECTED,76fa0c16-dc3a-4a9b-b914-de6a0097f3dc,3,4000
4517134727,2025-08-15T12:36:58,481,1926.88,WAITING,8df0c99e-2745-44ae-94ee-ad79cb114fdb,1,3000
4537641900,2025-10-12T12:07:29,342,4299.47,WAITING,ce1eeb99-74a8-4547-b95c-345102c07d21,4,3000
4509259199,2025-08-13T13:02:00,942,7756.74,QUOTATION,a1ad3c2b-45ca-491c-8ef2-a64af7d19e43,4,4000
4540917569,2025-07-01T11:11:48,52,959.12,REJECTED,12a301b9-4c71-4181-a853-d29be7b6bd18,2,1000
4577713208,2025-10-13T07:44:09,895,7066.84,QUOTATION,f6979cad-3c89-4280-985d-d7f07aaa8c2b,3,1000
4561953777,2025-10-07T00:20:32,973,6620.24,APPROVED,0e752cfe-75ff-427d-8214-57710b509b33,1,4000
4551667224,2025-10-19T04:33:18,59,1035.2,QUOTATION,915bda23-d2b3-4bab-9d3b-0b701beb76fa,5,2000
4535739742,2025-06-10T21:39:18,264,664.91,WAITING,d0d94739-009d-44aa-ae3d-8c35a65083c5,1,2000
4593654286,2025-06-15T09:07:53,83,280.32,WAITING,f524f9ee-95cb-4e66-a6c1-b58f8296e7f3,1,4000
4552378250,2025-07-09T19:06:13,871,8089.29,WAITING,dbce3e63-1a5c-4595-a1f9-d09c3d978567,5,3000
4569149021,2025-11-01T00:23:25,767,2598.4,REJECTED,ba3d4978-80db-4a12-9f06-e4c698936184,1,1000
4526944441,2025-09-23T15:44:30,663,6043.48,WAITING,cf11fe2a-443a-44e9-96b0-e6b91ddfa87d,1,1000
4542238293,2025-09-02T14:56:57,862,5566.94,QUOTATION,fcc9df1e-2761-4b55-8f60-015b21066d78,5,3000
4540421290,2025-11-11T01:24:27,601,9487.59,REJECTED,bf599d91-442c-4e09-b5ae-b9f08a417d11,5,2000
4507758302,2025-06-03T00:01:37,402,7794.34,REJECTED,84aadcf6-499b-4416-9a35-3e546eb39a5c,2,1000
4569565671,2025-07-20T13:01:37,495,328.14,WAITING,9567383e-1921-4683-803b-509faa2bc9d5,5,1000
4560283707,2025-07-10T09:52:25,404,4018.78,APPROVED,b6bbc970-46d2-4ff4-9c52-80f378cfe8ea,2,4000
4504888270,2025-08-02T03:41:04,117,9168.11,REJECTED,3d3527a9-4ef5-45d5-83c2-4178789f9921,1,1000
4587398974,2025-11-06T09:08:21,622,9874.79,WAITING,fe53d2be-049c-47fa-871a-c4a8b1a10e40,2,1000
4534820708,2025-08-23T16:24:30,210,4665.72,WAITING,b577718c-a2a9-4f8a-a41c-7cac0d102aab,3,1000
4506686702,2025-09-01T13:58:29,540,7337.73,WAITING,f6dd041e-f994-407c-9a1b-2ee8a39b9b25,1,1000
4519152570,2025-06-20T02:31:31,154,8982.89,REJECTED,b577718c-a2a9-4f8a-a41c-7cac0d102aab,1,2000
4505918869,2025-06-17T00:08:27,425,1545.75,REJECTED,bf599d91-442c-4e09-b5ae-b9f08a417d11,5,1000
4517837208,2025-09-24T21:25:22,563,1955.74,APPROVED,3d3527a9-4ef5-45d5-83c2-4178789f9921,1,2000
4543564907,2025-06-19T08:49:17,514,3039.42,APPROVED,68681084-7b12-4fd9-9704-7da3802cb451,4,3000
4505549663,2025-10-12T07:23:52,67,3777.28,APPROVED,2c6e3cb9-21cb-4de6-ae38-f117a3cbdfe2,4,2000
4589058339,2025-07-11T09:40:44,989,1766.1,APPROVED,76fa0c16-dc3a-4a9b-b914-de6a0097f3dc,4,4000
4540349764,2025-07-07T17:00:54,194,7671.98,WAITING,17dffc12-ac1a-44ed-ad09-3c824851c624,2,1000
4516094586,2025-06-23T04:42:25,678,2541.5,APPROVED,de541e55-b7b6-404a-8ce0-a6f1ea925750,5,2000
4523539083,2025-10-21T04:38:42,962,5675.48,APPROVED,fcc9df1e-2761-4b55-8f60-015b21066d78,5,2000
4554775468,2025-11-10T21:55:14,789,600.98,APPROVED,fffeaf8f-4b6b-4357-a309-89f4769c36da,2,2000
4598563787,2025-07-20T04:57:07,430,6302.22,WAITING,bf599d91-442c-4e09-b5ae-b9f08a417d11,3,1000
4539864198,2025-07-11T01:04:17,168,9159.84,QUOTATION,d4dbba0a-2b26-4233-9017-bb25b2e860f3,3,1000
4567771099,2025-08-12T17:40:34,504,465.39,APPROVED,41f3b33b-8871-42fd-90d5-1d1d9f2d5aed,3,3000
4589884123,2025-10-13T19:25:52,798,4708.47,REJECTED,82ebf1b0-6982-4deb-ac51-c7a6d0a68c5d,2,4000
4554458936,2025-07-12T12:50:02,373,9251.33,WAITING,791660af-f0db-4fbd-a3a4-86bd38182556,2,2000
4597952754,2025-09-15T13:34:38,803,5583.19,QUOTATION,0c328cd6-def4-4097-8b5d-ef9b4362cfd3,3,4000
4574420847,2025-08-02T15:09:40,323,3994.46,APPROVED,01bb5e4b-33d3-4db2-85a2-499f5c9e31b4,1,2000
4509734054,2025-08-12T13:16:02,839,4295.35,QUOTATION,384bae62-8ba8-4cac-b8ad-3df4e68bcafa,4,3000
4553539154,2025-08-18T20:21:05,637,70.84,WAITING,76fa0c16-dc3a-4a9b-b914-de6a0097f3dc,4,4000
4548244069,2025-08-22T12:00:07,997,2112.16,REJECTED,32149af9-a4f0-4e80-a73d-490a9faef06f,5,3000
4505119227,2025-08-23T12:07:25,63,4809.59,REJECTED,0b319577-4ab0-4684-b112-b27aad212cb1,5,4000
4575486408,2025-07-23T15:27:23,986,2691.52,REJECTED,651e8d5b-8636-4635-a934-6f9427d506b8,1,3000
4532952975,2025-06-16T10:32:11,664,2583.65,QUOTATION,b577718c-a2a9-4f8a-a41c-7cac0d102aab,1,1000
4503709772,2025-10-27T09:06:39,26,898.97,QUOTATION,791660af-f0db-4fbd-a3a4-86bd38182556,1,1000
4586980928,2025-09-10T01:50:19,283,8394.2,APPROVED,5257f4f1-580e-4eb3-89f9-6cae458e4509,4,2000
4514935380,2025-10-05T10:04:47,423,9594.71,REJECTED,3d3527a9-4ef5-45d5-83c2-4178789f9921,1,2000
4503035291,2025-07-14T14:41:11,492,23.41,REJECTED,e069016d-d217-4fbc-b438-1e8790b731fb,4,4000
4597374072,2025-08-17T11:57:22,393,8221.12,WAITING,31ac60a6-1bc1-442c-ae10-4a420f770538,3,4000
4550911598,2025-11-21T21:20:19,874,1541.15,APPROVED,b0154cbb-c693-4062-88b9-a8acf4402b56,2,1000
4544390256,2025-10-06T14:45:41,362,8022.99,QUOTATION,a9da22e7-f42f-4428-9083-96395b7a7e9a,2,3000
4549740187,2025-10-16T09:13:04,144,6061.95,APPROVED,110f8801-eea1-420d-98e6-dd439569747b,3,2000
4526342325,2025-09-21T02:48:52,228,9478.96,APPROVED,6c55f239-a4f0-4edd-afe8-02d129db9eda,1,1000
4536743514,2025-10-18T16:22:47,419,9785.72,WAITING,56ae9e46-c0b2-46ca-b51d-5686e00ce4a6,3,4000
4573799079,2025-10-06T07:11:18,747,7092.91,WAITING,ad64acbd-9045-44ec-9111-f6b3b90cb060,5,3000
4504944801,2025-06-03T15:28:05,627,9771.87,APPROVED,9fc109ea-2585-4c23-9329-2ccda2d964eb,3,3000
4509731620,2025-10-27T08:56:02,479,1328.15,WAITING,12a301b9-4c71-4181-a853-d29be7b6bd18,1,3000
4549949286,2025-08-09T04:19:25,59,773.54,WAITING,ebfe58ef-0dee-41d8-859e-ae2bff66e7fc,3,2000
4558144104,2025-06-23T14:41:56,670,986.0,APPROVED,37bf8863-0046-49cb-a72c-f7e41661214b,3,4000
4502603325,2025-10-20T17:40:09,517,3456.87,WAITING,2ab670e8-49e3-4a95-9871-d937f77b5927,5,3000
4551718938,2025-07-22T06:51:57,304,1958.82,REJECTED,ce1eeb99-74a8-4547-b95c-345102c07d21,1,2000
4514476889,2025-06-27T14:29:43,733,8640.6,QUOTATION,eb8e5632-45d0-47e9-bcc0-ee76bf030643,4,3000
4592250517,2025-09-01T21:46:17,994,4984.9,WAITING,56ae9e46-c0b2-46ca-b51d-5686e00ce4a6,1,3000
4506930923,2025-11-11T19:03:18,981,2767.41,WAITING,b020551c-5fe7-45ea-881a-6fa78332362d,5,3000
4551759673,2025-07-10T01:58:33,375,3047.4,APPROVED,8ca5ca23-a910-469b-aec1-73bd31d74ba2,3,2000
4599478882,2025-11-07T22:33:02,772,6881.58,APPROVED,d4dbba0a-2b26-4233-9017-bb25b2e860f3,5,1000
4597340466,2025-08-11T13:19:13,469,5234.62,REJECTED,de541e55-b7b6-404a-8ce0-a6f1ea925750,4,1000
4508219652,2025-06-26T17:43:30,662,1569.57,REJECTED,31ac60a6-1bc1-442c-ae10-4a420f770538,4,4000
4506507581,2025-07-21T22:20:19,953,2975.87,APPROVED,15ddc72a-7103-4a88-a951-49c5aa75affd,1,3000
4594947268,2025-06-14T08:03:27,35,3948.29,WAITING,12a301b9-4c71-4181-a853-d29be7b6bd18,2,1000
4523699391,2025-11-28T12:41:01,445,7380.62,APPROVED,3ee51816-f540-45e6-8401-474c5df84e78,5,3000
4508838048,2025-07-13T23:04:53,929,9711.52,QUOTATION,a9da22e7-f42f-4428-9083-96395b7a7e9a,5,2000
4599997373,2025-07-01T15:06:50,250,4641.06,QUOTATION,fcc9df1e-2761-4b55-8f60-015b21066d78,1,4000
4576997267,2025-11-04T01:20:12,308,2250.3,WAITING,d0d94739-009d-44aa-ae3d-8c35a65083c5,4,3000
4584421846,2025-07-12T04:48:15,151,6057.83,REJECTED,6cc3c3b9-23fa-4969-8791-af89dedc62c9,3,4000
4533213993,2025-06-16T00:34:29,170,5760.38,QUOTATION,ce1eeb99-74a8-4547-b95c-345102c07d21,1,4000
4527634971,2025-10-14T01:52:22,197,3376.07,APPROVED,ba3d4978-80db-4a12-9f06-e4c698936184,4,3000
4525097644,2025-09-21T09:54:11,236,6045.23,WAITING,a4926703-442b-4179-808a-04de7d4e1015,4,3000
4528455067,2025-06-07T06:08:18,258,8051.25,APPROVED,bcebc30c-15e5-48e2-9c32-c86d886f82a0,2,2000
4593155610,2025-10-14T13:49:30,57,3359.07,REJECTED,408c4fe5-9066-4997-8f1c-ad8daae4b1f6,4,4000
4586930944,2025-07-07T02:29:52,463,8079.33,WAITING,41e46c83-90d4-4836-a022-b900a018b3fa,4,3000
4545790591,2025-11-21T06:54:07,908,1135.62,QUOTATION,110f8801-eea1-420d-98e6-dd439569747b,1,4000
4565035543,2025-09-06T20:19:40,298,8349.25,QUOTATION,eb8e5632-45d0-47e9-bcc0-ee76bf030643,1,4000
4538019698,2025-09-07T14:03:52,709,9202.54,APPROVED,b6bbc970-46d2-4ff4-9c52-80f378cfe8ea,5,2000
4545873042,2025-08-04T09:33:33,257,2186.49,APPROVED,5257f4f1-580e-4eb3-89f9-6cae458e4509,3,1000
4507408200,2025-10-26T03:35:24,83,4230.37,WAITING,384bae62-8ba8-4cac-b8ad-3df4e68bcafa,1,2000
4562162748,2025-07-21T20:23:59,415,8412.43,WAITING,dbce3e63-1a5c-4595-a1f9-d09c3d978567,2,2000
4599320656,2025-07-08T18:26:23,875,2485.71,QUOTATION,00a417fb-f2b9-4bb8-90c0-0787c3f2e3c7,3,2000
4514942566,2025-08-11T07:18:29,233,5680.52,WAITING,0c328cd6-def4-4097-8b5d-ef9b4362cfd3,3,2000
4568692320,2025-08-13T20:51:27,14,3879.39,QUOTATION,2cf52c48-a37c-4244-a030-3fe16c443ecd,1,3000
4516975692,2025-10-11T20:19:34,400,7463.56,REJECTED,ba3d4978-80db-4a12-9f06-e4c698936184,4,2000
4550686412,2025-10-04T17:48:24,274,1568.54,APPROVED,9fc109ea-2585-4c23-9329-2ccda2d964eb,5,2000
4516188235,2025-10-27T13:16:48,255,4013.65,QUOTATION,41f3b33b-8871-42fd-90d5-1d1d9f2d5aed,3,3000
4555915168,2025-08-28T17:31:56,967,5388.69,WAITING,4a5df305-6d85-4b5a-81ca-b2a776017f8f,4,1000
4589285085,2025-08-16T16:20:15,206,1162.7,APPROVED,9c7454a7-b80c-4d19-b841-4c0343b75add,2,2000
4590036025,2025-06-15T21:01:19,402,5112.0,REJECTED,fcc9df1e-2761-4b55-8f60-015b21066d78,3,2000
4570639907,2025-06-01T11:04:49,282,6410.84,REJECTED,e7ba4d18-37bf-472c-9d3a-7756c21a55c9,3,2000
4542281998,2025-07-02T20:04:06,673,8277.68,REJECTED,aa51a37d-2867-459b-8885-b5c8b161616a,1,4000
4546893561,2025-08-19T11:16:12,322,8109.86,WAITING,28d388a1-0e70-41d0-a8a1-abb9e3263b7b,2,2000
4577302436,2025-10-11T00:48:10,308,7612.52,WAITING,791660af-f0db-4fbd-a3a4-86bd38182556,4,1000
4505611116,2025-06-02T18:36:25,650,1580.94,APPROVED,b577718c-a2a9-4f8a-a41c-7cac0d102aab,3,2000
4526969295,2025-09-05T16:24:56,981,7971.8,QUOTATION,15ddc72a-7103-4a88-a951-49c5aa75affd,4,4000
4560941880,2025-07-17T06:25:17,175,5534.8,APPROVED,3d3527a9-4ef5-45d5-83c2-4178789f9921,2,4000
4502236948,2025-10-20T20:06:38,368,1757.91,REJECTED,834a14f7-cbd7-4220-9587-cd61c93c8253,4,4000
4501941683,2025-11-07T20:37:57,307,3485.6,REJECTED,791660af-f0db-4fbd-a3a4-86bd38182556,2,4000
4521597567,2025-07-16T09:10:29,392,8544.68,WAITING,b6bbc970-46d2-4ff4-9c52-80f378cfe8ea,5,1000
4542691667,2025-10-20T21:10:28,192,782.67,QUOTATION,a1ad3c2b-45ca-491c-8ef2-a64af7d19e43,1,2000
4531197399,2025-10-10T10:09:26,601,94.52,APPROVED,28d388a1-0e70-41d0-a8a1-abb9e3263b7b,1,1000
4565647878,2025-10-08T01:52:37,160,953.16,QUOTATION,2ab670e8-49e3-4a95-9871-d937f77b5927,2,3000
4558672342,2025-09-07T07:57:35,420,3470.84,QUOTATION,651e8d5b-8636-4635-a934-6f9427d506b8,3,3000
4554217267,2025-08-18T12:38:52,503,9749.3,WAITING,e069016d-d217-4fbc-b438-1e8790b731fb,2,1000
4583648448,2025-09-20T18:29:20,237,2361.54,WAITING,12a301b9-4c71-4181-a853-d29be7b6bd18,2,2000
4569957235,2025-11-07T16:20:07,638,6070.43,REJECTED,3f3292d8-3056-42da-9ec5-d080c252a223,4,2000
4523055286,2025-06-14T00:49:10,359,6274.31,QUOTATION,68681084-7b12-4fd9-9704-7da3802cb451,3,3000
4519685392,2025-11-16T03:28:37,502,6012.71,WAITING,77b34563-244c-46da-b014-af1a9c7fa9e4,4,4000
4527868822,2025-08-21T21:47:50,760,3296.89,WAITING,0c328cd6-def4-4097-8b5d-ef9b4362cfd3,3,2000
4566921048,2025-07-13T08:23:02,238,5422.91,APPROVED,68681084-7b12-4fd9-9704-7da3802cb451,3,1000
4564235422,2025-08-07T12:41:47,703,12.51,WAITING,76fa0c16-dc3a-4a9b-b914-de6a0097f3dc,4,3000
4583075579,2025-08-03T02:18:03,317,3677.22,WAITING,de541e55-b7b6-404a-8ce0-a6f1ea925750,1,2000
4537160249,2025-08-23T12:29:13,33,8326.45,QUOTATION,76fa0c16-dc3a-4a9b-b914-de6a0097f3dc,5,3000
4540564035,2025-06-12T08:01:55,199,511.81,WAITING,4029508a-afa4-4faf-b175-4bb65b8a4dbb,2,3000
4512475789,2025-11-17T06:02:14,700,5991.38,REJECTED,9fc109ea-2585-4c23-9329-2ccda2d964eb,5,4000
4539051474,2025-10-25T18:30:26,190,4168.47,APPROVED,28d388a1-0e70-41d0-a8a1-abb9e3263b7b,5,3000
4599380092,2025-06-07T17:12:15,711,7074.62,APPROVED,ebfe58ef-0dee-41d8-859e-ae2bff66e7fc,2,3000
4515599813,2025-08-06T20:24:47,76,1332.0,APPROVED,daffc87a-fdb5-424e-9155-782c6cd1b731,3,3000
4586522543,2025-11-04T09:10:19,478,2085.11,QUOTATION,0f7e95f4-4fb9-4987-a1e1-5264880e721e,1,1000
4543725105,2025-07-22T13:43:47,133,1112.68,REJECTED,0439439c-8945-42c4-b079-5340d85df97c,1,1000
4507613666,2025-10-13T13:56:01,88,8221.43,REJECTED,4a5df305-6d85-4b5a-81ca-b2a776017f8f,2,2000
4555936939,2025-07-27T23:44:30,605,9323.5,QUOTATION,a1ad3c2b-45ca-491c-8ef2-a64af7d19e43,2,3000
4542577513,2025-07-08T21:06:40,315,535.21,APPROVED,9c7454a7-b80c-4d19-b841-4c0343b75add,1,2000
4591786780,2025-09-17T01:13:16,827,8582.64,REJECTED,62117371-6664-4e90-9e4c-e3939789c81a,1,2000
4589178472,2025-08-21T14:30:05,252,3095.4,REJECTED,4a2d279e-2495-496f-80d9-bc5a45e3b6b4,2,1000
4525791460,2025-11-05T14:12:14,596,8257.68,WAITING,408c4fe5-9066-4997-8f1c-ad8daae4b1f6,4,2000
4511506084,2025-07-09T00:36:30,515,4621.9,QUOTATION,37bf8863-0046-49cb-a72c-f7e41661214b,5,1000
4588494675,2025-07-09T13:23:04,419,5791.68,QUOTATION,2ab670e8-49e3-4a95-9871-d937f77b5927,3,2000
4573804078,2025-08-17T23:25:30,3,26.95,APPROVED,12a301b9-4c71-4181-a853-d29be7b6bd18,5,1000
4537636313,2025-09-07T03:36:16,982,3768.28,REJECTED,73df3d25-bcec-47a6-8d66-6b628e81ed2d,5,1000
4515975175,2025-06-10T14:02:19,342,8983.72,REJECTED,e069016d-d217-4fbc-b438-1e8790b731fb,1,4000
4580401530,2025-08-25T03:21:46,643,5873.12,QUOTATION,56ae9e46-c0b2-46ca-b51d-5686e00ce4a6,3,3000
4526359442,2025-09-28T21:38:41,950,9290.79,QUOTATION,134244b2-90f7-4d62-8488-d71e29828266,1,3000
4571992846,2025-07-15T16:14:45,105,476.15,QUOTATION,12a301b9-4c71-4181-a853-d29be7b6bd18,1,4000
4570419055,2025-09-26T10:44:37,646,6028.79,REJECTED,2ab670e8-49e3-4a95-9871-d937f77b5927,2,1000
4596287463,2025-09-03T21:02:59,875,1817.92,REJECTED,9fc109ea-2585-4c23-9329-2ccda2d964eb,5,4000
4552095869,2025-10-08T12:35:45,997,2950.11,QUOTATION,0f7e95f4-4fb9-4987-a1e1-5264880e721e,2,3000
4534261974,2025-09-10T14:24:18,970,9157.03,QUOTATION,e069016d-d217-4fbc-b438-1e8790b731fb,1,1000
4522550438,2025-06-10T07:04:01,492,840.83,QUOTATION,3d3527a9-4ef5-45d5-83c2-4178789f9921,5,2000
4575361787,2025-11-09T16:03:56,255,902.82,APPROVED,8df0c99e-2745-44ae-94ee-ad79cb114fdb,5,3000
4537172649,2025-08-27T23:42:15,286,9355.29,QUOTATION,82ebf1b0-6982-4deb-ac51-c7a6d0a68c5d,5,3000
4585235033,2025-07-26T04:54:13,448,1338.63,APPROVED,2ab670e8-49e3-4a95-9871-d937f77b5927,5,2000
4507950010,2025-07-16T15:50:24,352,9227.29,WAITING,0a58bce2-1697-4c89-b568-ae280f33f982,4,4000
4512764581,2025-06-13T20:34:19,807,9395.04,APPROVED,b0154cbb-c693-4062-88b9-a8acf4402b56,3,3000
4505782484,2025-08-14T15:45:33,662,2017.61,APPROVED,a9da22e7-f42f-4428-9083-96395b7a7e9a,3,3000
4535603623,2025-08-06T10:09:58,722,8124.22,APPROVED,0c328cd6-def4-4097-8b5d-ef9b4362cfd3,4,1000
4589736446,2025-07-07T06:27:01,420,729.67,REJECTED,5c250769-58e7-4a67-92b8-05566aab2cd0,5,1000
4518107685,2025-07-16T18:00:17,983,4194.13,REJECTED,e7ba4d18-37bf-472c-9d3a-7756c21a55c9,5,3000
4528623818,2025-06-18T00:46:27,42,6561.13,REJECTED,62117371-6664-4e90-9e4c-e3939789c81a,3,4000
4524689521,2025-07-06T07:38:25,90,2464.93,WAITING,ba3d4978-80db-4a12-9f06-e4c698936184,3,1000
4544366030,2025-08-07T21:00:07,612,8496.86,QUOTATION,bcebc30c-15e5-48e2-9c32-c86d886f82a0,2,2000
4587968901,2025-08-11T01:28:19,666,4540.34,REJECTED,35672019-b6d1-42b4-b906-8819b248182e,3,1000
4578304845,2025-11-01T08:54:16,640,3547.87,WAITING,dbce3e63-1a5c-4595-a1f9-d09c3d978567,3,2000
4530804314,2025-09-08T10:17:59,481,1153.32,WAITING,00a417fb-f2b9-4bb8-90c0-0787c3f2e3c7,2,4000
4556005196,2025-06-14T21:58:14,207,1009.58,APPROVED,9c7454a7-b80c-4d19-b841-4c0343b75add,5,2000
4509446921,2025-07-14T08:40:36,704,2365.22,APPROVED,8ca5ca23-a910-469b-aec1-73bd31d74ba2,1,1000
4576034698,2025-07-19T13:39:38,172,7029.8,WAITING,3341d7ea-5bed-42e4-82c2-18d0adfbcdf1,3,1000
4549770618,2025-10-19T04:43:29,40,9125.22,APPROVED,b577718c-a2a9-4f8a-a41c-7cac0d102aab,5,1000
4593378626,2025-09-28T23:07:20,183,5393.1,APPROVED,2ab670e8-49e3-4a95-9871-d937f77b5927,2,4000
4590405732,2025-08-28T07:23:40,246,6743.77,WAITING,0f7e95f4-4fb9-4987-a1e1-5264880e721e,5,2000
4564690818,2025-09-15T05:17:11,247,114.53,WAITING,bf599d91-442c-4e09-b5ae-b9f08a417d11,4,2000
4520466660,2025-07-02T07:33:51,135,317.03,QUOTATION,32149af9-a4f0-4e80-a73d-490a9faef06f,3,3000
4566357481,2025-06-11T22:03:39,629,1848.08,REJECTED,0e752cfe-75ff-427d-8214-57710b509b33,1,4000
4569861104,2025-10-09T18:55:45,580,3217.81,WAITING,b020551c-5fe7-45ea-881a-6fa78332362d,5,3000
4508867893,2025-09-19T13:43:46,378,870.41,WAITING,b6bbc970-46d2-4ff4-9c52-80f378cfe8ea,1,2000
4535392198,2025-09-14T18:42:41,480,3496.29,REJECTED,4a2d279e-2495-496f-80d9-bc5a45e3b6b4,4,4000
4588583514,2025-10-09T20:02:32,204,5596.46,QUOTATION,d5b6a98e-464a-4e85-ad1c-7fd6be7df835,4,4000
4577847613,2025-09-19T09:25:06,467,9542.14,WAITING,35672019-b6d1-42b4-b906-8819b248182e,4,4000
4574132457,2025-11-04T10:42:31,143,382.08,REJECTED,15ddc72a-7103-4a88-a951-49c5aa75affd,5,1000
4521698706,2025-11-19T08:24:07,557,5743.88,APPROVED,2ab670e8-49e3-4a95-9871-d937f77b5927,2,4000
4578697839,2025-09-18T02:09:12,40,5355.81,REJECTED,cea90057-5542-4a9f-8ad8-2fa263b39b7b,3,1000
4566832636,2025-10-24T15:34:48,87,9705.4,WAITING,408c4fe5-9066-4997-8f1c-ad8daae4b1f6,4,2000
4514181641,2025-06-09T06:34:39,68,8177.03,WAITING,ba5b8587-5d45-44ac-9e4e-16cb4b3afecc,5,2000
4505337396,2025-08-24T19:50:16,211,3485.86,WAITING,ebfe58ef-0dee-41d8-859e-ae2bff66e7fc,1,3000
4505603392,2025-08-22T05:46:40,233,9032.59,REJECTED,384bae62-8ba8-4cac-b8ad-3df4e68bcafa,2,4000
4519804816,2025-09-17T15:41:24,579,2750.38,REJECTED,0b319577-4ab0-4684-b112-b27aad212cb1,2,2000
4595550735,2025-11-27T07:09:09,901,173.82,APPROVED,68681084-7b12-4fd9-9704-7da3802cb451,3,2000
4552784506,2025-11-12T14:13:55,389,3325.27,WAITING,32149af9-a4f0-4e80-a73d-490a9faef06f,2,1000
4546282527,2025-07-26T23:28:36,200,532.12,APPROVED,de541e55-b7b6-404a-8ce0-a6f1ea925750,3,3000
4503333685,2025-11-16T08:00:29,961,3926.79,APPROVED,8ca5ca23-a910-469b-aec1-73bd31d74ba2,1,4000
4520645045,2025-08-06T10:56:03,804,9382.64,APPROVED,76fa0c16-dc3a-4a9b-b914-de6a0097f3dc,3,3000
4552105231,2025-09-18T01:47:42,206,5605.27,QUOTATION,dbce3e63-1a5c-4595-a1f9-d09c3d978567,3,4000
4544944956,2025-06-08T00:06:53,134,6842.16,WAITING,84aadcf6-499b-4416-9a35-3e546eb39a5c,5,2000
4525659036,2025-09-11T04:57:48,685,5009.96,QUOTATION,3f3292d8-3056-42da-9ec5-d080c252a223,1,4000
4527077367,2025-10-20T09:48:24,344,6332.94,WAITING,f6dd041e-f994-407c-9a1b-2ee8a39b9b25,3,3000
4583365878,2025-10-03T16:08:12,895,9557.89,APPROVED,9c7454a7-b80c-4d19-b841-4c0343b75add,5,1000
4549654683,2025-07-18T19:33:38,270,1051.39,APPROVED,b577718c-a2a9-4f8a-a41c-7cac0d102aab,2,2000
4579320988,2025-10-25T13:42:28,516,3391.14,WAITING,71b893be-0a75-41a7-9a52-bcdb771cc5ec,4,4000
4536282045,2025-09-28T10:25:42,15,2919.92,WAITING,0a58bce2-1697-4c89-b568-ae280f33f982,3,4000
4560219015,2025-10-16T18:10:03,542,843.91,WAITING,6c55f239-a4f0-4edd-afe8-02d129db9eda,4,2000
4547190327,2025-06-21T13:27:12,729,7258.0,APPROVED,3c65561d-5119-4985-87e7-48965fe9f62c,4,4000
4539798310,2025-10-13T03:10:29,465,3515.44,WAITING,0439439c-8945-42c4-b079-5340d85df97c,1,2000
4585033974,2025-06-18T05:20:29,642,3669.78,APPROVED,a1ad3c2b-45ca-491c-8ef2-a64af7d19e43,1,1000
4582021497,2025-07-07T01:37:22,733,9778.14,QUOTATION,32149af9-a4f0-4e80-a73d-490a9faef06f,3,1000
4525920482,2025-09-07T12:16:13,426,9388.67,QUOTATION,9ec93c76-9578-4947-a5ca-def516b026cb,3,3000
4592916528,2025-09-10T18:27:33,200,3358.35,WAITING,3c65561d-5119-4985-87e7-48965fe9f62c,2,3000
4568326415,2025-10-09T12:21:03,492,2526.42,WAITING,fffeaf8f-4b6b-4357-a309-89f4769c36da,2,4000
4590614284,2025-07-05T03:23:48,185,4685.41,WAITING,41f3b33b-8871-42fd-90d5-1d1d9f2d5aed,4,1000
4569860361,2025-10-04T19:55:09,121,4870.66,REJECTED,daffc87a-fdb5-424e-9155-782c6cd1b731,3,3000
4514396970,2025-06-03T04:49:04,194,2753.46,QUOTATION,bcebc30c-15e5-48e2-9c32-c86d886f82a0,2,4000
4570002805,2025-11-07T22:45:52,973,5257.56,QUOTATION,0f7e95f4-4fb9-4987-a1e1-5264880e721e,2,2000
4554283216,2025-06-17T18:19:30,703,3403.45,QUOTATION,8ca5ca23-a910-469b-aec1-73bd31d74ba2,2,3000
4588430614,2025-06-24T02:18:58,749,5359.73,REJECTED,32149af9-a4f0-4e80-a73d-490a9faef06f,1,1000
4587655956,2025-08-05T14:16:18,809,144.07,QUOTATION,01bb5e4b-33d3-4db2-85a2-499f5c9e31b4,2,2000
4552190784,2025-09-22T10:55:26,120,9329.87,APPROVED,eb8e5632-45d0-47e9-bcc0-ee76bf030643,4,1000
4598925855,2025-10-22T10:48:09,729,1239.25,REJECTED,c40f8a37-9024-4fcd-80a6-7917301ba6bd,5,3000
4521771726,2025-11-20T17:25:30,893,3009.74,APPROVED,9a109dc4-7be3-4aec-94bb-ede38f79ae14,2,1000
4542374922,2025-09-05T18:08:02,983,6181.62,WAITING,15ddc72a-7103-4a88-a951-49c5aa75affd,4,3000
4555333836,2025-10-11T15:32:24,39,7283.13,APPROVED,4a5df305-6d85-4b5a-81ca-b2a776017f8f,1,3000
4507342153,2025-06-25T09:41:29,807,4038.62,APPROVED,84aadcf6-499b-4416-9a35-3e546eb39a5c,2,2000
4552630129,2025-06-16T00:06:23,439,3211.23,APPROVED,ba5b8587-5d45-44ac-9e4e-16cb4b3afecc,2,4000
4511888765,2025-06-15T11:32:23,85,3920.92,APPROVED,2c7b9d8a-6b92-4a21-a03e-024e434a203d,3,2000
4508889285,2025-06-24T13:57:44,642,6547.16,WAITING,fffeaf8f-4b6b-4357-a309-89f4769c36da,2,1000
4569502855,2025-06-20T22:16:47,375,9037.15,WAITING,9a109dc4-7be3-4aec-94bb-ede38f79ae14,4,2000
4525056768,2025-06-26T19:18:45,600,3225.48,WAITING,5257f4f1-580e-4eb3-89f9-6cae458e4509,2,3000
4556940090,2025-11-18T22:06:06,530,3934.11,APPROVED,a9da22e7-f42f-4428-9083-96395b7a7e9a,2,4000
4508248312,2025-10-16T21:10:16,630,382.36,REJECTED,834a14f7-cbd7-4220-9587-cd61c93c8253,4,1000
4515646895,2025-09-14T02:27:32,714,6969.22,REJECTED,ce1eeb99-74a8-4547-b95c-345102c07d21,1,1000
4509187768,2025-10-10T10:36:18,776,9087.82,REJECTED,ba5b8587-5d45-44ac-9e4e-16cb4b3afecc,5,4000
4506432823,2025-06-01T09:38:49,880,9409.64,APPROVED,4029508a-afa4-4faf-b175-4bb65b8a4dbb,3,4000
4518367480,2025-11-22T00:25:01,207,8218.85,WAITING,17dffc12-ac1a-44ed-ad09-3c824851c624,5,2000
4504535416,2025-07-21T09:58:16,293,846.4,APPROVED,408c4fe5-9066-4997-8f1c-ad8daae4b1f6,4,1000
4529305635,2025-10-09T02:13:37,718,2651.84,REJECTED,dbce3e63-1a5c-4595-a1f9-d09c3d978567,4,3000
4532395615,2025-11-04T08:13:58,920,8681.65,QUOTATION,e069016d-d217-4fbc-b438-1e8790b731fb,2,1000
4553286989,2025-10-19T06:49:33,483,889.15,QUOTATION,5c250769-58e7-4a67-92b8-05566aab2cd0,1,2000
4525683833,2025-07-27T23:46:02,145,4489.94,APPROVED,cf11fe2a-443a-44e9-96b0-e6b91ddfa87d,5,4000
4530457458,2025-08-06T15:57:20,137,2619.26,QUOTATION,d5b6a98e-464a-4e85-ad1c-7fd6be7df835,2,3000
4505224773,2025-09-13T14:04:18,241,168.72,QUOTATION,fcc9df1e-2761-4b55-8f60-015b21066d78,2,2000
4530076794,2025-09-04T14:01:54,381,8931.17,WAITING,00a417fb-f2b9-4bb8-90c0-0787c3f2e3c7,3,3000
4583321649,2025-11-09T03:27:58,82,1025.58,WAITING,5c250769-58e7-4a67-92b8-05566aab2cd0,4,2000
4555336425,2025-09-14T10:45:02,925,4368.84,REJECTED,a1a6e723-19c6-46fd-a584-917efe27f127,1,2000
4563725870,2025-10-14T18:21:14,109,1024.79,WAITING,da731710-48f7-4c02-8dd6-917ff4c62e3b,2,4000
4504843387,2025-09-15T16:50:00,684,6382.53,APPROVED,31ac60a6-1bc1-442c-ae10-4a420f770538,2,1000
4541406620,2025-06-25T17:46:24,986,6366.16,APPROVED,f6979cad-3c89-4280-985d-d7f07aaa8c2b,2,4000
4521130058,2025-07-23T11:35:06,243,107.33,WAITING,eb8e5632-45d0-47e9-bcc0-ee76bf030643,2,1000
4507727719,2025-07-27T12:01:35,52,2392.02,REJECTED,0a58bce2-1697-4c89-b568-ae280f33f982,4,3000
4503756144,2025-07-06T17:15:12,296,7411.42,REJECTED,c40f8a37-9024-4fcd-80a6-7917301ba6bd,1,3000
4525788032,2025-08-04T07:20:59,352,3656.98,WAITING,31ac60a6-1bc1-442c-ae10-4a420f770538,4,4000
4588562857,2025-06-21T09:55:12,650,1203.47,REJECTED,d5b6a98e-464a-4e85-ad1c-7fd6be7df835,1,3000
4535796518,2025-10-01T11:58:19,535,627.55,APPROVED,15ddc72a-7103-4a88-a951-49c5aa75affd,3,4000
4511795623,2025-10-25T14:26:44,236,2614.23,QUOTATION,a9da22e7-f42f-4428-9083-96395b7a7e9a,3,4000
4520284757,2025-08-28T22:46:42,974,6439.28,WAITING,915bda23-d2b3-4bab-9d3b-0b701beb76fa,3,4000
4583122336,2025-11-14T14:18:08,515,6824.13,WAITING,8ca5ca23-a910-469b-aec1-73bd31d74ba2,3,4000
4549136077,2025-09-28T03:27:35,841,7842.54,QUOTATION,62117371-6664-4e90-9e4c-e3939789c81a,5,3000
4524264897,2025-08-18T08:31:02,362,1164.43,APPROVED,2c7b9d8a-6b92-4a21-a03e-024e434a203d,4,1000
4597121770,2025-10-22T18:02:38,862,6935.47,WAITING,2ab670e8-49e3-4a95-9871-d937f77b5927,5,4000
4586516542,2025-09-08T16:27:11,864,7733.2,APPROVED,3341d7ea-5bed-42e4-82c2-18d0adfbcdf1,3,2000
4593689167,2025-09-06T15:33:09,865,8589.6,QUOTATION,0c328cd6-def4-4097-8b5d-ef9b4362cfd3,3,1000
4517515503,2025-08-10T23:53:04,50,1292.44,WAITING,975480d4-8c15-44ba-8c55-a9938bdaa2c4,1,3000
4550111965,2025-11-24T03:59:38,561,5038.5,REJECTED,b6bbc970-46d2-4ff4-9c52-80f378cfe8ea,1,1000
4581566650,2025-07-03T01:26:16,985,8710.12,WAITING,da731710-48f7-4c02-8dd6-917ff4c62e3b,5,3000
4510476635,2025-10-13T01:37:33,383,352.69,REJECTED,b0154cbb-c693-4062-88b9-a8acf4402b56,1,1000
4504915163,2025-06-09T11:29:43,177,5229.69,APPROVED,9a109dc4-7be3-4aec-94bb-ede38f79ae14,1,4000
4533267641,2025-06-17T01:19:38,611,6495.4,APPROVED,791660af-f0db-4fbd-a3a4-86bd38182556,2,2000
4588823289,2025-06-02T08:25:37,426,7110.87,WAITING,cea90057-5542-4a9f-8ad8-2fa263b39b7b,5,1000
4521519857,2025-07-21T12:46:36,426,4491.85,WAITING,41f3b33b-8871-42fd-90d5-1d1d9f2d5aed,4,2000
4582206357,2025-11-14T11:31:26,299,9644.88,APPROVED,0b319577-4ab0-4684-b112-b27aad212cb1,1,2000
4517645668,2025-10-28T14:45:12,627,5159.09,QUOTATION,cf11fe2a-443a-44e9-96b0-e6b91ddfa87d,2,3000
4593703266,2025-09-06T22:59:51,689,1619.86,APPROVED,611eefb3-ef38-4a2e-831a-15aff1dde8f8,2,3000
4510253900,2025-10-14T15:22:34,510,6407.38,QUOTATION,73df3d25-bcec-47a6-8d66-6b628e81ed2d,4,4000
4597046520,2025-07-21T07:28:46,583,8936.9,REJECTED,3ee51816-f540-45e6-8401-474c5df84e78,4,4000
4503031123,2025-10-27T00:18:34,794,8683.04,REJECTED,12a301b9-4c71-4181-a853-d29be7b6bd18,4,3000
4508396648,2025-08-07T10:34:32,569,3166.49,WAITING,73df3d25-bcec-47a6-8d66-6b628e81ed2d,4,3000
4515369464,2025-07-15T15:16:52,628,6086.01,REJECTED,4a2d279e-2495-496f-80d9-bc5a45e3b6b4,3,3000
4551131615,2025-09-12T02:56:29,839,6003.66,QUOTATION,ebfe58ef-0dee-41d8-859e-ae2bff66e7fc,1,4000
4542041833,2025-11-18T16:55:05,627,5227.96,QUOTATION,e069016d-d217-4fbc-b438-1e8790b731fb,5,2000
4575145473,2025-11-25T10:06:06,949,7783.82,QUOTATION,56ae9e46-c0b2-46ca-b51d-5686e00ce4a6,1,3000
4522795174,2025-07-27T17:36:52,820,2412.55,WAITING,b6bbc970-46d2-4ff4-9c52-80f378cfe8ea,3,4000
4566202624,2025-06-24T05:17:50,70,9744.58,QUOTATION,6c55f239-a4f0-4edd-afe8-02d129db9eda,2,4000
4554261349,2025-08-25T18:17:05,290,9643.47,QUOTATION,05767575-2944-4457-9aa7-06e1dae2ae25,4,2000
4586528297,2025-11-10T09:38:56,279,2067.19,APPROVED,ebfe58ef-0dee-41d8-859e-ae2bff66e7fc,3,4000
4547565560,2025-06-04T21:11:08,974,9232.61,REJECTED,62117371-6664-4e90-9e4c-e3939789c81a,4,1000
4548490036,2025-07-10T06:44:13,907,4204.4,QUOTATION,74d238f7-61d4-41c6-9d51-b05f2eddcb36,3,1000
4578629143,2025-11-22T20:41:56,772,8804.06,QUOTATION,daffc87a-fdb5-424e-9155-782c6cd1b731,5,3000
4562376728,2025-07-10T05:56:10,239,323.19,APPROVED,41f3b33b-8871-42fd-90d5-1d1d9f2d5aed,3,3000
4551781054,2025-08-02T21:46:21,891,7161.15,QUOTATION,5257f4f1-580e-4eb3-89f9-6cae458e4509,2,2000
4566544078,2025-07-06T15:39:34,256,5636.81,REJECTED,00a417fb-f2b9-4bb8-90c0-0787c3f2e3c7,3,4000
4501429217,2025-10-21T00:58:24,887,6801.63,REJECTED,2ab670e8-49e3-4a95-9871-d937f77b5927,2,4000
4519181693,2025-09-12T23:35:33,251,3267.01,REJECTED,3ee51816-f540-45e6-8401-474c5df84e78,1,1000
4572451976,2025-07-12T03:49:29,539,6208.88,WAITING,d5b6a98e-464a-4e85-ad1c-7fd6be7df835,1,3000
4550772776,2025-06-05T05:45:28,209,3098.4,WAITING,611eefb3-ef38-4a2e-831a-15aff1dde8f8,4,1000
4524769486,2025-06-15T11:30:52,456,212.28,REJECTED,aa51a37d-2867-459b-8885-b5c8b161616a,5,4000
4540995740,2025-09-27T17:49:06,348,2939.83,WAITING,74d238f7-61d4-41c6-9d51-b05f2eddcb36,4,1000
4521246343,2025-10-22T17:39:59,846,4424.81,REJECTED,fcc9df1e-2761-4b55-8f60-015b21066d78,4,4000
4549304671,2025-11-05T10:13:24,873,1708.68,QUOTATION,da731710-48f7-4c02-8dd6-917ff4c62e3b,3,3000
4529802082,2025-10-21T10:47:54,352,1809.77,APPROVED,01bb5e4b-33d3-4db2-85a2-499f5c9e31b4,4,4000
4515363967,2025-08-26T23:12:16,289,1124.61,APPROVED,e7ba4d18-37bf-472c-9d3a-7756c21a55c9,2,1000
4597754827,2025-09-18T13:54:22,440,9302.56,WAITING,62117371-6664-4e90-9e4c-e3939789c81a,4,2000
4546430173,2025-06-01T00:32:05,890,5901.63,APPROVED,ebfe58ef-0dee-41d8-859e-ae2bff66e7fc,4,1000
4527117293,2025-07-25T05:21:19,562,3789.91,APPROVED,e7ba4d18-37bf-472c-9d3a-7756c21a55c9,3,4000
4555217586,2025-07-26T00:35:13,79,3786.69,WAITING,31ac60a6-1bc1-442c-ae10-4a420f770538,1,1000
4589421083,2025-08-05T03:34:34,379,4123.96,WAITING,84aadcf6-499b-4416-9a35-3e546eb39a5c,2,2000
4556308939,2025-09-03T04:26:09,911,8276.54,QUOTATION,3ee51816-f540-45e6-8401-474c5df84e78,4,2000
4553187175,2025-10-02T07:44:09,755,4044.45,WAITING,fe53d2be-049c-47fa-871a-c4a8b1a10e40,5,2000
4530009266,2025-10-14T20:18:22,699,1542.66,WAITING,d5b6a98e-464a-4e85-ad1c-7fd6be7df835,4,3000
4555350008,2025-07-05T09:57:10,207,4549.0,QUOTATION,e7ba4d18-37bf-472c-9d3a-7756c21a55c9,5,4000
4525584382,2025-10-26T17:32:02,750,3970.56,QUOTATION,d4dbba0a-2b26-4233-9017-bb25b2e860f3,1,1000
4506124692,2025-09-12T14:43:05,716,4023.26,QUOTATION,3341d7ea-5bed-42e4-82c2-18d0adfbcdf1,1,3000
4548031795,2025-10-21T15:29:09,607,2742.66,APPROVED,b577718c-a2a9-4f8a-a41c-7cac0d102aab,1,3000
4549970360,2025-11-10T20:27:06,110,8313.54,QUOTATION,c40f8a37-9024-4fcd-80a6-7917301ba6bd,5,4000
4551591950,2025-07-16T00:32:23,126,2322.55,WAITING,ba3d4978-80db-4a12-9f06-e4c698936184,2,2000
4577914427,2025-09-01T09:00:43,573,2522.67,REJECTED,d0d94739-009d-44aa-ae3d-8c35a65083c5,5,4000
4503220408,2025-10-17T06:03:08,318,2423.07,WAITING,da731710-48f7-4c02-8dd6-917ff4c62e3b,5,2000
4586468383,2025-09-01T22:23:08,661,1235.76,REJECTED,5257f4f1-580e-4eb3-89f9-6cae458e4509,4,3000
4504823906,2025-09-24T23:33:45,804,4275.41,REJECTED,834a14f7-cbd7-4220-9587-cd61c93c8253,5,1000
4534617973,2025-11-09T17:15:49,81,9328.49,APPROVED,9a109dc4-7be3-4aec-94bb-ede38f79ae14,2,4000
4538595611,2025-07-14T12:06:53,783,3340.84,APPROVED,15ddc72a-7103-4a88-a951-49c5aa75affd,1,4000
4543334252,2025-07-20T13:15:33,151,446.93,REJECTED,3d3527a9-4ef5-45d5-83c2-4178789f9921,4,1000
4507243374,2025-06-12T10:28:28,437,4718.47,QUOTATION,cea90057-5542-4a9f-8ad8-2fa263b39b7b,2,4000
4517619125,2025-09-24T21:56:38,445,4229.73,QUOTATION,ad64acbd-9045-44ec-9111-f6b3b90cb060,5,3000
4585957947,2025-10-08T02:56:12,747,5317.47,WAITING,d0d94739-009d-44aa-ae3d-8c35a65083c5,5,1000
4573629436,2025-11-12T02:51:45,612,2514.78,QUOTATION,b020551c-5fe7-45ea-881a-6fa78332362d,1,2000
4599289169,2025-06-02T09:39:36,215,5318.77,WAITING,37bf8863-0046-49cb-a72c-f7e41661214b,3,4000
4587364109,2025-10-15T05:59:58,286,7871.55,WAITING,de541e55-b7b6-404a-8ce0-a6f1ea925750,2,1000
4595689347,2025-11-04T07:03:30,435,6207.6,WAITING,2c7b9d8a-6b92-4a21-a03e-024e434a203d,5,3000
4550233018,2025-08-24T18:05:59,722,4543.43,QUOTATION,eb8e5632-45d0-47e9-bcc0-ee76bf030643,3,3000
4531516985,2025-11-03T10:08:09,578,9300.7,APPROVED,31ac60a6-1bc1-442c-ae10-4a420f770538,3,4000
4556697112,2025-08-02T09:55:39,635,3124.57,APPROVED,ad64acbd-9045-44ec-9111-f6b3b90cb060,3,4000
4566995442,2025-09-03T16:00:21,361,5094.67,REJECTED,b020551c-5fe7-45ea-881a-6fa78332362d,1,2000
4529059612,2025-06-02T18:47:30,942,1052.9,QUOTATION,bf599d91-442c-4e09-b5ae-b9f08a417d11,5,2000
4559978323,2025-08-22T10:54:38,489,2480.37,REJECTED,d4dbba0a-2b26-4233-9017-bb25b2e860f3,3,1000
4535472676,2025-08-23T10:21:41,791,6969.33,REJECTED,8df0c99e-2745-44ae-94ee-ad79cb114fdb,4,4000
4560167256,2025-09-03T08:50:33,645,3511.62,WAITING,ea38b7e1-b488-4873-ab04-3066d219b434,3,2000
4505621114,2025-08-04T09:44:20,700,1411.57,QUOTATION,3c65561d-5119-4985-87e7-48965fe9f62c,4,2000
4504045373,2025-11-24T09:52:14,644,6563.65,APPROVED,da731710-48f7-4c02-8dd6-917ff4c62e3b,1,2000
4547889177,2025-06-03T18:02:21,929,6502.26,REJECTED,408c4fe5-9066-4997-8f1c-ad8daae4b1f6,5,1000
4592681419,2025-08-01T10:43:49,657,6909.27,REJECTED,f524f9ee-95cb-4e66-a6c1-b58f8296e7f3,2,4000
4575361187,2025-07-12T06:32:01,188,400.23,WAITING,84aadcf6-499b-4416-9a35-3e546eb39a5c,5,4000
4533609704,2025-06-22T00:07:53,947,9261.18,QUOTATION,8ca5ca23-a910-469b-aec1-73bd31d74ba2,3,3000
4564764780,2025-10-09T17:34:51,600,4350.94,REJECTED,0f7e95f4-4fb9-4987-a1e1-5264880e721e,4,3000
4547581622,2025-07-15T15:43:59,892,7501.52,QUOTATION,6c55f239-a4f0-4edd-afe8-02d129db9eda,4,3000
4510703396,2025-08-08T05:30:34,1,3512.51,APPROVED,ebfe58ef-0dee-41d8-859e-ae2bff66e7fc,4,2000
4517002651,2025-09-28T17:08:05,966,9999.8,APPROVED,15ddc72a-7103-4a88-a951-49c5aa75affd,1,3000
4572065858,2025-09-22T06:16:25,811,5471.36,APPROVED,0e752cfe-75ff-427d-8214-57710b509b33,2,3000
4548446881,2025-06-14T21:19:46,942,5144.46,QUOTATION,834a14f7-cbd7-4220-9587-cd61c93c8253,1,1000
4508438861,2025-06-18T11:14:49,630,1508.29,WAITING,51991c98-a328-457f-a862-0962b2d30ddc,4,3000
4573035286,2025-08-12T14:34:41,644,8845.17,WAITING,3341d7ea-5bed-42e4-82c2-18d0adfbcdf1,4,3000
4578109301,2025-09-01T10:15:33,870,1762.67,REJECTED,9c7454a7-b80c-4d19-b841-4c0343b75add,1,3000
4597824202,2025-08-15T12:30:47,342,4324.76,QUOTATION,9a109dc4-7be3-4aec-94bb-ede38f79ae14,3,3000
4591774937,2025-11-23T22:16:05,228,9238.37,REJECTED,e7ba4d18-37bf-472c-9d3a-7756c21a55c9,3,3000
4554035121,2025-11-07T11:03:08,797,4601.12,REJECTED,3341d7ea-5bed-42e4-82c2-18d0adfbcdf1,5,3000
4576440053,2025-08-19T12:27:43,673,9364.12,APPROVED,35672019-b6d1-42b4-b906-8819b248182e,1,3000
4508011604,2025-08-03T10:38:13,841,6135.37,WAITING,408c4fe5-9066-4997-8f1c-ad8daae4b1f6,3,4000
4598290205,2025-11-18T07:19:54,634,2772.02,APPROVED,f6dd041e-f994-407c-9a1b-2ee8a39b9b25,2,2000
4522346007,2025-08-04T21:01:30,5,3573.45,REJECTED,ba5b8587-5d45-44ac-9e4e-16cb4b3afecc,2,1000
4582500019,2025-11-17T06:19:48,743,4750.84,APPROVED,76fa0c16-dc3a-4a9b-b914-de6a0097f3dc,5,1000
4576076040,2025-06-20T16:53:54,626,2989.52,QUOTATION,15ddc72a-7103-4a88-a951-49c5aa75affd,1,3000
4523565094,2025-11-16T12:54:09,911,7723.84,APPROVED,28d388a1-0e70-41d0-a8a1-abb9e3263b7b,4,4000
4500229988,2025-06-08T11:17:09,173,2456.71,QUOTATION,2c7b9d8a-6b92-4a21-a03e-024e434a203d,2,2000
4502823636,2025-07-15T08:18:54,490,8670.12,QUOTATION,791660af-f0db-4fbd-a3a4-86bd38182556,2,3000
4555275221,2025-06-13T13:58:17,220,7522.3,WAITING,0f7e95f4-4fb9-4987-a1e1-5264880e721e,1,4000
4590703749,2025-06-23T18:31:29,805,1047.49,QUOTATION,4a2d279e-2495-496f-80d9-bc5a45e3b6b4,1,2000
4594022754,2025-10-21T10:03:59,305,6119.92,APPROVED,134244b2-90f7-4d62-8488-d71e29828266,5,2000
4532396897,2025-08-28T04:52:57,384,7384.67,WAITING,4a2d279e-2495-496f-80d9-bc5a45e3b6b4,4,4000
4569656449,2025-09-24T21:31:49,908,1779.53,REJECTED,110f8801-eea1-420d-98e6-dd439569747b,4,1000
4505361812,2025-11-18T10:35:21,773,1274.73,APPROVED,f524f9ee-95cb-4e66-a6c1-b58f8296e7f3,1,1000
4539523676,2025-11-11T17:48:19,637,327.43,REJECTED,31ac60a6-1bc1-442c-ae10-4a420f770538,4,1000
4512431932,2025-08-16T11:11:07,935,8679.43,REJECTED,84aadcf6-499b-4416-9a35-3e546eb39a5c,4,4000
4572282766,2025-09-07T13:58:40,599,1092.3,WAITING,56ae9e46-c0b2-46ca-b51d-5686e00ce4a6,4,3000
4504866118,2025-11-09T08:01:30,195,8451.16,QUOTATION,62117371-6664-4e90-9e4c-e3939789c81a,1,1000
4540884500,2025-06-18T21:02:01,780,7855.28,REJECTED,15ddc72a-7103-4a88-a951-49c5aa75affd,3,4000
4515147808,2025-10-17T08:57:57,519,8075.33,QUOTATION,3341d7ea-5bed-42e4-82c2-18d0adfbcdf1,1,2000
4572345543,2025-08-20T22:16:07,791,2744.22,REJECTED,35672019-b6d1-42b4-b906-8819b248182e,2,1000
4564757844,2025-10-05T20:35:14,970,6414.18,REJECTED,4a5df305-6d85-4b5a-81ca-b2a776017f8f,5,3000
4536898343,2025-10-21T03:17:42,332,4614.72,APPROVED,915bda23-d2b3-4bab-9d3b-0b701beb76fa,2,2000
4570063550,2025-08-15T04:41:33,36,8316.08,REJECTED,791660af-f0db-4fbd-a3a4-86bd38182556,2,2000
4572126326,2025-06-03T13:07:00,653,801.57,WAITING,fffeaf8f-4b6b-4357-a309-89f4769c36da,3,4000
4599410582,2025-07-25T11:45:45,458,9653.48,APPROVED,84aadcf6-499b-4416-9a35-3e546eb39a5c,4,2000
4593370761,2025-06-26T04:14:39,913,5061.6,WAITING,915bda23-d2b3-4bab-9d3b-0b701beb76fa,4,2000
4503819103,2025-07-22T19:15:30,745,6405.49,REJECTED,f6979cad-3c89-4280-985d-d7f07aaa8c2b,5,3000
4556378497,2025-09-18T05:36:34,131,4689.31,QUOTATION,74d238f7-61d4-41c6-9d51-b05f2eddcb36,4,3000
4549906627,2025-08-04T09:39:21,871,8332.2,WAITING,a1a6e723-19c6-46fd-a584-917efe27f127,5,2000
4594491352,2025-10-16T01:29:19,868,719.07,WAITING,cf11fe2a-443a-44e9-96b0-e6b91ddfa87d,4,1000
4567921612,2025-10-13T16:45:53,473,7517.94,WAITING,daffc87a-fdb5-424e-9155-782c6cd1b731,2,3000
4564500710,2025-09-04T00:07:08,732,4609.76,QUOTATION,77b34563-244c-46da-b014-af1a9c7fa9e4,5,3000
4589827769,2025-11-24T13:15:23,829,421.51,REJECTED,fe53d2be-049c-47fa-871a-c4a8b1a10e40,4,2000
4597030990,2025-10-01T22:00:00,904,3533.02,QUOTATION,e069016d-d217-4fbc-b438-1e8790b731fb,5,1000
4582494288,2025-08-28T21:09:09,115,458.62,WAITING,0c328cd6-def4-4097-8b5d-ef9b4362cfd3,1,2000
4597077225,2025-11-04T15:36:41,325,3940.09,QUOTATION,4a5df305-6d85-4b5a-81ca-b2a776017f8f,4,2000
4594467720,2025-08-19T19:11:19,921,5944.85,WAITING,82ebf1b0-6982-4deb-ac51-c7a6d0a68c5d,2,1000
4541893684,2025-08-17T16:33:02,132,4363.44,QUOTATION,62117371-6664-4e90-9e4c-e3939789c81a,4,3000
4521499175,2025-11-21T19:30:20,590,3879.68,APPROVED,41e46c83-90d4-4836-a022-b900a018b3fa,4,4000
4503671826,2025-06-10T16:01:55,647,7328.48,WAITING,37bf8863-0046-49cb-a72c-f7e41661214b,4,3000
4510523758,2025-10-04T00:15:44,667,2692.07,REJECTED,62117371-6664-4e90-9e4c-e3939789c81a,5,1000
4526046973,2025-08-16T10:40:33,343,5708.48,QUOTATION,ad64acbd-9045-44ec-9111-f6b3b90cb060,5,1000
4587458082,2025-09-08T16:55:45,529,2754.47,WAITING,ea38b7e1-b488-4873-ab04-3066d219b434,1,2000
4537230778,2025-10-09T12:16:06,423,8234.34,QUOTATION,3ee51816-f540-45e6-8401-474c5df84e78,2,3000
4599874452,2025-07-24T07:54:04,979,5703.51,APPROVED,a9da22e7-f42f-4428-9083-96395b7a7e9a,4,3000
4548671602,2025-09-04T10:14:36,331,147.66,WAITING,611eefb3-ef38-4a2e-831a-15aff1dde8f8,5,1000
4537940694,2025-11-13T18:17:28,614,4388.81,WAITING,68681084-7b12-4fd9-9704-7da3802cb451,2,4000
4532716491,2025-08-10T20:58:19,154,1470.04,APPROVED,ad64acbd-9045-44ec-9111-f6b3b90cb060,3,4000
4555778860,2025-07-01T10:43:43,299,5365.18,APPROVED,eb8e5632-45d0-47e9-bcc0-ee76bf030643,3,4000
4528869015,2025-06-04T08:33:45,269,5546.59,WAITING,2c6e3cb9-21cb-4de6-ae38-f117a3cbdfe2,4,3000
4553554306,2025-07-06T08:04:00,52,7829.57,WAITING,e7ba4d18-37bf-472c-9d3a-7756c21a55c9,4,1000
4573174135,2025-06-28T12:47:37,127,6111.59,APPROVED,76fa0c16-dc3a-4a9b-b914-de6a0097f3dc,5,4000
4556638089,2025-09-13T08:57:14,263,5390.94,APPROVED,62117371-6664-4e90-9e4c-e3939789c81a,4,2000
4578124909,2025-09-03T02:18:59,541,2956.69,REJECTED,17dffc12-ac1a-44ed-ad09-3c824851c624,4,1000
4550673894,2025-09-15T16:11:57,535,1505.34,APPROVED,da731710-48f7-4c02-8dd6-917ff4c62e3b,5,3000
4531457022,2025-08-28T16:18:40,827,5143.49,QUOTATION,834a14f7-cbd7-4220-9587-cd61c93c8253,1,3000
4546360319,2025-11-08T00:16:32,736,788.86,APPROVED,28d388a1-0e70-41d0-a8a1-abb9e3263b7b,3,1000
4598478265,2025-06-27T13:32:25,104,7468.72,REJECTED,3341d7ea-5bed-42e4-82c2-18d0adfbcdf1,2,2000
4522652607,2025-07-10T15:43:53,928,8427.97,WAITING,975480d4-8c15-44ba-8c55-a9938bdaa2c4,2,4000
4511017217,2025-10-14T06:57:54,296,1322.34,APPROVED,cea90057-5542-4a9f-8ad8-2fa263b39b7b,1,4000
4569570710,2025-09-23T08:32:21,417,8687.85,REJECTED,56ae9e46-c0b2-46ca-b51d-5686e00ce4a6,1,1000
4547149115,2025-09-09T13:13:37,107,7772.61,WAITING,b0154cbb-c693-4062-88b9-a8acf4402b56,4,1000
4579770547,2025-08-26T06:23:24,479,4778.3,QUOTATION,28d388a1-0e70-41d0-a8a1-abb9e3263b7b,1,3000
4512293899,2025-09-09T11:05:22,469,9616.14,APPROVED,ba5b8587-5d45-44ac-9e4e-16cb4b3afecc,2,3000
4509206722,2025-11-18T03:26:47,518,966.46,REJECTED,41e46c83-90d4-4836-a022-b900a018b3fa,2,1000
4536150214,2025-06-25T01:26:51,924,8425.37,REJECTED,134244b2-90f7-4d62-8488-d71e29828266,4,3000
4531190944,2025-09-17T15:05:54,907,5208.42,QUOTATION,0439439c-8945-42c4-b079-5340d85df97c,2,1000
4575221179,2025-07-28T09:27:42,972,877.58,WAITING,915bda23-d2b3-4bab-9d3b-0b701beb76fa,5,3000
4543382729,2025-07-03T04:42:23,542,5055.19,WAITING,834a14f7-cbd7-4220-9587-cd61c93c8253,3,1000
4528567254,2025-11-25T19:53:01,307,3978.16,APPROVED,82ebf1b0-6982-4deb-ac51-c7a6d0a68c5d,3,1000
4537582417,2025-07-24T02:04:08,413,4002.66,WAITING,b6bbc970-46d2-4ff4-9c52-80f378cfe8ea,5,4000
4503806745,2025-06-12T02:56:46,398,7577.38,APPROVED,b577718c-a2a9-4f8a-a41c-7cac0d102aab,2,2000
4545643099,2025-06-23T21:17:09,724,4244.6,WAITING,651e8d5b-8636-4635-a934-6f9427d506b8,1,4000
4528380208,2025-08-03T08:16:33,247,7581.32,APPROVED,84aadcf6-499b-4416-9a35-3e546eb39a5c,3,2000
4541169317,2025-11-25T13:22:48,493,4293.42,WAITING,31ac60a6-1bc1-442c-ae10-4a420f770538,4,1000
4513229470,2025-11-06T20:17:05,375,2033.48,REJECTED,3f3292d8-3056-42da-9ec5-d080c252a223,3,4000
4533696836,2025-11-03T03:45:11,968,9652.0,APPROVED,74d238f7-61d4-41c6-9d51-b05f2eddcb36,1,1000
4536242798,2025-11-06T04:45:18,450,3497.79,APPROVED,e7ba4d18-37bf-472c-9d3a-7756c21a55c9,3,4000
4567817957,2025-07-22T19:41:19,592,868.55,REJECTED,2cf52c48-a37c-4244-a030-3fe16c443ecd,5,4000
4506320553,2025-08-17T04:40:05,722,9179.23,QUOTATION,2ab670e8-49e3-4a95-9871-d937f77b5927,5,3000
4533949888,2025-08-09T15:27:02,456,7574.21,QUOTATION,fcc9df1e-2761-4b55-8f60-015b21066d78,2,4000
4538977940,2025-08-06T00:32:40,861,5311.65,REJECTED,b6bbc970-46d2-4ff4-9c52-80f378cfe8ea,1,1000
4527706777,2025-06-27T09:25:27,199,231.81,APPROVED,110f8801-eea1-420d-98e6-dd439569747b,5,3000
4581104416,2025-06-23T10:39:03,175,1742.41,REJECTED,834a14f7-cbd7-4220-9587-cd61c93c8253,3,4000
4504316552,2025-09-04T13:54:40,412,4939.95,WAITING,3f3292d8-3056-42da-9ec5-d080c252a223,1,2000
4563342054,2025-11-16T21:13:21,315,1904.72,REJECTED,5257f4f1-580e-4eb3-89f9-6cae458e4509,3,3000
4592271379,2025-07-02T12:57:26,870,3761.24,REJECTED,8ca5ca23-a910-469b-aec1-73bd31d74ba2,2,1000
4595180933,2025-06-07T21:06:34,179,2783.82,APPROVED,ba3d4978-80db-4a12-9f06-e4c698936184,1,3000
4551424273,2025-11-28T07:09:14,863,787.7,APPROVED,28d388a1-0e70-41d0-a8a1-abb9e3263b7b,5,4000
4565208674,2025-07-03T06:56:58,16,7749.8,APPROVED,15ddc72a-7103-4a88-a951-49c5aa75affd,2,3000
4537459962,2025-08-06T04:41:44,228,3256.61,QUOTATION,ba5b8587-5d45-44ac-9e4e-16cb4b3afecc,5,4000
4546015337,2025-09-11T22:36:33,148,7145.76,QUOTATION,00a417fb-f2b9-4bb8-90c0-0787c3f2e3c7,1,2000
4541773354,2025-10-13T22:01:46,958,445.49,APPROVED,77b34563-244c-46da-b014-af1a9c7fa9e4,2,3000
4530963739,2025-09-13T15:41:21,303,6638.7,REJECTED,9c7454a7-b80c-4d19-b841-4c0343b75add,3,3000
4579736159,2025-09-05T19:14:39,229,1313.15,APPROVED,9c7454a7-b80c-4d19-b841-4c0343b75add,2,4000
4577339344,2025-09-19T16:15:04,230,4373.26,QUOTATION,daffc87a-fdb5-424e-9155-782c6cd1b731,3,4000
4592314407,2025-09-06T03:54:58,866,2339.33,APPROVED,41f3b33b-8871-42fd-90d5-1d1d9f2d5aed,5,1000
4560844788,2025-10-21T18:08:03,989,5818.63,APPROVED,f524f9ee-95cb-4e66-a6c1-b58f8296e7f3,1,4000
4516867566,2025-06-04T20:23:13,756,5301.63,APPROVED,4a2d279e-2495-496f-80d9-bc5a45e3b6b4,3,3000
4560162937,2025-08-03T01:35:28,763,5499.52,WAITING,ebfe58ef-0dee-41d8-859e-ae2bff66e7fc,3,3000
4546384475,2025-08-17T02:45:46,856,9929.0,REJECTED,110f8801-eea1-420d-98e6-dd439569747b,5,3000
4582669730,2025-11-20T09:44:15,724,2321.76,QUOTATION,daffc87a-fdb5-424e-9155-782c6cd1b731,3,3000
4521762715,2025-08-10T21:05:06,330,387.21,APPROVED,b577718c-a2a9-4f8a-a41c-7cac0d102aab,4,1000
4590339605,2025-10-26T18:11:04,170,5645.59,APPROVED,cea90057-5542-4a9f-8ad8-2fa263b39b7b,3,2000
4545219764,2025-10-11T23:25:55,924,7657.41,APPROVED,4029508a-afa4-4faf-b175-4bb65b8a4dbb,3,1000
4560536844,2025-11-25T02:20:58,327,6997.91,APPROVED,e069016d-d217-4fbc-b438-1e8790b731fb,5,2000
4549259777,2025-11-19T20:19:46,977,8611.96,REJECTED,35672019-b6d1-42b4-b906-8819b248182e,5,4000
4548601572,2025-08-03T05:30:39,563,3002.08,REJECTED,71b893be-0a75-41a7-9a52-bcdb771cc5ec,4,4000
4560742782,2025-06-11T18:03:34,496,3626.5,APPROVED,b0154cbb-c693-4062-88b9-a8acf4402b56,3,4000
4578848625,2025-08-04T03:42:21,305,8329.61,WAITING,3d3527a9-4ef5-45d5-83c2-4178789f9921,4,1000
4516250995,2025-09-21T02:56:02,397,3679.19,APPROVED,5c250769-58e7-4a67-92b8-05566aab2cd0,2,2000
4564921830,2025-10-03T17:27:25,498,6055.41,APPROVED,9567383e-1921-4683-803b-509faa2bc9d5,2,4000
4562301214,2025-11-13T17:18:50,964,5789.9,REJECTED,a1ad3c2b-45ca-491c-8ef2-a64af7d19e43,3,2000
4582200518,2025-06-10T06:14:37,335,5681.75,APPROVED,d4dbba0a-2b26-4233-9017-bb25b2e860f3,4,3000
4542032755,2025-09-19T10:47:03,792,5318.88,WAITING,12a301b9-4c71-4181-a853-d29be7b6bd18,2,4000
4573323561,2025-10-26T06:34:04,397,4818.67,WAITING,134244b2-90f7-4d62-8488-d71e29828266,4,3000
4556763044,2025-10-08T06:24:32,337,3942.01,REJECTED,4029508a-afa4-4faf-b175-4bb65b8a4dbb,5,2000
4503629807,2025-10-15T14:52:46,694,3851.23,WAITING,9fc109ea-2585-4c23-9329-2ccda2d964eb,1,1000
4593999600,2025-08-04T18:33:49,164,5789.01,APPROVED,01bb5e4b-33d3-4db2-85a2-499f5c9e31b4,1,3000
4557649182,2025-11-08T16:16:06,677,5833.13,WAITING,32149af9-a4f0-4e80-a73d-490a9faef06f,5,2000
4508850743,2025-08-28T06:56:00,816,1006.27,APPROVED,41f3b33b-8871-42fd-90d5-1d1d9f2d5aed,1,2000
4506088651,2025-10-02T02:29:17,899,301.48,REJECTED,73df3d25-bcec-47a6-8d66-6b628e81ed2d,4,4000
4592364818,2025-09-15T19:04:20,190,4909.74,REJECTED,3c65561d-5119-4985-87e7-48965fe9f62c,1,2000
4565619737,2025-10-16T14:05:12,367,8328.41,APPROVED,12a301b9-4c71-4181-a853-d29be7b6bd18,4,4000
4540512661,2025-08-23T01:41:23,12,5390.33,WAITING,e069016d-d217-4fbc-b438-1e8790b731fb,3,3000
4551160784,2025-09-04T09:47:49,507,8566.11,WAITING,9567383e-1921-4683-803b-509faa2bc9d5,1,4000
4518668040,2025-06-11T17:56:49,882,8455.98,QUOTATION,791660af-f0db-4fbd-a3a4-86bd38182556,5,1000
4593492737,2025-07-06T09:10:47,865,4669.28,WAITING,68681084-7b12-4fd9-9704-7da3802cb451,2,4000
4529502380,2025-10-20T07:52:37,198,7421.95,REJECTED,0c328cd6-def4-4097-8b5d-ef9b4362cfd3,4,1000
4573835537,2025-11-23T15:06:07,828,8938.79,QUOTATION,ba3d4978-80db-4a12-9f06-e4c698936184,5,4000
4505220996,2025-10-19T13:33:17,968,1247.28,WAITING,d4dbba0a-2b26-4233-9017-bb25b2e860f3,4,1000
4514605009,2025-07-14T04:47:12,738,7786.46,REJECTED,0f7e95f4-4fb9-4987-a1e1-5264880e721e,1,2000
4573836665,2025-06-11T21:38:55,581,4213.12,QUOTATION,0e752cfe-75ff-427d-8214-57710b509b33,4,4000
4577339476,2025-07-02T12:43:47,276,3197.01,APPROVED,82ebf1b0-6982-4deb-ac51-c7a6d0a68c5d,5,4000
4556834249,2025-06-02T06:37:51,548,1028.98,WAITING,74d238f7-61d4-41c6-9d51-b05f2eddcb36,1,1000
4505328895,2025-10-12T03:14:38,901,9466.75,WAITING,41f3b33b-8871-42fd-90d5-1d1d9f2d5aed,2,4000
4552810215,2025-10-21T15:42:58,468,6899.71,WAITING,ce1eeb99-74a8-4547-b95c-345102c07d21,3,4000
4596740555,2025-07-14T17:10:18,138,966.4,WAITING,d7da1df8-a4af-4efe-a657-570c6d350470,1,2000
4544479016,2025-10-24T03:07:47,615,800.09,WAITING,384bae62-8ba8-4cac-b8ad-3df4e68bcafa,5,3000
4520906647,2025-10-10T20:09:43,945,3827.15,WAITING,32149af9-a4f0-4e80-a73d-490a9faef06f,4,1000
4561929239,2025-08-17T13:02:32,482,9812.15,REJECTED,a1a6e723-19c6-46fd-a584-917efe27f127,2,2000
4585860274,2025-10-19T22:44:04,273,2453.25,WAITING,9ec93c76-9578-4947-a5ca-def516b026cb,4,1000
4531734084,2025-09-01T13:10:07,890,5231.73,REJECTED,12a301b9-4c71-4181-a853-d29be7b6bd18,5,2000
4525450611,2025-08-03T22:22:29,773,9995.64,REJECTED,ebfe58ef-0dee-41d8-859e-ae2bff66e7fc,5,1000
4565294723,2025-10-07T23:27:07,365,3838.74,WAITING,6cc3c3b9-23fa-4969-8791-af89dedc62c9,3,3000
4512873031,2025-07-06T23:58:32,25,2193.0,QUOTATION,8ca5ca23-a910-469b-aec1-73bd31d74ba2,4,1000
4531464523,2025-10-17T15:46:11,682,6174.35,WAITING,77b34563-244c-46da-b014-af1a9c7fa9e4,5,2000
4597854075,2025-10-19T11:01:39,360,3640.63,REJECTED,8ca5ca23-a910-469b-aec1-73bd31d74ba2,3,3000
4596205153,2025-09-17T08:42:50,806,1770.3,APPROVED,0a58bce2-1697-4c89-b568-ae280f33f982,4,1000
4526010177,2025-10-28T08:22:32,608,2647.41,APPROVED,3c65561d-5119-4985-87e7-48965fe9f62c,1,4000
4548595780,2025-06-21T17:54:44,620,1183.75,APPROVED,73df3d25-bcec-47a6-8d66-6b628e81ed2d,3,1000
4506499643,2025-08-14T07:08:59,698,3347.47,QUOTATION,68681084-7b12-4fd9-9704-7da3802cb451,4,1000
4505178702,2025-09-11T08:21:20,853,5291.46,QUOTATION,ce1eeb99-74a8-4547-b95c-345102c07d21,5,4000
4522104955,2025-07-16T05:42:46,619,3808.51,QUOTATION,a1a6e723-19c6-46fd-a584-917efe27f127,2,3000
4515786635,2025-07-18T01:41:18,83,3449.45,APPROVED,6c55f239-a4f0-4edd-afe8-02d129db9eda,2,1000
4580866986,2025-11-21T20:43:48,318,9397.66,QUOTATION,d0d94739-009d-44aa-ae3d-8c35a65083c5,5,2000
4539769008,2025-08-10T10:04:31,224,1948.77,REJECTED,9c7454a7-b80c-4d19-b841-4c0343b75add,4,3000
4509055515,2025-07-02T15:24:02,82,6582.11,APPROVED,ea38b7e1-b488-4873-ab04-3066d219b434,4,1000
4527963160,2025-09-17T04:54:28,424,4993.3,WAITING,9ec93c76-9578-4947-a5ca-def516b026cb,1,4000
4596246095,2025-09-13T22:26:37,319,5043.19,WAITING,3c65561d-5119-4985-87e7-48965fe9f62c,4,2000
4582256728,2025-07-07T03:14:40,445,7830.77,REJECTED,d7da1df8-a4af-4efe-a657-570c6d350470,5,2000
4512213666,2025-11-16T20:12:22,580,3046.05,WAITING,3f3292d8-3056-42da-9ec5-d080c252a223,4,1000
4577797421,2025-07-02T01:47:24,356,6810.42,QUOTATION,daffc87a-fdb5-424e-9155-782c6cd1b731,4,2000
4516326244,2025-10-09T20:25:46,72,1258.21,APPROVED,51991c98-a328-457f-a862-0962b2d30ddc,1,3000
4550714638,2025-07-25T05:06:38,503,4789.49,WAITING,8df0c99e-2745-44ae-94ee-ad79cb114fdb,1,1000
4517853722,2025-08-10T21:52:15,344,8849.44,APPROVED,bf599d91-442c-4e09-b5ae-b9f08a417d11,3,4000
4599746470,2025-11-06T05:35:47,24,7599.16,REJECTED,611eefb3-ef38-4a2e-831a-15aff1dde8f8,1,1000
4590224008,2025-11-25T05:16:20,856,1216.69,QUOTATION,2cf52c48-a37c-4244-a030-3fe16c443ecd,4,1000
4570389714,2025-06-11T23:28:17,926,7284.47,REJECTED,8df0c99e-2745-44ae-94ee-ad79cb114fdb,3,2000
4541598541,2025-08-13T02:20:37,898,4270.87,QUOTATION,4029508a-afa4-4faf-b175-4bb65b8a4dbb,4,3000
4566071745,2025-10-25T05:41:45,639,2734.61,APPROVED,84aadcf6-499b-4416-9a35-3e546eb39a5c,1,2000
4513736920,2025-07-23T17:17:17,804,7124.85,APPROVED,dbce3e63-1a5c-4595-a1f9-d09c3d978567,3,4000
4540332057,2025-08-20T17:17:03,926,554.51,QUOTATION,b020551c-5fe7-45ea-881a-6fa78332362d,5,2000
4588337981,2025-09-10T01:01:16,925,6190.23,REJECTED,fcc9df1e-2761-4b55-8f60-015b21066d78,5,3000
4548649779,2025-10-27T01:20:17,989,3525.66,REJECTED,8df0c99e-2745-44ae-94ee-ad79cb114fdb,4,3000
4564354520,2025-07-17T11:19:52,994,9996.85,WAITING,a4926703-442b-4179-808a-04de7d4e1015,5,3000
4525181973,2025-10-10T02:39:43,531,8938.74,WAITING,00a417fb-f2b9-4bb8-90c0-0787c3f2e3c7,1,4000
4531828663,2025-09-06T17:24:48,518,9399.03,APPROVED,01bb5e4b-33d3-4db2-85a2-499f5c9e31b4,1,4000
4533260102,2025-06-05T05:32:51,68,1536.53,WAITING,da731710-48f7-4c02-8dd6-917ff4c62e3b,3,4000
4528860768,2025-09-13T13:19:13,615,5030.39,WAITING,5c250769-58e7-4a67-92b8-05566aab2cd0,1,3000
4536778925,2025-08-25T07:03:17,887,9375.0,QUOTATION,76fa0c16-dc3a-4a9b-b914-de6a0097f3dc,5,1000
4545668308,2025-09-01T08:21:32,658,9734.07,WAITING,ba3d4978-80db-4a12-9f06-e4c698936184,4,3000
4526856468,2025-07-03T00:33:19,601,6040.1,QUOTATION,41f3b33b-8871-42fd-90d5-1d1d9f2d5aed,5,3000
4523768501,2025-06-17T14:04:24,468,3082.08,REJECTED,f6979cad-3c89-4280-985d-d7f07aaa8c2b,5,3000
4599577926,2025-09-14T02:21:23,962,3929.91,REJECTED,31ac60a6-1bc1-442c-ae10-4a420f770538,1,1000
4533771104,2025-10-20T16:51:15,941,6573.59,APPROVED,eb8e5632-45d0-47e9-bcc0-ee76bf030643,3,4000
4560456891,2025-11-16T06:46:38,326,6894.84,REJECTED,3341d7ea-5bed-42e4-82c2-18d0adfbcdf1,5,1000
4544633752,2025-11-27T01:42:38,37,5956.61,QUOTATION,3d3527a9-4ef5-45d5-83c2-4178789f9921,3,4000
4527813546,2025-06-18T02:14:02,978,5856.3,REJECTED,da731710-48f7-4c02-8dd6-917ff4c62e3b,2,3000
4508390869,2025-09-04T01:47:59,316,2225.21,APPROVED,ba3d4978-80db-4a12-9f06-e4c698936184,1,3000
4592479681,2025-09-03T08:31:53,410,1991.77,REJECTED,4029508a-afa4-4faf-b175-4bb65b8a4dbb,3,2000
4523357398,2025-11-16T06:06:26,705,4622.67,APPROVED,01bb5e4b-33d3-4db2-85a2-499f5c9e31b4,3,3000
4529735058,2025-08-11T07:30:41,341,5598.02,QUOTATION,6c55f239-a4f0-4edd-afe8-02d129db9eda,1,1000
4545246739,2025-06-14T02:09:16,862,540.85,QUOTATION,f524f9ee-95cb-4e66-a6c1-b58f8296e7f3,4,2000
4549585669,2025-11-01T06:01:46,690,6114.66,REJECTED,dbce3e63-1a5c-4595-a1f9-d09c3d978567,5,2000
4545079892,2025-06-23T07:46:48,832,6543.77,REJECTED,a9da22e7-f42f-4428-9083-96395b7a7e9a,5,4000
4537421293,2025-09-09T21:31:30,45,7512.45,REJECTED,76fa0c16-dc3a-4a9b-b914-de6a0097f3dc,5,4000
4537280715,2025-11-25T19:29:36,620,7079.05,WAITING,0f7e95f4-4fb9-4987-a1e1-5264880e721e,1,4000
4541837033,2025-06-13T19:58:43,857,8490.93,REJECTED,ba3d4978-80db-4a12-9f06-e4c698936184,2,1000
4574109292,2025-09-07T15:27:21,221,3592.81,QUOTATION,daffc87a-fdb5-424e-9155-782c6cd1b731,2,2000
4564877623,2025-09-04T14:32:02,267,1739.66,WAITING,fcc9df1e-2761-4b55-8f60-015b21066d78,5,3000
4515228773,2025-09-20T15:43:25,368,4129.59,QUOTATION,2c7b9d8a-6b92-4a21-a03e-024e434a203d,2,4000
4541333407,2025-11-20T02:05:16,618,5500.67,REJECTED,62117371-6664-4e90-9e4c-e3939789c81a,3,1000
4501446182,2025-06-20T17:58:44,77,7155.35,APPROVED,6cc3c3b9-23fa-4969-8791-af89dedc62c9,5,3000
4582020407,2025-11-27T10:01:18,343,2831.39,REJECTED,eb8e5632-45d0-47e9-bcc0-ee76bf030643,2,2000
4527355830,2025-06-27T19:14:02,814,3392.51,APPROVED,2ab670e8-49e3-4a95-9871-d937f77b5927,5,2000
4584451939,2025-07-16T05:31:59,896,7357.18,REJECTED,76fa0c16-dc3a-4a9b-b914-de6a0097f3dc,4,1000
4508486288,2025-11-18T09:15:00,296,6695.36,APPROVED,4a5df305-6d85-4b5a-81ca-b2a776017f8f,1,4000
4523376671,2025-10-02T03:59:06,417,4364.94,WAITING,f6979cad-3c89-4280-985d-d7f07aaa8c2b,1,1000
4562137542,2025-07-11T15:47:58,845,8088.91,WAITING,dbce3e63-1a5c-4595-a1f9-d09c3d978567,1,2000
4543400491,2025-09-17T05:26:45,289,3585.21,REJECTED,5257f4f1-580e-4eb3-89f9-6cae458e4509,3,4000
4503781908,2025-06-11T10:36:58,738,7704.13,WAITING,56ae9e46-c0b2-46ca-b51d-5686e00ce4a6,4,3000
4514354819,2025-10-23T18:20:25,606,181.17,QUOTATION,408c4fe5-9066-4997-8f1c-ad8daae4b1f6,5,1000
4597587566,2025-11-25T11:08:04,544,1955.72,QUOTATION,611eefb3-ef38-4a2e-831a-15aff1dde8f8,4,4000
4563004406,2025-07-27T12:55:38,972,1355.85,REJECTED,fffeaf8f-4b6b-4357-a309-89f4769c36da,5,4000
4539711944,2025-06-19T09:42:05,280,6723.95,WAITING,a4926703-442b-4179-808a-04de7d4e1015,5,4000
4525705588,2025-11-21T15:25:28,897,1918.72,QUOTATION,975480d4-8c15-44ba-8c55-a9938bdaa2c4,3,3000
4562032401,2025-11-12T06:10:35,392,4437.27,REJECTED,ce1eeb99-74a8-4547-b95c-345102c07d21,2,1000
4577171425,2025-08-18T15:40:00,778,8264.77,REJECTED,c40f8a37-9024-4fcd-80a6-7917301ba6bd,2,4000
4549849557,2025-07-26T16:37:40,134,5765.97,WAITING,3341d7ea-5bed-42e4-82c2-18d0adfbcdf1,3,3000
4536895112,2025-09-11T07:10:14,195,3240.46,WAITING,00a417fb-f2b9-4bb8-90c0-0787c3f2e3c7,4,1000
4529747090,2025-08-18T12:15:40,941,2820.68,REJECTED,3f3292d8-3056-42da-9ec5-d080c252a223,1,2000
4504710535,2025-07-14T05:40:44,406,5809.1,QUOTATION,fe53d2be-049c-47fa-871a-c4a8b1a10e40,3,1000
4593340180,2025-10-02T23:07:41,991,764.98,APPROVED,76fa0c16-dc3a-4a9b-b914-de6a0097f3dc,5,3000
4527016802,2025-10-24T10:43:23,796,3460.09,WAITING,71b893be-0a75-41a7-9a52-bcdb771cc5ec,4,1000
4556385734,2025-09-21T19:34:53,363,6047.57,WAITING,35672019-b6d1-42b4-b906-8819b248182e,1,2000
4501636548,2025-11-08T17:25:19,720,3896.06,WAITING,0f7e95f4-4fb9-4987-a1e1-5264880e721e,2,3000
4554110617,2025-10-14T15:01:31,967,7775.16,WAITING,9fc109ea-2585-4c23-9329-2ccda2d964eb,3,2000
4592497344,2025-10-12T11:32:16,60,3873.74,APPROVED,01bb5e4b-33d3-4db2-85a2-499f5c9e31b4,5,4000
4548873738,2025-07-09T22:39:18,59,4130.49,QUOTATION,b020551c-5fe7-45ea-881a-6fa78332362d,1,2000
4553599602,2025-10-11T07:10:03,616,1188.91,QUOTATION,b577718c-a2a9-4f8a-a41c-7cac0d102aab,4,4000
4539655584,2025-08-12T14:38:35,319,6147.12,QUOTATION,73df3d25-bcec-47a6-8d66-6b628e81ed2d,1,2000
4517011762,2025-10-08T11:53:03,804,8603.89,WAITING,fcc9df1e-2761-4b55-8f60-015b21066d78,4,4000
4571716293,2025-07-08T03:20:44,533,8238.54,REJECTED,01bb5e4b-33d3-4db2-85a2-499f5c9e31b4,5,3000
4541403326,2025-10-08T15:25:17,300,5829.69,APPROVED,408c4fe5-9066-4997-8f1c-ad8daae4b1f6,3,1000
4540173371,2025-10-02T10:01:36,750,5063.88,QUOTATION,56ae9e46-c0b2-46ca-b51d-5686e00ce4a6,1,1000
4558206113,2025-06-26T23:02:25,58,4867.21,WAITING,aa51a37d-2867-459b-8885-b5c8b161616a,1,1000
4586887617,2025-09-07T08:34:16,769,6376.95,QUOTATION,9c7454a7-b80c-4d19-b841-4c0343b75add,2,1000
4502286820,2025-08-04T13:53:12,876,7187.73,WAITING,ba3d4978-80db-4a12-9f06-e4c698936184,2,4000
4578120844,2025-09-20T13:19:11,744,3793.6,REJECTED,2ab670e8-49e3-4a95-9871-d937f77b5927,5,4000
4585061615,2025-07-06T11:33:33,280,1963.56,APPROVED,b020551c-5fe7-45ea-881a-6fa78332362d,5,2000
4544092851,2025-06-21T09:26:52,951,915.36,APPROVED,41e46c83-90d4-4836-a022-b900a018b3fa,5,2000
4546374689,2025-10-17T07:14:49,417,6799.8,REJECTED,ea38b7e1-b488-4873-ab04-3066d219b434,2,2000
4564459700,2025-08-13T18:22:47,629,6753.66,QUOTATION,e069016d-d217-4fbc-b438-1e8790b731fb,2,3000
4573129036,2025-07-20T11:58:55,613,576.66,APPROVED,2cf52c48-a37c-4244-a030-3fe16c443ecd,3,4000
4510544672,2025-10-03T15:47:47,643,1378.6,APPROVED,fe53d2be-049c-47fa-871a-c4a8b1a10e40,4,2000
4532212620,2025-10-16T20:51:01,624,8316.52,WAITING,4a2d279e-2495-496f-80d9-bc5a45e3b6b4,3,4000
4539351312,2025-10-11T03:04:23,32,3315.52,APPROVED,28d388a1-0e70-41d0-a8a1-abb9e3263b7b,4,1000
4575187745,2025-11-22T16:57:53,46,6459.03,APPROVED,00a417fb-f2b9-4bb8-90c0-0787c3f2e3c7,2,1000
4519345013,2025-09-28T15:06:13,735,3885.5,WAITING,73df3d25-bcec-47a6-8d66-6b628e81ed2d,2,1000
4581545626,2025-06-24T04:01:10,390,898.38,APPROVED,d4dbba0a-2b26-4233-9017-bb25b2e860f3,5,2000
4512564687,2025-11-23T19:33:52,217,9363.52,REJECTED,d7da1df8-a4af-4efe-a657-570c6d350470,5,2000
4597448601,2025-08-17T12:32:02,309,5299.28,REJECTED,aa51a37d-2867-459b-8885-b5c8b161616a,3,4000
4590209712,2025-10-26T11:18:21,907,3113.17,QUOTATION,35672019-b6d1-42b4-b906-8819b248182e,2,3000
4506053355,2025-07-13T13:00:17,169,6539.5,WAITING,b6bbc970-46d2-4ff4-9c52-80f378cfe8ea,1,3000
4500346336,2025-07-13T14:41:42,202,553.61,QUOTATION,b0154cbb-c693-4062-88b9-a8acf4402b56,1,4000
4531638148,2025-08-03T19:09:37,217,6016.95,APPROVED,77b34563-244c-46da-b014-af1a9c7fa9e4,2,1000
4529435072,2025-11-25T02:41:46,928,1435.36,QUOTATION,9ec93c76-9578-4947-a5ca-def516b026cb,5,1000
4567598415,2025-08-21T14:51:09,646,9675.56,REJECTED,ce1eeb99-74a8-4547-b95c-345102c07d21,2,1000
4572427264,2025-06-04T15:34:59,142,5676.02,QUOTATION,5c250769-58e7-4a67-92b8-05566aab2cd0,1,2000
4539916016,2025-10-20T21:26:36,128,2444.7,QUOTATION,ebfe58ef-0dee-41d8-859e-ae2bff66e7fc,1,1000
4532826600,2025-09-16T02:18:35,166,2543.81,REJECTED,f524f9ee-95cb-4e66-a6c1-b58f8296e7f3,2,1000
4578121219,2025-11-22T00:44:24,882,2302.33,REJECTED,0f7e95f4-4fb9-4987-a1e1-5264880e721e,3,2000
4503757430,2025-06-06T05:06:51,163,5937.85,WAITING,ebfe58ef-0dee-41d8-859e-ae2bff66e7fc,5,2000
4546625157,2025-11-24T23:53:52,643,7075.3,REJECTED,2c7b9d8a-6b92-4a21-a03e-024e434a203d,3,3000
4588831277,2025-10-20T19:08:21,731,3669.65,WAITING,17dffc12-ac1a-44ed-ad09-3c824851c624,3,2000
4599525912,2025-09-05T10:34:47,866,146.57,APPROVED,f6dd041e-f994-407c-9a1b-2ee8a39b9b25,4,4000
4556910838,2025-08-07T08:02:48,863,3119.93,APPROVED,6cc3c3b9-23fa-4969-8791-af89dedc62c9,2,3000
4548088026,2025-10-07T14:08:37,625,5506.15,APPROVED,bcebc30c-15e5-48e2-9c32-c86d886f82a0,4,1000
4559329551,2025-06-02T05:20:08,889,469.25,WAITING,110f8801-eea1-420d-98e6-dd439569747b,3,1000
4532388977,2025-08-06T13:23:04,784,3783.55,APPROVED,ebfe58ef-0dee-41d8-859e-ae2bff66e7fc,2,4000
4515749799,2025-08-02T16:27:22,566,8068.35,APPROVED,0f7e95f4-4fb9-4987-a1e1-5264880e721e,2,2000
4541141477,2025-06-09T20:33:44,63,4005.21,QUOTATION,bf599d91-442c-4e09-b5ae-b9f08a417d11,3,1000
4528974844,2025-08-16T04:16:22,479,72.6,WAITING,f6dd041e-f994-407c-9a1b-2ee8a39b9b25,1,2000
4535403198,2025-10-09T08:30:21,341,1759.85,REJECTED,0c328cd6-def4-4097-8b5d-ef9b4362cfd3,3,2000
4538515990,2025-07-28T09:20:15,230,508.89,QUOTATION,73df3d25-bcec-47a6-8d66-6b628e81ed2d,4,3000
4580259156,2025-08-27T17:41:39,587,6009.64,APPROVED,9c7454a7-b80c-4d19-b841-4c0343b75add,5,1000
4515280532,2025-10-14T16:41:51,711,5301.67,APPROVED,f524f9ee-95cb-4e66-a6c1-b58f8296e7f3,4,2000
4514532896,2025-09-07T22:29:07,169,666.08,REJECTED,bf599d91-442c-4e09-b5ae-b9f08a417d11,1,2000
4501953186,2025-11-05T15:25:29,790,2455.2,WAITING,fe53d2be-049c-47fa-871a-c4a8b1a10e40,2,1000
4542546364,2025-08-24T17:44:26,823,5837.21,APPROVED,51991c98-a328-457f-a862-0962b2d30ddc,5,4000
4586105589,2025-09-08T10:53:10,257,20.1,REJECTED,4a5df305-6d85-4b5a-81ca-b2a776017f8f,1,2000
4552451680,2025-09-27T18:22:07,977,5452.12,WAITING,0e752cfe-75ff-427d-8214-57710b509b33,4,2000
4531686802,2025-09-24T22:00:44,52,5419.81,REJECTED,384bae62-8ba8-4cac-b8ad-3df4e68bcafa,1,4000
4502549600,2025-10-23T12:10:49,372,8628.41,QUOTATION,ba5b8587-5d45-44ac-9e4e-16cb4b3afecc,2,4000
4577400074,2025-06-07T16:21:21,369,9731.14,QUOTATION,9fc109ea-2585-4c23-9329-2ccda2d964eb,2,3000
4557825951,2025-08-27T10:31:08,15,7060.66,QUOTATION,0c328cd6-def4-4097-8b5d-ef9b4362cfd3,5,3000
4592715661,2025-08-15T14:20:35,94,492.64,QUOTATION,32149af9-a4f0-4e80-a73d-490a9faef06f,5,2000
4599015480,2025-10-15T06:30:58,406,1357.76,APPROVED,e069016d-d217-4fbc-b438-1e8790b731fb,4,1000
4579749109,2025-09-07T18:04:09,502,4304.04,WAITING,4a2d279e-2495-496f-80d9-bc5a45e3b6b4,3,1000
4529659435,2025-06-21T10:24:16,126,3392.89,WAITING,8df0c99e-2745-44ae-94ee-ad79cb114fdb,3,1000
4508443288,2025-09-11T12:37:16,226,5087.94,WAITING,32149af9-a4f0-4e80-a73d-490a9faef06f,3,1000
4550338088,2025-10-26T22:08:06,960,5087.84,QUOTATION,3c65561d-5119-4985-87e7-48965fe9f62c,3,3000
4563936212,2025-11-27T22:55:46,947,4542.15,REJECTED,31ac60a6-1bc1-442c-ae10-4a420f770538,2,1000
4589891576,2025-10-14T01:44:35,775,5974.11,APPROVED,e069016d-d217-4fbc-b438-1e8790b731fb,2,3000
4580834747,2025-06-19T22:45:18,286,8401.03,APPROVED,28d388a1-0e70-41d0-a8a1-abb9e3263b7b,5,3000
4565643131,2025-11-06T22:17:07,484,9341.49,WAITING,00a417fb-f2b9-4bb8-90c0-0787c3f2e3c7,5,4000
4554640735,2025-08-05T04:59:14,151,128.67,REJECTED,cea90057-5542-4a9f-8ad8-2fa263b39b7b,3,2000
4526475150,2025-11-17T00:08:03,430,8915.34,APPROVED,0439439c-8945-42c4-b079-5340d85df97c,5,3000
4577087604,2025-11-04T11:00:49,717,4532.47,REJECTED,f6979cad-3c89-4280-985d-d7f07aaa8c2b,3,3000
4594540919,2025-10-01T19:53:20,625,6999.85,QUOTATION,17dffc12-ac1a-44ed-ad09-3c824851c624,5,1000
4511966590,2025-11-08T00:17:56,270,1603.53,REJECTED,611eefb3-ef38-4a2e-831a-15aff1dde8f8,1,1000
4502558736,2025-07-07T04:03:32,481,9927.6,REJECTED,d5b6a98e-464a-4e85-ad1c-7fd6be7df835,2,1000
4577247134,2025-09-23T14:51:08,215,4253.14,QUOTATION,9ec93c76-9578-4947-a5ca-def516b026cb,1,3000
4576255814,2025-10-25T09:25:51,197,8595.84,QUOTATION,01bb5e4b-33d3-4db2-85a2-499f5c9e31b4,3,3000
4594560145,2025-07-11T09:59:48,841,5956.72,REJECTED,73df3d25-bcec-47a6-8d66-6b628e81ed2d,2,4000
4550175957,2025-10-08T18:12:27,326,639.34,REJECTED,d0d94739-009d-44aa-ae3d-8c35a65083c5,5,2000
4586279657,2025-09-08T20:39:03,181,2398.91,WAITING,4029508a-afa4-4faf-b175-4bb65b8a4dbb,2,1000
4572975276,2025-07-16T04:48:06,980,340.75,QUOTATION,f6dd041e-f994-407c-9a1b-2ee8a39b9b25,1,2000
4553850805,2025-11-21T03:48:51,161,4468.45,APPROVED,384bae62-8ba8-4cac-b8ad-3df4e68bcafa,3,1000
4565892849,2025-09-21T15:05:26,964,3354.7,APPROVED,975480d4-8c15-44ba-8c55-a9938bdaa2c4,4,2000
4556998551,2025-08-24T13:04:46,204,9428.97,QUOTATION,2c6e3cb9-21cb-4de6-ae38-f117a3cbdfe2,4,3000
4541461498,2025-07-10T23:12:21,308,6492.51,APPROVED,9fc109ea-2585-4c23-9329-2ccda2d964eb,3,4000
4591345644,2025-11-16T09:40:20,496,9463.37,APPROVED,3341d7ea-5bed-42e4-82c2-18d0adfbcdf1,1,4000
4509396266,2025-07-06T04:54:08,622,4510.09,REJECTED,15ddc72a-7103-4a88-a951-49c5aa75affd,1,4000
4508098452,2025-10-03T22:36:28,137,7984.24,REJECTED,8ca5ca23-a910-469b-aec1-73bd31d74ba2,2,1000
4541294631,2025-10-10T08:50:02,191,6894.68,APPROVED,b577718c-a2a9-4f8a-a41c-7cac0d102aab,2,4000
4522851061,2025-09-24T23:21:33,150,1571.83,APPROVED,384bae62-8ba8-4cac-b8ad-3df4e68bcafa,2,2000
4538384612,2025-11-03T23:52:03,102,6333.84,QUOTATION,bf599d91-442c-4e09-b5ae-b9f08a417d11,1,3000
4513902480,2025-07-28T05:37:53,589,6056.21,QUOTATION,9a109dc4-7be3-4aec-94bb-ede38f79ae14,5,1000
4576077769,2025-08-02T01:21:38,608,946.11,APPROVED,5257f4f1-580e-4eb3-89f9-6cae458e4509,2,2000
4585151081,2025-09-27T12:34:03,569,5493.36,APPROVED,da731710-48f7-4c02-8dd6-917ff4c62e3b,2,1000
4587332038,2025-07-27T06:45:08,366,376.89,QUOTATION,41f3b33b-8871-42fd-90d5-1d1d9f2d5aed,3,1000
4541755212,2025-09-07T06:18:20,273,8824.05,WAITING,0e752cfe-75ff-427d-8214-57710b509b33,3,4000
4572079564,2025-06-26T02:56:27,352,1372.76,QUOTATION,2c6e3cb9-21cb-4de6-ae38-f117a3cbdfe2,1,3000
4586613162,2025-06-13T09:46:27,688,5466.75,QUOTATION,b0154cbb-c693-4062-88b9-a8acf4402b56,4,1000
4543979231,2025-07-06T07:21:48,436,5716.46,QUOTATION,62117371-6664-4e90-9e4c-e3939789c81a,2,3000
4582386380,2025-06-04T08:50:29,651,4683.92,QUOTATION,3341d7ea-5bed-42e4-82c2-18d0adfbcdf1,3,1000
4515653953,2025-06-13T16:17:18,208,3729.63,APPROVED,fe53d2be-049c-47fa-871a-c4a8b1a10e40,3,1000
4593537869,2025-10-20T10:41:28,794,5868.67,REJECTED,651e8d5b-8636-4635-a934-6f9427d506b8,2,4000
4518342479,2025-06-21T03:10:24,448,1101.91,QUOTATION,975480d4-8c15-44ba-8c55-a9938bdaa2c4,4,4000
4520381822,2025-10-16T06:13:08,597,3970.62,QUOTATION,ce1eeb99-74a8-4547-b95c-345102c07d21,4,4000
4589342032,2025-08-26T14:02:07,136,4175.38,REJECTED,b0154cbb-c693-4062-88b9-a8acf4402b56,1,3000
4508472623,2025-06-10T06:42:43,775,1267.7,QUOTATION,15ddc72a-7103-4a88-a951-49c5aa75affd,2,1000
4585298341,2025-11-16T23:30:48,35,6448.46,APPROVED,dbce3e63-1a5c-4595-a1f9-d09c3d978567,4,1000
4509859614,2025-07-18T18:57:57,469,5689.63,REJECTED,01bb5e4b-33d3-4db2-85a2-499f5c9e31b4,1,1000
4508156813,2025-08-08T15:05:08,465,496.73,APPROVED,aa51a37d-2867-459b-8885-b5c8b161616a,3,2000
4552644160,2025-10-05T08:14:00,701,8789.52,REJECTED,975480d4-8c15-44ba-8c55-a9938bdaa2c4,5,2000
4506117709,2025-09-01T20:36:16,916,5928.27,WAITING,3c65561d-5119-4985-87e7-48965fe9f62c,1,2000
4563691526,2025-10-18T16:19:27,819,8749.99,WAITING,fffeaf8f-4b6b-4357-a309-89f4769c36da,1,1000
4568796839,2025-10-05T20:50:24,234,6123.42,REJECTED,c40f8a37-9024-4fcd-80a6-7917301ba6bd,2,3000
4561444342,2025-07-04T02:59:59,838,7509.82,WAITING,ce1eeb99-74a8-4547-b95c-345102c07d21,5,4000
4578757708,2025-06-07T21:02:16,742,5435.07,REJECTED,f524f9ee-95cb-4e66-a6c1-b58f8296e7f3,2,1000
4586677688,2025-06-25T03:39:13,849,3456.98,REJECTED,2c6e3cb9-21cb-4de6-ae38-f117a3cbdfe2,3,1000
4521764349,2025-06-13T23:36:04,91,411.05,WAITING,76fa0c16-dc3a-4a9b-b914-de6a0097f3dc,1,3000
4522251354,2025-11-28T18:43:58,181,4107.55,WAITING,76fa0c16-dc3a-4a9b-b914-de6a0097f3dc,2,1000
4516599278,2025-10-12T17:41:37,911,4530.18,APPROVED,ebfe58ef-0dee-41d8-859e-ae2bff66e7fc,3,4000
4560852435,2025-07-05T22:07:59,501,1560.09,QUOTATION,b6bbc970-46d2-4ff4-9c52-80f378cfe8ea,4,4000
4579771831,2025-07-04T07:40:31,553,7965.59,QUOTATION,01bb5e4b-33d3-4db2-85a2-499f5c9e31b4,2,2000
4507736946,2025-10-13T22:26:44,589,8767.85,REJECTED,b0154cbb-c693-4062-88b9-a8acf4402b56,3,2000
4523351159,2025-11-14T06:03:46,928,3918.11,WAITING,2cf52c48-a37c-4244-a030-3fe16c443ecd,5,1000
4561218558,2025-11-09T07:24:40,390,6292.0,WAITING,84aadcf6-499b-4416-9a35-3e546eb39a5c,3,2000
4549589203,2025-09-14T18:46:41,125,8861.77,WAITING,0a58bce2-1697-4c89-b568-ae280f33f982,1,1000
4511800235,2025-10-25T04:01:51,216,7510.51,QUOTATION,6c55f239-a4f0-4edd-afe8-02d129db9eda,1,4000
4577190041,2025-09-08T17:20:35,407,625.04,QUOTATION,bf599d91-442c-4e09-b5ae-b9f08a417d11,2,4000
4517323879,2025-08-08T11:05:24,815,4990.54,WAITING,0b319577-4ab0-4684-b112-b27aad212cb1,3,1000
4513004869,2025-08-12T15:59:35,975,7998.25,APPROVED,17dffc12-ac1a-44ed-ad09-3c824851c624,3,3000
4553424924,2025-07-19T01:12:16,978,3491.62,WAITING,134244b2-90f7-4d62-8488-d71e29828266,2,2000
4590880528,2025-06-21T04:11:39,902,784.75,WAITING,f6979cad-3c89-4280-985d-d7f07aaa8c2b,1,4000
4536293195,2025-06-27T21:48:41,545,3522.04,REJECTED,3ee51816-f540-45e6-8401-474c5df84e78,4,3000
4562393278,2025-09-01T22:24:07,566,6796.87,WAITING,8ca5ca23-a910-469b-aec1-73bd31d74ba2,3,1000
4515404330,2025-07-18T19:57:50,745,8618.8,APPROVED,a1ad3c2b-45ca-491c-8ef2-a64af7d19e43,1,2000
4559690348,2025-07-09T17:10:57,266,9017.81,WAITING,975480d4-8c15-44ba-8c55-a9938bdaa2c4,3,1000
4596936651,2025-07-20T16:55:49,602,1633.16,APPROVED,77b34563-244c-46da-b014-af1a9c7fa9e4,1,3000
4504082882,2025-11-14T20:02:56,48,277.12,APPROVED,2cf52c48-a37c-4244-a030-3fe16c443ecd,1,3000
4515934394,2025-10-12T20:29:59,417,4389.26,WAITING,4a5df305-6d85-4b5a-81ca-b2a776017f8f,2,3000
4549903587,2025-09-22T14:52:31,146,733.19,REJECTED,15ddc72a-7103-4a88-a951-49c5aa75affd,4,1000
4563743069,2025-09-21T05:05:44,864,4573.76,WAITING,9ec93c76-9578-4947-a5ca-def516b026cb,3,1000
4578962100,2025-07-27T06:01:28,266,1950.84,WAITING,4a2d279e-2495-496f-80d9-bc5a45e3b6b4,4,2000
4519075529,2025-11-14T16:48:12,711,7648.21,APPROVED,daffc87a-fdb5-424e-9155-782c6cd1b731,3,4000
4508143319,2025-06-01T18:45:02,285,8082.43,REJECTED,00a417fb-f2b9-4bb8-90c0-0787c3f2e3c7,4,1000
4569806851,2025-08-18T02:22:58,702,6379.77,WAITING,a9da22e7-f42f-4428-9083-96395b7a7e9a,2,4000
4577165480,2025-07-07T07:39:31,116,7210.53,QUOTATION,d5b6a98e-464a-4e85-ad1c-7fd6be7df835,2,2000
4561698574,2025-10-10T13:04:08,63,2064.04,REJECTED,d0d94739-009d-44aa-ae3d-8c35a65083c5,1,3000
4595207864,2025-08-16T02:13:54,119,6908.37,WAITING,37bf8863-0046-49cb-a72c-f7e41661214b,5,4000
4594103078,2025-11-19T06:28:09,951,5369.84,APPROVED,62117371-6664-4e90-9e4c-e3939789c81a,4,4000
4576112178,2025-08-27T23:11:00,223,8528.24,QUOTATION,134244b2-90f7-4d62-8488-d71e29828266,2,1000
4531658100,2025-06-10T10:36:42,909,3088.11,REJECTED,b577718c-a2a9-4f8a-a41c-7cac0d102aab,4,4000
4534388130,2025-11-27T18:21:59,843,2378.91,APPROVED,3ee51816-f540-45e6-8401-474c5df84e78,3,2000
4512950691,2025-11-01T08:56:25,83,5874.24,WAITING,9fc109ea-2585-4c23-9329-2ccda2d964eb,3,3000
4532790831,2025-10-11T16:36:08,538,3816.71,APPROVED,01bb5e4b-33d3-4db2-85a2-499f5c9e31b4,5,2000
4580949877,2025-08-14T16:33:13,116,6921.55,REJECTED,9c7454a7-b80c-4d19-b841-4c0343b75add,5,1000
4571052163,2025-11-27T01:10:59,285,8781.05,WAITING,fffeaf8f-4b6b-4357-a309-89f4769c36da,5,1000
4561712532,2025-09-25T01:30:22,383,9903.15,REJECTED,31ac60a6-1bc1-442c-ae10-4a420f770538,2,1000
4557197708,2025-10-12T03:07:06,181,2088.46,QUOTATION,2c6e3cb9-21cb-4de6-ae38-f117a3cbdfe2,5,1000
4530266209,2025-09-15T15:27:41,131,8391.83,APPROVED,9c7454a7-b80c-4d19-b841-4c0343b75add,3,1000
4514455424,2025-06-14T01:48:56,766,2608.4,REJECTED,ce1eeb99-74a8-4547-b95c-345102c07d21,2,3000
4570616621,2025-09-08T16:34:42,745,2014.23,REJECTED,3d3527a9-4ef5-45d5-83c2-4178789f9921,1,2000
4503794180,2025-09-21T20:29:27,884,3512.86,REJECTED,37bf8863-0046-49cb-a72c-f7e41661214b,3,3000
4523216502,2025-07-02T22:34:52,150,9989.74,REJECTED,e7ba4d18-37bf-472c-9d3a-7756c21a55c9,2,3000
4559377621,2025-07-18T05:02:32,846,2954.03,QUOTATION,56ae9e46-c0b2-46ca-b51d-5686e00ce4a6,3,2000
4545692735,2025-07-21T07:58:57,197,771.43,WAITING,3ee51816-f540-45e6-8401-474c5df84e78,5,2000
4578431366,2025-10-05T13:14:24,218,537.09,REJECTED,651e8d5b-8636-4635-a934-6f9427d506b8,2,3000
4515689112,2025-11-09T13:49:36,45,2572.26,QUOTATION,3c65561d-5119-4985-87e7-48965fe9f62c,5,4000
4566834801,2025-07-01T21:55:28,943,7901.14,QUOTATION,4a5df305-6d85-4b5a-81ca-b2a776017f8f,4,2000
4545281501,2025-07-02T21:23:46,488,9735.38,WAITING,975480d4-8c15-44ba-8c55-a9938bdaa2c4,5,1000
4513323668,2025-08-27T16:48:44,601,2941.29,WAITING,3d3527a9-4ef5-45d5-83c2-4178789f9921,1,1000
4524943335,2025-10-05T07:15:42,762,7758.45,WAITING,ea38b7e1-b488-4873-ab04-3066d219b434,3,3000
4507335492,2025-07-08T20:27:24,715,2507.56,REJECTED,37bf8863-0046-49cb-a72c-f7e41661214b,4,4000
4519589082,2025-09-09T21:49:26,328,935.82,APPROVED,37bf8863-0046-49cb-a72c-f7e41661214b,5,4000
4546035548,2025-11-24T20:38:18,619,8995.46,REJECTED,0b319577-4ab0-4684-b112-b27aad212cb1,4,4000
4596492456,2025-07-21T22:10:50,22,4509.97,REJECTED,28d388a1-0e70-41d0-a8a1-abb9e3263b7b,1,1000
4507692501,2025-09-22T01:41:15,220,5815.42,QUOTATION,41f3b33b-8871-42fd-90d5-1d1d9f2d5aed,2,4000
4528910974,2025-06-28T21:51:04,79,8509.11,WAITING,ce1eeb99-74a8-4547-b95c-345102c07d21,3,2000
4570187950,2025-07-18T10:41:34,750,5029.46,APPROVED,d0d94739-009d-44aa-ae3d-8c35a65083c5,1,2000
4572300281,2025-08-10T21:04:08,380,5480.22,REJECTED,9fc109ea-2585-4c23-9329-2ccda2d964eb,5,4000
4511449448,2025-09-14T19:07:57,994,4215.88,APPROVED,17dffc12-ac1a-44ed-ad09-3c824851c624,2,3000
4546078559,2025-09-08T11:46:07,43,697.36,QUOTATION,ea38b7e1-b488-4873-ab04-3066d219b434,3,4000
4553321248,2025-11-20T14:49:00,200,1696.58,REJECTED,73df3d25-bcec-47a6-8d66-6b628e81ed2d,2,3000
4541934850,2025-07-06T03:43:55,933,2138.61,WAITING,dbce3e63-1a5c-4595-a1f9-d09c3d978567,5,4000
4574548132,2025-09-06T15:15:43,677,6056.18,APPROVED,a4926703-442b-4179-808a-04de7d4e1015,5,3000
4535806559,2025-06-08T03:34:41,174,1724.24,APPROVED,0a58bce2-1697-4c89-b568-ae280f33f982,5,2000
4514030480,2025-10-06T05:14:36,982,3701.07,WAITING,384bae62-8ba8-4cac-b8ad-3df4e68bcafa,5,4000
4545668438,2025-06-02T17:43:15,326,7791.23,QUOTATION,2c6e3cb9-21cb-4de6-ae38-f117a3cbdfe2,1,1000
4519332850,2025-08-26T01:20:11,733,1290.35,QUOTATION,b6bbc970-46d2-4ff4-9c52-80f378cfe8ea,2,4000
4538204266,2025-06-16T08:05:38,803,5662.27,APPROVED,2cf52c48-a37c-4244-a030-3fe16c443ecd,4,3000
4557543523,2025-11-07T09:55:26,259,7053.87,WAITING,b577718c-a2a9-4f8a-a41c-7cac0d102aab,5,3000
4566013718,2025-10-24T05:19:50,628,4458.92,WAITING,ad64acbd-9045-44ec-9111-f6b3b90cb060,2,4000
4573893451,2025-11-14T14:40:07,225,4860.42,QUOTATION,e069016d-d217-4fbc-b438-1e8790b731fb,4,4000
4582209652,2025-09-05T21:55:45,910,6552.7,WAITING,9ec93c76-9578-4947-a5ca-def516b026cb,4,3000
4554058941,2025-10-09T19:03:39,723,770.67,APPROVED,68681084-7b12-4fd9-9704-7da3802cb451,3,1000
4592801746,2025-09-04T14:40:32,776,9220.75,WAITING,b6bbc970-46d2-4ff4-9c52-80f378cfe8ea,3,4000
4538980255,2025-08-20T12:26:14,937,8171.91,WAITING,5257f4f1-580e-4eb3-89f9-6cae458e4509,1,1000
4546819489,2025-08-18T22:16:31,397,8120.6,WAITING,28d388a1-0e70-41d0-a8a1-abb9e3263b7b,1,4000
4598245665,2025-07-04T14:06:01,846,4644.1,APPROVED,3d3527a9-4ef5-45d5-83c2-4178789f9921,1,2000
4599741480,2025-08-14T08:07:56,114,7522.61,QUOTATION,ba5b8587-5d45-44ac-9e4e-16cb4b3afecc,3,4000
4564564568,2025-11-14T00:42:30,611,1830.66,QUOTATION,37bf8863-0046-49cb-a72c-f7e41661214b,4,1000
4595343937,2025-08-19T09:39:06,679,695.75,WAITING,01bb5e4b-33d3-4db2-85a2-499f5c9e31b4,1,2000
4526757638,2025-07-13T20:25:46,649,2129.04,QUOTATION,0a58bce2-1697-4c89-b568-ae280f33f982,4,2000
4537363959,2025-10-08T19:27:55,203,4960.47,QUOTATION,84aadcf6-499b-4416-9a35-3e546eb39a5c,4,2000
4502926225,2025-08-02T12:49:41,51,9343.77,WAITING,15ddc72a-7103-4a88-a951-49c5aa75affd,2,1000
4581870169,2025-10-17T01:33:26,624,8870.44,QUOTATION,62117371-6664-4e90-9e4c-e3939789c81a,2,3000
4567280277,2025-09-17T11:26:29,852,9438.24,QUOTATION,ad64acbd-9045-44ec-9111-f6b3b90cb060,4,2000
4534796255,2025-06-03T17:57:35,560,7350.53,REJECTED,17dffc12-ac1a-44ed-ad09-3c824851c624,1,2000
4589170641,2025-06-28T06:06:04,144,424.61,REJECTED,0b319577-4ab0-4684-b112-b27aad212cb1,2,4000
4516617123,2025-07-01T08:08:16,246,1934.95,REJECTED,e069016d-d217-4fbc-b438-1e8790b731fb,2,2000
4508465357,2025-06-22T22:11:23,178,8876.03,REJECTED,b020551c-5fe7-45ea-881a-6fa78332362d,2,2000
4592684440,2025-10-23T00:52:03,472,4461.88,APPROVED,3ee51816-f540-45e6-8401-474c5df84e78,5,2000
4587049423,2025-06-23T00:05:27,973,4852.8,WAITING,3d3527a9-4ef5-45d5-83c2-4178789f9921,5,2000
4538832289,2025-11-06T20:02:03,788,9056.81,WAITING,e069016d-d217-4fbc-b438-1e8790b731fb,3,3000
4571122160,2025-07-17T12:57:48,162,2302.77,APPROVED,4029508a-afa4-4faf-b175-4bb65b8a4dbb,3,2000
4578888015,2025-08-25T04:27:34,305,4929.38,WAITING,cea90057-5542-4a9f-8ad8-2fa263b39b7b,4,4000
4564043669,2025-06-17T19:40:50,75,9287.1,QUOTATION,ad64acbd-9045-44ec-9111-f6b3b90cb060,1,3000
4578857966,2025-10-26T06:12:21,730,9059.86,APPROVED,b6bbc970-46d2-4ff4-9c52-80f378cfe8ea,3,3000
4553062606,2025-07-16T18:47:20,517,264.9,REJECTED,a4926703-442b-4179-808a-04de7d4e1015,1,4000
4563074457,2025-11-03T07:04:53,577,7099.05,REJECTED,41f3b33b-8871-42fd-90d5-1d1d9f2d5aed,5,4000
4576099532,2025-08-11T01:02:23,425,9773.23,REJECTED,82ebf1b0-6982-4deb-ac51-c7a6d0a68c5d,2,1000
4541887617,2025-10-26T13:53:08,212,9108.39,WAITING,a9da22e7-f42f-4428-9083-96395b7a7e9a,3,4000
4532045174,2025-06-04T16:23:56,323,2818.95,REJECTED,4029508a-afa4-4faf-b175-4bb65b8a4dbb,2,2000
4505176433,2025-08-10T16:06:56,611,7773.11,REJECTED,71b893be-0a75-41a7-9a52-bcdb771cc5ec,5,1000
4538413370,2025-11-18T17:52:12,874,1367.69,WAITING,110f8801-eea1-420d-98e6-dd439569747b,1,3000
4518565166,2025-10-06T11:32:59,533,8049.03,WAITING,aa51a37d-2867-459b-8885-b5c8b161616a,2,3000
4584818464,2025-10-05T13:36:28,363,7127.07,WAITING,cea90057-5542-4a9f-8ad8-2fa263b39b7b,1,1000
4541565220,2025-11-28T07:53:14,97,703.97,WAITING,28d388a1-0e70-41d0-a8a1-abb9e3263b7b,1,1000
4571082012,2025-07-18T23:33:12,924,9372.67,WAITING,611eefb3-ef38-4a2e-831a-15aff1dde8f8,4,1000
4581736155,2025-10-20T16:39:29,816,9567.52,QUOTATION,32149af9-a4f0-4e80-a73d-490a9faef06f,1,4000
4552259452,2025-06-26T20:56:25,631,2741.8,QUOTATION,51991c98-a328-457f-a862-0962b2d30ddc,2,4000
4586472890,2025-06-09T02:51:14,309,2856.95,WAITING,0e752cfe-75ff-427d-8214-57710b509b33,5,2000
4598620834,2025-10-27T00:55:36,751,1175.81,APPROVED,68681084-7b12-4fd9-9704-7da3802cb451,1,2000
4582000812,2025-09-02T22:41:36,197,4640.23,QUOTATION,6c55f239-a4f0-4edd-afe8-02d129db9eda,2,4000
4582862592,2025-11-28T13:46:03,434,537.91,WAITING,0a58bce2-1697-4c89-b568-ae280f33f982,1,4000
4594346391,2025-11-14T04:07:52,835,4386.8,APPROVED,00a417fb-f2b9-4bb8-90c0-0787c3f2e3c7,1,4000
4572109263,2025-08-14T14:45:05,753,8604.18,QUOTATION,dbce3e63-1a5c-4595-a1f9-d09c3d978567,5,2000
4524018145,2025-08-07T05:05:44,985,5228.58,WAITING,9ec93c76-9578-4947-a5ca-def516b026cb,5,4000
4549267874,2025-08-12T23:17:49,502,8345.46,APPROVED,37bf8863-0046-49cb-a72c-f7e41661214b,1,4000
4535216679,2025-09-08T15:36:38,226,6820.77,QUOTATION,d7da1df8-a4af-4efe-a657-570c6d350470,2,2000
4563150383,2025-07-21T08:16:03,892,3184.62,WAITING,8ca5ca23-a910-469b-aec1-73bd31d74ba2,1,2000
4539868747,2025-09-28T10:33:58,727,4137.38,WAITING,a1ad3c2b-45ca-491c-8ef2-a64af7d19e43,5,2000
4570960889,2025-10-19T11:43:19,868,4415.15,REJECTED,b0154cbb-c693-4062-88b9-a8acf4402b56,5,1000
4575507998,2025-06-04T09:49:08,842,8361.36,APPROVED,15ddc72a-7103-4a88-a951-49c5aa75affd,1,1000
4526848427,2025-07-20T21:22:50,224,7041.61,QUOTATION,5257f4f1-580e-4eb3-89f9-6cae458e4509,5,2000
4562953467,2025-11-10T03:57:51,583,2657.56,WAITING,6cc3c3b9-23fa-4969-8791-af89dedc62c9,5,2000
4580715421,2025-09-05T04:45:26,238,8254.58,APPROVED,408c4fe5-9066-4997-8f1c-ad8daae4b1f6,3,2000
4573876852,2025-07-07T22:18:32,98,9100.26,APPROVED,d0d94739-009d-44aa-ae3d-8c35a65083c5,2,4000
4531935490,2025-11-05T16:16:51,36,354.15,WAITING,bf599d91-442c-4e09-b5ae-b9f08a417d11,1,3000
4516883951,2025-08-22T14:06:41,75,9535.21,QUOTATION,fe53d2be-049c-47fa-871a-c4a8b1a10e40,1,2000
4545739737,2025-06-04T04:45:33,173,8623.59,QUOTATION,dbce3e63-1a5c-4595-a1f9-d09c3d978567,5,4000
4573567471,2025-08-04T10:42:32,57,6527.55,REJECTED,611eefb3-ef38-4a2e-831a-15aff1dde8f8,1,4000
4518761939,2025-07-20T03:18:04,528,1842.53,APPROVED,0439439c-8945-42c4-b079-5340d85df97c,2,3000
4574725439,2025-11-05T18:58:27,883,5999.55,APPROVED,cf11fe2a-443a-44e9-96b0-e6b91ddfa87d,1,4000
4571788784,2025-06-13T17:07:08,358,8190.66,QUOTATION,134244b2-90f7-4d62-8488-d71e29828266,2,2000
4540886559,2025-10-11T13:59:05,311,8211.7,APPROVED,9fc109ea-2585-4c23-9329-2ccda2d964eb,3,3000
4581456076,2025-09-18T11:44:19,110,2115.54,WAITING,d5b6a98e-464a-4e85-ad1c-7fd6be7df835,5,2000
4538688440,2025-09-28T08:49:15,214,5297.79,QUOTATION,37bf8863-0046-49cb-a72c-f7e41661214b,2,3000
4535883437,2025-10-12T09:37:19,654,8694.27,QUOTATION,daffc87a-fdb5-424e-9155-782c6cd1b731,1,1000
4596840207,2025-07-02T06:00:08,98,9444.36,WAITING,834a14f7-cbd7-4220-9587-cd61c93c8253,4,3000
4568953204,2025-07-12T00:23:54,338,5281.21,APPROVED,3341d7ea-5bed-42e4-82c2-18d0adfbcdf1,3,3000
4567827337,2025-10-08T14:04:18,120,4950.14,REJECTED,12a301b9-4c71-4181-a853-d29be7b6bd18,1,2000
4555713540,2025-08-18T16:53:25,548,4549.48,APPROVED,6c55f239-a4f0-4edd-afe8-02d129db9eda,2,3000
4546780010,2025-09-05T10:07:51,214,681.14,REJECTED,9c7454a7-b80c-4d19-b841-4c0343b75add,1,2000
4536184781,2025-10-21T10:30:04,245,9943.24,REJECTED,b020551c-5fe7-45ea-881a-6fa78332362d,3,4000
4580839591,2025-09-24T05:36:21,689,6583.03,APPROVED,c40f8a37-9024-4fcd-80a6-7917301ba6bd,5,4000
4519157102,2025-07-13T11:17:01,641,5170.91,QUOTATION,834a14f7-cbd7-4220-9587-cd61c93c8253,1,1000
4523630897,2025-10-13T19:44:39,931,7408.35,QUOTATION,ad64acbd-9045-44ec-9111-f6b3b90cb060,2,2000
4503401765,2025-08-02T14:36:14,283,8169.26,REJECTED,00a417fb-f2b9-4bb8-90c0-0787c3f2e3c7,4,1000
4529053752,2025-10-12T10:29:19,85,7921.43,QUOTATION,8ca5ca23-a910-469b-aec1-73bd31d74ba2,1,2000
4570969418,2025-06-28T22:08:09,246,5523.22,QUOTATION,de541e55-b7b6-404a-8ce0-a6f1ea925750,2,4000
4578247408,2025-06-01T14:54:52,596,7513.46,REJECTED,71b893be-0a75-41a7-9a52-bcdb771cc5ec,3,4000
4549503094,2025-10-06T19:42:19,994,5170.01,WAITING,71b893be-0a75-41a7-9a52-bcdb771cc5ec,3,1000
4517247094,2025-07-13T00:13:13,38,1044.07,REJECTED,975480d4-8c15-44ba-8c55-a9938bdaa2c4,4,1000
4525131257,2025-07-25T15:24:05,298,7668.94,REJECTED,28d388a1-0e70-41d0-a8a1-abb9e3263b7b,4,4000
4503401488,2025-09-10T19:38:25,359,8578.57,WAITING,384bae62-8ba8-4cac-b8ad-3df4e68bcafa,1,3000
4561641515,2025-10-22T17:25:06,374,6028.84,WAITING,b6bbc970-46d2-4ff4-9c52-80f378cfe8ea,5,3000
4581632669,2025-07-19T18:33:15,885,7135.65,REJECTED,17dffc12-ac1a-44ed-ad09-3c824851c624,1,4000
4514960489,2025-09-11T20:25:32,326,696.35,WAITING,ba3d4978-80db-4a12-9f06-e4c698936184,1,3000
4576234366,2025-07-19T14:23:58,985,5308.6,QUOTATION,bf599d91-442c-4e09-b5ae-b9f08a417d11,1,4000
4528248163,2025-07-04T23:16:33,44,8422.9,QUOTATION,0c328cd6-def4-4097-8b5d-ef9b4362cfd3,4,4000
4575778563,2025-09-13T19:37:39,448,4985.99,APPROVED,2c6e3cb9-21cb-4de6-ae38-f117a3cbdfe2,2,1000
4509986997,2025-10-15T01:54:50,139,3646.77,WAITING,ebfe58ef-0dee-41d8-859e-ae2bff66e7fc,4,1000
4546170656,2025-07-24T04:48:48,846,319.74,APPROVED,fffeaf8f-4b6b-4357-a309-89f4769c36da,2,3000
4522209207,2025-06-12T11:41:56,723,9213.45,QUOTATION,84aadcf6-499b-4416-9a35-3e546eb39a5c,2,3000
4506575446,2025-10-16T00:28:19,405,3025.22,QUOTATION,73df3d25-bcec-47a6-8d66-6b628e81ed2d,5,1000
4564842725,2025-09-15T21:54:06,206,5268.04,WAITING,17dffc12-ac1a-44ed-ad09-3c824851c624,4,3000
4529641983,2025-10-26T22:16:17,360,5300.18,WAITING,8df0c99e-2745-44ae-94ee-ad79cb114fdb,4,3000
4518570872,2025-06-15T06:46:22,843,3404.89,WAITING,ad64acbd-9045-44ec-9111-f6b3b90cb060,1,1000
4571708999,2025-09-21T00:32:04,532,5300.72,QUOTATION,a1ad3c2b-45ca-491c-8ef2-a64af7d19e43,4,3000
4599032532,2025-06-03T13:12:34,779,7708.57,QUOTATION,dbce3e63-1a5c-4595-a1f9-d09c3d978567,5,1000
4593146289,2025-10-10T06:18:51,601,1870.77,WAITING,05767575-2944-4457-9aa7-06e1dae2ae25,3,2000
4550674369,2025-06-10T07:53:03,139,9326.21,WAITING,2cf52c48-a37c-4244-a030-3fe16c443ecd,5,1000
4533545168,2025-09-20T11:48:09,980,9735.05,WAITING,8ca5ca23-a910-469b-aec1-73bd31d74ba2,5,3000
4524580138,2025-08-02T04:30:47,458,7305.76,REJECTED,611eefb3-ef38-4a2e-831a-15aff1dde8f8,1,3000
4505438397,2025-07-02T23:45:03,418,6526.19,REJECTED,f524f9ee-95cb-4e66-a6c1-b58f8296e7f3,4,4000
4544329308,2025-11-17T17:05:40,684,6598.36,QUOTATION,76fa0c16-dc3a-4a9b-b914-de6a0097f3dc,3,2000
4576923664,2025-07-02T05:35:39,861,2231.34,WAITING,0e752cfe-75ff-427d-8214-57710b509b33,1,1000
4581024474,2025-10-10T15:12:25,364,227.44,WAITING,5257f4f1-580e-4eb3-89f9-6cae458e4509,1,1000
4577866609,2025-07-10T19:59:33,81,7146.95,REJECTED,0e752cfe-75ff-427d-8214-57710b509b33,4,3000
4599642771,2025-10-16T00:09:51,666,5197.24,QUOTATION,9fc109ea-2585-4c23-9329-2ccda2d964eb,2,2000
4581660800,2025-06-08T12:36:39,178,8011.84,REJECTED,a4926703-442b-4179-808a-04de7d4e1015,3,2000
4505768105,2025-06-24T14:53:38,960,6186.41,QUOTATION,0b319577-4ab0-4684-b112-b27aad212cb1,1,4000
4542557935,2025-11-03T13:07:25,626,7392.91,QUOTATION,ce1eeb99-74a8-4547-b95c-345102c07d21,4,4000
4557524899,2025-07-21T10:45:27,502,8889.49,QUOTATION,74d238f7-61d4-41c6-9d51-b05f2eddcb36,3,2000
4533917599,2025-09-06T12:33:57,387,1720.06,APPROVED,0c328cd6-def4-4097-8b5d-ef9b4362cfd3,1,1000
4531159985,2025-09-12T15:50:15,323,2540.99,APPROVED,a9da22e7-f42f-4428-9083-96395b7a7e9a,3,2000
4548053634,2025-10-15T22:28:58,44,6158.91,WAITING,01bb5e4b-33d3-4db2-85a2-499f5c9e31b4,5,2000
4548837735,2025-10-28T17:38:25,339,2206.92,REJECTED,3ee51816-f540-45e6-8401-474c5df84e78,3,3000
4500884581,2025-11-01T18:43:15,399,6880.35,APPROVED,6c55f239-a4f0-4edd-afe8-02d129db9eda,5,4000
4591366451,2025-07-24T13:45:09,892,8390.16,WAITING,cea90057-5542-4a9f-8ad8-2fa263b39b7b,5,3000
4552644079,2025-10-20T22:40:37,394,9289.5,QUOTATION,5c250769-58e7-4a67-92b8-05566aab2cd0,3,3000
4594459694,2025-10-28T23:20:58,508,7440.22,APPROVED,a4926703-442b-4179-808a-04de7d4e1015,5,1000
4554414736,2025-09-13T14:57:21,187,4008.93,REJECTED,73df3d25-bcec-47a6-8d66-6b628e81ed2d,3,2000
4557126683,2025-06-25T03:25:38,551,3962.55,REJECTED,ea38b7e1-b488-4873-ab04-3066d219b434,1,2000
4503987464,2025-08-23T16:15:11,141,1809.85,QUOTATION,ce1eeb99-74a8-4547-b95c-345102c07d21,3,1000
4506361460,2025-11-22T23:00:56,327,4679.13,QUOTATION,3ee51816-f540-45e6-8401-474c5df84e78,2,3000
4505064576,2025-07-06T18:34:46,845,75.96,APPROVED,9c7454a7-b80c-4d19-b841-4c0343b75add,3,1000
4512040757,2025-06-12T06:45:24,111,7763.0,QUOTATION,37bf8863-0046-49cb-a72c-f7e41661214b,2,2000
4564233669,2025-09-24T22:11:21,895,5636.98,APPROVED,51991c98-a328-457f-a862-0962b2d30ddc,4,1000
4583934580,2025-06-26T14:11:28,135,6308.66,APPROVED,f6979cad-3c89-4280-985d-d7f07aaa8c2b,4,4000
4538928995,2025-06-11T04:40:28,139,1232.03,REJECTED,8ca5ca23-a910-469b-aec1-73bd31d74ba2,4,3000
4559614425,2025-10-09T18:11:18,791,9940.98,APPROVED,fcc9df1e-2761-4b55-8f60-015b21066d78,2,2000
4555346676,2025-09-24T03:21:51,57,4994.34,APPROVED,f524f9ee-95cb-4e66-a6c1-b58f8296e7f3,1,2000
4588994041,2025-09-17T15:06:34,543,5990.36,REJECTED,fffeaf8f-4b6b-4357-a309-89f4769c36da,2,3000
4598860153,2025-10-20T07:21:10,664,424.32,WAITING,0e752cfe-75ff-427d-8214-57710b509b33,4,4000
4519063554,2025-09-26T22:48:34,744,9526.81,REJECTED,3341d7ea-5bed-42e4-82c2-18d0adfbcdf1,1,4000
4543721598,2025-08-15T12:32:45,444,8774.53,WAITING,84aadcf6-499b-4416-9a35-3e546eb39a5c,3,1000
4574601228,2025-10-23T13:34:19,202,4232.35,QUOTATION,ebfe58ef-0dee-41d8-859e-ae2bff66e7fc,5,4000
4504127760,2025-08-13T16:01:05,236,1470.95,APPROVED,82ebf1b0-6982-4deb-ac51-c7a6d0a68c5d,1,2000
4550975188,2025-11-17T16:36:28,221,5019.49,APPROVED,f6979cad-3c89-4280-985d-d7f07aaa8c2b,1,3000
4504005934,2025-07-14T16:05:30,436,2933.0,REJECTED,6c55f239-a4f0-4edd-afe8-02d129db9eda,1,4000
4580422275,2025-08-21T21:33:24,894,2458.1,REJECTED,05767575-2944-4457-9aa7-06e1dae2ae25,3,3000
4502982119,2025-07-06T13:05:22,734,2087.13,REJECTED,00a417fb-f2b9-4bb8-90c0-0787c3f2e3c7,4,1000
4544725952,2025-10-20T03:07:26,369,5731.62,REJECTED,a4926703-442b-4179-808a-04de7d4e1015,1,1000
4588997022,2025-11-28T18:51:58,230,3131.37,WAITING,71b893be-0a75-41a7-9a52-bcdb771cc5ec,4,4000
4582415954,2025-09-17T23:56:24,925,5089.4,QUOTATION,fe53d2be-049c-47fa-871a-c4a8b1a10e40,3,2000
4593064172,2025-07-04T12:14:15,12,9720.19,REJECTED,791660af-f0db-4fbd-a3a4-86bd38182556,3,1000
4543910763,2025-08-22T15:31:46,804,3811.99,QUOTATION,110f8801-eea1-420d-98e6-dd439569747b,4,3000
4501090079,2025-07-24T08:33:53,954,8951.08,APPROVED,2c7b9d8a-6b92-4a21-a03e-024e434a203d,1,4000
4557948613,2025-10-18T21:05:02,978,4023.98,WAITING,791660af-f0db-4fbd-a3a4-86bd38182556,4,4000
4598527967,2025-09-28T18:05:47,373,7557.27,WAITING,71b893be-0a75-41a7-9a52-bcdb771cc5ec,2,2000
4555677783,2025-07-07T04:45:22,366,7247.87,WAITING,01bb5e4b-33d3-4db2-85a2-499f5c9e31b4,3,4000
4570864698,2025-06-08T01:38:40,33,9253.27,REJECTED,2cf52c48-a37c-4244-a030-3fe16c443ecd,3,1000
4514077549,2025-07-17T07:46:07,559,6158.08,APPROVED,611eefb3-ef38-4a2e-831a-15aff1dde8f8,1,3000
4544492667,2025-06-15T03:03:49,593,3472.14,QUOTATION,6cc3c3b9-23fa-4969-8791-af89dedc62c9,1,4000
4538253789,2025-09-05T07:05:18,457,9912.06,WAITING,71b893be-0a75-41a7-9a52-bcdb771cc5ec,3,1000
4536749996,2025-06-12T00:15:54,805,7905.92,WAITING,d4dbba0a-2b26-4233-9017-bb25b2e860f3,1,4000
4555701377,2025-11-18T22:42:51,888,8853.92,APPROVED,3c65561d-5119-4985-87e7-48965fe9f62c,4,4000
4525622121,2025-07-17T23:19:04,642,4274.38,QUOTATION,84aadcf6-499b-4416-9a35-3e546eb39a5c,3,4000
4576659426,2025-06-05T13:52:52,629,316.59,REJECTED,15ddc72a-7103-4a88-a951-49c5aa75affd,5,2000
4558887775,2025-11-26T15:01:23,583,119.56,WAITING,3ee51816-f540-45e6-8401-474c5df84e78,3,3000
4529476774,2025-11-07T17:55:37,276,1901.94,REJECTED,6cc3c3b9-23fa-4969-8791-af89dedc62c9,5,4000
4595763358,2025-09-10T02:50:30,248,3133.78,QUOTATION,f6979cad-3c89-4280-985d-d7f07aaa8c2b,1,4000
4558248501,2025-06-13T02:39:33,462,2612.23,QUOTATION,82ebf1b0-6982-4deb-ac51-c7a6d0a68c5d,1,3000
4537908169,2025-10-14T16:50:10,716,4777.73,WAITING,d4dbba0a-2b26-4233-9017-bb25b2e860f3,2,1000
4580094568,2025-11-21T03:35:47,250,870.18,REJECTED,5257f4f1-580e-4eb3-89f9-6cae458e4509,1,3000
4578764593,2025-09-17T12:17:12,692,8930.3,APPROVED,8ca5ca23-a910-469b-aec1-73bd31d74ba2,3,3000
4568315828,2025-09-22T10:34:32,966,6715.02,REJECTED,b6bbc970-46d2-4ff4-9c52-80f378cfe8ea,3,2000
4555622445,2025-07-06T05:25:21,326,5277.5,QUOTATION,74d238f7-61d4-41c6-9d51-b05f2eddcb36,2,3000
4520668675,2025-06-24T13:13:45,244,342.13,QUOTATION,74d238f7-61d4-41c6-9d51-b05f2eddcb36,2,1000
4575718928,2025-06-12T20:22:01,711,3313.52,WAITING,2c6e3cb9-21cb-4de6-ae38-f117a3cbdfe2,2,2000
4589754062,2025-09-02T10:45:11,880,3065.47,APPROVED,2ab670e8-49e3-4a95-9871-d937f77b5927,1,2000
4544658115,2025-06-20T20:26:02,237,1637.96,QUOTATION,aa51a37d-2867-459b-8885-b5c8b161616a,5,2000
4595306331,2025-10-18T15:10:40,883,5049.29,WAITING,a4926703-442b-4179-808a-04de7d4e1015,5,1000
4566689498,2025-07-12T16:29:32,54,3242.6,REJECTED,f524f9ee-95cb-4e66-a6c1-b58f8296e7f3,2,3000
4512363458,2025-07-11T19:31:24,705,2300.24,QUOTATION,da731710-48f7-4c02-8dd6-917ff4c62e3b,2,4000
4588239503,2025-10-28T12:30:40,489,2717.56,QUOTATION,ebfe58ef-0dee-41d8-859e-ae2bff66e7fc,2,1000
4588338688,2025-06-15T15:52:09,40,1950.87,QUOTATION,134244b2-90f7-4d62-8488-d71e29828266,3,1000
4554981737,2025-10-09T18:23:35,764,7417.95,REJECTED,ba3d4978-80db-4a12-9f06-e4c698936184,3,2000
4559216585,2025-09-28T02:01:03,20,6242.87,QUOTATION,32149af9-a4f0-4e80-a73d-490a9faef06f,2,4000
4571892518,2025-07-11T22:48:07,209,5880.59,REJECTED,12a301b9-4c71-4181-a853-d29be7b6bd18,5,4000
4574566100,2025-06-02T20:54:25,241,2660.58,REJECTED,35672019-b6d1-42b4-b906-8819b248182e,2,3000
4597414546,2025-08-26T07:53:43,452,4583.76,REJECTED,eb8e5632-45d0-47e9-bcc0-ee76bf030643,4,2000
4544871209,2025-06-14T16:08:58,525,5938.8,REJECTED,134244b2-90f7-4d62-8488-d71e29828266,3,3000
4541089882,2025-08-05T23:20:47,704,9771.38,WAITING,9a109dc4-7be3-4aec-94bb-ede38f79ae14,3,2000
4525084507,2025-11-14T10:56:45,624,3932.01,APPROVED,d7da1df8-a4af-4efe-a657-570c6d350470,1,2000
4565426935,2025-06-20T21:02:49,475,8929.47,REJECTED,0f7e95f4-4fb9-4987-a1e1-5264880e721e,5,1000
4566858922,2025-06-24T20:59:22,539,3968.14,WAITING,2c6e3cb9-21cb-4de6-ae38-f117a3cbdfe2,4,4000
4511698246,2025-07-26T11:29:51,922,2203.74,REJECTED,de541e55-b7b6-404a-8ce0-a6f1ea925750,2,3000
4553831895,2025-11-06T14:17:22,246,5033.78,QUOTATION,71b893be-0a75-41a7-9a52-bcdb771cc5ec,2,4000
4585736002,2025-11-15T05:44:46,99,5852.99,WAITING,eb8e5632-45d0-47e9-bcc0-ee76bf030643,4,2000
4577360403,2025-10-09T09:23:07,430,1612.43,APPROVED,384bae62-8ba8-4cac-b8ad-3df4e68bcafa,2,4000
4507427801,2025-07-03T03:03:23,95,2738.59,REJECTED,3c65561d-5119-4985-87e7-48965fe9f62c,3,4000
4506643110,2025-06-28T07:28:09,611,9486.32,WAITING,f524f9ee-95cb-4e66-a6c1-b58f8296e7f3,3,3000
4588536775,2025-08-25T10:56:05,610,347.46,REJECTED,d5b6a98e-464a-4e85-ad1c-7fd6be7df835,4,4000
4598880083,2025-10-22T11:37:21,762,8171.8,REJECTED,bf599d91-442c-4e09-b5ae-b9f08a417d11,4,3000
4535645569,2025-09-11T07:25:20,638,5360.53,REJECTED,4a2d279e-2495-496f-80d9-bc5a45e3b6b4,1,2000
4501876676,2025-11-03T12:52:00,551,8336.18,QUOTATION,5257f4f1-580e-4eb3-89f9-6cae458e4509,1,1000
4572025169,2025-07-27T12:59:55,580,1338.77,APPROVED,834a14f7-cbd7-4220-9587-cd61c93c8253,1,1000
4582140183,2025-07-11T02:19:07,129,2473.25,APPROVED,0f7e95f4-4fb9-4987-a1e1-5264880e721e,4,3000
4599300797,2025-06-12T12:35:25,46,9064.09,QUOTATION,f6979cad-3c89-4280-985d-d7f07aaa8c2b,5,2000
4536390705,2025-11-27T09:56:56,75,5189.53,WAITING,bf599d91-442c-4e09-b5ae-b9f08a417d11,1,4000
4588850993,2025-10-22T20:35:34,283,4107.9,REJECTED,8ca5ca23-a910-469b-aec1-73bd31d74ba2,4,2000
4599149560,2025-11-06T21:22:43,480,1742.46,APPROVED,73df3d25-bcec-47a6-8d66-6b628e81ed2d,5,3000
4513257173,2025-07-17T18:37:17,351,6729.16,WAITING,4029508a-afa4-4faf-b175-4bb65b8a4dbb,1,1000
4569978544,2025-07-04T04:35:24,129,540.97,REJECTED,9fc109ea-2585-4c23-9329-2ccda2d964eb,2,4000
4536299663,2025-10-22T11:41:35,636,3557.09,WAITING,ba5b8587-5d45-44ac-9e4e-16cb4b3afecc,5,2000
4568853035,2025-10-15T10:34:07,20,6811.71,REJECTED,b0154cbb-c693-4062-88b9-a8acf4402b56,1,3000
4563138036,2025-10-25T15:24:37,877,8601.47,APPROVED,915bda23-d2b3-4bab-9d3b-0b701beb76fa,4,4000
4594643541,2025-09-10T20:14:18,415,8237.03,REJECTED,71b893be-0a75-41a7-9a52-bcdb771cc5ec,5,2000
4519109952,2025-07-11T01:04:47,487,1782.06,WAITING,84aadcf6-499b-4416-9a35-3e546eb39a5c,4,3000
4520936239,2025-11-25T03:09:29,719,1267.13,QUOTATION,daffc87a-fdb5-424e-9155-782c6cd1b731,5,3000
4572470738,2025-06-13T01:38:22,145,1606.45,APPROVED,de541e55-b7b6-404a-8ce0-a6f1ea925750,5,2000
4549579959,2025-11-17T07:30:41,628,2149.13,QUOTATION,975480d4-8c15-44ba-8c55-a9938bdaa2c4,4,4000
4568336156,2025-07-18T14:47:54,47,2317.53,REJECTED,ba5b8587-5d45-44ac-9e4e-16cb4b3afecc,4,1000
4519300395,2025-10-23T18:09:36,988,1380.41,APPROVED,6c55f239-a4f0-4edd-afe8-02d129db9eda,3,4000
4523918156,2025-06-23T00:42:12,454,3482.74,QUOTATION,62117371-6664-4e90-9e4c-e3939789c81a,4,2000
4523794329,2025-06-13T13:32:14,413,3103.69,WAITING,12a301b9-4c71-4181-a853-d29be7b6bd18,2,1000
4577252712,2025-06-06T11:45:05,191,8742.02,QUOTATION,74d238f7-61d4-41c6-9d51-b05f2eddcb36,2,3000
4544002766,2025-06-01T02:30:57,856,164.88,REJECTED,41e46c83-90d4-4836-a022-b900a018b3fa,1,2000
4508349087,2025-09-20T22:20:29,142,3837.2,QUOTATION,651e8d5b-8636-4635-a934-6f9427d506b8,3,3000
4590193720,2025-10-20T20:15:14,499,2431.01,WAITING,41f3b33b-8871-42fd-90d5-1d1d9f2d5aed,2,2000
4529772174,2025-06-16T19:38:24,892,3363.45,QUOTATION,2cf52c48-a37c-4244-a030-3fe16c443ecd,3,4000
4534568396,2025-06-01T12:22:38,923,3862.75,WAITING,fffeaf8f-4b6b-4357-a309-89f4769c36da,2,3000
4589621834,2025-10-09T03:21:58,40,5848.59,QUOTATION,aa51a37d-2867-459b-8885-b5c8b161616a,4,1000
4502618065,2025-08-15T00:03:33,15,1322.81,APPROVED,8ca5ca23-a910-469b-aec1-73bd31d74ba2,4,3000
4572743705,2025-06-15T02:45:20,170,1072.69,QUOTATION,8ca5ca23-a910-469b-aec1-73bd31d74ba2,1,2000
4523835124,2025-11-12T03:44:40,73,4388.56,WAITING,fcc9df1e-2761-4b55-8f60-015b21066d78,2,2000
4518623979,2025-09-16T19:40:57,393,3837.94,QUOTATION,3c65561d-5119-4985-87e7-48965fe9f62c,5,1000
4580250425,2025-06-27T01:31:59,391,3420.8,QUOTATION,eb8e5632-45d0-47e9-bcc0-ee76bf030643,5,1000
4532147044,2025-07-17T18:45:18,227,848.87,APPROVED,5257f4f1-580e-4eb3-89f9-6cae458e4509,1,2000
4525855710,2025-06-11T12:40:52,486,4731.37,QUOTATION,4a2d279e-2495-496f-80d9-bc5a45e3b6b4,1,4000
4596470514,2025-11-05T09:50:11,740,8133.57,APPROVED,daffc87a-fdb5-424e-9155-782c6cd1b731,3,3000
4504178637,2025-08-10T09:39:35,593,7997.92,APPROVED,d5b6a98e-464a-4e85-ad1c-7fd6be7df835,4,4000
4570897268,2025-07-23T12:40:36,145,4020.3,WAITING,12a301b9-4c71-4181-a853-d29be7b6bd18,5,3000
4513725475,2025-11-02T04:01:45,176,5558.88,WAITING,82ebf1b0-6982-4deb-ac51-c7a6d0a68c5d,3,4000
4572778847,2025-07-26T15:57:27,191,9531.76,QUOTATION,71b893be-0a75-41a7-9a52-bcdb771cc5ec,5,3000
4543856690,2025-11-21T05:59:42,637,2050.46,REJECTED,0f7e95f4-4fb9-4987-a1e1-5264880e721e,5,3000
4594485873,2025-11-06T09:15:07,355,7376.88,QUOTATION,00a417fb-f2b9-4bb8-90c0-0787c3f2e3c7,1,3000
4514524077,2025-09-19T23:33:58,838,6279.19,APPROVED,00a417fb-f2b9-4bb8-90c0-0787c3f2e3c7,3,2000
4586027711,2025-11-14T14:16:07,9,7752.36,WAITING,4029508a-afa4-4faf-b175-4bb65b8a4dbb,3,2000
4598319938,2025-06-24T15:32:03,318,342.97,WAITING,51991c98-a328-457f-a862-0962b2d30ddc,4,4000
4596649862,2025-10-15T17:32:18,957,7282.89,WAITING,bcebc30c-15e5-48e2-9c32-c86d886f82a0,2,3000
4540318555,2025-07-18T02:13:23,411,2027.08,WAITING,ad64acbd-9045-44ec-9111-f6b3b90cb060,3,3000
4522267598,2025-11-11T03:26:20,270,9262.29,WAITING,b020551c-5fe7-45ea-881a-6fa78332362d,1,3000
4514924635,2025-06-06T09:53:09,884,5611.6,APPROVED,00a417fb-f2b9-4bb8-90c0-0787c3f2e3c7,1,4000
4580323695,2025-06-01T13:37:47,989,8117.7,APPROVED,651e8d5b-8636-4635-a934-6f9427d506b8,4,1000
4523712322,2025-09-15T03:33:18,46,1643.52,REJECTED,84aadcf6-499b-4416-9a35-3e546eb39a5c,5,1000
4521815610,2025-09-25T16:30:21,577,5227.94,APPROVED,05767575-2944-4457-9aa7-06e1dae2ae25,5,3000
4525769959,2025-11-28T01:52:02,829,1023.71,REJECTED,51991c98-a328-457f-a862-0962b2d30ddc,4,2000
4597913168,2025-08-17T02:57:31,763,278.56,WAITING,2c7b9d8a-6b92-4a21-a03e-024e434a203d,3,1000
4586327548,2025-10-21T15:11:21,290,2033.37,WAITING,00a417fb-f2b9-4bb8-90c0-0787c3f2e3c7,2,1000
4596272853,2025-10-26T01:56:32,204,1692.54,QUOTATION,ce1eeb99-74a8-4547-b95c-345102c07d21,2,1000
4571346909,2025-06-26T06:09:35,570,2017.68,REJECTED,0e752cfe-75ff-427d-8214-57710b509b33,3,2000
4586286942,2025-06-08T10:52:03,477,9852.18,QUOTATION,37bf8863-0046-49cb-a72c-f7e41661214b,2,2000
4570528357,2025-10-19T07:24:32,296,3865.78,APPROVED,12a301b9-4c71-4181-a853-d29be7b6bd18,1,3000
4547829011,2025-11-21T03:35:55,663,3900.82,QUOTATION,2cf52c48-a37c-4244-a030-3fe16c443ecd,2,3000
4535847285,2025-08-02T04:08:44,8,6128.97,WAITING,b0154cbb-c693-4062-88b9-a8acf4402b56,1,2000
4508308576,2025-08-03T01:10:41,361,7562.79,APPROVED,d5b6a98e-464a-4e85-ad1c-7fd6be7df835,4,2000
4564545145,2025-11-22T07:26:39,347,5898.9,QUOTATION,b6bbc970-46d2-4ff4-9c52-80f378cfe8ea,4,2000
4597905461,2025-06-18T00:12:54,237,6555.39,APPROVED,62117371-6664-4e90-9e4c-e3939789c81a,4,1000
4511733911,2025-08-13T02:43:19,641,9976.47,APPROVED,915bda23-d2b3-4bab-9d3b-0b701beb76fa,1,1000
4501086287,2025-09-17T00:20:25,263,9280.54,APPROVED,d5b6a98e-464a-4e85-ad1c-7fd6be7df835,2,3000
4548838138,2025-06-24T14:20:27,698,6736.79,QUOTATION,0e752cfe-75ff-427d-8214-57710b509b33,2,4000
4576139387,2025-07-10T15:19:18,87,8906.1,APPROVED,9fc109ea-2585-4c23-9329-2ccda2d964eb,3,2000
4585002935,2025-08-09T20:06:50,831,1105.09,REJECTED,ea38b7e1-b488-4873-ab04-3066d219b434,1,1000
4586135799,2025-08-25T23:11:20,793,5596.12,QUOTATION,0c328cd6-def4-4097-8b5d-ef9b4362cfd3,5,1000
4514986421,2025-11-02T16:36:11,870,4788.73,REJECTED,73df3d25-bcec-47a6-8d66-6b628e81ed2d,3,3000
4558917028,2025-06-02T11:21:35,291,1534.8,QUOTATION,71b893be-0a75-41a7-9a52-bcdb771cc5ec,1,2000
4588941426,2025-10-04T07:15:18,10,9967.78,QUOTATION,0e752cfe-75ff-427d-8214-57710b509b33,5,3000
4555010823,2025-08-24T04:07:30,345,586.17,QUOTATION,3341d7ea-5bed-42e4-82c2-18d0adfbcdf1,4,3000
4518660020,2025-11-25T07:13:45,143,8974.28,REJECTED,9567383e-1921-4683-803b-509faa2bc9d5,3,1000
4519390995,2025-07-24T17:36:26,266,7676.04,REJECTED,da731710-48f7-4c02-8dd6-917ff4c62e3b,3,3000
4589543955,2025-07-03T22:08:20,291,7606.55,QUOTATION,6cc3c3b9-23fa-4969-8791-af89dedc62c9,3,4000
4573187322,2025-10-08T07:43:32,24,8681.7,APPROVED,4a2d279e-2495-496f-80d9-bc5a45e3b6b4,4,4000
4547048188,2025-07-27T11:14:39,723,9789.1,REJECTED,fffeaf8f-4b6b-4357-a309-89f4769c36da,5,1000
4523094590,2025-07-11T10:59:20,610,4060.38,REJECTED,f6979cad-3c89-4280-985d-d7f07aaa8c2b,5,4000
4549552678,2025-06-05T13:44:47,500,5128.35,QUOTATION,9ec93c76-9578-4947-a5ca-def516b026cb,2,1000
4551051365,2025-09-08T07:41:17,357,1473.58,REJECTED,37bf8863-0046-49cb-a72c-f7e41661214b,4,3000
4592927710,2025-08-27T16:33:09,829,9806.65,APPROVED,74d238f7-61d4-41c6-9d51-b05f2eddcb36,3,2000
4598024485,2025-08-09T18:44:16,956,6301.73,REJECTED,0c328cd6-def4-4097-8b5d-ef9b4362cfd3,5,2000
4549319676,2025-07-06T20:14:39,495,5565.42,WAITING,611eefb3-ef38-4a2e-831a-15aff1dde8f8,4,1000
4523837114,2025-09-09T03:02:55,803,7360.87,APPROVED,0a58bce2-1697-4c89-b568-ae280f33f982,3,2000
4503959077,2025-08-23T05:08:06,939,7569.23,APPROVED,b6bbc970-46d2-4ff4-9c52-80f378cfe8ea,2,4000
4538477642,2025-07-04T16:48:04,446,5339.48,QUOTATION,5257f4f1-580e-4eb3-89f9-6cae458e4509,1,1000
4533849675,2025-11-18T01:31:07,633,1963.04,APPROVED,17dffc12-ac1a-44ed-ad09-3c824851c624,4,4000
4584366489,2025-08-17T15:40:27,110,7711.97,APPROVED,915bda23-d2b3-4bab-9d3b-0b701beb76fa,5,3000
4591262105,2025-10-07T21:28:04,723,1596.42,REJECTED,41f3b33b-8871-42fd-90d5-1d1d9f2d5aed,2,1000
4554497424,2025-09-14T21:41:13,854,9576.56,APPROVED,ebfe58ef-0dee-41d8-859e-ae2bff66e7fc,4,3000
4528568957,2025-08-11T00:54:37,301,4712.14,WAITING,bcebc30c-15e5-48e2-9c32-c86d886f82a0,5,3000
4588232544,2025-07-27T23:52:57,341,553.07,APPROVED,8ca5ca23-a910-469b-aec1-73bd31d74ba2,4,4000
4597680678,2025-08-17T10:43:22,955,8952.28,WAITING,84aadcf6-499b-4416-9a35-3e546eb39a5c,4,3000
4567043115,2025-07-24T01:47:05,660,4666.72,REJECTED,e7ba4d18-37bf-472c-9d3a-7756c21a55c9,4,4000
4586060504,2025-06-11T21:32:49,801,9595.34,REJECTED,32149af9-a4f0-4e80-a73d-490a9faef06f,4,1000
4575059426,2025-07-01T20:54:39,57,2451.59,WAITING,5c250769-58e7-4a67-92b8-05566aab2cd0,2,3000
4545615295,2025-08-26T23:04:26,453,9422.93,REJECTED,32149af9-a4f0-4e80-a73d-490a9faef06f,5,4000
4558839863,2025-06-22T18:04:35,972,4594.39,WAITING,ba5b8587-5d45-44ac-9e4e-16cb4b3afecc,1,2000
4524692760,2025-08-05T04:31:37,379,2992.83,APPROVED,cf11fe2a-443a-44e9-96b0-e6b91ddfa87d,4,3000
4506799251,2025-09-18T19:26:57,276,5853.47,WAITING,17dffc12-ac1a-44ed-ad09-3c824851c624,5,4000
4589398404,2025-09-28T03:48:01,422,1812.74,WAITING,a1a6e723-19c6-46fd-a584-917efe27f127,3,2000
4536787092,2025-06-09T08:23:18,809,2530.2,QUOTATION,76fa0c16-dc3a-4a9b-b914-de6a0097f3dc,1,3000
4587556413,2025-10-26T02:16:26,315,5803.44,APPROVED,84aadcf6-499b-4416-9a35-3e546eb39a5c,1,2000
4504245392,2025-10-12T18:45:43,770,1608.88,WAITING,68681084-7b12-4fd9-9704-7da3802cb451,5,3000
4539167608,2025-06-13T18:53:31,111,80.11,APPROVED,bf599d91-442c-4e09-b5ae-b9f08a417d11,5,1000
4585269001,2025-10-18T15:40:39,413,4497.5,WAITING,3f3292d8-3056-42da-9ec5-d080c252a223,2,1000
4502579730,2025-08-26T21:10:48,934,5057.29,QUOTATION,2c7b9d8a-6b92-4a21-a03e-024e434a203d,4,2000
4585966623,2025-10-04T22:07:04,15,5508.91,WAITING,ba3d4978-80db-4a12-9f06-e4c698936184,2,1000
4522602022,2025-11-22T04:05:25,169,1238.79,REJECTED,611eefb3-ef38-4a2e-831a-15aff1dde8f8,1,3000
4524238756,2025-11-13T06:42:38,825,7914.5,QUOTATION,2cf52c48-a37c-4244-a030-3fe16c443ecd,5,3000
4525533439,2025-07-21T01:17:26,530,8556.32,WAITING,dbce3e63-1a5c-4595-a1f9-d09c3d978567,2,1000
4559597999,2025-09-20T05:06:50,874,2011.23,WAITING,4a5df305-6d85-4b5a-81ca-b2a776017f8f,3,3000
4521990378,2025-09-09T22:44:40,108,159.4,APPROVED,0b319577-4ab0-4684-b112-b27aad212cb1,1,3000
4524892428,2025-10-08T04:08:14,828,687.87,REJECTED,bf599d91-442c-4e09-b5ae-b9f08a417d11,3,2000
4547038442,2025-11-05T11:41:24,261,7989.38,REJECTED,834a14f7-cbd7-4220-9587-cd61c93c8253,2,1000
4501052455,2025-07-18T14:57:01,273,7274.51,APPROVED,f524f9ee-95cb-4e66-a6c1-b58f8296e7f3,3,3000
4590290909,2025-11-11T05:13:08,737,6118.5,WAITING,d4dbba0a-2b26-4233-9017-bb25b2e860f3,2,2000
4559677346,2025-10-04T19:24:42,55,280.59,QUOTATION,76fa0c16-dc3a-4a9b-b914-de6a0097f3dc,4,1000
4531009071,2025-11-17T10:40:54,411,2780.37,QUOTATION,4029508a-afa4-4faf-b175-4bb65b8a4dbb,2,1000
4566193410,2025-08-27T05:41:18,295,3484.37,REJECTED,0439439c-8945-42c4-b079-5340d85df97c,5,2000
4581491348,2025-09-27T10:28:29,399,2609.46,WAITING,aa51a37d-2867-459b-8885-b5c8b161616a,2,2000
4553923233,2025-07-13T00:10:41,917,6103.31,APPROVED,6cc3c3b9-23fa-4969-8791-af89dedc62c9,3,4000
4564679370,2025-11-08T12:48:53,956,5814.45,QUOTATION,41f3b33b-8871-42fd-90d5-1d1d9f2d5aed,2,3000
4529921881,2025-10-07T17:43:19,520,3389.34,APPROVED,ba3d4978-80db-4a12-9f06-e4c698936184,2,1000
4553179318,2025-08-17T16:32:28,361,7400.86,WAITING,3d3527a9-4ef5-45d5-83c2-4178789f9921,2,3000
4549308707,2025-06-02T13:07:57,579,2762.58,WAITING,bcebc30c-15e5-48e2-9c32-c86d886f82a0,1,1000
4560698748,2025-09-10T05:52:26,502,8142.06,WAITING,fe53d2be-049c-47fa-871a-c4a8b1a10e40,5,1000
4583543637,2025-06-24T10:27:40,876,3351.6,REJECTED,12a301b9-4c71-4181-a853-d29be7b6bd18,4,3000
4582077696,2025-11-03T07:33:31,47,1554.89,QUOTATION,82ebf1b0-6982-4deb-ac51-c7a6d0a68c5d,3,1000
4506387560,2025-08-17T00:41:01,371,9390.36,WAITING,77b34563-244c-46da-b014-af1a9c7fa9e4,3,3000
4507456700,2025-09-14T11:42:19,603,4291.0,QUOTATION,4029508a-afa4-4faf-b175-4bb65b8a4dbb,4,4000
4575416887,2025-06-02T15:27:20,982,2092.88,APPROVED,12a301b9-4c71-4181-a853-d29be7b6bd18,4,2000
4553554437,2025-07-10T07:29:35,570,3943.59,QUOTATION,da731710-48f7-4c02-8dd6-917ff4c62e3b,1,1000
4530799073,2025-07-25T10:32:08,563,4294.16,QUOTATION,110f8801-eea1-420d-98e6-dd439569747b,4,4000
4531637557,2025-09-20T07:20:49,536,6677.2,REJECTED,9a109dc4-7be3-4aec-94bb-ede38f79ae14,1,2000
4560943017,2025-10-10T00:36:06,284,487.96,WAITING,3ee51816-f540-45e6-8401-474c5df84e78,1,1000
4548746076,2025-11-20T00:23:44,834,5739.9,WAITING,dbce3e63-1a5c-4595-a1f9-d09c3d978567,2,2000
4555752366,2025-10-20T16:10:28,858,9628.51,REJECTED,0b319577-4ab0-4684-b112-b27aad212cb1,5,1000
4521503305,2025-09-02T07:10:53,840,6698.75,REJECTED,110f8801-eea1-420d-98e6-dd439569747b,3,1000
4552389350,2025-10-07T19:54:54,6,2046.65,QUOTATION,2c7b9d8a-6b92-4a21-a03e-024e434a203d,3,4000
4548905078,2025-07-20T12:59:12,632,9598.76,QUOTATION,791660af-f0db-4fbd-a3a4-86bd38182556,1,3000
4567691471,2025-08-06T12:55:04,242,9900.49,REJECTED,cf11fe2a-443a-44e9-96b0-e6b91ddfa87d,3,3000
4536659094,2025-09-03T00:01:56,261,7858.17,WAITING,82ebf1b0-6982-4deb-ac51-c7a6d0a68c5d,4,2000
4587025425,2025-08-21T05:58:16,906,2170.29,QUOTATION,daffc87a-fdb5-424e-9155-782c6cd1b731,2,2000
4583658478,2025-07-21T23:22:57,698,9877.49,APPROVED,eb8e5632-45d0-47e9-bcc0-ee76bf030643,5,3000
4593204811,2025-09-06T15:23:54,721,1340.79,REJECTED,daffc87a-fdb5-424e-9155-782c6cd1b731,3,2000
4522990083,2025-10-16T14:18:19,389,3557.13,REJECTED,00a417fb-f2b9-4bb8-90c0-0787c3f2e3c7,5,2000
4508784079,2025-09-11T06:36:36,948,9316.65,REJECTED,6c55f239-a4f0-4edd-afe8-02d129db9eda,5,2000
4577477020,2025-11-04T21:58:57,417,1710.51,QUOTATION,4a5df305-6d85-4b5a-81ca-b2a776017f8f,4,1000
4512809163,2025-11-08T13:33:29,750,3429.7,APPROVED,41f3b33b-8871-42fd-90d5-1d1d9f2d5aed,1,2000
4529747513,2025-06-14T10:37:29,969,2066.72,REJECTED,28d388a1-0e70-41d0-a8a1-abb9e3263b7b,3,4000
4563086422,2025-10-08T01:47:27,826,5681.35,APPROVED,b577718c-a2a9-4f8a-a41c-7cac0d102aab,3,1000
4531936186,2025-08-13T07:41:03,610,9116.71,WAITING,110f8801-eea1-420d-98e6-dd439569747b,2,2000
4568287841,2025-11-18T18:32:26,352,3556.12,APPROVED,fe53d2be-049c-47fa-871a-c4a8b1a10e40,5,2000
4565725109,2025-06-03T15:48:29,969,4846.67,REJECTED,f6dd041e-f994-407c-9a1b-2ee8a39b9b25,5,3000
4540969910,2025-08-28T05:13:20,501,9462.56,REJECTED,bcebc30c-15e5-48e2-9c32-c86d886f82a0,1,3000
4586946006,2025-10-16T08:24:19,677,6502.8,WAITING,bcebc30c-15e5-48e2-9c32-c86d886f82a0,4,4000
4573242936,2025-10-28T16:25:42,782,2917.66,REJECTED,cea90057-5542-4a9f-8ad8-2fa263b39b7b,1,2000
4579852933,2025-11-02T09:38:02,991,6354.26,WAITING,2cf52c48-a37c-4244-a030-3fe16c443ecd,1,2000
4537885429,2025-10-26T06:58:30,642,2119.1,WAITING,05767575-2944-4457-9aa7-06e1dae2ae25,5,4000
4560562138,2025-08-26T12:01:26,530,296.47,REJECTED,74d238f7-61d4-41c6-9d51-b05f2eddcb36,3,4000
4547728189,2025-10-21T01:26:55,983,2613.75,APPROVED,41e46c83-90d4-4836-a022-b900a018b3fa,1,4000
4584815974,2025-09-07T00:04:55,20,7545.4,WAITING,4a2d279e-2495-496f-80d9-bc5a45e3b6b4,4,2000
4554050847,2025-06-09T14:52:25,565,3049.06,WAITING,62117371-6664-4e90-9e4c-e3939789c81a,1,1000
4532070469,2025-09-26T11:18:11,387,4773.34,WAITING,9a109dc4-7be3-4aec-94bb-ede38f79ae14,5,4000
4521784146,2025-07-03T19:36:49,513,3274.82,REJECTED,31ac60a6-1bc1-442c-ae10-4a420f770538,1,4000
4550542367,2025-09-05T12:09:56,248,1699.46,WAITING,32149af9-a4f0-4e80-a73d-490a9faef06f,3,3000
4577258502,2025-10-06T20:30:16,616,2260.22,WAITING,611eefb3-ef38-4a2e-831a-15aff1dde8f8,5,4000
4501843659,2025-07-24T15:16:51,355,6173.78,REJECTED,da731710-48f7-4c02-8dd6-917ff4c62e3b,1,4000
4588138453,2025-06-05T06:47:28,589,9213.29,WAITING,b020551c-5fe7-45ea-881a-6fa78332362d,5,2000
4544275803,2025-07-25T21:15:31,19,9880.91,QUOTATION,de541e55-b7b6-404a-8ce0-a6f1ea925750,5,1000
4567469352,2025-10-05T12:37:36,906,7955.1,APPROVED,71b893be-0a75-41a7-9a52-bcdb771cc5ec,3,1000
4544621716,2025-06-24T07:40:43,818,3807.14,REJECTED,b0154cbb-c693-4062-88b9-a8acf4402b56,4,1000
4560027287,2025-07-04T19:01:59,799,7940.5,APPROVED,3ee51816-f540-45e6-8401-474c5df84e78,5,1000
4534062901,2025-09-07T18:36:03,468,1079.84,WAITING,ad64acbd-9045-44ec-9111-f6b3b90cb060,4,3000
4532233337,2025-10-15T08:16:31,7,5909.51,APPROVED,9fc109ea-2585-4c23-9329-2ccda2d964eb,1,2000
4562974981,2025-09-16T10:59:49,813,3200.16,REJECTED,17dffc12-ac1a-44ed-ad09-3c824851c624,5,3000
4562136844,2025-09-10T07:50:25,973,4855.37,QUOTATION,84aadcf6-499b-4416-9a35-3e546eb39a5c,3,3000
4599868401,2025-06-12T04:01:56,314,1317.02,APPROVED,9c7454a7-b80c-4d19-b841-4c0343b75add,2,2000
4545647506,2025-11-04T18:58:46,979,3922.21,REJECTED,17dffc12-ac1a-44ed-ad09-3c824851c624,5,2000
4575455657,2025-09-07T06:17:59,563,5260.4,REJECTED,0c328cd6-def4-4097-8b5d-ef9b4362cfd3,3,2000
4516901253,2025-09-21T14:48:15,38,8295.82,QUOTATION,f6dd041e-f994-407c-9a1b-2ee8a39b9b25,1,4000
4506981635,2025-09-28T07:29:37,101,760.89,REJECTED,de541e55-b7b6-404a-8ce0-a6f1ea925750,3,2000
4586676584,2025-06-13T17:41:00,168,3395.95,APPROVED,e069016d-d217-4fbc-b438-1e8790b731fb,2,4000
4553855612,2025-10-11T02:50:45,137,7120.82,QUOTATION,aa51a37d-2867-459b-8885-b5c8b161616a,2,1000
4590796699,2025-08-21T10:08:30,146,4729.75,WAITING,41f3b33b-8871-42fd-90d5-1d1d9f2d5aed,1,4000
4553623802,2025-11-08T09:35:07,174,9043.86,APPROVED,791660af-f0db-4fbd-a3a4-86bd38182556,5,1000
4509243693,2025-08-24T18:51:01,195,8436.55,APPROVED,b6bbc970-46d2-4ff4-9c52-80f378cfe8ea,5,3000
4546370841,2025-06-15T11:16:33,122,3864.17,QUOTATION,611eefb3-ef38-4a2e-831a-15aff1dde8f8,4,4000
4568844734,2025-08-14T21:33:26,216,9173.98,APPROVED,6c55f239-a4f0-4edd-afe8-02d129db9eda,3,3000
4513703996,2025-10-22T10:48:22,310,4219.49,WAITING,6cc3c3b9-23fa-4969-8791-af89dedc62c9,3,3000
4580521885,2025-06-02T13:51:58,100,5896.76,WAITING,6c55f239-a4f0-4edd-afe8-02d129db9eda,3,4000
4579401310,2025-09-13T22:36:26,400,3119.23,WAITING,73df3d25-bcec-47a6-8d66-6b628e81ed2d,5,2000
4535119803,2025-08-15T06:54:48,798,9249.89,APPROVED,ce1eeb99-74a8-4547-b95c-345102c07d21,5,2000
4521491709,2025-07-27T12:24:16,243,6760.65,QUOTATION,408c4fe5-9066-4997-8f1c-ad8daae4b1f6,1,2000
4504054386,2025-10-22T03:20:48,778,2177.43,APPROVED,5c250769-58e7-4a67-92b8-05566aab2cd0,2,2000
4556048070,2025-08-03T02:45:00,804,1792.38,REJECTED,d0d94739-009d-44aa-ae3d-8c35a65083c5,2,2000
4598015324,2025-11-01T20:59:01,124,4489.18,REJECTED,f6979cad-3c89-4280-985d-d7f07aaa8c2b,5,4000
4508405836,2025-08-15T10:57:53,398,5177.03,REJECTED,2c7b9d8a-6b92-4a21-a03e-024e434a203d,5,4000
4548199952,2025-10-10T11:45:56,880,6591.79,QUOTATION,8ca5ca23-a910-469b-aec1-73bd31d74ba2,3,4000
4522553129,2025-10-24T02:36:28,631,9746.68,QUOTATION,3d3527a9-4ef5-45d5-83c2-4178789f9921,1,4000
4548903761,2025-11-09T17:10:59,827,6838.98,WAITING,eb8e5632-45d0-47e9-bcc0-ee76bf030643,5,4000
4576964916,2025-07-10T01:10:07,339,1143.5,QUOTATION,2ab670e8-49e3-4a95-9871-d937f77b5927,5,2000
4576134930,2025-11-11T15:36:36,851,7450.07,QUOTATION,975480d4-8c15-44ba-8c55-a9938bdaa2c4,2,3000
4516182623,2025-06-11T18:18:45,24,8350.6,APPROVED,fcc9df1e-2761-4b55-8f60-015b21066d78,3,3000
4500677881,2025-10-13T02:34:19,918,8603.43,REJECTED,32149af9-a4f0-4e80-a73d-490a9faef06f,5,1000
4500312707,2025-06-05T19:25:59,985,7885.63,QUOTATION,3f3292d8-3056-42da-9ec5-d080c252a223,2,2000
4552635195,2025-09-09T10:53:59,822,1340.17,QUOTATION,134244b2-90f7-4d62-8488-d71e29828266,5,2000
4537455840,2025-10-13T00:23:44,699,2479.24,WAITING,56ae9e46-c0b2-46ca-b51d-5686e00ce4a6,2,1000
4547893471,2025-06-16T09:43:25,756,823.12,QUOTATION,bcebc30c-15e5-48e2-9c32-c86d886f82a0,3,3000
4555671392,2025-09-13T01:32:00,722,7960.72,WAITING,05767575-2944-4457-9aa7-06e1dae2ae25,1,3000
4509662199,2025-11-15T13:49:07,270,2022.95,QUOTATION,a4926703-442b-4179-808a-04de7d4e1015,1,3000
4541389603,2025-11-12T15:27:18,38,7738.39,REJECTED,2c6e3cb9-21cb-4de6-ae38-f117a3cbdfe2,1,2000
4570711394,2025-08-04T04:49:53,128,457.91,APPROVED,3341d7ea-5bed-42e4-82c2-18d0adfbcdf1,5,1000
4591528147,2025-10-24T01:19:24,663,6057.88,WAITING,a4926703-442b-4179-808a-04de7d4e1015,1,3000
4582549746,2025-07-15T18:21:13,482,6411.27,REJECTED,0e752cfe-75ff-427d-8214-57710b509b33,1,3000
4529543003,2025-08-02T02:04:54,461,7515.72,WAITING,3f3292d8-3056-42da-9ec5-d080c252a223,2,4000
4517538906,2025-06-25T00:32:49,32,1830.02,WAITING,41e46c83-90d4-4836-a022-b900a018b3fa,1,2000
4592645685,2025-11-16T10:17:48,544,5489.51,WAITING,8ca5ca23-a910-469b-aec1-73bd31d74ba2,2,3000
4591416491,2025-09-25T00:01:01,399,688.97,APPROVED,51991c98-a328-457f-a862-0962b2d30ddc,3,3000
4521282603,2025-06-17T15:37:06,447,3060.18,QUOTATION,915bda23-d2b3-4bab-9d3b-0b701beb76fa,5,2000
4597246353,2025-10-23T23:35:57,585,8626.51,WAITING,9ec93c76-9578-4947-a5ca-def516b026cb,4,3000
4596357910,2025-08-17T08:32:46,172,5605.55,WAITING,0b319577-4ab0-4684-b112-b27aad212cb1,5,2000
4553416357,2025-07-18T05:29:51,393,2991.24,APPROVED,975480d4-8c15-44ba-8c55-a9938bdaa2c4,4,4000
4520914158,2025-10-28T05:39:40,650,5391.84,APPROVED,77b34563-244c-46da-b014-af1a9c7fa9e4,2,4000
4516002862,2025-08-26T19:33:53,703,4307.55,REJECTED,28d388a1-0e70-41d0-a8a1-abb9e3263b7b,1,2000
4578529649,2025-08-27T17:50:45,75,2631.55,APPROVED,3341d7ea-5bed-42e4-82c2-18d0adfbcdf1,2,3000
4514191813,2025-10-02T21:46:54,475,6280.64,REJECTED,68681084-7b12-4fd9-9704-7da3802cb451,2,2000
4554529820,2025-11-05T04:10:00,370,600.32,WAITING,0b319577-4ab0-4684-b112-b27aad212cb1,1,4000
4540530087,2025-07-04T19:39:35,861,960.29,REJECTED,bcebc30c-15e5-48e2-9c32-c86d886f82a0,1,1000
4567347198,2025-06-03T11:59:06,622,5520.89,REJECTED,82ebf1b0-6982-4deb-ac51-c7a6d0a68c5d,3,2000
4569827016,2025-07-11T06:04:29,874,2571.8,WAITING,3ee51816-f540-45e6-8401-474c5df84e78,1,3000
4539085853,2025-10-21T22:30:46,358,6558.67,WAITING,9a109dc4-7be3-4aec-94bb-ede38f79ae14,2,2000
4505454830,2025-09-11T06:40:44,787,2295.42,REJECTED,73df3d25-bcec-47a6-8d66-6b628e81ed2d,1,3000
4548490975,2025-11-12T16:17:50,861,2037.31,APPROVED,0c328cd6-def4-4097-8b5d-ef9b4362cfd3,5,2000
4558664403,2025-06-18T22:13:38,554,4156.76,WAITING,aa51a37d-2867-459b-8885-b5c8b161616a,2,3000
4504952445,2025-06-23T15:24:08,533,5302.87,REJECTED,5257f4f1-580e-4eb3-89f9-6cae458e4509,4,1000
4584169615,2025-10-18T03:38:50,230,4813.26,REJECTED,915bda23-d2b3-4bab-9d3b-0b701beb76fa,4,1000
4558471611,2025-07-13T21:17:04,806,4557.0,REJECTED,2c7b9d8a-6b92-4a21-a03e-024e434a203d,1,4000
4514111286,2025-06-19T07:14:36,207,8680.65,WAITING,b020551c-5fe7-45ea-881a-6fa78332362d,3,2000
4548812124,2025-10-08T01:11:01,863,4509.21,WAITING,ba5b8587-5d45-44ac-9e4e-16cb4b3afecc,2,3000
4550799824,2025-10-15T01:48:13,848,3884.25,WAITING,51991c98-a328-457f-a862-0962b2d30ddc,2,4000
4579418362,2025-11-27T06:53:50,927,5972.73,WAITING,3c65561d-5119-4985-87e7-48965fe9f62c,4,1000
4528007843,2025-08-11T07:04:45,330,9316.14,APPROVED,01bb5e4b-33d3-4db2-85a2-499f5c9e31b4,3,1000
4595728150,2025-10-22T16:56:04,96,3442.07,APPROVED,9567383e-1921-4683-803b-509faa2bc9d5,4,4000
4584264010,2025-09-18T18:35:56,453,2551.85,WAITING,611eefb3-ef38-4a2e-831a-15aff1dde8f8,2,3000
4574363437,2025-08-04T07:30:28,189,531.26,APPROVED,fcc9df1e-2761-4b55-8f60-015b21066d78,3,4000
4528021602,2025-09-18T18:06:22,775,1983.32,WAITING,3c65561d-5119-4985-87e7-48965fe9f62c,1,1000
4531424630,2025-11-24T20:46:48,998,3743.95,REJECTED,b6bbc970-46d2-4ff4-9c52-80f378cfe8ea,2,1000
4539945291,2025-11-09T10:10:20,851,6334.27,WAITING,ce1eeb99-74a8-4547-b95c-345102c07d21,1,4000
4552936593,2025-10-02T20:39:21,511,3715.83,WAITING,5c250769-58e7-4a67-92b8-05566aab2cd0,4,1000
4565698759,2025-08-03T16:12:40,859,6639.46,QUOTATION,b577718c-a2a9-4f8a-a41c-7cac0d102aab,3,4000
4528127414,2025-06-14T21:04:48,851,2120.33,QUOTATION,ba5b8587-5d45-44ac-9e4e-16cb4b3afecc,5,4000
4522012713,2025-09-12T20:58:52,749,2931.78,QUOTATION,408c4fe5-9066-4997-8f1c-ad8daae4b1f6,5,4000
4510909809,2025-08-01T02:19:22,605,5619.67,APPROVED,35672019-b6d1-42b4-b906-8819b248182e,4,2000
4561720031,2025-08-01T01:13:36,805,9177.83,REJECTED,134244b2-90f7-4d62-8488-d71e29828266,4,1000
4519428982,2025-10-26T00:07:35,323,5616.33,QUOTATION,9ec93c76-9578-4947-a5ca-def516b026cb,5,1000
4517316717,2025-07-11T06:16:34,575,1620.57,QUOTATION,975480d4-8c15-44ba-8c55-a9938bdaa2c4,1,1000
4530599009,2025-07-18T16:41:41,508,9369.4,REJECTED,68681084-7b12-4fd9-9704-7da3802cb451,5,1000
4503558537,2025-06-19T17:04:15,647,1824.28,APPROVED,0439439c-8945-42c4-b079-5340d85df97c,4,2000
4580119549,2025-07-28T10:37:05,798,9826.75,REJECTED,0439439c-8945-42c4-b079-5340d85df97c,3,2000
4523536696,2025-08-04T18:52:18,748,4828.84,QUOTATION,791660af-f0db-4fbd-a3a4-86bd38182556,4,4000
4505955011,2025-07-09T12:16:21,822,6534.36,REJECTED,41e46c83-90d4-4836-a022-b900a018b3fa,1,1000
4527489074,2025-11-07T03:10:13,965,1628.24,REJECTED,a1ad3c2b-45ca-491c-8ef2-a64af7d19e43,4,3000
4572416298,2025-08-04T06:36:34,631,5653.91,QUOTATION,05767575-2944-4457-9aa7-06e1dae2ae25,1,1000
4565305740,2025-07-17T15:31:29,542,2555.92,QUOTATION,da731710-48f7-4c02-8dd6-917ff4c62e3b,2,2000
4594744210,2025-07-23T23:31:47,838,5111.06,QUOTATION,41f3b33b-8871-42fd-90d5-1d1d9f2d5aed,1,2000
4581860193,2025-11-12T05:04:33,973,2482.49,WAITING,ebfe58ef-0dee-41d8-859e-ae2bff66e7fc,5,2000
4588750457,2025-10-05T16:12:21,323,9431.36,WAITING,915bda23-d2b3-4bab-9d3b-0b701beb76fa,1,2000
4581260475,2025-09-15T14:00:01,287,4369.16,APPROVED,f524f9ee-95cb-4e66-a6c1-b58f8296e7f3,2,3000
4540446818,2025-08-04T15:37:47,316,2817.13,QUOTATION,fcc9df1e-2761-4b55-8f60-015b21066d78,4,3000
4500984811,2025-08-25T02:51:30,324,8546.28,APPROVED,a1ad3c2b-45ca-491c-8ef2-a64af7d19e43,1,4000
4522965455,2025-06-17T17:29:44,895,7365.85,WAITING,41e46c83-90d4-4836-a022-b900a018b3fa,2,1000
4511705313,2025-06-22T12:20:40,946,2689.27,REJECTED,0439439c-8945-42c4-b079-5340d85df97c,4,1000
4555474289,2025-09-15T22:41:09,443,7579.38,REJECTED,4029508a-afa4-4faf-b175-4bb65b8a4dbb,3,4000
4570086925,2025-06-05T19:08:25,400,273.09,WAITING,a9da22e7-f42f-4428-9083-96395b7a7e9a,1,1000
4595743926,2025-08-06T11:13:30,95,9676.45,APPROVED,01bb5e4b-33d3-4db2-85a2-499f5c9e31b4,2,3000
4501657713,2025-07-06T16:52:42,932,7390.75,WAITING,110f8801-eea1-420d-98e6-dd439569747b,4,2000
4593949269,2025-06-01T12:15:53,393,7352.67,QUOTATION,6c55f239-a4f0-4edd-afe8-02d129db9eda,3,4000
4554367331,2025-07-18T11:00:42,508,207.29,WAITING,51991c98-a328-457f-a862-0962b2d30ddc,3,1000
4521594676,2025-09-27T22:31:31,382,5855.19,APPROVED,f524f9ee-95cb-4e66-a6c1-b58f8296e7f3,2,2000
4527680186,2025-10-26T00:50:45,226,233.27,WAITING,62117371-6664-4e90-9e4c-e3939789c81a,1,4000
4563982570,2025-06-19T21:56:37,973,1924.44,REJECTED,3c65561d-5119-4985-87e7-48965fe9f62c,2,3000
4523743713,2025-09-18T22:31:18,52,6149.44,REJECTED,f524f9ee-95cb-4e66-a6c1-b58f8296e7f3,2,4000
4580896259,2025-11-24T19:21:31,11,8223.92,QUOTATION,41e46c83-90d4-4836-a022-b900a018b3fa,3,4000
4534866804,2025-08-07T21:32:31,461,6124.55,APPROVED,384bae62-8ba8-4cac-b8ad-3df4e68bcafa,5,3000
4576569807,2025-08-26T12:52:12,679,9505.09,REJECTED,0439439c-8945-42c4-b079-5340d85df97c,1,2000
4509304865,2025-11-13T00:16:31,9,985.64,WAITING,fffeaf8f-4b6b-4357-a309-89f4769c36da,2,2000
4540283655,2025-07-02T18:17:09,462,3783.87,REJECTED,3c65561d-5119-4985-87e7-48965fe9f62c,5,2000
4506654188,2025-10-10T02:44:10,687,2203.34,QUOTATION,76fa0c16-dc3a-4a9b-b914-de6a0097f3dc,5,1000
4533274652,2025-07-27T15:27:18,904,6438.71,WAITING,d7da1df8-a4af-4efe-a657-570c6d350470,5,1000
4543272647,2025-11-19T00:40:51,846,3487.33,WAITING,e7ba4d18-37bf-472c-9d3a-7756c21a55c9,2,1000
4506610683,2025-11-09T00:34:05,934,1145.06,WAITING,3f3292d8-3056-42da-9ec5-d080c252a223,4,1000
4517453342,2025-06-07T12:52:35,972,3019.94,APPROVED,56ae9e46-c0b2-46ca-b51d-5686e00ce4a6,4,3000
4582712516,2025-07-19T14:59:24,323,9547.71,APPROVED,c40f8a37-9024-4fcd-80a6-7917301ba6bd,2,2000
4534950638,2025-11-20T16:30:10,73,6287.24,WAITING,a1ad3c2b-45ca-491c-8ef2-a64af7d19e43,2,3000
4563832943,2025-06-20T22:17:36,97,8092.05,QUOTATION,834a14f7-cbd7-4220-9587-cd61c93c8253,4,4000
4536122908,2025-10-22T22:20:45,464,132.04,QUOTATION,d5b6a98e-464a-4e85-ad1c-7fd6be7df835,2,2000
4526900588,2025-06-11T16:41:24,398,564.07,APPROVED,975480d4-8c15-44ba-8c55-a9938bdaa2c4,4,3000
4515603990,2025-10-04T10:30:53,258,560.17,REJECTED,41e46c83-90d4-4836-a022-b900a018b3fa,3,3000
4533828645,2025-11-05T15:23:47,496,2614.8,REJECTED,01bb5e4b-33d3-4db2-85a2-499f5c9e31b4,2,4000
4552148588,2025-11-02T18:29:16,902,3930.98,REJECTED,d5b6a98e-464a-4e85-ad1c-7fd6be7df835,2,1000
4538922466,2025-11-01T13:39:31,254,9824.53,WAITING,41f3b33b-8871-42fd-90d5-1d1d9f2d5aed,4,1000
4525747678,2025-08-11T21:09:11,374,732.69,APPROVED,ad64acbd-9045-44ec-9111-f6b3b90cb060,3,1000
4587894816,2025-10-17T16:32:35,922,4018.83,QUOTATION,d0d94739-009d-44aa-ae3d-8c35a65083c5,2,2000
4574535437,2025-06-09T13:28:10,155,4349.13,APPROVED,2ab670e8-49e3-4a95-9871-d937f77b5927,4,2000
4547757041,2025-09-13T20:14:48,569,3607.82,WAITING,e069016d-d217-4fbc-b438-1e8790b731fb,3,3000
4508127667,2025-10-23T09:46:50,262,6050.34,APPROVED,5c250769-58e7-4a67-92b8-05566aab2cd0,5,3000
4558157170,2025-06-05T10:58:06,810,7016.08,APPROVED,00a417fb-f2b9-4bb8-90c0-0787c3f2e3c7,2,1000
4523573263,2025-09-02T23:23:07,502,9762.83,APPROVED,00a417fb-f2b9-4bb8-90c0-0787c3f2e3c7,1,4000
4505850075,2025-07-13T05:45:22,83,991.6,QUOTATION,791660af-f0db-4fbd-a3a4-86bd38182556,4,4000
4587570658,2025-11-09T02:27:17,100,3803.51,REJECTED,9fc109ea-2585-4c23-9329-2ccda2d964eb,1,1000
4580476625,2025-11-16T17:40:53,690,1901.38,APPROVED,791660af-f0db-4fbd-a3a4-86bd38182556,1,2000
4560876507,2025-08-19T04:35:42,513,2266.95,QUOTATION,a1ad3c2b-45ca-491c-8ef2-a64af7d19e43,4,1000
4552477159,2025-11-13T17:38:32,69,2120.87,WAITING,bcebc30c-15e5-48e2-9c32-c86d886f82a0,3,1000
4570199028,2025-06-06T02:40:06,652,9918.15,APPROVED,76fa0c16-dc3a-4a9b-b914-de6a0097f3dc,2,1000
4512950700,2025-06-04T19:45:10,298,7477.96,REJECTED,0a58bce2-1697-4c89-b568-ae280f33f982,5,1000
4514941382,2025-10-16T19:02:25,380,7299.13,QUOTATION,408c4fe5-9066-4997-8f1c-ad8daae4b1f6,1,4000
4586562510,2025-08-20T01:36:18,815,269.47,WAITING,e069016d-d217-4fbc-b438-1e8790b731fb,5,2000
4549164719,2025-10-10T16:17:18,918,4709.42,WAITING,b020551c-5fe7-45ea-881a-6fa78332362d,3,4000
4581406569,2025-08-13T08:57:39,245,9232.87,QUOTATION,834a14f7-cbd7-4220-9587-cd61c93c8253,3,1000
4590078380,2025-08-21T16:03:57,947,6493.02,WAITING,41f3b33b-8871-42fd-90d5-1d1d9f2d5aed,5,1000
4521676940,2025-07-07T03:55:32,221,4421.42,APPROVED,4029508a-afa4-4faf-b175-4bb65b8a4dbb,1,1000
4572624910,2025-09-10T19:20:10,862,2223.6,WAITING,ba5b8587-5d45-44ac-9e4e-16cb4b3afecc,4,2000
4569204505,2025-11-12T09:31:58,661,3618.64,REJECTED,de541e55-b7b6-404a-8ce0-a6f1ea925750,3,1000
4500019437,2025-08-22T09:56:44,966,2050.72,APPROVED,aa51a37d-2867-459b-8885-b5c8b161616a,1,2000
4541501687,2025-09-15T23:32:14,204,7923.99,APPROVED,c40f8a37-9024-4fcd-80a6-7917301ba6bd,2,4000
4522408119,2025-08-06T04:04:16,138,6401.99,REJECTED,0a58bce2-1697-4c89-b568-ae280f33f982,1,3000
4567684604,2025-11-18T09:27:18,689,3192.27,WAITING,6cc3c3b9-23fa-4969-8791-af89dedc62c9,2,2000
4529138872,2025-08-05T20:12:58,875,7246.89,QUOTATION,d5b6a98e-464a-4e85-ad1c-7fd6be7df835,4,3000
4588612512,2025-11-27T03:03:36,713,18.75,APPROVED,76fa0c16-dc3a-4a9b-b914-de6a0097f3dc,1,3000
4577102436,2025-06-05T22:10:36,337,3672.52,APPROVED,fffeaf8f-4b6b-4357-a309-89f4769c36da,1,4000
4561251499,2025-11-14T00:41:22,315,9107.0,WAITING,d4dbba0a-2b26-4233-9017-bb25b2e860f3,4,3000
4556100538,2025-07-17T16:06:42,607,8376.21,REJECTED,fcc9df1e-2761-4b55-8f60-015b21066d78,2,4000
4582020485,2025-06-13T08:16:46,175,5131.69,APPROVED,0439439c-8945-42c4-b079-5340d85df97c,2,2000
4513458228,2025-09-21T01:01:01,298,945.74,WAITING,ba3d4978-80db-4a12-9f06-e4c698936184,5,2000
4534496696,2025-08-10T04:49:52,427,2971.09,WAITING,37bf8863-0046-49cb-a72c-f7e41661214b,1,3000
4536898652,2025-07-28T07:23:34,976,4546.2,WAITING,791660af-f0db-4fbd-a3a4-86bd38182556,3,3000
4556605583,2025-07-03T20:36:53,384,4238.83,WAITING,fffeaf8f-4b6b-4357-a309-89f4769c36da,4,3000
4562594823,2025-11-19T21:30:27,678,7655.1,REJECTED,0c328cd6-def4-4097-8b5d-ef9b4362cfd3,4,2000
4532280295,2025-08-28T07:30:51,183,6134.67,REJECTED,8ca5ca23-a910-469b-aec1-73bd31d74ba2,2,3000
4535444011,2025-11-16T08:32:35,864,6675.2,REJECTED,b6bbc970-46d2-4ff4-9c52-80f378cfe8ea,2,2000
4551963748,2025-09-15T19:12:42,91,8546.11,REJECTED,0c328cd6-def4-4097-8b5d-ef9b4362cfd3,5,2000
4596885163,2025-08-01T00:26:53,891,2241.15,QUOTATION,a4926703-442b-4179-808a-04de7d4e1015,3,4000
4539012254,2025-10-03T15:41:46,508,2788.02,REJECTED,0b319577-4ab0-4684-b112-b27aad212cb1,1,1000
4594284087,2025-11-21T21:54:33,943,4967.81,QUOTATION,d5b6a98e-464a-4e85-ad1c-7fd6be7df835,1,4000
4526857064,2025-11-26T22:01:34,196,7462.15,QUOTATION,c40f8a37-9024-4fcd-80a6-7917301ba6bd,4,2000
4554142611,2025-07-19T13:58:40,703,1837.7,APPROVED,bcebc30c-15e5-48e2-9c32-c86d886f82a0,4,1000
4599052036,2025-11-08T07:10:27,986,3837.03,REJECTED,15ddc72a-7103-4a88-a951-49c5aa75affd,4,3000
4538854608,2025-08-15T20:45:41,879,6061.38,REJECTED,41f3b33b-8871-42fd-90d5-1d1d9f2d5aed,2,3000
4579497570,2025-11-04T11:25:24,254,387.42,APPROVED,01bb5e4b-33d3-4db2-85a2-499f5c9e31b4,3,2000
4590214819,2025-07-26T17:54:29,565,6606.01,REJECTED,ce1eeb99-74a8-4547-b95c-345102c07d21,2,4000
4528206576,2025-10-14T21:33:53,162,4672.99,APPROVED,17dffc12-ac1a-44ed-ad09-3c824851c624,4,4000
4567504229,2025-09-21T22:57:08,441,1528.42,REJECTED,2c6e3cb9-21cb-4de6-ae38-f117a3cbdfe2,5,2000
4530943537,2025-06-27T17:10:24,171,9819.54,REJECTED,15ddc72a-7103-4a88-a951-49c5aa75affd,4,2000
4569894048,2025-07-26T03:32:58,135,9525.38,WAITING,3341d7ea-5bed-42e4-82c2-18d0adfbcdf1,2,3000
4561798240,2025-11-25T12:29:04,764,7426.62,QUOTATION,d0d94739-009d-44aa-ae3d-8c35a65083c5,1,2000
4565859609,2025-07-17T11:57:48,640,8869.36,REJECTED,41f3b33b-8871-42fd-90d5-1d1d9f2d5aed,1,3000
4564979270,2025-09-03T07:07:44,471,2556.72,REJECTED,9fc109ea-2585-4c23-9329-2ccda2d964eb,5,4000
4566850264,2025-11-24T14:54:13,993,8953.07,APPROVED,74d238f7-61d4-41c6-9d51-b05f2eddcb36,5,2000
4581159076,2025-09-10T13:35:20,515,1657.54,QUOTATION,28d388a1-0e70-41d0-a8a1-abb9e3263b7b,4,3000
4563859889,2025-11-27T07:11:23,429,182.45,QUOTATION,62117371-6664-4e90-9e4c-e3939789c81a,1,3000
4531271841,2025-11-08T13:36:18,823,1034.86,APPROVED,6c55f239-a4f0-4edd-afe8-02d129db9eda,3,2000
4574919392,2025-06-04T09:09:08,534,9727.32,APPROVED,8ca5ca23-a910-469b-aec1-73bd31d74ba2,5,4000
4523073195,2025-07-26T04:06:01,629,5579.05,APPROVED,fffeaf8f-4b6b-4357-a309-89f4769c36da,5,2000
4545616868,2025-10-01T21:18:09,300,5959.04,WAITING,2ab670e8-49e3-4a95-9871-d937f77b5927,2,4000
4517290635,2025-11-08T14:53:16,131,3991.35,REJECTED,56ae9e46-c0b2-46ca-b51d-5686e00ce4a6,2,4000
4557934712,2025-08-13T22:32:28,510,8549.66,REJECTED,a4926703-442b-4179-808a-04de7d4e1015,2,2000
4515126999,2025-10-05T04:50:52,93,9728.54,REJECTED,12a301b9-4c71-4181-a853-d29be7b6bd18,3,4000
4580507284,2025-08-11T14:06:21,658,5348.54,REJECTED,17dffc12-ac1a-44ed-ad09-3c824851c624,3,2000
4531526135,2025-07-20T23:49:22,346,5350.68,WAITING,bf599d91-442c-4e09-b5ae-b9f08a417d11,3,1000
4567808586,2025-06-03T16:49:02,193,8943.54,QUOTATION,611eefb3-ef38-4a2e-831a-15aff1dde8f8,3,4000
4565073506,2025-06-19T04:08:40,200,4962.3,QUOTATION,f6dd041e-f994-407c-9a1b-2ee8a39b9b25,3,1000
4501998534,2025-11-25T05:29:54,164,7530.53,REJECTED,51991c98-a328-457f-a862-0962b2d30ddc,2,2000
4570949668,2025-11-04T02:15:26,316,772.64,REJECTED,2c7b9d8a-6b92-4a21-a03e-024e434a203d,5,1000
4511220830,2025-07-08T22:51:45,172,9890.24,APPROVED,15ddc72a-7103-4a88-a951-49c5aa75affd,3,2000
4572966045,2025-08-14T02:11:16,452,5418.55,REJECTED,68681084-7b12-4fd9-9704-7da3802cb451,5,2000
4536602982,2025-11-10T21:21:35,591,1910.46,REJECTED,cea90057-5542-4a9f-8ad8-2fa263b39b7b,5,4000
4572997814,2025-09-23T00:40:59,505,5398.2,APPROVED,0f7e95f4-4fb9-4987-a1e1-5264880e721e,4,3000
4558273095,2025-09-25T18:41:37,172,7871.57,APPROVED,4029508a-afa4-4faf-b175-4bb65b8a4dbb,2,4000
4568129907,2025-11-16T06:35:17,291,8628.12,APPROVED,12a301b9-4c71-4181-a853-d29be7b6bd18,2,2000
4503037557,2025-08-13T09:01:00,665,9693.26,REJECTED,01bb5e4b-33d3-4db2-85a2-499f5c9e31b4,3,4000
4549721440,2025-11-13T05:33:12,212,6476.77,REJECTED,15ddc72a-7103-4a88-a951-49c5aa75affd,4,2000
4557497134,2025-08-05T16:35:43,139,2947.69,QUOTATION,eb8e5632-45d0-47e9-bcc0-ee76bf030643,3,4000
4551305472,2025-10-07T05:26:13,478,891.77,REJECTED,4029508a-afa4-4faf-b175-4bb65b8a4dbb,5,3000
4546578484,2025-11-07T07:54:54,804,7901.51,QUOTATION,f6dd041e-f994-407c-9a1b-2ee8a39b9b25,2,3000
4532133583,2025-06-13T01:40:10,782,6801.34,WAITING,b020551c-5fe7-45ea-881a-6fa78332362d,5,4000
4588873901,2025-09-28T19:01:57,107,3651.2,WAITING,0c328cd6-def4-4097-8b5d-ef9b4362cfd3,3,2000
4518917261,2025-10-24T06:11:11,108,3081.58,APPROVED,4a2d279e-2495-496f-80d9-bc5a45e3b6b4,4,4000
4558088520,2025-08-07T02:24:54,849,537.08,WAITING,da731710-48f7-4c02-8dd6-917ff4c62e3b,5,4000
4545685024,2025-11-23T08:18:56,172,1301.38,APPROVED,37bf8863-0046-49cb-a72c-f7e41661214b,2,4000
4506818732,2025-10-26T19:44:32,755,5604.37,QUOTATION,651e8d5b-8636-4635-a934-6f9427d506b8,1,3000
4501222644,2025-09-27T02:49:02,80,711.25,QUOTATION,d0d94739-009d-44aa-ae3d-8c35a65083c5,5,3000
4546801315,2025-10-04T05:53:09,338,5746.17,REJECTED,3341d7ea-5bed-42e4-82c2-18d0adfbcdf1,5,2000
4534727358,2025-11-04T13:31:32,236,5246.1,QUOTATION,2cf52c48-a37c-4244-a030-3fe16c443ecd,3,1000
4547503498,2025-08-05T22:00:18,723,8535.39,APPROVED,82ebf1b0-6982-4deb-ac51-c7a6d0a68c5d,1,2000
4524510591,2025-09-15T23:38:33,178,3721.46,QUOTATION,0b319577-4ab0-4684-b112-b27aad212cb1,1,2000
4563672833,2025-07-14T07:28:36,307,9236.92,QUOTATION,daffc87a-fdb5-424e-9155-782c6cd1b731,3,1000
4525301539,2025-07-17T11:42:16,923,9534.94,WAITING,35672019-b6d1-42b4-b906-8819b248182e,5,1000
4515155197,2025-07-11T14:59:04,264,447.2,WAITING,cf11fe2a-443a-44e9-96b0-e6b91ddfa87d,5,1000
4521781785,2025-10-22T19:51:27,86,6090.21,QUOTATION,d4dbba0a-2b26-4233-9017-bb25b2e860f3,4,3000
4516819467,2025-08-16T09:43:29,749,4796.46,WAITING,28d388a1-0e70-41d0-a8a1-abb9e3263b7b,1,2000
4582419517,2025-07-17T01:06:43,312,2401.34,APPROVED,a4926703-442b-4179-808a-04de7d4e1015,3,3000
4507331076,2025-11-11T07:33:42,624,6612.07,QUOTATION,9ec93c76-9578-4947-a5ca-def516b026cb,2,3000
4595775815,2025-11-08T16:23:48,750,9010.67,WAITING,d4dbba0a-2b26-4233-9017-bb25b2e860f3,4,4000
4577899652,2025-07-13T03:03:07,652,339.77,REJECTED,84aadcf6-499b-4416-9a35-3e546eb39a5c,3,1000
4530368058,2025-08-18T00:04:03,262,3045.11,QUOTATION,b0154cbb-c693-4062-88b9-a8acf4402b56,1,1000
4509206095,2025-08-09T22:14:32,894,3015.45,APPROVED,9c7454a7-b80c-4d19-b841-4c0343b75add,4,3000
4508235874,2025-09-15T09:09:53,876,7065.62,WAITING,110f8801-eea1-420d-98e6-dd439569747b,1,3000
4522282502,2025-11-06T10:56:49,397,2577.61,QUOTATION,4a5df305-6d85-4b5a-81ca-b2a776017f8f,1,1000
4543935305,2025-06-03T02:12:28,925,7070.63,APPROVED,bcebc30c-15e5-48e2-9c32-c86d886f82a0,4,1000
4551948148,2025-10-08T17:18:21,483,8369.36,APPROVED,834a14f7-cbd7-4220-9587-cd61c93c8253,5,2000
4507100621,2025-07-02T22:25:53,807,2513.67,APPROVED,4029508a-afa4-4faf-b175-4bb65b8a4dbb,1,1000
4547936085,2025-08-09T05:35:32,306,8608.5,REJECTED,3d3527a9-4ef5-45d5-83c2-4178789f9921,5,1000
4595575229,2025-06-18T22:29:44,235,1372.04,REJECTED,00a417fb-f2b9-4bb8-90c0-0787c3f2e3c7,1,3000
4554509531,2025-09-10T05:05:49,898,3405.63,REJECTED,41f3b33b-8871-42fd-90d5-1d1d9f2d5aed,5,1000
4566745667,2025-09-16T12:59:31,867,4670.26,WAITING,17dffc12-ac1a-44ed-ad09-3c824851c624,2,3000
4539796656,2025-10-01T16:41:02,68,6091.77,WAITING,bcebc30c-15e5-48e2-9c32-c86d886f82a0,3,1000
4556001652,2025-11-22T00:06:41,515,1405.39,REJECTED,ea38b7e1-b488-4873-ab04-3066d219b434,4,2000
4506561967,2025-11-22T15:03:40,242,7597.43,REJECTED,00a417fb-f2b9-4bb8-90c0-0787c3f2e3c7,4,4000
4534964622,2025-06-07T23:29:30,869,2408.41,APPROVED,0e752cfe-75ff-427d-8214-57710b509b33,4,1000
4527759333,2025-07-04T01:25:24,761,5249.48,QUOTATION,0b319577-4ab0-4684-b112-b27aad212cb1,1,1000
4571044345,2025-10-03T00:51:01,3,7762.16,WAITING,3ee51816-f540-45e6-8401-474c5df84e78,3,2000
4515976764,2025-07-14T19:55:05,783,3223.46,WAITING,9567383e-1921-4683-803b-509faa2bc9d5,5,3000
4539830392,2025-08-04T17:42:30,106,1989.23,REJECTED,8ca5ca23-a910-469b-aec1-73bd31d74ba2,4,2000
4531173037,2025-08-06T17:28:36,257,5231.33,WAITING,5257f4f1-580e-4eb3-89f9-6cae458e4509,5,3000
4594593781,2025-11-08T12:22:43,778,8002.84,WAITING,651e8d5b-8636-4635-a934-6f9427d506b8,5,3000
4523288384,2025-11-19T20:45:43,775,3163.27,WAITING,f6979cad-3c89-4280-985d-d7f07aaa8c2b,4,2000
4535534813,2025-07-20T14:58:54,504,655.55,APPROVED,0e752cfe-75ff-427d-8214-57710b509b33,3,4000
4592005071,2025-09-12T18:12:08,397,2497.66,QUOTATION,0439439c-8945-42c4-b079-5340d85df97c,1,1000
4516789974,2025-06-07T22:48:46,969,1964.1,WAITING,2c7b9d8a-6b92-4a21-a03e-024e434a203d,2,3000
4537616777,2025-11-13T16:02:58,26,9106.09,REJECTED,134244b2-90f7-4d62-8488-d71e29828266,3,1000
4516039638,2025-11-24T11:46:11,488,8872.38,REJECTED,834a14f7-cbd7-4220-9587-cd61c93c8253,3,3000
4554835233,2025-11-28T13:06:21,465,6994.4,REJECTED,ba3d4978-80db-4a12-9f06-e4c698936184,4,3000
4539942767,2025-11-04T19:11:41,522,6116.29,REJECTED,8ca5ca23-a910-469b-aec1-73bd31d74ba2,1,1000
4521348696,2025-10-16T13:25:09,659,4252.52,APPROVED,da731710-48f7-4c02-8dd6-917ff4c62e3b,3,4000
4599104137,2025-09-15T15:11:22,117,6434.11,APPROVED,110f8801-eea1-420d-98e6-dd439569747b,1,2000
4519394441,2025-09-05T12:32:35,654,607.92,APPROVED,aa51a37d-2867-459b-8885-b5c8b161616a,5,3000
4582909837,2025-10-12T04:14:24,251,6810.8,REJECTED,b0154cbb-c693-4062-88b9-a8acf4402b56,4,4000
4534792457,2025-10-24T11:28:12,402,3717.22,WAITING,77b34563-244c-46da-b014-af1a9c7fa9e4,4,1000
4511475400,2025-06-02T00:32:33,852,307.81,REJECTED,e7ba4d18-37bf-472c-9d3a-7756c21a55c9,3,4000
4570097324,2025-11-10T17:18:42,359,2738.61,WAITING,fffeaf8f-4b6b-4357-a309-89f4769c36da,5,3000
4540579485,2025-10-06T14:37:50,339,429.75,QUOTATION,4029508a-afa4-4faf-b175-4bb65b8a4dbb,3,3000
4573066893,2025-08-18T23:31:38,606,5076.22,APPROVED,0a58bce2-1697-4c89-b568-ae280f33f982,5,2000
4508128025,2025-09-08T12:38:23,567,2572.84,APPROVED,4a5df305-6d85-4b5a-81ca-b2a776017f8f,4,1000
4589010341,2025-06-17T20:26:57,14,3937.68,WAITING,0439439c-8945-42c4-b079-5340d85df97c,1,4000
4557706870,2025-07-25T08:22:53,148,5366.62,WAITING,fcc9df1e-2761-4b55-8f60-015b21066d78,2,3000
4568308626,2025-09-05T22:53:23,728,9224.1,QUOTATION,0b319577-4ab0-4684-b112-b27aad212cb1,2,2000
4563232778,2025-06-19T14:55:24,252,6435.65,APPROVED,9fc109ea-2585-4c23-9329-2ccda2d964eb,2,1000
4522219739,2025-07-22T17:03:57,357,6033.24,REJECTED,8df0c99e-2745-44ae-94ee-ad79cb114fdb,4,1000
4567678468,2025-09-21T08:27:16,253,6962.56,WAITING,ba5b8587-5d45-44ac-9e4e-16cb4b3afecc,3,3000
4559191956,2025-08-22T13:55:57,297,8004.5,APPROVED,8df0c99e-2745-44ae-94ee-ad79cb114fdb,4,3000
4582312409,2025-10-11T04:13:33,122,7370.15,APPROVED,2c7b9d8a-6b92-4a21-a03e-024e434a203d,3,2000
4555135283,2025-06-27T17:59:47,189,6739.51,APPROVED,de541e55-b7b6-404a-8ce0-a6f1ea925750,5,3000
4527986372,2025-10-24T09:29:45,901,7204.67,QUOTATION,d0d94739-009d-44aa-ae3d-8c35a65083c5,5,4000
4505636445,2025-07-13T19:22:09,639,3564.02,QUOTATION,dbce3e63-1a5c-4595-a1f9-d09c3d978567,5,2000
4574645521,2025-08-25T10:27:21,566,5491.71,WAITING,5257f4f1-580e-4eb3-89f9-6cae458e4509,3,2000
4505094551,2025-10-23T09:39:00,72,5328.36,APPROVED,ba5b8587-5d45-44ac-9e4e-16cb4b3afecc,3,2000
4531613986,2025-10-21T11:20:28,852,5137.21,APPROVED,74d238f7-61d4-41c6-9d51-b05f2eddcb36,3,2000
4586151361,2025-09-27T05:26:02,697,2201.41,REJECTED,2c7b9d8a-6b92-4a21-a03e-024e434a203d,4,3000
4597712626,2025-07-26T21:09:46,916,771.17,APPROVED,a1ad3c2b-45ca-491c-8ef2-a64af7d19e43,4,1000
4590305932,2025-09-01T20:27:12,361,1326.13,WAITING,31ac60a6-1bc1-442c-ae10-4a420f770538,1,3000
4593346580,2025-10-21T12:12:51,723,9398.76,WAITING,68681084-7b12-4fd9-9704-7da3802cb451,2,2000
4554479169,2025-09-26T21:38:53,52,704.48,WAITING,651e8d5b-8636-4635-a934-6f9427d506b8,4,1000
4584975537,2025-06-28T09:53:12,548,3520.22,REJECTED,73df3d25-bcec-47a6-8d66-6b628e81ed2d,2,4000
4516185417,2025-08-03T22:34:24,462,844.6,WAITING,01bb5e4b-33d3-4db2-85a2-499f5c9e31b4,5,3000
4597694752,2025-10-12T06:23:00,751,9826.23,QUOTATION,834a14f7-cbd7-4220-9587-cd61c93c8253,5,3000
4550266191,2025-06-06T22:52:50,614,149.19,REJECTED,4a5df305-6d85-4b5a-81ca-b2a776017f8f,4,3000
4591931687,2025-10-12T13:19:21,353,3161.46,REJECTED,cf11fe2a-443a-44e9-96b0-e6b91ddfa87d,4,3000
4519153354,2025-07-22T12:16:32,207,2113.25,QUOTATION,eb8e5632-45d0-47e9-bcc0-ee76bf030643,5,2000
4584891714,2025-10-26T05:11:13,5,7776.17,REJECTED,cf11fe2a-443a-44e9-96b0-e6b91ddfa87d,3,1000
4577826430,2025-09-19T14:38:39,450,2919.35,APPROVED,51991c98-a328-457f-a862-0962b2d30ddc,3,3000
4509657991,2025-08-24T16:53:45,386,1466.22,APPROVED,74d238f7-61d4-41c6-9d51-b05f2eddcb36,3,3000
4565196124,2025-07-19T13:54:52,975,1619.61,REJECTED,f6dd041e-f994-407c-9a1b-2ee8a39b9b25,2,2000
4563917977,2025-09-22T23:25:06,582,1048.55,WAITING,3c65561d-5119-4985-87e7-48965fe9f62c,3,2000
4548045308,2025-08-04T03:04:14,142,3370.46,REJECTED,15ddc72a-7103-4a88-a951-49c5aa75affd,2,3000
4586290446,2025-06-15T19:12:32,456,9608.92,REJECTED,cea90057-5542-4a9f-8ad8-2fa263b39b7b,5,1000
4507538610,2025-07-16T08:31:21,158,999.76,REJECTED,0f7e95f4-4fb9-4987-a1e1-5264880e721e,2,2000
4529133285,2025-07-03T18:30:31,103,8383.71,APPROVED,31ac60a6-1bc1-442c-ae10-4a420f770538,3,1000
4569202772,2025-08-15T00:18:21,600,8853.04,QUOTATION,fe53d2be-049c-47fa-871a-c4a8b1a10e40,4,2000
4541504054,2025-08-22T19:24:16,24,4657.42,WAITING,4a2d279e-2495-496f-80d9-bc5a45e3b6b4,5,3000
4521661976,2025-09-16T01:40:31,94,1491.09,WAITING,384bae62-8ba8-4cac-b8ad-3df4e68bcafa,3,2000
4511281565,2025-10-17T15:07:43,882,9292.82,QUOTATION,41e46c83-90d4-4836-a022-b900a018b3fa,3,3000
4576636981,2025-09-02T20:57:18,230,7545.27,APPROVED,fe53d2be-049c-47fa-871a-c4a8b1a10e40,5,4000
4503802727,2025-06-09T15:12:08,183,1200.39,REJECTED,eb8e5632-45d0-47e9-bcc0-ee76bf030643,2,3000
4527730198,2025-07-22T14:48:28,317,8587.01,APPROVED,05767575-2944-4457-9aa7-06e1dae2ae25,4,2000
4546455894,2025-08-19T22:47:12,886,8706.92,APPROVED,51991c98-a328-457f-a862-0962b2d30ddc,3,1000
4562253092,2025-06-01T01:13:20,556,7561.71,APPROVED,2cf52c48-a37c-4244-a030-3fe16c443ecd,1,3000
4500990230,2025-10-12T08:44:42,187,6350.57,REJECTED,0439439c-8945-42c4-b079-5340d85df97c,5,2000
4594867979,2025-09-15T10:09:09,163,7242.19,WAITING,b577718c-a2a9-4f8a-a41c-7cac0d102aab,4,4000
4531980194,2025-06-07T11:03:53,117,9583.88,APPROVED,d7da1df8-a4af-4efe-a657-570c6d350470,5,3000
4519707381,2025-09-17T10:26:18,850,3445.3,REJECTED,3f3292d8-3056-42da-9ec5-d080c252a223,3,2000
4553362567,2025-09-28T07:10:44,66,382.29,APPROVED,84aadcf6-499b-4416-9a35-3e546eb39a5c,3,3000
4537237054,2025-09-13T07:32:36,939,8932.79,REJECTED,d5b6a98e-464a-4e85-ad1c-7fd6be7df835,5,4000
4520541044,2025-09-12T11:00:30,497,2325.39,WAITING,dbce3e63-1a5c-4595-a1f9-d09c3d978567,1,1000
4564660335,2025-10-12T03:48:21,798,4800.61,APPROVED,b577718c-a2a9-4f8a-a41c-7cac0d102aab,2,1000
4575626010,2025-11-14T06:48:50,294,460.16,WAITING,ebfe58ef-0dee-41d8-859e-ae2bff66e7fc,4,3000
4551956941,2025-08-17T13:24:21,400,8569.87,QUOTATION,62117371-6664-4e90-9e4c-e3939789c81a,5,3000
4527125837,2025-11-12T09:29:12,895,1191.14,APPROVED,73df3d25-bcec-47a6-8d66-6b628e81ed2d,2,2000
4553055679,2025-09-08T20:53:00,582,8280.78,QUOTATION,62117371-6664-4e90-9e4c-e3939789c81a,5,3000
4597346394,2025-11-17T11:04:37,547,156.82,QUOTATION,8df0c99e-2745-44ae-94ee-ad79cb114fdb,3,2000
4591488912,2025-09-28T17:29:35,207,2708.3,QUOTATION,fe53d2be-049c-47fa-871a-c4a8b1a10e40,5,1000
4555410271,2025-11-14T22:16:42,812,2031.87,QUOTATION,68681084-7b12-4fd9-9704-7da3802cb451,4,1000
4538478559,2025-08-21T14:46:48,267,8980.69,APPROVED,0f7e95f4-4fb9-4987-a1e1-5264880e721e,4,4000
4549321291,2025-10-26T06:33:32,947,1352.19,QUOTATION,84aadcf6-499b-4416-9a35-3e546eb39a5c,1,2000
4532157728,2025-09-24T06:24:05,12,3163.37,WAITING,62117371-6664-4e90-9e4c-e3939789c81a,2,2000
4521479547,2025-06-11T06:56:09,672,6070.88,QUOTATION,0a58bce2-1697-4c89-b568-ae280f33f982,4,1000
4563546845,2025-08-12T07:33:04,207,6607.17,QUOTATION,28d388a1-0e70-41d0-a8a1-abb9e3263b7b,3,4000
4512901998,2025-06-04T03:02:57,898,400.54,REJECTED,41e46c83-90d4-4836-a022-b900a018b3fa,2,3000
4511200392,2025-11-28T02:36:26,231,9664.95,REJECTED,ba5b8587-5d45-44ac-9e4e-16cb4b3afecc,1,4000
4555537559,2025-11-19T18:17:31,99,1734.49,REJECTED,9a109dc4-7be3-4aec-94bb-ede38f79ae14,1,1000
4532602196,2025-11-14T22:36:49,37,7554.68,REJECTED,a1a6e723-19c6-46fd-a584-917efe27f127,3,1000
4569649707,2025-08-15T19:54:53,210,8555.68,APPROVED,f6dd041e-f994-407c-9a1b-2ee8a39b9b25,3,3000
4530328975,2025-08-27T22:03:04,354,2248.7,WAITING,0c328cd6-def4-4097-8b5d-ef9b4362cfd3,4,2000
4572246170,2025-07-28T23:49:24,308,6635.53,QUOTATION,384bae62-8ba8-4cac-b8ad-3df4e68bcafa,1,4000
4551244529,2025-10-03T05:37:00,855,8116.89,QUOTATION,975480d4-8c15-44ba-8c55-a9938bdaa2c4,3,2000
4519172073,2025-06-05T22:23:20,345,9335.24,WAITING,8df0c99e-2745-44ae-94ee-ad79cb114fdb,1,3000
4528435451,2025-07-12T07:06:21,362,4403.93,WAITING,3ee51816-f540-45e6-8401-474c5df84e78,3,3000
4554975937,2025-10-25T15:47:08,716,1994.86,WAITING,975480d4-8c15-44ba-8c55-a9938bdaa2c4,5,4000
4584020790,2025-11-24T22:23:34,377,7857.91,APPROVED,ba3d4978-80db-4a12-9f06-e4c698936184,2,3000
4508861875,2025-07-05T15:22:51,25,2806.74,APPROVED,84aadcf6-499b-4416-9a35-3e546eb39a5c,3,3000
4521997626,2025-09-08T15:28:14,215,7029.15,REJECTED,834a14f7-cbd7-4220-9587-cd61c93c8253,1,2000
4504628750,2025-08-08T10:40:05,618,2533.04,QUOTATION,ea38b7e1-b488-4873-ab04-3066d219b434,5,1000
4566871360,2025-11-28T07:54:44,371,4874.18,QUOTATION,2cf52c48-a37c-4244-a030-3fe16c443ecd,1,4000
4583420962,2025-09-10T03:16:09,256,9663.32,REJECTED,01bb5e4b-33d3-4db2-85a2-499f5c9e31b4,4,2000
4535731377,2025-09-10T10:28:48,541,956.3,REJECTED,f6979cad-3c89-4280-985d-d7f07aaa8c2b,3,1000
4511298300,2025-11-15T04:44:34,55,1726.37,WAITING,5257f4f1-580e-4eb3-89f9-6cae458e4509,4,3000
4593113372,2025-08-06T10:37:09,828,4551.81,APPROVED,ebfe58ef-0dee-41d8-859e-ae2bff66e7fc,5,2000
4520708369,2025-06-11T14:19:03,412,3170.71,APPROVED,d0d94739-009d-44aa-ae3d-8c35a65083c5,1,2000
4588604050,2025-08-09T04:27:51,562,44.39,APPROVED,3341d7ea-5bed-42e4-82c2-18d0adfbcdf1,1,4000
4548765648,2025-10-14T20:58:36,709,9661.67,REJECTED,9fc109ea-2585-4c23-9329-2ccda2d964eb,1,3000
4556423854,2025-11-28T17:58:34,594,357.02,QUOTATION,975480d4-8c15-44ba-8c55-a9938bdaa2c4,2,1000
4546097548,2025-10-25T05:27:08,237,1548.63,QUOTATION,5c250769-58e7-4a67-92b8-05566aab2cd0,3,1000
4597268474,2025-09-02T12:12:30,52,7431.98,WAITING,35672019-b6d1-42b4-b906-8819b248182e,5,2000
4557119558,2025-08-19T15:11:12,9,7531.33,WAITING,ba5b8587-5d45-44ac-9e4e-16cb4b3afecc,2,4000
4521698461,2025-11-07T23:25:14,15,4795.57,QUOTATION,41e46c83-90d4-4836-a022-b900a018b3fa,4,4000
4524826691,2025-10-13T16:37:37,321,5007.02,APPROVED,e069016d-d217-4fbc-b438-1e8790b731fb,3,2000
4522134157,2025-09-08T17:14:31,551,3071.78,QUOTATION,a4926703-442b-4179-808a-04de7d4e1015,1,1000
4544604904,2025-06-03T16:38:37,748,1027.71,QUOTATION,41f3b33b-8871-42fd-90d5-1d1d9f2d5aed,2,3000
4541355838,2025-08-09T23:19:11,142,9329.1,QUOTATION,da731710-48f7-4c02-8dd6-917ff4c62e3b,5,2000
4543571927,2025-10-23T22:37:03,744,591.07,REJECTED,2cf52c48-a37c-4244-a030-3fe16c443ecd,2,1000
4576328631,2025-11-27T07:39:49,543,1032.89,APPROVED,a4926703-442b-4179-808a-04de7d4e1015,3,4000
4556647837,2025-10-11T00:16:06,871,3574.74,WAITING,a4926703-442b-4179-808a-04de7d4e1015,3,3000
4520341155,2025-10-15T08:19:35,552,1270.93,REJECTED,b577718c-a2a9-4f8a-a41c-7cac0d102aab,4,3000
4509405435,2025-06-28T03:39:10,215,4425.32,WAITING,4a2d279e-2495-496f-80d9-bc5a45e3b6b4,4,4000
4534669271,2025-11-14T13:11:32,188,6824.71,QUOTATION,fcc9df1e-2761-4b55-8f60-015b21066d78,3,4000
4596871595,2025-06-11T01:16:25,795,1917.95,REJECTED,a1a6e723-19c6-46fd-a584-917efe27f127,4,2000
4554887718,2025-07-28T01:17:45,574,1782.53,WAITING,d7da1df8-a4af-4efe-a657-570c6d350470,5,2000
4595733876,2025-09-12T22:57:47,381,9526.76,WAITING,17dffc12-ac1a-44ed-ad09-3c824851c624,1,4000
4587484850,2025-09-02T05:15:28,465,2311.99,WAITING,de541e55-b7b6-404a-8ce0-a6f1ea925750,1,4000
4539375331,2025-07-20T13:25:26,5,6964.23,WAITING,f6979cad-3c89-4280-985d-d7f07aaa8c2b,4,2000
4581279959,2025-10-27T13:34:51,716,7711.37,QUOTATION,9c7454a7-b80c-4d19-b841-4c0343b75add,3,1000
4525270789,2025-08-06T08:53:15,808,1134.41,APPROVED,6cc3c3b9-23fa-4969-8791-af89dedc62c9,5,3000
4578637267,2025-10-27T00:07:45,475,9300.65,WAITING,f524f9ee-95cb-4e66-a6c1-b58f8296e7f3,3,1000
4551917453,2025-09-02T09:17:26,891,9408.28,APPROVED,651e8d5b-8636-4635-a934-6f9427d506b8,3,3000
4527801210,2025-08-28T17:03:38,890,846.42,REJECTED,12a301b9-4c71-4181-a853-d29be7b6bd18,4,2000
4500796263,2025-08-02T17:12:14,576,1528.93,QUOTATION,3d3527a9-4ef5-45d5-83c2-4178789f9921,2,4000
4575855260,2025-08-01T07:44:34,733,8060.49,QUOTATION,110f8801-eea1-420d-98e6-dd439569747b,4,3000
4596236647,2025-07-25T03:07:40,782,5707.81,QUOTATION,ba3d4978-80db-4a12-9f06-e4c698936184,3,3000
4562161638,2025-07-26T18:36:08,167,4602.08,QUOTATION,82ebf1b0-6982-4deb-ac51-c7a6d0a68c5d,5,2000
4595202547,2025-10-20T17:43:17,669,4664.59,WAITING,0a58bce2-1697-4c89-b568-ae280f33f982,1,2000
4580919374,2025-07-18T20:18:05,529,6176.54,REJECTED,3d3527a9-4ef5-45d5-83c2-4178789f9921,2,1000
4548629576,2025-07-17T21:29:47,871,513.19,REJECTED,77b34563-244c-46da-b014-af1a9c7fa9e4,3,2000
4556562953,2025-11-11T13:02:55,957,4770.38,QUOTATION,611eefb3-ef38-4a2e-831a-15aff1dde8f8,5,4000
4577491870,2025-09-11T19:49:30,255,3459.22,WAITING,15ddc72a-7103-4a88-a951-49c5aa75affd,4,2000
4527572870,2025-08-24T10:40:17,218,9512.59,REJECTED,dbce3e63-1a5c-4595-a1f9-d09c3d978567,4,3000
4598225985,2025-06-03T08:29:22,378,9791.77,APPROVED,6cc3c3b9-23fa-4969-8791-af89dedc62c9,5,2000
4520380196,2025-09-17T22:49:30,973,8193.77,APPROVED,74d238f7-61d4-41c6-9d51-b05f2eddcb36,4,1000
4595696267,2025-07-01T07:25:06,954,6910.67,WAITING,da731710-48f7-4c02-8dd6-917ff4c62e3b,3,2000
4508722882,2025-09-02T08:27:09,840,6096.58,REJECTED,15ddc72a-7103-4a88-a951-49c5aa75affd,3,2000
4595999822,2025-06-18T03:52:03,461,7482.89,APPROVED,f524f9ee-95cb-4e66-a6c1-b58f8296e7f3,3,3000
4524344932,2025-07-05T07:26:43,392,460.03,WAITING,ba3d4978-80db-4a12-9f06-e4c698936184,2,4000
4558011275,2025-11-03T13:59:42,83,5755.98,REJECTED,56ae9e46-c0b2-46ca-b51d-5686e00ce4a6,1,1000
4507388479,2025-09-15T17:11:16,829,3077.58,QUOTATION,2cf52c48-a37c-4244-a030-3fe16c443ecd,4,2000
4596650455,2025-06-06T06:59:34,506,8764.29,WAITING,834a14f7-cbd7-4220-9587-cd61c93c8253,4,3000
4557656854,2025-11-06T18:47:09,60,8684.5,QUOTATION,daffc87a-fdb5-424e-9155-782c6cd1b731,2,1000
4588517310,2025-09-04T11:41:00,391,8401.68,REJECTED,f6dd041e-f994-407c-9a1b-2ee8a39b9b25,2,1000
4547564707,2025-09-18T15:55:01,800,7454.68,REJECTED,e069016d-d217-4fbc-b438-1e8790b731fb,2,1000
4541840356,2025-09-04T02:10:18,750,7891.36,APPROVED,fe53d2be-049c-47fa-871a-c4a8b1a10e40,3,4000
4532212131,2025-07-27T02:54:19,755,6665.36,QUOTATION,0c328cd6-def4-4097-8b5d-ef9b4362cfd3,2,2000
4541558945,2025-08-07T04:58:10,368,7508.35,WAITING,daffc87a-fdb5-424e-9155-782c6cd1b731,3,2000
4565778388,2025-10-17T19:00:15,610,9466.11,QUOTATION,de541e55-b7b6-404a-8ce0-a6f1ea925750,2,4000
4536886178,2025-11-03T06:40:41,567,614.51,REJECTED,62117371-6664-4e90-9e4c-e3939789c81a,5,4000
4572058006,2025-08-06T22:09:09,898,3018.73,QUOTATION,a1ad3c2b-45ca-491c-8ef2-a64af7d19e43,4,2000
4581560192,2025-07-02T23:49:31,138,388.18,WAITING,ba5b8587-5d45-44ac-9e4e-16cb4b3afecc,3,4000
4554854223,2025-09-22T02:42:34,375,6214.16,REJECTED,05767575-2944-4457-9aa7-06e1dae2ae25,2,4000
4548837000,2025-06-14T12:47:57,144,8330.4,REJECTED,a1ad3c2b-45ca-491c-8ef2-a64af7d19e43,1,3000
4525178148,2025-10-18T08:31:00,726,5201.58,REJECTED,110f8801-eea1-420d-98e6-dd439569747b,5,2000
4529840107,2025-08-15T17:26:48,244,9937.61,REJECTED,d4dbba0a-2b26-4233-9017-bb25b2e860f3,2,4000
4592275568,2025-08-25T00:16:08,226,4134.95,APPROVED,aa51a37d-2867-459b-8885-b5c8b161616a,5,4000
4527101214,2025-11-19T16:58:03,1000,2072.74,WAITING,00a417fb-f2b9-4bb8-90c0-0787c3f2e3c7,5,2000
4570730387,2025-08-11T14:11:41,765,2680.95,WAITING,bcebc30c-15e5-48e2-9c32-c86d886f82a0,2,1000
4556220370,2025-11-09T05:16:10,365,6797.11,WAITING,84aadcf6-499b-4416-9a35-3e546eb39a5c,1,4000
4575907468,2025-07-12T22:40:26,981,1851.14,QUOTATION,35672019-b6d1-42b4-b906-8819b248182e,3,4000
4576812322,2025-09-03T01:55:46,601,6346.04,QUOTATION,384bae62-8ba8-4cac-b8ad-3df4e68bcafa,3,1000
4582011276,2025-08-03T09:00:02,960,7996.08,QUOTATION,8ca5ca23-a910-469b-aec1-73bd31d74ba2,5,2000
4517396194,2025-06-21T19:13:09,497,6916.88,QUOTATION,2c6e3cb9-21cb-4de6-ae38-f117a3cbdfe2,3,1000
4558333313,2025-09-03T11:50:04,900,4308.51,REJECTED,ad64acbd-9045-44ec-9111-f6b3b90cb060,1,4000
4592995117,2025-08-14T15:42:24,738,6217.16,WAITING,b0154cbb-c693-4062-88b9-a8acf4402b56,5,3000
4519853224,2025-06-18T14:03:19,672,8077.57,WAITING,62117371-6664-4e90-9e4c-e3939789c81a,3,2000
4514129824,2025-10-10T09:37:37,90,2679.27,REJECTED,f6979cad-3c89-4280-985d-d7f07aaa8c2b,2,3000
4537864781,2025-09-02T19:36:58,999,5456.98,APPROVED,834a14f7-cbd7-4220-9587-cd61c93c8253,2,1000
4591926207,2025-10-16T13:56:23,81,946.23,WAITING,da731710-48f7-4c02-8dd6-917ff4c62e3b,1,1000
4593760432,2025-08-10T21:03:13,552,5381.66,APPROVED,35672019-b6d1-42b4-b906-8819b248182e,4,1000
4538198652,2025-09-24T05:30:34,923,8020.69,WAITING,6c55f239-a4f0-4edd-afe8-02d129db9eda,5,4000
4514800292,2025-06-10T04:59:42,551,3317.31,QUOTATION,daffc87a-fdb5-424e-9155-782c6cd1b731,3,3000
4575352428,2025-10-09T19:07:26,150,8475.49,QUOTATION,de541e55-b7b6-404a-8ce0-a6f1ea925750,2,4000
4530514113,2025-07-23T17:27:10,1,4329.21,WAITING,dbce3e63-1a5c-4595-a1f9-d09c3d978567,5,1000
4571553358,2025-09-02T16:27:11,698,7755.63,APPROVED,fe53d2be-049c-47fa-871a-c4a8b1a10e40,1,2000
4567748715,2025-11-21T13:47:16,21,2546.99,REJECTED,51991c98-a328-457f-a862-0962b2d30ddc,3,3000
4598589718,2025-10-07T19:00:55,714,9640.81,APPROVED,8ca5ca23-a910-469b-aec1-73bd31d74ba2,2,3000
4574197261,2025-11-11T09:53:42,869,5216.59,WAITING,31ac60a6-1bc1-442c-ae10-4a420f770538,4,3000
4564531722,2025-09-20T23:21:46,769,3557.25,APPROVED,f6979cad-3c89-4280-985d-d7f07aaa8c2b,2,3000
4520835858,2025-08-26T20:49:39,295,5926.43,REJECTED,9ec93c76-9578-4947-a5ca-def516b026cb,5,2000
4528364549,2025-11-12T08:30:59,143,5369.96,QUOTATION,651e8d5b-8636-4635-a934-6f9427d506b8,3,2000
4565313118,2025-08-24T00:49:41,185,5349.74,WAITING,01bb5e4b-33d3-4db2-85a2-499f5c9e31b4,3,4000
4505924311,2025-06-10T08:49:29,644,3060.45,WAITING,d4dbba0a-2b26-4233-9017-bb25b2e860f3,3,1000
4581288354,2025-06-02T20:35:41,340,3341.33,APPROVED,4a5df305-6d85-4b5a-81ca-b2a776017f8f,1,4000
4531832959,2025-08-04T22:57:44,865,3550.56,REJECTED,611eefb3-ef38-4a2e-831a-15aff1dde8f8,4,1000
4511471362,2025-09-08T22:11:49,863,6610.31,APPROVED,fe53d2be-049c-47fa-871a-c4a8b1a10e40,5,1000
4534524619,2025-09-03T16:42:07,973,3211.69,QUOTATION,9ec93c76-9578-4947-a5ca-def516b026cb,2,2000
4505077137,2025-11-22T12:50:56,739,5930.55,REJECTED,4029508a-afa4-4faf-b175-4bb65b8a4dbb,2,4000
4512421166,2025-10-27T22:35:14,26,145.54,QUOTATION,cea90057-5542-4a9f-8ad8-2fa263b39b7b,3,3000
4501068171,2025-10-22T00:04:34,266,8527.5,WAITING,2c6e3cb9-21cb-4de6-ae38-f117a3cbdfe2,5,1000
4567224878,2025-08-21T17:07:37,67,9148.45,APPROVED,611eefb3-ef38-4a2e-831a-15aff1dde8f8,5,1000
4581284758,2025-08-08T20:05:13,349,5217.27,QUOTATION,daffc87a-fdb5-424e-9155-782c6cd1b731,1,3000
4534188014,2025-09-03T06:59:05,602,671.5,REJECTED,d0d94739-009d-44aa-ae3d-8c35a65083c5,5,3000
4515876736,2025-09-24T19:29:16,494,3513.47,WAITING,ad64acbd-9045-44ec-9111-f6b3b90cb060,2,2000
4597621817,2025-11-21T00:03:32,529,6439.34,APPROVED,ebfe58ef-0dee-41d8-859e-ae2bff66e7fc,3,4000
4541356476,2025-06-17T18:02:58,291,3463.64,APPROVED,9fc109ea-2585-4c23-9329-2ccda2d964eb,4,2000
4595375141,2025-10-19T05:20:47,997,8875.94,QUOTATION,9a109dc4-7be3-4aec-94bb-ede38f79ae14,2,1000
4502934703,2025-06-15T01:16:37,579,8125.64,REJECTED,a1ad3c2b-45ca-491c-8ef2-a64af7d19e43,2,2000
4521781410,2025-09-27T11:46:22,132,278.85,APPROVED,3d3527a9-4ef5-45d5-83c2-4178789f9921,4,4000
4560008686,2025-06-28T00:06:55,402,3235.15,QUOTATION,71b893be-0a75-41a7-9a52-bcdb771cc5ec,2,2000
4535913719,2025-06-01T02:46:00,786,9402.02,APPROVED,51991c98-a328-457f-a862-0962b2d30ddc,1,4000
4523622048,2025-11-14T15:48:47,115,9853.19,QUOTATION,ba3d4978-80db-4a12-9f06-e4c698936184,4,4000
4569287268,2025-07-13T16:48:18,118,8985.2,QUOTATION,05767575-2944-4457-9aa7-06e1dae2ae25,4,1000
4551332546,2025-07-09T18:27:26,576,3389.66,WAITING,3c65561d-5119-4985-87e7-48965fe9f62c,5,1000
4506192988,2025-09-20T09:31:47,597,1477.91,QUOTATION,2c6e3cb9-21cb-4de6-ae38-f117a3cbdfe2,4,3000
4558344451,2025-06-21T21:21:59,952,413.93,APPROVED,de541e55-b7b6-404a-8ce0-a6f1ea925750,2,2000
4583239630,2025-08-22T00:32:25,678,6921.5,QUOTATION,cea90057-5542-4a9f-8ad8-2fa263b39b7b,2,1000
4564401856,2025-10-12T16:26:35,975,4041.89,REJECTED,daffc87a-fdb5-424e-9155-782c6cd1b731,5,1000
4583084209,2025-10-10T17:01:50,269,3869.08,REJECTED,d5b6a98e-464a-4e85-ad1c-7fd6be7df835,1,1000
4539987767,2025-08-04T20:49:26,943,5684.87,APPROVED,37bf8863-0046-49cb-a72c-f7e41661214b,5,4000
4585860339,2025-10-02T11:09:34,914,1704.03,REJECTED,cf11fe2a-443a-44e9-96b0-e6b91ddfa87d,5,3000
4574878956,2025-06-20T03:34:03,259,361.12,REJECTED,00a417fb-f2b9-4bb8-90c0-0787c3f2e3c7,4,3000
4558056268,2025-09-23T19:59:20,912,5619.84,WAITING,71b893be-0a75-41a7-9a52-bcdb771cc5ec,1,4000
4528866512,2025-10-19T00:54:12,190,3272.53,WAITING,b577718c-a2a9-4f8a-a41c-7cac0d102aab,3,3000
4542750328,2025-08-21T16:30:28,220,2369.86,REJECTED,cea90057-5542-4a9f-8ad8-2fa263b39b7b,5,4000
4557936550,2025-10-21T02:29:11,574,9098.79,REJECTED,9a109dc4-7be3-4aec-94bb-ede38f79ae14,4,2000
4545200875,2025-08-10T21:45:06,745,378.59,QUOTATION,b020551c-5fe7-45ea-881a-6fa78332362d,4,4000
4593160064,2025-11-10T22:50:05,15,8172.73,REJECTED,2c7b9d8a-6b92-4a21-a03e-024e434a203d,2,2000
4594409279,2025-11-28T12:11:54,907,4214.35,WAITING,eb8e5632-45d0-47e9-bcc0-ee76bf030643,3,2000
4508788585,2025-07-20T02:53:21,106,8639.36,APPROVED,cea90057-5542-4a9f-8ad8-2fa263b39b7b,5,3000
4505320129,2025-10-06T22:45:30,519,9949.39,REJECTED,da731710-48f7-4c02-8dd6-917ff4c62e3b,1,2000
4597622642,2025-07-24T20:40:03,480,1197.99,WAITING,3341d7ea-5bed-42e4-82c2-18d0adfbcdf1,3,4000
4560733864,2025-07-19T11:42:25,199,5905.91,QUOTATION,b020551c-5fe7-45ea-881a-6fa78332362d,2,1000
4531302204,2025-10-07T02:58:35,179,2817.85,REJECTED,f524f9ee-95cb-4e66-a6c1-b58f8296e7f3,3,4000
4512098100,2025-06-24T04:52:02,577,6465.47,REJECTED,915bda23-d2b3-4bab-9d3b-0b701beb76fa,1,4000
4549763203,2025-11-26T06:38:51,104,3862.7,REJECTED,f6979cad-3c89-4280-985d-d7f07aaa8c2b,2,4000
4547514808,2025-06-08T11:09:56,980,5544.94,APPROVED,384bae62-8ba8-4cac-b8ad-3df4e68bcafa,5,4000
4504271513,2025-10-12T02:22:10,548,5323.96,REJECTED,110f8801-eea1-420d-98e6-dd439569747b,1,3000
4567285598,2025-08-25T03:50:30,59,2560.72,QUOTATION,51991c98-a328-457f-a862-0962b2d30ddc,3,2000
4514423239,2025-07-01T03:25:41,509,1933.86,APPROVED,eb8e5632-45d0-47e9-bcc0-ee76bf030643,1,1000
4523805693,2025-11-04T19:40:38,335,477.21,WAITING,0a58bce2-1697-4c89-b568-ae280f33f982,1,2000
4514589825,2025-09-25T23:21:59,978,720.82,WAITING,d4dbba0a-2b26-4233-9017-bb25b2e860f3,2,4000
4553747747,2025-06-04T13:47:19,582,7869.83,WAITING,d5b6a98e-464a-4e85-ad1c-7fd6be7df835,3,1000
4571517443,2025-09-23T01:49:03,643,625.13,REJECTED,2c6e3cb9-21cb-4de6-ae38-f117a3cbdfe2,3,2000
4550450182,2025-10-20T02:57:56,976,8136.01,QUOTATION,9567383e-1921-4683-803b-509faa2bc9d5,3,2000
4574544277,2025-08-10T06:10:41,548,7728.85,APPROVED,9567383e-1921-4683-803b-509faa2bc9d5,1,2000
4591513510,2025-08-18T13:02:39,591,9899.35,APPROVED,d4dbba0a-2b26-4233-9017-bb25b2e860f3,4,2000
4535951512,2025-06-05T21:53:58,744,3808.86,APPROVED,d7da1df8-a4af-4efe-a657-570c6d350470,3,4000
4565742771,2025-06-03T03:44:54,404,5372.25,REJECTED,651e8d5b-8636-4635-a934-6f9427d506b8,4,2000
4586319376,2025-07-23T16:56:31,39,9698.25,WAITING,6cc3c3b9-23fa-4969-8791-af89dedc62c9,5,2000
4531253557,2025-11-24T19:51:13,229,1394.48,REJECTED,a9da22e7-f42f-4428-9083-96395b7a7e9a,2,1000
4553247496,2025-08-13T19:38:15,495,2636.38,APPROVED,2c6e3cb9-21cb-4de6-ae38-f117a3cbdfe2,3,4000
4508872080,2025-07-09T05:18:57,716,1372.24,WAITING,01bb5e4b-33d3-4db2-85a2-499f5c9e31b4,4,3000
4592179224,2025-09-26T08:43:42,268,7281.45,WAITING,f6dd041e-f994-407c-9a1b-2ee8a39b9b25,3,3000
4501175194,2025-11-16T22:50:47,710,5584.63,QUOTATION,408c4fe5-9066-4997-8f1c-ad8daae4b1f6,4,1000
4578076279,2025-08-04T22:14:52,816,2085.83,QUOTATION,01bb5e4b-33d3-4db2-85a2-499f5c9e31b4,3,4000
4507730554,2025-08-02T00:58:12,389,9895.95,APPROVED,0e752cfe-75ff-427d-8214-57710b509b33,3,2000
4588189948,2025-10-25T10:37:42,728,989.87,APPROVED,62117371-6664-4e90-9e4c-e3939789c81a,1,4000
4518329276,2025-11-17T13:18:08,16,2386.75,WAITING,e7ba4d18-37bf-472c-9d3a-7756c21a55c9,1,2000
4554199639,2025-11-16T04:35:42,916,808.53,REJECTED,ea38b7e1-b488-4873-ab04-3066d219b434,5,3000
4580477197,2025-10-03T22:47:50,392,1055.13,APPROVED,f524f9ee-95cb-4e66-a6c1-b58f8296e7f3,4,4000
4531919622,2025-10-11T03:36:09,434,6885.73,WAITING,4a5df305-6d85-4b5a-81ca-b2a776017f8f,4,3000
4590430266,2025-10-27T08:37:56,644,1421.89,QUOTATION,84aadcf6-499b-4416-9a35-3e546eb39a5c,5,3000
4569874044,2025-11-25T23:29:45,343,6124.21,APPROVED,b020551c-5fe7-45ea-881a-6fa78332362d,4,1000
4533585695,2025-09-26T00:13:06,830,5885.3,QUOTATION,611eefb3-ef38-4a2e-831a-15aff1dde8f8,1,3000
4569325124,2025-06-01T02:19:35,859,8772.85,WAITING,35672019-b6d1-42b4-b906-8819b248182e,5,3000
4544736523,2025-11-16T00:46:24,740,1061.66,APPROVED,32149af9-a4f0-4e80-a73d-490a9faef06f,1,1000
4571506733,2025-06-16T16:21:27,238,1766.75,WAITING,56ae9e46-c0b2-46ca-b51d-5686e00ce4a6,4,1000
4504843412,2025-11-10T16:52:47,918,6242.97,APPROVED,15ddc72a-7103-4a88-a951-49c5aa75affd,4,2000
4533399376,2025-07-16T06:20:13,304,4317.66,WAITING,c40f8a37-9024-4fcd-80a6-7917301ba6bd,1,2000
4588171188,2025-08-13T06:39:08,832,6851.17,WAITING,915bda23-d2b3-4bab-9d3b-0b701beb76fa,5,1000
4548692091,2025-11-14T07:20:16,215,8099.84,WAITING,4a5df305-6d85-4b5a-81ca-b2a776017f8f,5,3000
4544725479,2025-09-28T08:02:49,834,2475.65,REJECTED,a4926703-442b-4179-808a-04de7d4e1015,3,1000
4579293920,2025-09-25T11:59:34,868,8521.08,REJECTED,cea90057-5542-4a9f-8ad8-2fa263b39b7b,5,2000
4529504649,2025-06-02T10:36:11,559,2096.55,QUOTATION,00a417fb-f2b9-4bb8-90c0-0787c3f2e3c7,3,4000
4598033785,2025-10-03T15:57:34,484,1925.94,REJECTED,ea38b7e1-b488-4873-ab04-3066d219b434,2,2000
4549200819,2025-09-16T22:05:48,422,6217.38,WAITING,cea90057-5542-4a9f-8ad8-2fa263b39b7b,4,4000
4584107008,2025-06-28T23:16:15,569,3173.95,REJECTED,ea38b7e1-b488-4873-ab04-3066d219b434,2,4000
4581894649,2025-11-08T11:41:33,17,124.4,QUOTATION,00a417fb-f2b9-4bb8-90c0-0787c3f2e3c7,1,1000
4505952764,2025-06-13T03:01:34,410,4360.49,REJECTED,76fa0c16-dc3a-4a9b-b914-de6a0097f3dc,3,1000
4583769007,2025-10-23T12:52:02,552,1625.79,WAITING,28d388a1-0e70-41d0-a8a1-abb9e3263b7b,3,2000
4546176441,2025-07-17T13:24:23,676,5671.99,QUOTATION,384bae62-8ba8-4cac-b8ad-3df4e68bcafa,3,4000
4526184436,2025-07-02T23:04:27,49,2685.46,REJECTED,dbce3e63-1a5c-4595-a1f9-d09c3d978567,1,3000
4590691678,2025-11-14T11:31:15,666,9608.48,REJECTED,62117371-6664-4e90-9e4c-e3939789c81a,3,3000
4525137106,2025-06-02T00:16:15,431,3235.63,REJECTED,0a58bce2-1697-4c89-b568-ae280f33f982,2,2000
4543777691,2025-08-16T17:26:02,453,3502.26,REJECTED,651e8d5b-8636-4635-a934-6f9427d506b8,1,4000
4537195987,2025-10-19T08:10:02,727,4956.93,REJECTED,fe53d2be-049c-47fa-871a-c4a8b1a10e40,2,2000
4596541187,2025-06-23T03:09:24,913,2492.27,WAITING,73df3d25-bcec-47a6-8d66-6b628e81ed2d,5,4000
4596014237,2025-06-06T22:35:47,467,9014.14,WAITING,71b893be-0a75-41a7-9a52-bcdb771cc5ec,1,2000
4578546941,2025-06-19T20:17:22,756,8751.96,WAITING,82ebf1b0-6982-4deb-ac51-c7a6d0a68c5d,5,4000
4531544968,2025-07-03T00:32:02,333,5891.88,WAITING,3f3292d8-3056-42da-9ec5-d080c252a223,5,2000
4582164048,2025-09-05T13:03:39,772,1604.52,WAITING,bf599d91-442c-4e09-b5ae-b9f08a417d11,1,1000
4551826148,2025-11-25T23:29:37,781,5187.33,REJECTED,ad64acbd-9045-44ec-9111-f6b3b90cb060,2,3000
4503339553,2025-09-26T08:48:25,734,8537.04,REJECTED,74d238f7-61d4-41c6-9d51-b05f2eddcb36,2,2000
4599678122,2025-09-07T11:29:48,165,3583.57,REJECTED,05767575-2944-4457-9aa7-06e1dae2ae25,1,3000
4533030295,2025-11-21T02:15:39,271,8206.21,REJECTED,a1a6e723-19c6-46fd-a584-917efe27f127,4,3000
4581294310,2025-06-13T17:58:27,889,9856.27,APPROVED,62117371-6664-4e90-9e4c-e3939789c81a,2,1000
4580924799,2025-09-14T12:32:22,588,8479.71,WAITING,0c328cd6-def4-4097-8b5d-ef9b4362cfd3,3,3000
4581040504,2025-06-18T12:24:31,159,1147.86,WAITING,834a14f7-cbd7-4220-9587-cd61c93c8253,1,1000
4551462959,2025-09-24T16:59:17,867,7471.04,QUOTATION,fcc9df1e-2761-4b55-8f60-015b21066d78,5,2000
4524701818,2025-10-11T02:55:47,675,8346.18,QUOTATION,bf599d91-442c-4e09-b5ae-b9f08a417d11,3,1000
4561367906,2025-09-12T06:31:45,72,8454.99,REJECTED,2ab670e8-49e3-4a95-9871-d937f77b5927,3,2000
4592534368,2025-08-19T13:30:42,304,8088.59,APPROVED,76fa0c16-dc3a-4a9b-b914-de6a0097f3dc,4,4000
4500335015,2025-08-24T09:45:22,28,7485.71,WAITING,da731710-48f7-4c02-8dd6-917ff4c62e3b,4,1000
4533953759,2025-09-19T03:52:18,239,8887.05,REJECTED,31ac60a6-1bc1-442c-ae10-4a420f770538,2,4000
4531964382,2025-11-10T09:11:53,789,7745.55,QUOTATION,b0154cbb-c693-4062-88b9-a8acf4402b56,1,3000
4577117677,2025-08-14T23:04:33,310,1035.93,WAITING,eb8e5632-45d0-47e9-bcc0-ee76bf030643,2,2000
4503922574,2025-08-22T23:32:09,285,8331.57,QUOTATION,82ebf1b0-6982-4deb-ac51-c7a6d0a68c5d,3,2000
4597362685,2025-09-01T18:21:52,537,1378.71,REJECTED,a9da22e7-f42f-4428-9083-96395b7a7e9a,2,1000
4503230245,2025-09-21T20:59:05,973,5456.95,REJECTED,611eefb3-ef38-4a2e-831a-15aff1dde8f8,4,4000
4598612382,2025-06-16T18:19:15,153,3429.26,APPROVED,74d238f7-61d4-41c6-9d51-b05f2eddcb36,2,2000
4505571983,2025-06-06T22:19:58,102,3872.68,APPROVED,f6dd041e-f994-407c-9a1b-2ee8a39b9b25,1,4000
4588461098,2025-06-16T13:05:57,644,839.12,APPROVED,eb8e5632-45d0-47e9-bcc0-ee76bf030643,3,3000
4550636265,2025-07-11T04:06:10,26,8778.08,QUOTATION,84aadcf6-499b-4416-9a35-3e546eb39a5c,1,3000
4521901481,2025-06-10T12:30:19,24,7738.03,REJECTED,d4dbba0a-2b26-4233-9017-bb25b2e860f3,4,3000
4596149126,2025-08-27T07:20:32,146,8713.79,WAITING,fcc9df1e-2761-4b55-8f60-015b21066d78,4,1000
4590201369,2025-10-19T14:15:47,544,88.38,APPROVED,0c328cd6-def4-4097-8b5d-ef9b4362cfd3,5,1000
4590874857,2025-06-19T05:14:13,503,9727.43,APPROVED,aa51a37d-2867-459b-8885-b5c8b161616a,3,3000
4537229993,2025-08-10T15:35:06,371,1995.56,APPROVED,fe53d2be-049c-47fa-871a-c4a8b1a10e40,5,3000
4530783014,2025-06-16T09:02:09,201,9431.81,WAITING,01bb5e4b-33d3-4db2-85a2-499f5c9e31b4,1,3000
4512921495,2025-09-15T12:52:51,75,7987.74,REJECTED,d5b6a98e-464a-4e85-ad1c-7fd6be7df835,4,4000
4569378660,2025-06-23T07:10:34,117,6689.16,WAITING,ebfe58ef-0dee-41d8-859e-ae2bff66e7fc,2,2000
4549166989,2025-08-26T17:31:43,350,9242.64,REJECTED,cf11fe2a-443a-44e9-96b0-e6b91ddfa87d,4,1000
4562502926,2025-07-09T07:38:39,839,9767.57,WAITING,37bf8863-0046-49cb-a72c-f7e41661214b,2,1000
4560606547,2025-07-13T02:52:22,889,9859.39,WAITING,2c7b9d8a-6b92-4a21-a03e-024e434a203d,1,3000
4529612167,2025-11-24T10:25:32,525,9864.78,REJECTED,0a58bce2-1697-4c89-b568-ae280f33f982,3,3000
4531882988,2025-08-17T03:40:41,652,5061.0,WAITING,2ab670e8-49e3-4a95-9871-d937f77b5927,1,2000
4516644826,2025-06-27T07:55:31,725,3368.5,WAITING,0c328cd6-def4-4097-8b5d-ef9b4362cfd3,1,3000
4516322038,2025-10-11T11:01:13,3,6597.66,APPROVED,ce1eeb99-74a8-4547-b95c-345102c07d21,3,2000
4577194544,2025-09-12T10:35:23,549,8199.11,QUOTATION,de541e55-b7b6-404a-8ce0-a6f1ea925750,5,3000
4519159262,2025-07-19T15:58:33,411,6031.06,APPROVED,ad64acbd-9045-44ec-9111-f6b3b90cb060,1,1000
4521597308,2025-09-04T20:53:41,629,4367.16,WAITING,31ac60a6-1bc1-442c-ae10-4a420f770538,4,2000
4520633033,2025-06-17T10:35:51,233,5221.85,QUOTATION,dbce3e63-1a5c-4595-a1f9-d09c3d978567,2,4000
4529607599,2025-09-21T10:25:07,428,5887.23,WAITING,82ebf1b0-6982-4deb-ac51-c7a6d0a68c5d,4,2000
4509335502,2025-06-08T08:14:10,471,6827.55,REJECTED,9c7454a7-b80c-4d19-b841-4c0343b75add,4,1000
4566868064,2025-07-14T17:50:12,175,999.15,APPROVED,0e752cfe-75ff-427d-8214-57710b509b33,1,1000
4523158411,2025-11-18T11:49:25,883,8719.04,WAITING,32149af9-a4f0-4e80-a73d-490a9faef06f,5,4000
4573826728,2025-07-17T04:11:05,971,1310.67,WAITING,74d238f7-61d4-41c6-9d51-b05f2eddcb36,3,2000
4592801805,2025-10-01T05:40:29,596,9584.8,WAITING,76fa0c16-dc3a-4a9b-b914-de6a0097f3dc,2,3000
4500799596,2025-10-21T05:29:12,949,580.51,APPROVED,4a2d279e-2495-496f-80d9-bc5a45e3b6b4,2,2000
4584245997,2025-10-12T03:34:41,668,2603.25,WAITING,9c7454a7-b80c-4d19-b841-4c0343b75add,4,4000
4549389950,2025-08-06T08:07:27,312,1291.26,APPROVED,e069016d-d217-4fbc-b438-1e8790b731fb,5,2000
4523667999,2025-11-19T15:19:35,430,2124.65,WAITING,6cc3c3b9-23fa-4969-8791-af89dedc62c9,4,3000
4537913277,2025-06-02T17:08:38,326,6469.9,QUOTATION,da731710-48f7-4c02-8dd6-917ff4c62e3b,5,2000
4556175353,2025-09-03T11:18:42,213,7216.1,QUOTATION,2c6e3cb9-21cb-4de6-ae38-f117a3cbdfe2,4,3000
4519814835,2025-06-21T01:22:28,22,9613.06,REJECTED,5c250769-58e7-4a67-92b8-05566aab2cd0,5,4000
4579023671,2025-09-22T08:21:58,78,8580.45,QUOTATION,8ca5ca23-a910-469b-aec1-73bd31d74ba2,5,3000
4541152330,2025-08-13T06:32:52,339,978.75,WAITING,384bae62-8ba8-4cac-b8ad-3df4e68bcafa,3,1000
4580350673,2025-06-20T14:28:31,489,217.23,REJECTED,9ec93c76-9578-4947-a5ca-def516b026cb,3,1000
4576803237,2025-08-01T06:21:31,250,2196.52,APPROVED,4a2d279e-2495-496f-80d9-bc5a45e3b6b4,4,2000
4550852536,2025-07-23T04:10:51,2,763.59,WAITING,384bae62-8ba8-4cac-b8ad-3df4e68bcafa,1,2000
4579006740,2025-11-04T21:29:06,111,5676.82,WAITING,975480d4-8c15-44ba-8c55-a9938bdaa2c4,2,1000
4541166135,2025-07-10T03:07:43,974,5896.92,QUOTATION,71b893be-0a75-41a7-9a52-bcdb771cc5ec,5,4000
4559004538,2025-11-27T05:37:45,415,3704.92,REJECTED,3341d7ea-5bed-42e4-82c2-18d0adfbcdf1,2,2000
4571346810,2025-11-07T19:10:40,234,6080.51,REJECTED,76fa0c16-dc3a-4a9b-b914-de6a0097f3dc,1,3000
4500149823,2025-07-10T18:07:24,443,6596.9,APPROVED,71b893be-0a75-41a7-9a52-bcdb771cc5ec,4,1000
4507818270,2025-10-01T22:32:51,364,9112.42,WAITING,0439439c-8945-42c4-b079-5340d85df97c,2,2000
4555685724,2025-10-13T05:42:00,772,1274.74,WAITING,12a301b9-4c71-4181-a853-d29be7b6bd18,1,1000
4522222453,2025-07-17T14:02:10,457,6985.17,QUOTATION,ba5b8587-5d45-44ac-9e4e-16cb4b3afecc,1,1000
4575137996,2025-06-03T01:55:19,700,5975.75,WAITING,12a301b9-4c71-4181-a853-d29be7b6bd18,1,1000
4541158662,2025-08-07T13:06:40,22,1868.52,QUOTATION,da731710-48f7-4c02-8dd6-917ff4c62e3b,3,3000
4543064358,2025-09-24T02:25:55,997,5826.44,QUOTATION,4029508a-afa4-4faf-b175-4bb65b8a4dbb,3,3000
4534141910,2025-11-27T01:58:59,51,9151.99,QUOTATION,4a2d279e-2495-496f-80d9-bc5a45e3b6b4,2,1000
4519619182,2025-09-21T10:46:28,743,2589.87,WAITING,d5b6a98e-464a-4e85-ad1c-7fd6be7df835,5,2000
4589885714,2025-10-11T17:41:48,969,7888.5,REJECTED,ce1eeb99-74a8-4547-b95c-345102c07d21,4,3000
4547382093,2025-08-25T14:56:26,179,782.85,WAITING,da731710-48f7-4c02-8dd6-917ff4c62e3b,4,4000
4542008800,2025-10-28T20:58:29,896,2006.33,APPROVED,9a109dc4-7be3-4aec-94bb-ede38f79ae14,4,2000
4588660962,2025-11-11T05:01:48,824,7644.35,APPROVED,d0d94739-009d-44aa-ae3d-8c35a65083c5,2,3000
4544272323,2025-11-07T17:16:24,27,9871.98,QUOTATION,62117371-6664-4e90-9e4c-e3939789c81a,3,2000
4530932501,2025-06-26T21:08:38,952,4186.74,REJECTED,a4926703-442b-4179-808a-04de7d4e1015,3,1000
4524192502,2025-11-12T11:55:50,702,1887.86,REJECTED,74d238f7-61d4-41c6-9d51-b05f2eddcb36,3,1000
4597329647,2025-11-12T23:28:48,259,1523.55,REJECTED,384bae62-8ba8-4cac-b8ad-3df4e68bcafa,4,4000
4575151219,2025-06-14T08:59:45,396,3057.1,APPROVED,12a301b9-4c71-4181-a853-d29be7b6bd18,2,1000
4527946044,2025-07-21T09:10:41,716,5671.73,WAITING,cf11fe2a-443a-44e9-96b0-e6b91ddfa87d,1,4000
4543054870,2025-10-21T21:06:25,979,6683.26,QUOTATION,15ddc72a-7103-4a88-a951-49c5aa75affd,5,2000
4520791237,2025-10-05T08:47:19,404,3544.86,QUOTATION,2cf52c48-a37c-4244-a030-3fe16c443ecd,5,2000
4569850130,2025-08-21T11:56:54,915,8061.69,APPROVED,975480d4-8c15-44ba-8c55-a9938bdaa2c4,1,3000
4544174105,2025-09-28T20:15:07,783,1048.15,QUOTATION,5c250769-58e7-4a67-92b8-05566aab2cd0,3,2000
4540799703,2025-10-26T17:36:27,925,8071.76,QUOTATION,b577718c-a2a9-4f8a-a41c-7cac0d102aab,4,2000
4514069670,2025-09-07T08:30:52,671,5771.77,REJECTED,31ac60a6-1bc1-442c-ae10-4a420f770538,3,1000
4557410288,2025-08-23T15:12:50,334,5042.17,WAITING,134244b2-90f7-4d62-8488-d71e29828266,3,1000
4525190937,2025-06-17T18:14:19,691,5428.57,REJECTED,fcc9df1e-2761-4b55-8f60-015b21066d78,2,3000
4501645221,2025-08-20T02:21:52,513,1296.52,REJECTED,f524f9ee-95cb-4e66-a6c1-b58f8296e7f3,1,2000
4519346829,2025-06-04T15:48:44,716,4384.44,REJECTED,82ebf1b0-6982-4deb-ac51-c7a6d0a68c5d,5,1000
4570443744,2025-07-17T12:39:54,85,7264.53,QUOTATION,3d3527a9-4ef5-45d5-83c2-4178789f9921,3,2000
4530608811,2025-10-18T19:20:25,361,8659.92,APPROVED,b020551c-5fe7-45ea-881a-6fa78332362d,4,1000
4578654565,2025-06-05T04:58:18,699,9804.34,QUOTATION,3d3527a9-4ef5-45d5-83c2-4178789f9921,1,3000
4568998623,2025-10-27T19:20:03,113,2639.69,QUOTATION,01bb5e4b-33d3-4db2-85a2-499f5c9e31b4,1,2000
4510903672,2025-07-15T23:12:38,719,6530.62,APPROVED,a1a6e723-19c6-46fd-a584-917efe27f127,5,2000
4531386902,2025-06-13T12:10:59,380,3762.29,WAITING,ce1eeb99-74a8-4547-b95c-345102c07d21,5,3000
4573031857,2025-09-04T01:28:00,162,7064.76,WAITING,b577718c-a2a9-4f8a-a41c-7cac0d102aab,5,2000
4564402350,2025-07-05T04:54:06,116,6106.26,APPROVED,41e46c83-90d4-4836-a022-b900a018b3fa,4,3000
4517163941,2025-11-24T17:45:00,440,3011.75,APPROVED,134244b2-90f7-4d62-8488-d71e29828266,1,4000
4591013982,2025-11-15T12:23:06,485,519.14,QUOTATION,915bda23-d2b3-4bab-9d3b-0b701beb76fa,4,1000
4507749881,2025-11-06T13:29:00,214,3090.56,WAITING,3341d7ea-5bed-42e4-82c2-18d0adfbcdf1,1,1000
4550828819,2025-08-13T22:47:06,866,6634.88,QUOTATION,41f3b33b-8871-42fd-90d5-1d1d9f2d5aed,4,1000
4513387459,2025-10-21T18:16:50,778,3646.67,APPROVED,de541e55-b7b6-404a-8ce0-a6f1ea925750,5,2000
4554917256,2025-09-06T07:01:32,750,1103.61,WAITING,3c65561d-5119-4985-87e7-48965fe9f62c,1,4000
4530451426,2025-09-03T05:32:23,565,6573.05,REJECTED,0e752cfe-75ff-427d-8214-57710b509b33,3,2000
4515459806,2025-07-16T21:50:40,785,9177.48,QUOTATION,a1ad3c2b-45ca-491c-8ef2-a64af7d19e43,2,2000
4509988915,2025-10-21T08:45:14,243,971.15,REJECTED,cf11fe2a-443a-44e9-96b0-e6b91ddfa87d,2,3000
4592795593,2025-07-12T22:10:07,770,4096.16,REJECTED,f6979cad-3c89-4280-985d-d7f07aaa8c2b,1,1000
4549934714,2025-11-07T04:46:37,275,3851.39,APPROVED,651e8d5b-8636-4635-a934-6f9427d506b8,5,2000
4512340019,2025-09-18T11:51:13,794,1651.4,WAITING,3f3292d8-3056-42da-9ec5-d080c252a223,1,1000
4530305437,2025-11-22T10:38:26,147,7266.63,QUOTATION,651e8d5b-8636-4635-a934-6f9427d506b8,2,3000
4503336258,2025-11-22T12:07:21,173,8888.71,APPROVED,12a301b9-4c71-4181-a853-d29be7b6bd18,3,1000
4575945788,2025-09-21T16:43:39,137,5581.03,APPROVED,32149af9-a4f0-4e80-a73d-490a9faef06f,2,1000
4543934410,2025-09-10T10:36:49,400,6572.67,QUOTATION,eb8e5632-45d0-47e9-bcc0-ee76bf030643,3,4000
4514670163,2025-10-28T08:50:05,168,3723.25,REJECTED,4a2d279e-2495-496f-80d9-bc5a45e3b6b4,4,3000
4532375379,2025-08-09T13:00:22,816,8151.46,QUOTATION,8df0c99e-2745-44ae-94ee-ad79cb114fdb,3,4000
4593901063,2025-10-20T06:41:43,887,5240.14,QUOTATION,71b893be-0a75-41a7-9a52-bcdb771cc5ec,1,2000
4513607245,2025-11-20T23:08:18,452,4814.29,APPROVED,9ec93c76-9578-4947-a5ca-def516b026cb,5,2000
4585802785,2025-11-07T14:40:35,65,1258.59,APPROVED,0e752cfe-75ff-427d-8214-57710b509b33,3,4000
4525220883,2025-09-14T13:40:13,176,2793.56,REJECTED,d4dbba0a-2b26-4233-9017-bb25b2e860f3,5,3000
4584676924,2025-11-17T22:07:59,105,8471.92,REJECTED,eb8e5632-45d0-47e9-bcc0-ee76bf030643,2,2000
4520231833,2025-09-28T04:09:59,746,4347.0,QUOTATION,bf599d91-442c-4e09-b5ae-b9f08a417d11,2,2000
4536683590,2025-07-18T08:38:42,807,7148.69,APPROVED,31ac60a6-1bc1-442c-ae10-4a420f770538,5,2000
4541840213,2025-08-12T17:26:19,6,7414.47,APPROVED,6c55f239-a4f0-4edd-afe8-02d129db9eda,5,1000
4523588775,2025-07-06T06:00:05,556,6107.21,WAITING,ea38b7e1-b488-4873-ab04-3066d219b434,5,2000
4587100802,2025-07-26T12:12:19,879,9063.63,REJECTED,82ebf1b0-6982-4deb-ac51-c7a6d0a68c5d,4,2000
4557962448,2025-10-12T05:16:06,733,6026.78,REJECTED,cea90057-5542-4a9f-8ad8-2fa263b39b7b,2,2000
4532278344,2025-07-10T11:17:11,173,989.55,REJECTED,62117371-6664-4e90-9e4c-e3939789c81a,1,4000
4516803290,2025-11-10T19:40:59,316,5587.16,APPROVED,ebfe58ef-0dee-41d8-859e-ae2bff66e7fc,5,2000
4522872577,2025-11-04T12:47:06,339,7076.76,APPROVED,a9da22e7-f42f-4428-9083-96395b7a7e9a,3,4000
4594324512,2025-09-07T06:10:35,685,3356.03,QUOTATION,a9da22e7-f42f-4428-9083-96395b7a7e9a,1,2000
4502867009,2025-06-21T23:53:44,830,407.62,WAITING,ba5b8587-5d45-44ac-9e4e-16cb4b3afecc,1,3000
4583456396,2025-06-05T02:02:31,343,8750.07,REJECTED,31ac60a6-1bc1-442c-ae10-4a420f770538,3,3000
4529213356,2025-11-20T15:38:28,851,719.47,APPROVED,84aadcf6-499b-4416-9a35-3e546eb39a5c,1,1000
4573781569,2025-08-18T15:24:27,932,9081.2,REJECTED,71b893be-0a75-41a7-9a52-bcdb771cc5ec,4,2000
4536496120,2025-11-01T18:20:09,956,5245.38,APPROVED,0b319577-4ab0-4684-b112-b27aad212cb1,1,2000
4560402913,2025-08-04T06:07:09,688,9673.06,QUOTATION,ad64acbd-9045-44ec-9111-f6b3b90cb060,3,2000
4560411946,2025-07-02T13:02:45,625,179.45,QUOTATION,5257f4f1-580e-4eb3-89f9-6cae458e4509,3,3000
4541752755,2025-08-27T22:53:20,622,1678.07,WAITING,f6dd041e-f994-407c-9a1b-2ee8a39b9b25,2,2000
4553745326,2025-06-03T07:55:05,441,534.2,WAITING,01bb5e4b-33d3-4db2-85a2-499f5c9e31b4,4,2000
4566830484,2025-11-09T10:06:34,822,7952.04,QUOTATION,b577718c-a2a9-4f8a-a41c-7cac0d102aab,5,1000
4539394090,2025-10-21T09:15:15,932,6306.77,APPROVED,2c6e3cb9-21cb-4de6-ae38-f117a3cbdfe2,2,4000
4514747383,2025-08-18T05:05:42,630,9838.15,QUOTATION,15ddc72a-7103-4a88-a951-49c5aa75affd,3,2000
4576348021,2025-07-20T05:08:16,401,5475.31,APPROVED,bf599d91-442c-4e09-b5ae-b9f08a417d11,4,4000
4558873096,2025-09-13T07:00:21,423,678.46,APPROVED,ebfe58ef-0dee-41d8-859e-ae2bff66e7fc,2,3000
4515508083,2025-07-13T22:10:34,48,3469.89,APPROVED,bcebc30c-15e5-48e2-9c32-c86d886f82a0,4,2000
4594099042,2025-11-28T12:24:32,652,9603.71,QUOTATION,bcebc30c-15e5-48e2-9c32-c86d886f82a0,3,3000
4550698643,2025-10-10T18:50:29,235,8776.14,WAITING,31ac60a6-1bc1-442c-ae10-4a420f770538,1,3000
4542669044,2025-10-11T16:11:15,606,3895.91,REJECTED,da731710-48f7-4c02-8dd6-917ff4c62e3b,5,4000
4537868842,2025-07-25T16:21:19,168,5583.19,WAITING,e7ba4d18-37bf-472c-9d3a-7756c21a55c9,5,3000
4529309901,2025-09-24T23:31:19,755,3122.18,APPROVED,9567383e-1921-4683-803b-509faa2bc9d5,4,3000
4518918925,2025-08-02T18:22:19,438,3133.36,WAITING,3d3527a9-4ef5-45d5-83c2-4178789f9921,5,3000
4513530735,2025-07-22T21:55:31,325,1710.57,WAITING,71b893be-0a75-41a7-9a52-bcdb771cc5ec,5,3000
4549175241,2025-06-20T02:55:27,658,5904.34,WAITING,f524f9ee-95cb-4e66-a6c1-b58f8296e7f3,4,4000
4501991970,2025-08-05T11:56:29,26,1390.5,REJECTED,834a14f7-cbd7-4220-9587-cd61c93c8253,5,2000
4598103374,2025-11-02T07:45:37,297,7341.58,QUOTATION,651e8d5b-8636-4635-a934-6f9427d506b8,5,3000
4599557691,2025-07-28T01:02:11,12,1353.21,REJECTED,f524f9ee-95cb-4e66-a6c1-b58f8296e7f3,1,2000
4547275115,2025-09-09T14:00:31,492,27.48,APPROVED,41e46c83-90d4-4836-a022-b900a018b3fa,3,3000
4541577316,2025-11-16T12:45:55,636,6095.7,WAITING,9567383e-1921-4683-803b-509faa2bc9d5,2,2000
4527661154,2025-11-28T03:16:03,499,8555.33,QUOTATION,bcebc30c-15e5-48e2-9c32-c86d886f82a0,2,1000
4525581024,2025-08-27T21:20:27,951,3052.13,APPROVED,c40f8a37-9024-4fcd-80a6-7917301ba6bd,3,3000
4555463427,2025-09-18T22:30:52,100,152.87,APPROVED,fe53d2be-049c-47fa-871a-c4a8b1a10e40,1,3000
4568966981,2025-09-17T14:57:33,373,7194.03,REJECTED,ce1eeb99-74a8-4547-b95c-345102c07d21,5,3000
4530568733,2025-08-15T19:34:23,941,1819.48,WAITING,b6bbc970-46d2-4ff4-9c52-80f378cfe8ea,4,1000
4503298501,2025-06-12T17:25:59,459,5146.73,APPROVED,b020551c-5fe7-45ea-881a-6fa78332362d,3,3000
4520011422,2025-10-18T07:45:17,52,995.35,QUOTATION,73df3d25-bcec-47a6-8d66-6b628e81ed2d,1,4000
4523441940,2025-10-11T12:24:18,765,8125.88,WAITING,d7da1df8-a4af-4efe-a657-570c6d350470,1,1000
4505040522,2025-09-15T03:26:58,433,574.88,QUOTATION,6cc3c3b9-23fa-4969-8791-af89dedc62c9,5,2000
4538626616,2025-09-01T12:19:55,86,1239.15,APPROVED,a4926703-442b-4179-808a-04de7d4e1015,2,1000
4531506725,2025-11-19T08:40:53,88,2850.3,REJECTED,56ae9e46-c0b2-46ca-b51d-5686e00ce4a6,2,1000
4598536409,2025-09-16T20:41:09,107,2632.97,REJECTED,408c4fe5-9066-4997-8f1c-ad8daae4b1f6,2,2000
4593293024,2025-07-01T15:18:01,407,4363.12,REJECTED,fcc9df1e-2761-4b55-8f60-015b21066d78,2,2000
4523761350,2025-10-14T02:56:13,576,9841.81,APPROVED,975480d4-8c15-44ba-8c55-a9938bdaa2c4,5,1000
4551283200,2025-07-13T01:40:06,268,6735.57,WAITING,32149af9-a4f0-4e80-a73d-490a9faef06f,1,1000
4520901484,2025-07-08T08:56:38,883,5514.27,WAITING,0439439c-8945-42c4-b079-5340d85df97c,5,2000
4578464448,2025-06-14T18:56:31,273,896.66,QUOTATION,28d388a1-0e70-41d0-a8a1-abb9e3263b7b,2,2000
4517017510,2025-06-02T23:09:15,61,4439.89,REJECTED,0c328cd6-def4-4097-8b5d-ef9b4362cfd3,5,2000
4575173172,2025-08-17T01:41:20,102,2480.96,QUOTATION,4a5df305-6d85-4b5a-81ca-b2a776017f8f,1,2000
4504391293,2025-06-24T23:36:52,984,9456.57,APPROVED,cea90057-5542-4a9f-8ad8-2fa263b39b7b,5,3000
4526011013,2025-07-04T18:06:56,3,4282.25,WAITING,00a417fb-f2b9-4bb8-90c0-0787c3f2e3c7,2,3000
4552549512,2025-06-26T02:54:31,537,1908.63,WAITING,8df0c99e-2745-44ae-94ee-ad79cb114fdb,1,2000
4539725370,2025-08-04T06:49:25,890,5895.06,WAITING,a9da22e7-f42f-4428-9083-96395b7a7e9a,4,1000
4579005028,2025-07-16T15:23:49,819,9946.41,APPROVED,05767575-2944-4457-9aa7-06e1dae2ae25,3,1000
4574430820,2025-07-22T11:16:03,501,4498.68,APPROVED,0c328cd6-def4-4097-8b5d-ef9b4362cfd3,3,3000
4545244464,2025-06-03T13:52:01,373,9931.58,QUOTATION,37bf8863-0046-49cb-a72c-f7e41661214b,3,1000
4567771032,2025-10-03T11:28:12,268,996.88,APPROVED,bcebc30c-15e5-48e2-9c32-c86d886f82a0,2,1000
4561768008,2025-07-08T20:43:31,71,1639.22,REJECTED,41e46c83-90d4-4836-a022-b900a018b3fa,2,1000
4546547700,2025-06-24T05:59:27,389,2095.95,WAITING,bcebc30c-15e5-48e2-9c32-c86d886f82a0,4,4000
4542459057,2025-06-11T21:23:21,659,218.47,WAITING,915bda23-d2b3-4bab-9d3b-0b701beb76fa,4,1000
4500025896,2025-06-15T20:01:24,862,3622.55,WAITING,f524f9ee-95cb-4e66-a6c1-b58f8296e7f3,3,3000
4581977128,2025-08-10T20:30:16,125,3863.45,REJECTED,9fc109ea-2585-4c23-9329-2ccda2d964eb,2,4000
4580678884,2025-07-05T10:53:17,279,966.52,REJECTED,8df0c99e-2745-44ae-94ee-ad79cb114fdb,4,1000
4539662637,2025-06-03T07:20:10,821,9030.73,APPROVED,05767575-2944-4457-9aa7-06e1dae2ae25,4,4000
4528016854,2025-11-17T04:16:06,381,9435.47,APPROVED,cf11fe2a-443a-44e9-96b0-e6b91ddfa87d,1,2000
4518156906,2025-11-03T06:47:38,877,7453.49,REJECTED,8df0c99e-2745-44ae-94ee-ad79cb114fdb,1,2000
4584996671,2025-11-12T02:54:27,44,4906.46,REJECTED,5257f4f1-580e-4eb3-89f9-6cae458e4509,3,2000
4550945883,2025-11-01T01:16:31,299,7819.45,REJECTED,a1ad3c2b-45ca-491c-8ef2-a64af7d19e43,5,1000
4531593056,2025-09-27T16:09:39,512,5751.08,WAITING,5257f4f1-580e-4eb3-89f9-6cae458e4509,4,2000
4524568389,2025-06-15T10:22:22,770,8627.54,QUOTATION,aa51a37d-2867-459b-8885-b5c8b161616a,2,4000
4526657575,2025-06-08T09:54:36,424,7302.14,QUOTATION,5c250769-58e7-4a67-92b8-05566aab2cd0,2,3000
4570160093,2025-07-07T15:08:49,480,5528.46,WAITING,384bae62-8ba8-4cac-b8ad-3df4e68bcafa,1,1000
4532840136,2025-06-25T10:26:55,237,5288.42,APPROVED,f6979cad-3c89-4280-985d-d7f07aaa8c2b,3,1000
4553130260,2025-09-28T16:34:00,249,4294.47,QUOTATION,915bda23-d2b3-4bab-9d3b-0b701beb76fa,1,3000
4543325850,2025-11-19T22:10:28,21,8233.72,APPROVED,17dffc12-ac1a-44ed-ad09-3c824851c624,1,1000
4516910840,2025-09-22T07:39:59,925,2255.83,APPROVED,9ec93c76-9578-4947-a5ca-def516b026cb,4,4000
4503128200,2025-10-02T03:36:07,681,3776.19,WAITING,f6dd041e-f994-407c-9a1b-2ee8a39b9b25,2,3000
4523426391,2025-10-28T11:54:44,800,2336.05,WAITING,0e752cfe-75ff-427d-8214-57710b509b33,2,1000
4595919099,2025-08-24T04:42:04,37,7716.77,QUOTATION,eb8e5632-45d0-47e9-bcc0-ee76bf030643,5,4000
4578816310,2025-09-27T06:27:08,293,2466.35,REJECTED,e7ba4d18-37bf-472c-9d3a-7756c21a55c9,3,1000
4570585567,2025-07-01T18:12:36,302,3500.15,APPROVED,56ae9e46-c0b2-46ca-b51d-5686e00ce4a6,3,1000
4574108163,2025-06-05T10:02:56,235,7970.68,WAITING,3c65561d-5119-4985-87e7-48965fe9f62c,5,3000
4594361152,2025-10-17T23:48:34,41,8383.18,APPROVED,9a109dc4-7be3-4aec-94bb-ede38f79ae14,4,3000
4548906836,2025-11-04T15:08:28,644,5995.13,REJECTED,32149af9-a4f0-4e80-a73d-490a9faef06f,2,4000
4588714191,2025-07-17T00:32:07,853,9681.51,REJECTED,2c6e3cb9-21cb-4de6-ae38-f117a3cbdfe2,2,4000
4511166541,2025-09-04T22:07:06,555,8648.11,APPROVED,fffeaf8f-4b6b-4357-a309-89f4769c36da,4,3000
4524155601,2025-09-03T15:58:35,654,7170.35,APPROVED,0e752cfe-75ff-427d-8214-57710b509b33,5,3000
4561217131,2025-10-02T04:05:22,843,6115.66,QUOTATION,d4dbba0a-2b26-4233-9017-bb25b2e860f3,5,3000
4516565950,2025-10-24T20:40:15,802,2763.24,QUOTATION,31ac60a6-1bc1-442c-ae10-4a420f770538,4,1000
4501912459,2025-11-17T08:25:41,477,976.03,QUOTATION,110f8801-eea1-420d-98e6-dd439569747b,3,1000
4582226046,2025-09-23T06:48:42,128,1706.02,APPROVED,3f3292d8-3056-42da-9ec5-d080c252a223,1,2000
4577881108,2025-08-26T21:47:32,563,3617.64,WAITING,3341d7ea-5bed-42e4-82c2-18d0adfbcdf1,4,3000
4542822575,2025-11-14T14:07:58,508,5490.9,REJECTED,a1ad3c2b-45ca-491c-8ef2-a64af7d19e43,2,3000
4569329604,2025-11-03T20:46:42,750,9683.28,REJECTED,3c65561d-5119-4985-87e7-48965fe9f62c,4,1000
4565736139,2025-07-06T14:48:29,105,5689.05,QUOTATION,0e752cfe-75ff-427d-8214-57710b509b33,4,2000
4543080617,2025-07-17T19:12:26,509,3755.79,APPROVED,dbce3e63-1a5c-4595-a1f9-d09c3d978567,4,1000
4595155483,2025-07-04T20:21:30,230,8648.46,QUOTATION,35672019-b6d1-42b4-b906-8819b248182e,4,2000
4556687818,2025-08-21T17:31:25,123,6314.12,QUOTATION,daffc87a-fdb5-424e-9155-782c6cd1b731,5,1000
4544823356,2025-11-12T17:41:50,502,3773.66,QUOTATION,d5b6a98e-464a-4e85-ad1c-7fd6be7df835,4,4000
4586230371,2025-08-18T06:20:47,572,5497.46,APPROVED,a4926703-442b-4179-808a-04de7d4e1015,4,1000
4517870586,2025-10-21T04:39:17,369,1348.65,APPROVED,9c7454a7-b80c-4d19-b841-4c0343b75add,2,4000
4518168415,2025-06-01T19:09:51,857,6578.44,WAITING,ba3d4978-80db-4a12-9f06-e4c698936184,3,4000
4504573738,2025-11-14T00:41:02,581,1733.86,WAITING,eb8e5632-45d0-47e9-bcc0-ee76bf030643,3,1000
4561365575,2025-06-28T23:54:04,255,7323.15,APPROVED,a1a6e723-19c6-46fd-a584-917efe27f127,4,2000
4599678771,2025-06-13T08:54:23,918,9226.21,WAITING,e7ba4d18-37bf-472c-9d3a-7756c21a55c9,5,2000
4516487726,2025-08-13T05:58:52,467,7518.98,QUOTATION,5c250769-58e7-4a67-92b8-05566aab2cd0,4,1000
4597865703,2025-11-11T02:41:19,831,6172.51,WAITING,a1a6e723-19c6-46fd-a584-917efe27f127,2,4000
4578449105,2025-09-07T01:14:14,140,3115.73,REJECTED,ba5b8587-5d45-44ac-9e4e-16cb4b3afecc,5,4000
4572423813,2025-11-25T19:50:35,48,1164.16,REJECTED,c40f8a37-9024-4fcd-80a6-7917301ba6bd,3,2000
4504426469,2025-09-25T15:08:09,270,2468.31,QUOTATION,834a14f7-cbd7-4220-9587-cd61c93c8253,5,3000
4585523171,2025-10-13T15:32:30,624,5622.81,QUOTATION,74d238f7-61d4-41c6-9d51-b05f2eddcb36,5,3000
4583994926,2025-08-28T15:16:27,927,462.95,APPROVED,37bf8863-0046-49cb-a72c-f7e41661214b,2,4000
4516093285,2025-07-01T08:01:40,927,8909.95,REJECTED,3d3527a9-4ef5-45d5-83c2-4178789f9921,2,3000
4586483798,2025-09-24T13:15:55,538,2223.23,WAITING,9ec93c76-9578-4947-a5ca-def516b026cb,5,2000
4558485757,2025-07-10T20:31:39,867,8821.67,WAITING,ad64acbd-9045-44ec-9111-f6b3b90cb060,3,3000
4503826800,2025-09-25T10:15:19,222,2876.22,REJECTED,d7da1df8-a4af-4efe-a657-570c6d350470,5,4000
4539490231,2025-06-20T13:30:22,486,9872.62,QUOTATION,fffeaf8f-4b6b-4357-a309-89f4769c36da,3,1000
4543176421,2025-08-21T23:23:15,156,4461.63,QUOTATION,0f7e95f4-4fb9-4987-a1e1-5264880e721e,2,3000
4565685006,2025-10-04T08:40:31,512,9878.2,REJECTED,3ee51816-f540-45e6-8401-474c5df84e78,3,1000
4564522022,2025-11-23T15:54:54,333,3735.89,APPROVED,da731710-48f7-4c02-8dd6-917ff4c62e3b,4,2000
4598265308,2025-06-20T19:53:50,35,4630.78,QUOTATION,74d238f7-61d4-41c6-9d51-b05f2eddcb36,1,1000
4537431364,2025-10-13T00:45:42,22,1176.27,WAITING,05767575-2944-4457-9aa7-06e1dae2ae25,2,3000
4504163840,2025-06-18T11:51:05,908,3507.7,REJECTED,3c65561d-5119-4985-87e7-48965fe9f62c,4,2000
4504744989,2025-06-17T16:14:56,970,437.69,WAITING,a9da22e7-f42f-4428-9083-96395b7a7e9a,4,3000
4528778872,2025-11-22T04:39:49,964,5636.01,REJECTED,e7ba4d18-37bf-472c-9d3a-7756c21a55c9,5,1000
4586613176,2025-09-09T04:52:33,888,897.72,QUOTATION,3ee51816-f540-45e6-8401-474c5df84e78,5,2000
4570822537,2025-06-23T03:07:23,127,4085.8,APPROVED,76fa0c16-dc3a-4a9b-b914-de6a0097f3dc,5,2000
4500736394,2025-10-25T21:35:12,453,3492.07,REJECTED,76fa0c16-dc3a-4a9b-b914-de6a0097f3dc,4,3000
4560217195,2025-06-22T10:19:10,765,1428.89,APPROVED,4a5df305-6d85-4b5a-81ca-b2a776017f8f,4,2000
4523875173,2025-06-21T08:06:54,598,5663.38,APPROVED,384bae62-8ba8-4cac-b8ad-3df4e68bcafa,4,1000
4516953731,2025-07-28T11:37:37,159,289.04,APPROVED,611eefb3-ef38-4a2e-831a-15aff1dde8f8,1,3000
4528665796,2025-10-26T18:27:34,453,7115.18,WAITING,0f7e95f4-4fb9-4987-a1e1-5264880e721e,5,4000
4565268528,2025-07-19T13:01:37,95,7447.74,APPROVED,e069016d-d217-4fbc-b438-1e8790b731fb,5,2000
4568935413,2025-11-22T06:08:10,2,491.2,QUOTATION,3f3292d8-3056-42da-9ec5-d080c252a223,3,3000
4569155545,2025-10-22T16:21:12,339,3887.72,REJECTED,17dffc12-ac1a-44ed-ad09-3c824851c624,1,2000
4536466972,2025-07-21T03:22:38,55,2421.88,REJECTED,e069016d-d217-4fbc-b438-1e8790b731fb,2,4000
4532605162,2025-08-10T20:53:13,270,3037.13,WAITING,a1a6e723-19c6-46fd-a584-917efe27f127,2,1000
4539073554,2025-09-14T10:44:21,412,8845.97,WAITING,bf599d91-442c-4e09-b5ae-b9f08a417d11,5,1000
4587887103,2025-09-14T12:19:55,911,3554.83,WAITING,73df3d25-bcec-47a6-8d66-6b628e81ed2d,2,3000
4547955458,2025-07-03T10:48:12,497,4558.31,REJECTED,8df0c99e-2745-44ae-94ee-ad79cb114fdb,4,3000
4583969620,2025-08-20T05:31:23,70,5756.6,WAITING,e069016d-d217-4fbc-b438-1e8790b731fb,4,3000
4589327872,2025-09-21T03:58:31,186,9249.2,REJECTED,5257f4f1-580e-4eb3-89f9-6cae458e4509,3,3000
4535583282,2025-08-01T17:16:40,819,4746.78,REJECTED,9ec93c76-9578-4947-a5ca-def516b026cb,2,1000
4569003262,2025-10-23T13:21:05,244,2830.15,REJECTED,68681084-7b12-4fd9-9704-7da3802cb451,3,4000
4549800064,2025-11-08T12:20:19,722,548.06,QUOTATION,3f3292d8-3056-42da-9ec5-d080c252a223,2,1000
4523788922,2025-07-26T01:58:15,359,6800.83,REJECTED,975480d4-8c15-44ba-8c55-a9938bdaa2c4,5,3000
4596994020,2025-11-02T04:49:26,248,8914.78,QUOTATION,17dffc12-ac1a-44ed-ad09-3c824851c624,5,2000
4565822725,2025-11-01T13:11:33,199,511.43,WAITING,d4dbba0a-2b26-4233-9017-bb25b2e860f3,2,1000
4539871885,2025-07-19T22:11:01,132,5672.73,WAITING,9ec93c76-9578-4947-a5ca-def516b026cb,4,3000
4501754735,2025-11-03T08:09:18,259,8598.92,QUOTATION,915bda23-d2b3-4bab-9d3b-0b701beb76fa,1,3000
4532313952,2025-10-20T07:51:47,857,1287.4,QUOTATION,3ee51816-f540-45e6-8401-474c5df84e78,3,4000
4576453638,2025-08-18T18:23:15,14,427.69,REJECTED,82ebf1b0-6982-4deb-ac51-c7a6d0a68c5d,1,2000
4504197947,2025-08-27T09:03:46,3,2439.59,QUOTATION,fe53d2be-049c-47fa-871a-c4a8b1a10e40,5,4000
4531536656,2025-07-26T23:26:39,309,4449.09,WAITING,134244b2-90f7-4d62-8488-d71e29828266,2,3000
4577512733,2025-11-23T00:43:09,67,6732.85,APPROVED,daffc87a-fdb5-424e-9155-782c6cd1b731,4,2000
4581587129,2025-08-28T18:02:29,892,8547.48,QUOTATION,0439439c-8945-42c4-b079-5340d85df97c,3,1000
4501488744,2025-08-15T04:04:01,698,5979.0,REJECTED,3341d7ea-5bed-42e4-82c2-18d0adfbcdf1,5,2000
4530802307,2025-10-28T04:57:31,149,996.07,QUOTATION,a1a6e723-19c6-46fd-a584-917efe27f127,4,1000
4501261924,2025-10-08T20:32:15,804,4832.8,WAITING,3c65561d-5119-4985-87e7-48965fe9f62c,2,2000
4571847900,2025-07-15T22:53:16,204,715.75,APPROVED,ea38b7e1-b488-4873-ab04-3066d219b434,3,4000
4561008460,2025-07-10T12:20:02,843,8826.23,APPROVED,3ee51816-f540-45e6-8401-474c5df84e78,2,2000
4530790935,2025-06-12T13:20:24,636,3635.17,REJECTED,f6dd041e-f994-407c-9a1b-2ee8a39b9b25,3,2000
4571304047,2025-07-11T16:22:04,649,6818.3,APPROVED,9a109dc4-7be3-4aec-94bb-ede38f79ae14,2,3000
4500947801,2025-08-08T04:41:37,17,4303.91,QUOTATION,2ab670e8-49e3-4a95-9871-d937f77b5927,4,3000
4581802309,2025-07-13T20:31:36,480,2097.83,APPROVED,51991c98-a328-457f-a862-0962b2d30ddc,3,1000
4502111408,2025-08-23T14:48:22,786,1945.84,APPROVED,41f3b33b-8871-42fd-90d5-1d1d9f2d5aed,5,4000
4542947768,2025-09-20T10:05:39,272,1933.13,APPROVED,fffeaf8f-4b6b-4357-a309-89f4769c36da,5,4000
4524367939,2025-10-04T17:05:54,53,931.8,APPROVED,4029508a-afa4-4faf-b175-4bb65b8a4dbb,5,4000
4592825300,2025-07-02T23:38:18,705,7071.43,REJECTED,01bb5e4b-33d3-4db2-85a2-499f5c9e31b4,4,1000
4530456343,2025-09-05T12:51:52,790,6326.95,WAITING,3d3527a9-4ef5-45d5-83c2-4178789f9921,2,3000
4535254313,2025-08-24T03:28:47,871,3536.99,REJECTED,5c250769-58e7-4a67-92b8-05566aab2cd0,5,3000
4582277155,2025-09-16T13:42:58,953,6061.52,REJECTED,e069016d-d217-4fbc-b438-1e8790b731fb,5,3000
4539783244,2025-09-25T14:48:23,883,1518.96,REJECTED,12a301b9-4c71-4181-a853-d29be7b6bd18,1,2000
4512470687,2025-08-12T20:55:52,175,8420.86,APPROVED,6c55f239-a4f0-4edd-afe8-02d129db9eda,2,3000
4563295385,2025-11-16T16:42:18,425,3403.88,WAITING,8ca5ca23-a910-469b-aec1-73bd31d74ba2,2,2000
4589473836,2025-11-16T19:19:37,920,1027.95,QUOTATION,fe53d2be-049c-47fa-871a-c4a8b1a10e40,2,2000
4557654405,2025-10-07T06:33:19,411,6015.21,REJECTED,d4dbba0a-2b26-4233-9017-bb25b2e860f3,1,1000
4563632318,2025-06-15T19:10:28,231,8553.45,APPROVED,74d238f7-61d4-41c6-9d51-b05f2eddcb36,5,2000
4559459125,2025-06-14T03:53:14,323,527.73,WAITING,8df0c99e-2745-44ae-94ee-ad79cb114fdb,5,1000
4553479537,2025-07-21T03:44:27,850,9311.16,REJECTED,a4926703-442b-4179-808a-04de7d4e1015,1,2000
4531978171,2025-09-10T08:47:04,363,2215.69,APPROVED,b577718c-a2a9-4f8a-a41c-7cac0d102aab,4,4000
4576917846,2025-09-04T21:26:21,839,9963.91,QUOTATION,0439439c-8945-42c4-b079-5340d85df97c,3,2000
4597393661,2025-10-02T00:00:44,415,5613.02,APPROVED,bf599d91-442c-4e09-b5ae-b9f08a417d11,3,2000
4503095560,2025-08-13T06:49:37,261,9688.26,APPROVED,6c55f239-a4f0-4edd-afe8-02d129db9eda,5,3000
4599894785,2025-10-23T02:52:57,767,9880.84,QUOTATION,9a109dc4-7be3-4aec-94bb-ede38f79ae14,3,3000
4504223130,2025-10-04T08:45:01,285,5419.64,REJECTED,6c55f239-a4f0-4edd-afe8-02d129db9eda,3,3000
4523180048,2025-06-03T11:23:09,178,9552.41,WAITING,f524f9ee-95cb-4e66-a6c1-b58f8296e7f3,1,2000
4507406731,2025-10-15T12:56:45,624,4530.42,WAITING,56ae9e46-c0b2-46ca-b51d-5686e00ce4a6,4,4000
4591950178,2025-11-07T06:44:35,526,3854.35,REJECTED,ba3d4978-80db-4a12-9f06-e4c698936184,4,3000
4594713270,2025-11-08T07:49:42,841,8810.53,APPROVED,0a58bce2-1697-4c89-b568-ae280f33f982,5,4000
4510351586,2025-09-28T11:22:45,182,557.47,REJECTED,b020551c-5fe7-45ea-881a-6fa78332362d,5,4000
4515896658,2025-09-27T14:42:33,171,4472.19,WAITING,0c328cd6-def4-4097-8b5d-ef9b4362cfd3,2,2000
4540330982,2025-07-15T03:34:40,622,4369.31,QUOTATION,51991c98-a328-457f-a862-0962b2d30ddc,2,3000
4555403566,2025-10-06T15:16:18,827,8872.9,WAITING,bcebc30c-15e5-48e2-9c32-c86d886f82a0,3,4000
4575395948,2025-09-20T16:15:45,46,3945.93,APPROVED,2ab670e8-49e3-4a95-9871-d937f77b5927,3,1000
4582721268,2025-09-01T19:52:41,501,2998.98,WAITING,ebfe58ef-0dee-41d8-859e-ae2bff66e7fc,1,3000
4515841288,2025-07-10T02:54:41,174,8046.71,WAITING,4a5df305-6d85-4b5a-81ca-b2a776017f8f,3,2000
4566403614,2025-10-12T09:46:49,49,366.64,APPROVED,c40f8a37-9024-4fcd-80a6-7917301ba6bd,4,3000
4583439736,2025-09-25T13:13:33,749,3770.27,APPROVED,bf599d91-442c-4e09-b5ae-b9f08a417d11,4,3000
4591426620,2025-06-20T18:47:20,416,3700.69,QUOTATION,d7da1df8-a4af-4efe-a657-570c6d350470,2,3000
4584461299,2025-07-13T22:04:51,899,5887.05,WAITING,f6979cad-3c89-4280-985d-d7f07aaa8c2b,2,3000
4579829677,2025-07-20T00:58:25,34,4353.57,APPROVED,3d3527a9-4ef5-45d5-83c2-4178789f9921,5,3000
4575602535,2025-06-08T22:54:24,688,5652.32,WAITING,d0d94739-009d-44aa-ae3d-8c35a65083c5,3,3000
4517102018,2025-06-21T18:33:26,321,3587.77,WAITING,2c6e3cb9-21cb-4de6-ae38-f117a3cbdfe2,5,1000
4559624741,2025-06-07T09:04:52,894,1136.65,WAITING,a9da22e7-f42f-4428-9083-96395b7a7e9a,4,4000
4515776302,2025-07-07T21:13:02,114,4347.63,QUOTATION,134244b2-90f7-4d62-8488-d71e29828266,1,3000
4558594894,2025-10-06T07:07:30,772,2963.31,WAITING,8ca5ca23-a910-469b-aec1-73bd31d74ba2,5,2000
4576125200,2025-09-02T09:27:13,231,9855.46,QUOTATION,ea38b7e1-b488-4873-ab04-3066d219b434,2,1000
4569662079,2025-10-23T21:09:59,909,2901.72,QUOTATION,6cc3c3b9-23fa-4969-8791-af89dedc62c9,2,4000
4515537225,2025-11-17T02:35:57,389,8891.28,WAITING,0a58bce2-1697-4c89-b568-ae280f33f982,3,2000
4522968931,2025-07-05T01:37:55,836,6718.27,APPROVED,32149af9-a4f0-4e80-a73d-490a9faef06f,4,3000
4517330962,2025-11-13T07:15:12,245,8808.33,WAITING,8df0c99e-2745-44ae-94ee-ad79cb114fdb,5,2000
4522708756,2025-11-09T05:21:10,458,2900.96,QUOTATION,e069016d-d217-4fbc-b438-1e8790b731fb,3,2000
4587832775,2025-10-11T15:19:11,850,8159.09,WAITING,fcc9df1e-2761-4b55-8f60-015b21066d78,2,1000
4539142187,2025-09-27T04:36:15,51,4142.37,WAITING,e069016d-d217-4fbc-b438-1e8790b731fb,2,4000
4540630091,2025-10-14T19:37:31,131,4390.29,WAITING,915bda23-d2b3-4bab-9d3b-0b701beb76fa,5,3000
4552325528,2025-06-19T10:56:45,996,6718.54,APPROVED,5257f4f1-580e-4eb3-89f9-6cae458e4509,3,4000
4517178046,2025-10-19T09:18:07,317,4530.77,REJECTED,2c7b9d8a-6b92-4a21-a03e-024e434a203d,1,4000
4592278805,2025-06-20T13:10:19,216,1380.5,REJECTED,15ddc72a-7103-4a88-a951-49c5aa75affd,4,4000
4537356313,2025-09-18T17:58:41,843,791.97,REJECTED,5c250769-58e7-4a67-92b8-05566aab2cd0,3,3000
4532240753,2025-07-28T12:30:36,141,7111.35,QUOTATION,834a14f7-cbd7-4220-9587-cd61c93c8253,4,2000
4533598265,2025-09-07T16:33:43,225,930.95,QUOTATION,5257f4f1-580e-4eb3-89f9-6cae458e4509,3,2000
4582639543,2025-09-10T14:23:51,98,1484.59,REJECTED,b0154cbb-c693-4062-88b9-a8acf4402b56,2,2000
4584943799,2025-10-01T15:32:56,924,2080.46,REJECTED,2c6e3cb9-21cb-4de6-ae38-f117a3cbdfe2,2,4000
4502093421,2025-06-06T01:43:04,774,2825.48,REJECTED,4029508a-afa4-4faf-b175-4bb65b8a4dbb,2,3000
4593795640,2025-10-09T08:50:19,23,5393.69,QUOTATION,2ab670e8-49e3-4a95-9871-d937f77b5927,2,1000
4553152614,2025-06-16T00:03:21,656,3561.09,APPROVED,fffeaf8f-4b6b-4357-a309-89f4769c36da,4,3000
4559585075,2025-07-06T20:00:17,476,3942.4,QUOTATION,4029508a-afa4-4faf-b175-4bb65b8a4dbb,4,1000
4555083639,2025-09-19T10:06:10,528,7083.45,WAITING,2cf52c48-a37c-4244-a030-3fe16c443ecd,4,2000
4549007221,2025-06-04T03:21:28,61,9300.5,WAITING,9fc109ea-2585-4c23-9329-2ccda2d964eb,1,3000
4504346637,2025-11-23T06:54:59,271,7399.75,QUOTATION,b020551c-5fe7-45ea-881a-6fa78332362d,2,3000
4585351673,2025-11-04T08:47:51,82,1849.52,WAITING,0c328cd6-def4-4097-8b5d-ef9b4362cfd3,1,1000
4549102132,2025-09-20T02:16:03,598,9258.88,APPROVED,3ee51816-f540-45e6-8401-474c5df84e78,5,1000
4533951399,2025-10-16T02:52:58,529,7540.62,WAITING,01bb5e4b-33d3-4db2-85a2-499f5c9e31b4,1,1000
4528685688,2025-07-25T06:45:44,247,9685.88,REJECTED,eb8e5632-45d0-47e9-bcc0-ee76bf030643,2,1000
4527772867,2025-10-03T07:50:17,80,3888.77,QUOTATION,e069016d-d217-4fbc-b438-1e8790b731fb,1,4000
4565468223,2025-09-24T19:56:19,356,6291.32,QUOTATION,73df3d25-bcec-47a6-8d66-6b628e81ed2d,1,3000
4510511563,2025-06-06T01:46:39,706,7769.54,REJECTED,fcc9df1e-2761-4b55-8f60-015b21066d78,1,3000
4565709984,2025-07-05T23:59:46,924,657.43,REJECTED,ebfe58ef-0dee-41d8-859e-ae2bff66e7fc,1,4000
4502235174,2025-09-21T21:57:59,799,571.25,REJECTED,915bda23-d2b3-4bab-9d3b-0b701beb76fa,5,1000
4578465209,2025-07-21T19:34:10,526,974.57,REJECTED,eb8e5632-45d0-47e9-bcc0-ee76bf030643,3,4000
4586614491,2025-09-08T19:29:26,634,1934.97,QUOTATION,77b34563-244c-46da-b014-af1a9c7fa9e4,2,1000
4514200132,2025-08-26T21:01:50,925,654.33,WAITING,b020551c-5fe7-45ea-881a-6fa78332362d,5,3000
4565721009,2025-11-22T08:52:04,206,7.11,REJECTED,2c7b9d8a-6b92-4a21-a03e-024e434a203d,5,2000
4512928935,2025-08-28T11:44:56,399,6387.66,APPROVED,651e8d5b-8636-4635-a934-6f9427d506b8,1,2000
4593516634,2025-08-24T11:25:05,782,5889.35,QUOTATION,4a5df305-6d85-4b5a-81ca-b2a776017f8f,3,1000
4505925888,2025-09-06T18:42:02,26,3017.95,WAITING,651e8d5b-8636-4635-a934-6f9427d506b8,2,1000
4573264857,2025-08-09T10:23:38,882,6453.29,QUOTATION,9ec93c76-9578-4947-a5ca-def516b026cb,2,4000
4548869309,2025-11-15T16:45:31,400,2103.28,APPROVED,c40f8a37-9024-4fcd-80a6-7917301ba6bd,4,2000
4552420896,2025-06-16T09:27:36,14,8872.45,APPROVED,15ddc72a-7103-4a88-a951-49c5aa75affd,3,4000
4529236886,2025-09-05T01:27:50,339,2892.0,WAITING,d4dbba0a-2b26-4233-9017-bb25b2e860f3,1,1000
4529067741,2025-11-16T23:25:30,658,745.7,REJECTED,31ac60a6-1bc1-442c-ae10-4a420f770538,4,3000
4522029823,2025-09-12T13:09:57,465,662.06,QUOTATION,3d3527a9-4ef5-45d5-83c2-4178789f9921,1,3000
4528723253,2025-08-06T08:58:57,613,5439.74,QUOTATION,51991c98-a328-457f-a862-0962b2d30ddc,1,3000
4563896755,2025-09-25T05:06:36,63,7616.59,REJECTED,de541e55-b7b6-404a-8ce0-a6f1ea925750,4,4000
4512548022,2025-09-26T14:32:48,688,6308.11,REJECTED,9ec93c76-9578-4947-a5ca-def516b026cb,4,1000
4570865248,2025-11-09T16:29:14,968,2242.65,REJECTED,791660af-f0db-4fbd-a3a4-86bd38182556,1,2000
4508140527,2025-09-10T23:25:34,185,3375.45,APPROVED,0a58bce2-1697-4c89-b568-ae280f33f982,1,4000
4511045504,2025-07-12T03:19:22,501,66.86,REJECTED,384bae62-8ba8-4cac-b8ad-3df4e68bcafa,3,1000
4583433471,2025-10-26T20:15:52,336,6959.54,APPROVED,ba5b8587-5d45-44ac-9e4e-16cb4b3afecc,3,4000
4513787117,2025-08-28T05:00:44,611,1843.24,QUOTATION,2ab670e8-49e3-4a95-9871-d937f77b5927,2,2000
4532506117,2025-06-17T18:24:31,410,9332.56,WAITING,0c328cd6-def4-4097-8b5d-ef9b4362cfd3,5,1000
4551088189,2025-11-26T23:22:24,303,4074.76,REJECTED,d4dbba0a-2b26-4233-9017-bb25b2e860f3,4,4000
4500971486,2025-07-19T14:35:57,643,8673.89,REJECTED,d7da1df8-a4af-4efe-a657-570c6d350470,2,2000
4570039680,2025-06-17T15:05:47,637,123.18,WAITING,15ddc72a-7103-4a88-a951-49c5aa75affd,1,3000
4596485110,2025-08-09T16:01:06,1,5860.52,APPROVED,6c55f239-a4f0-4edd-afe8-02d129db9eda,2,3000
4581389008,2025-10-08T10:10:11,997,9010.26,WAITING,6c55f239-a4f0-4edd-afe8-02d129db9eda,2,1000
4507263762,2025-11-03T21:00:59,320,2469.07,APPROVED,b6bbc970-46d2-4ff4-9c52-80f378cfe8ea,2,3000
4532392407,2025-08-15T15:21:26,866,2051.89,APPROVED,5257f4f1-580e-4eb3-89f9-6cae458e4509,4,3000
4504868815,2025-10-15T12:35:18,234,185.29,APPROVED,0f7e95f4-4fb9-4987-a1e1-5264880e721e,2,4000
4568445661,2025-10-16T09:58:33,198,973.23,REJECTED,2cf52c48-a37c-4244-a030-3fe16c443ecd,4,2000
4508949021,2025-07-24T19:31:51,745,9719.66,WAITING,fe53d2be-049c-47fa-871a-c4a8b1a10e40,1,1000
4510351941,2025-08-13T03:46:29,588,1051.49,REJECTED,daffc87a-fdb5-424e-9155-782c6cd1b731,5,2000
4559365251,2025-06-07T11:55:51,276,1960.32,WAITING,8ca5ca23-a910-469b-aec1-73bd31d74ba2,3,1000
4594687455,2025-06-07T19:31:03,277,398.26,APPROVED,3341d7ea-5bed-42e4-82c2-18d0adfbcdf1,1,4000
4556828475,2025-08-24T12:35:04,157,9669.24,WAITING,3c65561d-5119-4985-87e7-48965fe9f62c,1,3000
4589622585,2025-11-26T03:27:37,932,6941.24,APPROVED,bf599d91-442c-4e09-b5ae-b9f08a417d11,5,3000
4555381010,2025-08-19T14:07:48,378,4017.38,APPROVED,bcebc30c-15e5-48e2-9c32-c86d886f82a0,4,4000
4535869320,2025-10-17T01:43:33,84,4243.01,WAITING,77b34563-244c-46da-b014-af1a9c7fa9e4,2,1000
4521627419,2025-07-12T14:30:43,400,2211.72,APPROVED,9fc109ea-2585-4c23-9329-2ccda2d964eb,3,2000
4513852296,2025-07-09T11:23:21,562,7498.73,QUOTATION,cf11fe2a-443a-44e9-96b0-e6b91ddfa87d,5,1000
4507368143,2025-06-27T02:21:53,543,3280.97,APPROVED,fe53d2be-049c-47fa-871a-c4a8b1a10e40,2,1000
4597506646,2025-06-12T04:37:11,485,5551.96,REJECTED,0439439c-8945-42c4-b079-5340d85df97c,3,3000
4520447754,2025-09-28T18:31:25,144,4499.53,QUOTATION,791660af-f0db-4fbd-a3a4-86bd38182556,3,1000
4501891773,2025-11-07T03:33:57,651,6346.47,APPROVED,611eefb3-ef38-4a2e-831a-15aff1dde8f8,3,2000
4502036479,2025-07-12T10:12:58,985,6946.88,REJECTED,915bda23-d2b3-4bab-9d3b-0b701beb76fa,3,4000
4548834573,2025-09-21T22:03:05,987,4015.7,QUOTATION,0c328cd6-def4-4097-8b5d-ef9b4362cfd3,5,4000
4533514030,2025-07-07T03:59:10,169,35.38,QUOTATION,3341d7ea-5bed-42e4-82c2-18d0adfbcdf1,5,2000
4540940764,2025-06-21T20:16:33,729,5127.76,WAITING,e7ba4d18-37bf-472c-9d3a-7756c21a55c9,4,3000
4500874515,2025-07-08T09:59:03,988,2199.67,QUOTATION,f6979cad-3c89-4280-985d-d7f07aaa8c2b,5,3000
4587989217,2025-07-22T15:04:11,768,5128.54,WAITING,611eefb3-ef38-4a2e-831a-15aff1dde8f8,5,3000
4555982516,2025-11-15T09:36:36,809,1696.53,WAITING,f6dd041e-f994-407c-9a1b-2ee8a39b9b25,2,1000
4549480373,2025-09-05T17:01:50,908,498.68,QUOTATION,01bb5e4b-33d3-4db2-85a2-499f5c9e31b4,3,4000
4585222989,2025-09-01T18:27:07,295,97.76,REJECTED,2c6e3cb9-21cb-4de6-ae38-f117a3cbdfe2,2,4000
4529844995,2025-06-15T17:14:59,33,7069.4,QUOTATION,408c4fe5-9066-4997-8f1c-ad8daae4b1f6,2,4000
4562711265,2025-11-27T13:46:56,994,263.58,REJECTED,f6979cad-3c89-4280-985d-d7f07aaa8c2b,5,1000
4586825736,2025-11-21T07:03:44,199,8645.59,WAITING,4a2d279e-2495-496f-80d9-bc5a45e3b6b4,3,1000
4521585624,2025-10-01T15:21:10,721,3137.72,REJECTED,da731710-48f7-4c02-8dd6-917ff4c62e3b,5,3000
4526577412,2025-10-04T08:35:32,43,8773.8,QUOTATION,cf11fe2a-443a-44e9-96b0-e6b91ddfa87d,1,3000
4588782854,2025-07-03T18:43:55,411,4088.85,QUOTATION,a4926703-442b-4179-808a-04de7d4e1015,3,4000
4547011475,2025-06-14T04:07:33,558,6235.13,APPROVED,651e8d5b-8636-4635-a934-6f9427d506b8,5,1000
4558620156,2025-06-05T14:46:51,941,152.75,APPROVED,b577718c-a2a9-4f8a-a41c-7cac0d102aab,5,3000
4578722707,2025-06-22T00:42:06,925,8656.51,REJECTED,2ab670e8-49e3-4a95-9871-d937f77b5927,4,3000
4569503935,2025-11-15T17:07:21,56,7393.64,REJECTED,37bf8863-0046-49cb-a72c-f7e41661214b,3,2000
4573259599,2025-09-06T09:55:30,700,3415.23,WAITING,76fa0c16-dc3a-4a9b-b914-de6a0097f3dc,3,2000
4592932766,2025-09-19T14:25:16,982,5641.17,APPROVED,17dffc12-ac1a-44ed-ad09-3c824851c624,1,3000
4547983505,2025-10-16T09:17:31,816,2454.92,QUOTATION,41f3b33b-8871-42fd-90d5-1d1d9f2d5aed,2,1000
4518630936,2025-09-22T18:37:23,106,7120.6,APPROVED,d5b6a98e-464a-4e85-ad1c-7fd6be7df835,4,2000
4523888200,2025-10-05T16:27:33,87,6331.31,QUOTATION,15ddc72a-7103-4a88-a951-49c5aa75affd,3,1000
4512893599,2025-10-02T11:15:53,684,3882.12,QUOTATION,84aadcf6-499b-4416-9a35-3e546eb39a5c,2,2000
4582339697,2025-06-26T07:52:28,185,1793.11,APPROVED,4a5df305-6d85-4b5a-81ca-b2a776017f8f,2,2000
4525965502,2025-09-16T19:41:02,302,6102.72,WAITING,fe53d2be-049c-47fa-871a-c4a8b1a10e40,1,4000
4504087573,2025-10-17T03:39:55,581,4439.63,QUOTATION,0b319577-4ab0-4684-b112-b27aad212cb1,4,4000
4556816353,2025-10-20T04:43:34,508,8295.91,APPROVED,62117371-6664-4e90-9e4c-e3939789c81a,4,2000
4591653327,2025-11-03T09:44:26,344,9165.48,APPROVED,dbce3e63-1a5c-4595-a1f9-d09c3d978567,1,1000
4552068676,2025-11-21T11:32:21,253,5142.88,REJECTED,b020551c-5fe7-45ea-881a-6fa78332362d,5,3000
4519634632,2025-10-01T11:07:42,572,9307.6,APPROVED,76fa0c16-dc3a-4a9b-b914-de6a0097f3dc,2,4000
4562127560,2025-09-03T08:19:22,999,1701.45,WAITING,9567383e-1921-4683-803b-509faa2bc9d5,5,4000
4535523392,2025-07-02T03:18:39,992,335.11,APPROVED,05767575-2944-4457-9aa7-06e1dae2ae25,4,3000
4596786705,2025-08-02T10:07:35,374,6722.02,REJECTED,74d238f7-61d4-41c6-9d51-b05f2eddcb36,2,2000
4506911784,2025-11-16T11:51:00,673,9601.97,WAITING,a4926703-442b-4179-808a-04de7d4e1015,4,3000
4595543648,2025-08-23T13:18:30,439,6073.11,WAITING,05767575-2944-4457-9aa7-06e1dae2ae25,2,3000
4528625871,2025-11-14T01:44:12,879,6066.01,APPROVED,9567383e-1921-4683-803b-509faa2bc9d5,1,1000
4547768287,2025-10-16T19:24:45,112,4079.45,APPROVED,0b319577-4ab0-4684-b112-b27aad212cb1,3,3000
4534084576,2025-09-13T18:34:34,152,4674.43,QUOTATION,134244b2-90f7-4d62-8488-d71e29828266,4,2000
4555367992,2025-09-06T09:49:50,203,5941.06,WAITING,9fc109ea-2585-4c23-9329-2ccda2d964eb,2,4000
4550368296,2025-08-16T00:04:41,713,9605.89,WAITING,110f8801-eea1-420d-98e6-dd439569747b,1,2000
4528108494,2025-08-03T12:42:18,299,230.56,APPROVED,a1a6e723-19c6-46fd-a584-917efe27f127,1,1000
4570556664,2025-10-04T22:16:10,615,4203.69,QUOTATION,9c7454a7-b80c-4d19-b841-4c0343b75add,5,1000
4500491370,2025-08-01T17:33:33,456,8182.1,APPROVED,da731710-48f7-4c02-8dd6-917ff4c62e3b,3,4000
4550861291,2025-09-21T16:16:46,18,2789.24,REJECTED,0f7e95f4-4fb9-4987-a1e1-5264880e721e,2,4000
4554922941,2025-08-26T09:10:02,25,1385.2,QUOTATION,0e752cfe-75ff-427d-8214-57710b509b33,1,4000
4545735599,2025-07-20T14:38:13,618,5317.25,APPROVED,3c65561d-5119-4985-87e7-48965fe9f62c,1,3000
4537462055,2025-06-09T13:34:19,583,8370.0,WAITING,2c7b9d8a-6b92-4a21-a03e-024e434a203d,5,2000
4558700870,2025-11-08T10:25:16,687,7333.1,REJECTED,9fc109ea-2585-4c23-9329-2ccda2d964eb,2,2000
4561544071,2025-07-18T11:13:42,554,71.81,QUOTATION,b6bbc970-46d2-4ff4-9c52-80f378cfe8ea,5,3000
4588355179,2025-07-13T13:54:26,928,1212.16,WAITING,a9da22e7-f42f-4428-9083-96395b7a7e9a,2,2000
4534484384,2025-09-18T14:56:46,749,7460.12,QUOTATION,915bda23-d2b3-4bab-9d3b-0b701beb76fa,3,4000
4569616057,2025-09-12T16:43:28,428,3581.37,WAITING,fffeaf8f-4b6b-4357-a309-89f4769c36da,5,2000
4552153086,2025-07-16T04:48:55,471,6448.26,APPROVED,aa51a37d-2867-459b-8885-b5c8b161616a,1,4000
4517898561,2025-08-27T05:56:12,293,6221.21,WAITING,0b319577-4ab0-4684-b112-b27aad212cb1,4,2000
4568227700,2025-06-24T13:34:04,406,103.21,APPROVED,134244b2-90f7-4d62-8488-d71e29828266,4,1000
4544975053,2025-06-26T16:38:28,349,8431.39,WAITING,56ae9e46-c0b2-46ca-b51d-5686e00ce4a6,2,3000
4505631457,2025-06-14T03:21:56,887,3152.43,APPROVED,73df3d25-bcec-47a6-8d66-6b628e81ed2d,5,2000
4561937064,2025-10-10T15:56:59,532,8032.37,WAITING,2cf52c48-a37c-4244-a030-3fe16c443ecd,5,2000
4523903474,2025-06-16T02:47:55,710,5016.4,APPROVED,8df0c99e-2745-44ae-94ee-ad79cb114fdb,5,2000
4565189856,2025-10-14T11:30:26,288,1181.16,REJECTED,791660af-f0db-4fbd-a3a4-86bd38182556,5,2000
4532941672,2025-09-25T13:12:24,543,4198.73,WAITING,12a301b9-4c71-4181-a853-d29be7b6bd18,1,1000
4570447215,2025-10-18T19:58:38,864,3198.39,REJECTED,0a58bce2-1697-4c89-b568-ae280f33f982,1,3000
4544669421,2025-07-28T23:57:52,956,6825.44,REJECTED,9567383e-1921-4683-803b-509faa2bc9d5,3,3000
4506022018,2025-11-04T00:21:09,654,7039.39,REJECTED,ad64acbd-9045-44ec-9111-f6b3b90cb060,2,3000
4573960291,2025-10-20T18:58:07,366,5864.44,APPROVED,6c55f239-a4f0-4edd-afe8-02d129db9eda,4,4000
4536511755,2025-09-08T15:13:43,704,3928.19,REJECTED,d7da1df8-a4af-4efe-a657-570c6d350470,1,2000
4523917336,2025-08-25T10:30:55,101,54.16,QUOTATION,01bb5e4b-33d3-4db2-85a2-499f5c9e31b4,5,1000
4555572782,2025-06-10T03:41:04,722,7405.32,APPROVED,a4926703-442b-4179-808a-04de7d4e1015,1,1000
4558409110,2025-11-24T00:14:46,304,2363.82,WAITING,37bf8863-0046-49cb-a72c-f7e41661214b,2,2000
4503363043,2025-06-26T20:02:05,996,4176.79,REJECTED,d5b6a98e-464a-4e85-ad1c-7fd6be7df835,5,4000
4523483879,2025-09-22T00:35:57,370,4834.22,QUOTATION,cea90057-5542-4a9f-8ad8-2fa263b39b7b,2,4000
4564638446,2025-08-10T19:10:10,737,1521.94,REJECTED,8ca5ca23-a910-469b-aec1-73bd31d74ba2,5,4000
4534245439,2025-11-12T08:24:38,936,8959.2,APPROVED,ce1eeb99-74a8-4547-b95c-345102c07d21,1,1000
4509044886,2025-09-03T22:30:53,792,6685.69,REJECTED,bf599d91-442c-4e09-b5ae-b9f08a417d11,2,2000
4569815836,2025-08-20T01:37:35,809,1398.34,WAITING,0b319577-4ab0-4684-b112-b27aad212cb1,2,4000
4589682083,2025-08-27T05:31:32,647,2967.4,REJECTED,6cc3c3b9-23fa-4969-8791-af89dedc62c9,4,2000
4544600660,2025-06-13T18:02:37,4,2046.58,APPROVED,56ae9e46-c0b2-46ca-b51d-5686e00ce4a6,5,1000
4518642039,2025-07-09T02:35:57,959,1622.89,REJECTED,41e46c83-90d4-4836-a022-b900a018b3fa,5,3000
4549017986,2025-10-08T14:03:57,29,8154.15,REJECTED,b6bbc970-46d2-4ff4-9c52-80f378cfe8ea,5,4000
4525467536,2025-09-22T15:37:04,168,5298.79,APPROVED,2c7b9d8a-6b92-4a21-a03e-024e434a203d,4,3000
4587080640,2025-11-09T16:50:58,699,7041.43,REJECTED,9ec93c76-9578-4947-a5ca-def516b026cb,3,3000
4594557593,2025-11-12T18:36:05,583,9606.16,REJECTED,32149af9-a4f0-4e80-a73d-490a9faef06f,3,1000
4505098752,2025-10-26T13:56:08,141,9777.57,APPROVED,6cc3c3b9-23fa-4969-8791-af89dedc62c9,3,1000
4531413204,2025-06-04T14:57:43,848,6759.88,WAITING,05767575-2944-4457-9aa7-06e1dae2ae25,4,2000
4567415358,2025-11-15T17:36:56,872,2093.03,QUOTATION,ba3d4978-80db-4a12-9f06-e4c698936184,2,2000
4582039608,2025-10-01T11:35:00,606,7648.4,REJECTED,41f3b33b-8871-42fd-90d5-1d1d9f2d5aed,5,1000
4518141708,2025-08-26T10:54:53,984,6569.36,WAITING,76fa0c16-dc3a-4a9b-b914-de6a0097f3dc,4,4000
4529038262,2025-10-26T10:24:00,59,5138.2,WAITING,4029508a-afa4-4faf-b175-4bb65b8a4dbb,5,4000
4548696105,2025-11-04T15:35:05,252,9837.39,QUOTATION,77b34563-244c-46da-b014-af1a9c7fa9e4,4,4000
4501899653,2025-10-20T09:24:51,105,4153.8,APPROVED,41f3b33b-8871-42fd-90d5-1d1d9f2d5aed,1,1000
4560471027,2025-10-13T02:48:30,483,3854.61,REJECTED,c40f8a37-9024-4fcd-80a6-7917301ba6bd,2,3000
4586865999,2025-06-16T09:21:57,638,7088.37,QUOTATION,82ebf1b0-6982-4deb-ac51-c7a6d0a68c5d,2,3000
4515658047,2025-09-11T13:13:57,48,4623.73,APPROVED,b020551c-5fe7-45ea-881a-6fa78332362d,4,3000
4517465840,2025-10-20T18:20:55,814,8133.12,QUOTATION,31ac60a6-1bc1-442c-ae10-4a420f770538,1,3000
4554982005,2025-06-24T10:51:00,261,6079.35,QUOTATION,cea90057-5542-4a9f-8ad8-2fa263b39b7b,2,1000
4567433117,2025-09-22T14:15:36,903,3423.95,APPROVED,aa51a37d-2867-459b-8885-b5c8b161616a,3,1000
4554047504,2025-07-12T16:04:50,927,1815.86,APPROVED,9fc109ea-2585-4c23-9329-2ccda2d964eb,3,1000
4588130624,2025-11-27T10:13:26,677,5519.63,REJECTED,3f3292d8-3056-42da-9ec5-d080c252a223,2,1000
4518554615,2025-07-26T14:50:49,426,876.26,WAITING,d5b6a98e-464a-4e85-ad1c-7fd6be7df835,4,3000
4538600542,2025-07-15T22:10:34,748,2785.76,APPROVED,de541e55-b7b6-404a-8ce0-a6f1ea925750,5,1000
4570080486,2025-09-27T21:09:56,552,9489.38,QUOTATION,ebfe58ef-0dee-41d8-859e-ae2bff66e7fc,2,3000
4567569952,2025-06-11T19:46:08,633,604.73,APPROVED,2cf52c48-a37c-4244-a030-3fe16c443ecd,2,2000
4599763905,2025-07-15T13:47:56,94,548.89,QUOTATION,daffc87a-fdb5-424e-9155-782c6cd1b731,1,3000
4545008952,2025-08-25T19:22:34,920,6009.61,WAITING,41f3b33b-8871-42fd-90d5-1d1d9f2d5aed,5,3000
4545968452,2025-07-06T13:27:50,270,5722.35,WAITING,9ec93c76-9578-4947-a5ca-def516b026cb,3,4000
4529201538,2025-08-09T02:29:44,355,8011.6,REJECTED,fffeaf8f-4b6b-4357-a309-89f4769c36da,3,2000
4567595951,2025-07-10T00:57:52,440,314.46,WAITING,01bb5e4b-33d3-4db2-85a2-499f5c9e31b4,4,1000
4568130330,2025-06-26T22:59:38,594,5103.4,APPROVED,e7ba4d18-37bf-472c-9d3a-7756c21a55c9,5,1000
4571227013,2025-06-10T20:05:36,296,9344.62,QUOTATION,0e752cfe-75ff-427d-8214-57710b509b33,4,4000
4576797036,2025-06-22T12:20:27,96,8068.1,WAITING,d0d94739-009d-44aa-ae3d-8c35a65083c5,3,1000
4527852721,2025-10-22T15:07:32,371,6231.9,APPROVED,dbce3e63-1a5c-4595-a1f9-d09c3d978567,3,2000
4507248357,2025-09-25T02:09:52,145,7552.97,APPROVED,41e46c83-90d4-4836-a022-b900a018b3fa,2,1000
4511022144,2025-11-24T09:31:33,815,5096.32,APPROVED,31ac60a6-1bc1-442c-ae10-4a420f770538,4,4000
4522740442,2025-06-04T18:03:08,367,629.56,WAITING,56ae9e46-c0b2-46ca-b51d-5686e00ce4a6,5,4000
4556783632,2025-09-12T01:51:46,196,4571.96,WAITING,31ac60a6-1bc1-442c-ae10-4a420f770538,2,4000
4540409012,2025-08-22T03:55:47,150,9312.01,QUOTATION,eb8e5632-45d0-47e9-bcc0-ee76bf030643,1,4000
4565985763,2025-06-28T03:46:54,604,8985.7,WAITING,daffc87a-fdb5-424e-9155-782c6cd1b731,3,4000
4562775854,2025-07-26T14:47:47,500,5359.23,QUOTATION,b6bbc970-46d2-4ff4-9c52-80f378cfe8ea,3,2000
4537366634,2025-07-25T10:57:22,826,2707.56,WAITING,daffc87a-fdb5-424e-9155-782c6cd1b731,2,3000
4524377273,2025-09-04T17:53:22,4,4645.73,APPROVED,b0154cbb-c693-4062-88b9-a8acf4402b56,3,2000
4537025206,2025-11-27T09:49:23,644,4421.76,WAITING,3341d7ea-5bed-42e4-82c2-18d0adfbcdf1,4,1000
4594912491,2025-09-25T18:33:56,768,2453.45,APPROVED,31ac60a6-1bc1-442c-ae10-4a420f770538,2,1000
4517447448,2025-09-07T07:53:11,911,3933.05,WAITING,d4dbba0a-2b26-4233-9017-bb25b2e860f3,2,4000
4567356303,2025-09-18T22:44:20,522,4855.34,APPROVED,c40f8a37-9024-4fcd-80a6-7917301ba6bd,2,1000
4537092263,2025-10-07T20:15:34,623,5144.08,APPROVED,b020551c-5fe7-45ea-881a-6fa78332362d,1,2000
4555664525,2025-10-09T07:37:48,284,7314.64,WAITING,ba5b8587-5d45-44ac-9e4e-16cb4b3afecc,2,2000
4557702032,2025-10-02T19:54:45,100,2651.25,QUOTATION,5c250769-58e7-4a67-92b8-05566aab2cd0,1,4000
4534646814,2025-09-26T18:34:48,166,4726.39,APPROVED,fffeaf8f-4b6b-4357-a309-89f4769c36da,5,2000
4595986049,2025-07-27T15:48:45,940,9560.74,QUOTATION,3341d7ea-5bed-42e4-82c2-18d0adfbcdf1,1,3000
4527784879,2025-07-05T07:48:15,933,8698.1,APPROVED,eb8e5632-45d0-47e9-bcc0-ee76bf030643,4,2000
4588538414,2025-06-04T19:10:39,10,652.6,REJECTED,d7da1df8-a4af-4efe-a657-570c6d350470,1,2000
4500311030,2025-09-11T22:31:10,30,6018.33,QUOTATION,975480d4-8c15-44ba-8c55-a9938bdaa2c4,4,4000
4521417925,2025-07-12T00:41:12,877,6024.21,REJECTED,4a5df305-6d85-4b5a-81ca-b2a776017f8f,5,1000
4577398812,2025-06-06T02:54:05,643,9903.45,WAITING,ba3d4978-80db-4a12-9f06-e4c698936184,1,4000
4577607128,2025-07-27T01:51:13,337,533.44,WAITING,4029508a-afa4-4faf-b175-4bb65b8a4dbb,1,4000
4554024337,2025-11-16T14:15:16,770,8955.36,REJECTED,76fa0c16-dc3a-4a9b-b914-de6a0097f3dc,1,2000
4544931628,2025-08-06T10:18:32,981,4569.77,WAITING,32149af9-a4f0-4e80-a73d-490a9faef06f,1,2000
4569694850,2025-09-25T21:05:40,406,7405.02,APPROVED,834a14f7-cbd7-4220-9587-cd61c93c8253,4,4000
4522052788,2025-10-18T20:26:57,730,7459.0,REJECTED,31ac60a6-1bc1-442c-ae10-4a420f770538,4,2000
4516736065,2025-08-01T23:02:23,746,3516.75,REJECTED,74d238f7-61d4-41c6-9d51-b05f2eddcb36,5,3000
4549224937,2025-07-20T04:39:37,970,5382.35,WAITING,b0154cbb-c693-4062-88b9-a8acf4402b56,2,1000
4555936813,2025-06-20T06:51:35,334,4869.85,APPROVED,6cc3c3b9-23fa-4969-8791-af89dedc62c9,5,1000
4584329717,2025-09-06T07:39:25,573,3650.56,QUOTATION,0e752cfe-75ff-427d-8214-57710b509b33,4,4000
4599830764,2025-06-04T20:04:24,446,5640.19,QUOTATION,611eefb3-ef38-4a2e-831a-15aff1dde8f8,1,2000
4529093993,2025-11-24T11:03:18,234,3450.05,QUOTATION,32149af9-a4f0-4e80-a73d-490a9faef06f,1,3000
4592608746,2025-07-19T04:29:23,862,8428.63,APPROVED,37bf8863-0046-49cb-a72c-f7e41661214b,1,2000
4594361746,2025-11-13T04:15:00,509,8585.7,REJECTED,4029508a-afa4-4faf-b175-4bb65b8a4dbb,3,1000
4540677151,2025-09-10T11:29:53,850,3608.04,APPROVED,3d3527a9-4ef5-45d5-83c2-4178789f9921,1,3000
4539889743,2025-06-05T02:17:48,323,8167.57,WAITING,35672019-b6d1-42b4-b906-8819b248182e,2,4000
4596194554,2025-09-24T08:56:44,862,3462.43,REJECTED,41f3b33b-8871-42fd-90d5-1d1d9f2d5aed,3,2000
4543447061,2025-11-26T01:57:10,693,6626.31,WAITING,ce1eeb99-74a8-4547-b95c-345102c07d21,1,2000
4549305545,2025-06-12T10:51:46,919,7518.87,WAITING,76fa0c16-dc3a-4a9b-b914-de6a0097f3dc,4,4000
4564772847,2025-08-19T23:37:01,25,9220.84,REJECTED,37bf8863-0046-49cb-a72c-f7e41661214b,2,3000
4561525048,2025-07-13T21:09:09,672,2752.12,APPROVED,2c7b9d8a-6b92-4a21-a03e-024e434a203d,4,2000
4511558435,2025-09-15T18:27:48,458,6074.67,REJECTED,dbce3e63-1a5c-4595-a1f9-d09c3d978567,3,2000
4535174402,2025-06-14T10:28:52,70,2964.33,REJECTED,408c4fe5-9066-4997-8f1c-ad8daae4b1f6,1,1000
4537565674,2025-10-27T12:52:43,691,9713.74,WAITING,9fc109ea-2585-4c23-9329-2ccda2d964eb,4,4000
4593187215,2025-10-16T21:36:02,22,8876.58,WAITING,915bda23-d2b3-4bab-9d3b-0b701beb76fa,4,2000
4542700500,2025-09-05T00:23:00,773,3969.93,QUOTATION,73df3d25-bcec-47a6-8d66-6b628e81ed2d,5,3000
4577683379,2025-10-12T20:27:51,452,2739.51,WAITING,ba3d4978-80db-4a12-9f06-e4c698936184,5,2000
4525144940,2025-06-05T05:59:54,916,3599.41,WAITING,f6dd041e-f994-407c-9a1b-2ee8a39b9b25,1,3000
4509702985,2025-07-10T20:36:23,359,4307.88,WAITING,9a109dc4-7be3-4aec-94bb-ede38f79ae14,5,2000
4539798013,2025-11-10T07:11:35,829,7078.23,APPROVED,ba3d4978-80db-4a12-9f06-e4c698936184,5,1000
4556974659,2025-06-28T12:13:07,492,2649.09,WAITING,3ee51816-f540-45e6-8401-474c5df84e78,1,2000
4558214134,2025-11-08T02:03:19,574,1930.71,WAITING,6cc3c3b9-23fa-4969-8791-af89dedc62c9,1,2000
4578448329,2025-11-06T18:18:17,628,6881.13,QUOTATION,b577718c-a2a9-4f8a-a41c-7cac0d102aab,1,2000
4580465711,2025-09-17T02:52:54,654,6009.92,REJECTED,834a14f7-cbd7-4220-9587-cd61c93c8253,2,4000
4520077945,2025-07-25T02:23:20,837,7424.28,WAITING,eb8e5632-45d0-47e9-bcc0-ee76bf030643,2,1000
4510711140,2025-06-23T01:25:08,772,2239.39,QUOTATION,b6bbc970-46d2-4ff4-9c52-80f378cfe8ea,3,2000
4584849466,2025-08-20T13:40:02,944,9001.81,QUOTATION,9ec93c76-9578-4947-a5ca-def516b026cb,4,1000
4588948710,2025-06-02T13:13:33,975,1720.75,QUOTATION,9fc109ea-2585-4c23-9329-2ccda2d964eb,2,4000
4547313492,2025-06-06T09:45:25,626,8679.38,REJECTED,9fc109ea-2585-4c23-9329-2ccda2d964eb,1,3000
4515120784,2025-09-20T22:27:05,123,1965.96,WAITING,9a109dc4-7be3-4aec-94bb-ede38f79ae14,3,4000
4556421678,2025-06-15T06:28:31,474,4894.45,REJECTED,00a417fb-f2b9-4bb8-90c0-0787c3f2e3c7,2,3000
4517598536,2025-07-06T03:24:53,360,8120.97,APPROVED,834a14f7-cbd7-4220-9587-cd61c93c8253,5,1000
4524697498,2025-09-08T04:10:14,964,1481.48,REJECTED,fffeaf8f-4b6b-4357-a309-89f4769c36da,5,2000
4545337807,2025-06-06T05:39:23,464,8172.75,REJECTED,31ac60a6-1bc1-442c-ae10-4a420f770538,2,2000
4557426762,2025-09-06T23:55:59,912,4153.79,APPROVED,41f3b33b-8871-42fd-90d5-1d1d9f2d5aed,4,3000
4568674497,2025-10-19T03:46:49,15,3420.57,REJECTED,4a5df305-6d85-4b5a-81ca-b2a776017f8f,2,3000
4535044536,2025-06-02T14:37:50,571,2239.55,QUOTATION,41e46c83-90d4-4836-a022-b900a018b3fa,3,3000
4594599028,2025-09-08T13:42:07,152,7192.31,QUOTATION,62117371-6664-4e90-9e4c-e3939789c81a,1,1000
4521470713,2025-09-22T07:30:30,491,456.83,QUOTATION,0a58bce2-1697-4c89-b568-ae280f33f982,1,4000
4594532198,2025-11-27T01:52:42,20,5908.47,REJECTED,e7ba4d18-37bf-472c-9d3a-7756c21a55c9,4,1000
4596694004,2025-06-21T11:26:36,487,7791.22,APPROVED,e069016d-d217-4fbc-b438-1e8790b731fb,1,4000
4505979261,2025-07-04T13:38:59,875,3018.62,WAITING,28d388a1-0e70-41d0-a8a1-abb9e3263b7b,1,1000
4541611989,2025-06-22T11:38:51,19,3985.63,QUOTATION,8df0c99e-2745-44ae-94ee-ad79cb114fdb,1,1000
4516810754,2025-07-01T10:21:58,511,4319.67,QUOTATION,8df0c99e-2745-44ae-94ee-ad79cb114fdb,4,1000
4546255767,2025-06-27T12:26:29,400,5846.51,WAITING,01bb5e4b-33d3-4db2-85a2-499f5c9e31b4,1,2000
4520786678,2025-07-26T16:12:21,810,6985.47,WAITING,fe53d2be-049c-47fa-871a-c4a8b1a10e40,1,3000
4539364651,2025-06-13T01:16:49,115,1763.9,APPROVED,31ac60a6-1bc1-442c-ae10-4a420f770538,2,2000
4560486595,2025-06-03T18:16:01,628,7483.16,QUOTATION,d4dbba0a-2b26-4233-9017-bb25b2e860f3,1,1000
4567921583,2025-10-19T21:25:05,529,7434.79,QUOTATION,c40f8a37-9024-4fcd-80a6-7917301ba6bd,4,3000
4582839740,2025-10-14T18:11:19,793,8108.3,WAITING,41e46c83-90d4-4836-a022-b900a018b3fa,5,4000
4585585448,2025-07-25T04:59:02,951,4013.69,REJECTED,41e46c83-90d4-4836-a022-b900a018b3fa,3,4000
4534073490,2025-07-19T04:21:04,817,2765.3,QUOTATION,73df3d25-bcec-47a6-8d66-6b628e81ed2d,4,1000
4510811975,2025-11-13T00:34:48,146,1663.64,APPROVED,eb8e5632-45d0-47e9-bcc0-ee76bf030643,4,2000
4578858944,2025-07-25T16:23:17,420,5517.37,QUOTATION,daffc87a-fdb5-424e-9155-782c6cd1b731,4,1000
4510975852,2025-08-06T09:27:49,270,2497.93,WAITING,68681084-7b12-4fd9-9704-7da3802cb451,5,3000
4543612046,2025-08-13T04:56:45,631,8360.71,QUOTATION,ebfe58ef-0dee-41d8-859e-ae2bff66e7fc,3,2000
4583490012,2025-08-14T08:32:49,684,4180.33,REJECTED,c40f8a37-9024-4fcd-80a6-7917301ba6bd,1,4000
4542731580,2025-11-21T02:47:01,272,5683.33,REJECTED,f6dd041e-f994-407c-9a1b-2ee8a39b9b25,3,3000
4559361305,2025-09-08T02:03:04,863,1458.93,WAITING,9567383e-1921-4683-803b-509faa2bc9d5,4,4000
4500446082,2025-09-03T02:52:17,622,909.29,REJECTED,00a417fb-f2b9-4bb8-90c0-0787c3f2e3c7,5,4000
4521957025,2025-11-14T21:32:04,569,6904.49,APPROVED,00a417fb-f2b9-4bb8-90c0-0787c3f2e3c7,2,1000
4566533316,2025-08-23T12:31:23,751,4752.49,WAITING,915bda23-d2b3-4bab-9d3b-0b701beb76fa,3,2000
4525432576,2025-11-12T13:43:31,454,207.75,WAITING,31ac60a6-1bc1-442c-ae10-4a420f770538,1,4000
4535204588,2025-07-13T17:45:36,25,1590.15,APPROVED,3f3292d8-3056-42da-9ec5-d080c252a223,1,4000
4530736960,2025-10-23T03:16:56,332,4028.45,APPROVED,51991c98-a328-457f-a862-0962b2d30ddc,5,1000
4559739746,2025-06-05T08:20:08,85,173.32,APPROVED,408c4fe5-9066-4997-8f1c-ad8daae4b1f6,3,4000
4546970191,2025-06-23T10:09:15,949,1619.52,WAITING,ea38b7e1-b488-4873-ab04-3066d219b434,1,4000
4588140962,2025-07-04T22:31:22,736,4909.32,REJECTED,a1ad3c2b-45ca-491c-8ef2-a64af7d19e43,4,1000
4521379762,2025-07-11T15:41:34,819,6833.44,APPROVED,6c55f239-a4f0-4edd-afe8-02d129db9eda,4,1000
4513040881,2025-10-20T01:19:55,38,2933.97,REJECTED,37bf8863-0046-49cb-a72c-f7e41661214b,4,2000
4566828216,2025-10-08T03:30:29,182,5162.13,WAITING,0f7e95f4-4fb9-4987-a1e1-5264880e721e,4,2000
4571642447,2025-11-01T14:37:00,409,4333.69,APPROVED,ba5b8587-5d45-44ac-9e4e-16cb4b3afecc,3,3000
4515977831,2025-10-01T03:30:05,33,1274.34,WAITING,ba3d4978-80db-4a12-9f06-e4c698936184,5,2000
4557128176,2025-10-25T19:35:30,665,8130.69,QUOTATION,9c7454a7-b80c-4d19-b841-4c0343b75add,2,1000
4575951167,2025-06-11T01:48:42,311,1326.58,WAITING,fe53d2be-049c-47fa-871a-c4a8b1a10e40,1,2000
4516347020,2025-07-24T12:16:57,664,6262.18,WAITING,791660af-f0db-4fbd-a3a4-86bd38182556,1,1000
4521130920,2025-09-08T13:55:43,726,223.03,REJECTED,4029508a-afa4-4faf-b175-4bb65b8a4dbb,5,3000
4503137802,2025-09-11T21:34:26,40,1601.78,WAITING,408c4fe5-9066-4997-8f1c-ad8daae4b1f6,1,1000
4576854903,2025-09-10T14:18:08,37,9188.03,WAITING,9ec93c76-9578-4947-a5ca-def516b026cb,1,2000
4506518514,2025-11-10T08:21:46,792,4263.92,APPROVED,3d3527a9-4ef5-45d5-83c2-4178789f9921,2,4000
4528227933,2025-06-25T07:52:35,959,9764.58,WAITING,f6dd041e-f994-407c-9a1b-2ee8a39b9b25,2,1000
4554115218,2025-08-11T11:30:54,324,9381.12,REJECTED,9c7454a7-b80c-4d19-b841-4c0343b75add,1,2000
4538337103,2025-09-09T14:09:27,784,9306.54,REJECTED,791660af-f0db-4fbd-a3a4-86bd38182556,1,2000
4552446887,2025-09-20T09:49:42,282,3877.5,WAITING,35672019-b6d1-42b4-b906-8819b248182e,4,4000
4541954713,2025-06-16T15:17:00,723,9448.2,REJECTED,01bb5e4b-33d3-4db2-85a2-499f5c9e31b4,3,2000
4536586872,2025-09-15T12:38:26,577,2142.17,WAITING,ba3d4978-80db-4a12-9f06-e4c698936184,5,4000
4512626760,2025-11-17T16:49:21,67,8706.36,WAITING,28d388a1-0e70-41d0-a8a1-abb9e3263b7b,2,4000
4530717724,2025-07-10T05:23:43,976,3175.34,WAITING,ad64acbd-9045-44ec-9111-f6b3b90cb060,4,4000
4544078684,2025-11-25T07:36:20,749,8037.92,REJECTED,0e752cfe-75ff-427d-8214-57710b509b33,2,1000
4563525975,2025-09-24T15:39:22,214,1213.17,QUOTATION,2c6e3cb9-21cb-4de6-ae38-f117a3cbdfe2,1,3000
4580467373,2025-08-15T12:09:57,383,46.19,REJECTED,15ddc72a-7103-4a88-a951-49c5aa75affd,3,3000
4530153263,2025-11-23T16:27:24,646,6948.02,APPROVED,a1ad3c2b-45ca-491c-8ef2-a64af7d19e43,5,2000
4585110913,2025-09-22T22:39:59,557,7014.03,QUOTATION,bf599d91-442c-4e09-b5ae-b9f08a417d11,3,3000
4581050805,2025-08-28T22:58:30,58,2018.92,APPROVED,68681084-7b12-4fd9-9704-7da3802cb451,3,2000
4588418959,2025-07-02T01:01:05,218,5417.09,WAITING,28d388a1-0e70-41d0-a8a1-abb9e3263b7b,3,1000
4519304219,2025-07-28T04:07:11,503,9743.84,QUOTATION,ea38b7e1-b488-4873-ab04-3066d219b434,1,1000
4597766970,2025-06-17T11:21:55,393,431.14,REJECTED,31ac60a6-1bc1-442c-ae10-4a420f770538,5,3000
4521134542,2025-09-12T00:49:28,747,6059.32,QUOTATION,cea90057-5542-4a9f-8ad8-2fa263b39b7b,4,1000
4533608246,2025-10-08T14:44:51,554,6207.46,APPROVED,3ee51816-f540-45e6-8401-474c5df84e78,3,1000
4591991244,2025-09-15T22:58:07,764,6037.29,QUOTATION,da731710-48f7-4c02-8dd6-917ff4c62e3b,1,2000
4533360479,2025-08-19T09:02:29,43,5618.13,QUOTATION,eb8e5632-45d0-47e9-bcc0-ee76bf030643,3,2000
4515523017,2025-11-15T05:19:35,627,6473.04,WAITING,0439439c-8945-42c4-b079-5340d85df97c,5,2000
4592014203,2025-06-17T16:28:10,227,9883.66,QUOTATION,a1ad3c2b-45ca-491c-8ef2-a64af7d19e43,2,4000
4524760090,2025-09-11T21:11:36,116,475.17,REJECTED,51991c98-a328-457f-a862-0962b2d30ddc,5,3000
4560053222,2025-10-16T10:50:07,284,4522.73,QUOTATION,0f7e95f4-4fb9-4987-a1e1-5264880e721e,1,2000
4564218817,2025-11-10T20:44:44,853,9125.33,WAITING,a1a6e723-19c6-46fd-a584-917efe27f127,5,3000
4579937376,2025-11-28T17:29:18,292,4941.13,WAITING,00a417fb-f2b9-4bb8-90c0-0787c3f2e3c7,1,4000
4525452179,2025-10-22T12:52:09,900,7977.57,REJECTED,51991c98-a328-457f-a862-0962b2d30ddc,5,2000
4545282926,2025-09-06T05:39:51,395,3925.8,APPROVED,05767575-2944-4457-9aa7-06e1dae2ae25,2,4000
4512507258,2025-08-02T10:14:40,51,6012.01,REJECTED,d5b6a98e-464a-4e85-ad1c-7fd6be7df835,1,4000
4508043715,2025-08-27T19:51:41,396,4382.48,REJECTED,ebfe58ef-0dee-41d8-859e-ae2bff66e7fc,3,2000
4588788789,2025-11-08T09:15:04,680,4548.23,REJECTED,0b319577-4ab0-4684-b112-b27aad212cb1,2,3000
4539388595,2025-10-23T08:49:55,101,2090.56,APPROVED,71b893be-0a75-41a7-9a52-bcdb771cc5ec,2,1000
4589398869,2025-10-27T23:30:44,466,2383.77,REJECTED,e7ba4d18-37bf-472c-9d3a-7756c21a55c9,5,3000
4566779047,2025-07-01T10:11:17,481,9816.76,QUOTATION,3d3527a9-4ef5-45d5-83c2-4178789f9921,5,1000
4516726068,2025-09-05T21:56:07,191,492.83,WAITING,0439439c-8945-42c4-b079-5340d85df97c,5,1000
4572739243,2025-09-10T08:22:48,870,1733.95,WAITING,d7da1df8-a4af-4efe-a657-570c6d350470,5,4000
4551801496,2025-06-02T12:28:00,199,1653.33,REJECTED,eb8e5632-45d0-47e9-bcc0-ee76bf030643,5,3000
4524673145,2025-07-12T19:22:54,914,6682.13,QUOTATION,110f8801-eea1-420d-98e6-dd439569747b,1,1000
4535595395,2025-10-02T00:49:24,928,6320.55,APPROVED,ea38b7e1-b488-4873-ab04-3066d219b434,3,3000
4506791544,2025-11-27T22:10:24,549,9987.89,QUOTATION,a4926703-442b-4179-808a-04de7d4e1015,2,1000
4588090096,2025-08-15T13:38:34,139,6512.93,QUOTATION,c40f8a37-9024-4fcd-80a6-7917301ba6bd,4,4000
4562573552,2025-09-01T09:36:18,52,4074.21,QUOTATION,77b34563-244c-46da-b014-af1a9c7fa9e4,5,1000
4508510416,2025-07-18T22:04:13,81,9228.59,WAITING,d7da1df8-a4af-4efe-a657-570c6d350470,5,4000
4572831396,2025-08-03T22:01:22,745,7082.74,QUOTATION,51991c98-a328-457f-a862-0962b2d30ddc,4,1000
4526105385,2025-07-09T13:56:02,716,3806.81,WAITING,4029508a-afa4-4faf-b175-4bb65b8a4dbb,4,2000
4571141429,2025-09-23T23:05:07,818,6063.77,APPROVED,8df0c99e-2745-44ae-94ee-ad79cb114fdb,3,2000
4502627735,2025-08-12T17:14:39,403,716.19,REJECTED,f6dd041e-f994-407c-9a1b-2ee8a39b9b25,3,4000
4554265581,2025-07-26T11:52:15,684,4895.64,APPROVED,8df0c99e-2745-44ae-94ee-ad79cb114fdb,5,2000
4572252487,2025-08-11T12:52:25,371,4985.12,APPROVED,76fa0c16-dc3a-4a9b-b914-de6a0097f3dc,4,3000
4580764165,2025-08-26T05:49:04,9,4381.48,APPROVED,6cc3c3b9-23fa-4969-8791-af89dedc62c9,4,4000
4553133824,2025-11-22T01:15:52,106,5764.49,WAITING,f6979cad-3c89-4280-985d-d7f07aaa8c2b,1,3000
4532632282,2025-07-10T15:45:09,838,9370.39,REJECTED,0e752cfe-75ff-427d-8214-57710b509b33,1,2000
4588027743,2025-08-25T21:29:25,530,4844.0,REJECTED,d5b6a98e-464a-4e85-ad1c-7fd6be7df835,1,4000
4516230758,2025-10-25T01:26:58,851,3757.24,QUOTATION,e069016d-d217-4fbc-b438-1e8790b731fb,4,1000
4534665549,2025-08-13T01:41:20,16,426.07,WAITING,ebfe58ef-0dee-41d8-859e-ae2bff66e7fc,5,2000
4588323573,2025-06-24T21:37:08,814,5498.61,REJECTED,3ee51816-f540-45e6-8401-474c5df84e78,2,4000
4569612287,2025-06-04T15:40:39,85,8947.18,WAITING,fe53d2be-049c-47fa-871a-c4a8b1a10e40,5,4000
4555375100,2025-07-02T17:51:17,347,6234.17,WAITING,41e46c83-90d4-4836-a022-b900a018b3fa,3,3000
4583096696,2025-06-24T09:05:52,983,2337.75,WAITING,31ac60a6-1bc1-442c-ae10-4a420f770538,5,4000
4541388588,2025-06-28T19:43:39,947,910.92,REJECTED,32149af9-a4f0-4e80-a73d-490a9faef06f,1,4000
4599264377,2025-09-28T19:07:11,746,422.11,REJECTED,384bae62-8ba8-4cac-b8ad-3df4e68bcafa,5,1000
4574912255,2025-11-16T06:50:22,310,4996.8,REJECTED,0f7e95f4-4fb9-4987-a1e1-5264880e721e,5,1000
4572757069,2025-07-10T10:03:33,626,4156.1,QUOTATION,9fc109ea-2585-4c23-9329-2ccda2d964eb,3,1000
4502154574,2025-07-14T14:50:15,938,7296.12,APPROVED,d7da1df8-a4af-4efe-a657-570c6d350470,5,3000
4516757602,2025-06-01T04:31:39,828,5289.96,REJECTED,35672019-b6d1-42b4-b906-8819b248182e,1,4000
4539094193,2025-09-21T03:30:33,64,5414.89,WAITING,9fc109ea-2585-4c23-9329-2ccda2d964eb,4,1000
4549539040,2025-07-03T06:01:31,218,9310.62,WAITING,834a14f7-cbd7-4220-9587-cd61c93c8253,1,4000
4560181910,2025-10-17T13:57:35,536,3722.37,APPROVED,6c55f239-a4f0-4edd-afe8-02d129db9eda,3,4000
4585324581,2025-08-08T02:51:55,676,8677.26,APPROVED,e069016d-d217-4fbc-b438-1e8790b731fb,4,4000
4580080277,2025-08-06T19:40:57,160,9655.64,REJECTED,74d238f7-61d4-41c6-9d51-b05f2eddcb36,1,2000
4504183432,2025-07-26T20:17:22,320,5431.41,QUOTATION,35672019-b6d1-42b4-b906-8819b248182e,1,3000
4509460664,2025-11-10T20:47:16,764,8771.71,REJECTED,0e752cfe-75ff-427d-8214-57710b509b33,4,1000
4573413525,2025-09-17T22:45:34,520,9440.23,APPROVED,ba5b8587-5d45-44ac-9e4e-16cb4b3afecc,1,2000
4535288127,2025-10-02T06:04:54,971,8673.98,REJECTED,cf11fe2a-443a-44e9-96b0-e6b91ddfa87d,2,1000
4585933890,2025-06-27T15:41:53,106,7333.98,APPROVED,b6bbc970-46d2-4ff4-9c52-80f378cfe8ea,2,4000
4571832819,2025-07-21T08:39:13,64,9136.66,QUOTATION,32149af9-a4f0-4e80-a73d-490a9faef06f,4,2000
4517236317,2025-10-10T04:06:43,936,9564.24,REJECTED,37bf8863-0046-49cb-a72c-f7e41661214b,3,1000
4541780112,2025-07-22T13:18:38,864,1089.52,WAITING,a4926703-442b-4179-808a-04de7d4e1015,2,4000
4503885961,2025-06-10T13:56:16,251,6002.18,WAITING,384bae62-8ba8-4cac-b8ad-3df4e68bcafa,2,1000
4538654594,2025-06-11T09:52:33,84,9197.02,QUOTATION,651e8d5b-8636-4635-a934-6f9427d506b8,3,3000
4581767335,2025-11-16T19:04:32,870,1928.49,REJECTED,aa51a37d-2867-459b-8885-b5c8b161616a,3,3000
4594899817,2025-11-21T01:48:06,239,4785.27,WAITING,3ee51816-f540-45e6-8401-474c5df84e78,4,1000
4525651664,2025-11-10T10:29:43,210,6776.02,QUOTATION,ce1eeb99-74a8-4547-b95c-345102c07d21,2,3000
4552895885,2025-10-25T09:58:59,110,5257.08,APPROVED,eb8e5632-45d0-47e9-bcc0-ee76bf030643,4,1000
4535797846,2025-07-13T23:42:33,639,9745.34,REJECTED,a1a6e723-19c6-46fd-a584-917efe27f127,4,4000
4587279812,2025-09-23T18:37:11,3,1240.09,QUOTATION,35672019-b6d1-42b4-b906-8819b248182e,2,1000
4553056564,2025-10-01T00:25:13,742,6015.89,REJECTED,e069016d-d217-4fbc-b438-1e8790b731fb,4,4000
4598594992,2025-06-25T19:34:36,191,4446.25,REJECTED,05767575-2944-4457-9aa7-06e1dae2ae25,2,4000
4561803303,2025-08-09T18:42:44,306,7005.2,REJECTED,975480d4-8c15-44ba-8c55-a9938bdaa2c4,5,3000
4537859133,2025-09-28T11:59:01,8,3447.41,APPROVED,2cf52c48-a37c-4244-a030-3fe16c443ecd,4,2000
4509940422,2025-06-01T19:18:44,670,8393.35,REJECTED,41f3b33b-8871-42fd-90d5-1d1d9f2d5aed,1,3000
4583945524,2025-10-01T22:00:04,464,9769.76,QUOTATION,2cf52c48-a37c-4244-a030-3fe16c443ecd,3,4000
4543426820,2025-10-11T20:33:48,672,9704.36,QUOTATION,41e46c83-90d4-4836-a022-b900a018b3fa,3,4000
4591238760,2025-08-24T14:22:08,62,3496.85,REJECTED,3f3292d8-3056-42da-9ec5-d080c252a223,5,3000
4528409329,2025-06-18T07:33:55,956,4292.41,APPROVED,0b319577-4ab0-4684-b112-b27aad212cb1,5,4000
4524356335,2025-06-19T12:00:37,973,4055.12,REJECTED,41f3b33b-8871-42fd-90d5-1d1d9f2d5aed,5,2000
4527051373,2025-11-12T08:16:41,738,6730.58,WAITING,d4dbba0a-2b26-4233-9017-bb25b2e860f3,5,1000
4510528576,2025-08-15T02:19:36,737,3606.94,REJECTED,37bf8863-0046-49cb-a72c-f7e41661214b,2,2000
4582140892,2025-08-18T18:26:24,356,8887.47,QUOTATION,e7ba4d18-37bf-472c-9d3a-7756c21a55c9,3,3000
4585370625,2025-07-28T11:37:37,968,9459.58,REJECTED,2ab670e8-49e3-4a95-9871-d937f77b5927,1,4000
4568790343,2025-08-01T05:20:53,936,8790.83,WAITING,6cc3c3b9-23fa-4969-8791-af89dedc62c9,5,2000
4517772994,2025-07-11T06:35:22,287,4169.47,APPROVED,3f3292d8-3056-42da-9ec5-d080c252a223,3,4000
4554011704,2025-11-27T20:46:18,238,5989.01,QUOTATION,dbce3e63-1a5c-4595-a1f9-d09c3d978567,5,3000
4524498786,2025-10-18T21:54:53,598,4215.29,QUOTATION,f6979cad-3c89-4280-985d-d7f07aaa8c2b,2,3000
4572435738,2025-10-06T20:32:51,204,194.96,WAITING,834a14f7-cbd7-4220-9587-cd61c93c8253,1,1000
4560677033,2025-08-18T01:20:16,947,1381.26,WAITING,6cc3c3b9-23fa-4969-8791-af89dedc62c9,3,4000
4540396115,2025-09-07T16:13:50,823,4301.76,APPROVED,3341d7ea-5bed-42e4-82c2-18d0adfbcdf1,4,3000
4568863309,2025-08-10T08:48:04,480,5873.33,QUOTATION,9ec93c76-9578-4947-a5ca-def516b026cb,3,4000
4512816600,2025-11-24T06:28:31,235,7379.08,WAITING,110f8801-eea1-420d-98e6-dd439569747b,5,2000
4574058172,2025-10-14T16:51:46,469,6396.22,APPROVED,0e752cfe-75ff-427d-8214-57710b509b33,4,1000
4524182843,2025-11-11T17:30:03,527,8494.68,REJECTED,28d388a1-0e70-41d0-a8a1-abb9e3263b7b,2,1000
4555285755,2025-10-22T08:40:59,531,6839.12,WAITING,915bda23-d2b3-4bab-9d3b-0b701beb76fa,2,2000
4563867615,2025-09-10T18:55:00,771,2476.58,QUOTATION,4a2d279e-2495-496f-80d9-bc5a45e3b6b4,1,2000
4548922423,2025-08-01T10:53:35,272,5302.59,APPROVED,f6979cad-3c89-4280-985d-d7f07aaa8c2b,5,3000
4570986616,2025-11-11T20:01:24,413,9746.2,APPROVED,834a14f7-cbd7-4220-9587-cd61c93c8253,1,2000
4500915213,2025-08-03T10:58:42,53,2237.53,APPROVED,74d238f7-61d4-41c6-9d51-b05f2eddcb36,3,2000
4540782101,2025-10-04T15:58:19,950,3508.81,APPROVED,05767575-2944-4457-9aa7-06e1dae2ae25,1,3000
4562880354,2025-11-18T10:48:58,409,2361.58,REJECTED,975480d4-8c15-44ba-8c55-a9938bdaa2c4,3,4000
4526419948,2025-07-05T04:21:54,204,8153.34,QUOTATION,9fc109ea-2585-4c23-9329-2ccda2d964eb,5,4000
4575639607,2025-11-24T14:06:13,37,6905.65,WAITING,fffeaf8f-4b6b-4357-a309-89f4769c36da,1,1000
4500144854,2025-06-10T20:13:34,836,432.07,REJECTED,611eefb3-ef38-4a2e-831a-15aff1dde8f8,2,2000
4551601511,2025-06-03T21:53:25,170,8484.32,REJECTED,f524f9ee-95cb-4e66-a6c1-b58f8296e7f3,2,2000
4546508975,2025-09-16T02:26:07,246,5767.35,WAITING,408c4fe5-9066-4997-8f1c-ad8daae4b1f6,2,4000
4590541072,2025-06-18T03:22:37,494,78.79,QUOTATION,2cf52c48-a37c-4244-a030-3fe16c443ecd,4,4000
4511398876,2025-08-11T00:45:10,789,4058.49,WAITING,d7da1df8-a4af-4efe-a657-570c6d350470,2,2000
4578655502,2025-07-22T06:54:54,801,4565.06,REJECTED,0f7e95f4-4fb9-4987-a1e1-5264880e721e,5,3000
4573165393,2025-07-13T05:14:01,151,9553.95,QUOTATION,408c4fe5-9066-4997-8f1c-ad8daae4b1f6,3,3000
4584085085,2025-10-05T00:28:35,481,627.52,QUOTATION,ea38b7e1-b488-4873-ab04-3066d219b434,3,3000
4595498568,2025-06-16T17:44:19,431,7813.95,REJECTED,cea90057-5542-4a9f-8ad8-2fa263b39b7b,2,3000
4574321434,2025-11-04T21:32:04,392,6649.24,APPROVED,cf11fe2a-443a-44e9-96b0-e6b91ddfa87d,1,3000
4539885649,2025-08-19T06:45:06,921,3679.52,QUOTATION,de541e55-b7b6-404a-8ce0-a6f1ea925750,2,1000
4564951026,2025-09-24T22:15:15,34,4567.17,QUOTATION,73df3d25-bcec-47a6-8d66-6b628e81ed2d,2,2000
4584584500,2025-10-14T14:04:09,413,7722.06,REJECTED,aa51a37d-2867-459b-8885-b5c8b161616a,1,4000
4507967891,2025-11-14T16:46:52,536,2916.88,APPROVED,f6dd041e-f994-407c-9a1b-2ee8a39b9b25,5,2000
4592949270,2025-08-26T21:59:28,285,8981.48,APPROVED,bf599d91-442c-4e09-b5ae-b9f08a417d11,1,2000
4571371231,2025-06-11T04:07:49,270,5098.22,QUOTATION,f6dd041e-f994-407c-9a1b-2ee8a39b9b25,2,1000
4509435863,2025-11-22T23:45:19,900,1315.07,APPROVED,ba5b8587-5d45-44ac-9e4e-16cb4b3afecc,5,1000
4532587702,2025-07-27T06:27:07,256,5981.32,APPROVED,ba3d4978-80db-4a12-9f06-e4c698936184,3,4000
4518734555,2025-09-13T03:21:56,373,2154.46,QUOTATION,f6979cad-3c89-4280-985d-d7f07aaa8c2b,5,1000
4593800726,2025-07-26T22:48:36,459,8003.37,QUOTATION,0f7e95f4-4fb9-4987-a1e1-5264880e721e,4,1000
4514777201,2025-07-10T08:23:21,755,2791.66,QUOTATION,01bb5e4b-33d3-4db2-85a2-499f5c9e31b4,4,4000
4501219891,2025-09-07T20:03:54,303,4046.39,APPROVED,51991c98-a328-457f-a862-0962b2d30ddc,5,1000
4596623590,2025-06-02T21:45:50,865,3388.55,APPROVED,51991c98-a328-457f-a862-0962b2d30ddc,2,3000
4563250309,2025-09-10T16:46:25,226,6392.96,REJECTED,bf599d91-442c-4e09-b5ae-b9f08a417d11,3,2000
4541710710,2025-09-01T21:00:43,799,4485.2,WAITING,f6979cad-3c89-4280-985d-d7f07aaa8c2b,2,2000
4524089425,2025-10-12T15:18:37,561,4758.2,WAITING,975480d4-8c15-44ba-8c55-a9938bdaa2c4,5,3000
4527241900,2025-08-05T05:29:13,922,3975.8,APPROVED,cea90057-5542-4a9f-8ad8-2fa263b39b7b,3,3000
4597981828,2025-10-27T05:52:34,461,980.4,QUOTATION,d7da1df8-a4af-4efe-a657-570c6d350470,2,4000
4556526782,2025-11-17T17:17:48,435,2934.51,QUOTATION,a4926703-442b-4179-808a-04de7d4e1015,4,3000
4554470194,2025-10-22T08:35:47,271,341.11,QUOTATION,fffeaf8f-4b6b-4357-a309-89f4769c36da,5,4000
4513956139,2025-10-16T04:13:08,502,3348.04,QUOTATION,384bae62-8ba8-4cac-b8ad-3df4e68bcafa,1,4000
4547023960,2025-08-19T19:03:48,108,9570.11,REJECTED,32149af9-a4f0-4e80-a73d-490a9faef06f,5,4000
4531553420,2025-10-05T22:23:31,127,5475.44,REJECTED,76fa0c16-dc3a-4a9b-b914-de6a0097f3dc,1,2000
4578206350,2025-07-12T15:28:47,702,9173.25,WAITING,fcc9df1e-2761-4b55-8f60-015b21066d78,2,4000
4573164580,2025-08-04T01:34:57,991,8983.99,APPROVED,bcebc30c-15e5-48e2-9c32-c86d886f82a0,5,2000
4547527414,2025-10-08T19:19:52,188,2086.34,REJECTED,de541e55-b7b6-404a-8ce0-a6f1ea925750,5,3000
4588869286,2025-08-07T19:00:49,873,5347.39,WAITING,73df3d25-bcec-47a6-8d66-6b628e81ed2d,5,2000
4511446664,2025-11-12T01:02:56,694,5640.17,QUOTATION,9c7454a7-b80c-4d19-b841-4c0343b75add,5,4000
4529316371,2025-09-07T20:40:51,755,122.37,APPROVED,a1ad3c2b-45ca-491c-8ef2-a64af7d19e43,1,1000
4597947881,2025-11-10T11:27:53,685,4801.28,WAITING,b0154cbb-c693-4062-88b9-a8acf4402b56,2,4000
4587864975,2025-11-08T02:41:07,913,9642.87,WAITING,9fc109ea-2585-4c23-9329-2ccda2d964eb,5,2000
4580448642,2025-08-17T04:35:09,876,2168.2,WAITING,791660af-f0db-4fbd-a3a4-86bd38182556,5,2000
4540308582,2025-07-14T08:13:20,318,7580.38,REJECTED,77b34563-244c-46da-b014-af1a9c7fa9e4,2,1000
4505532683,2025-09-06T18:50:03,231,1255.36,REJECTED,dbce3e63-1a5c-4595-a1f9-d09c3d978567,1,1000
4501472824,2025-11-28T13:56:36,488,6149.42,APPROVED,84aadcf6-499b-4416-9a35-3e546eb39a5c,5,1000
4519758813,2025-07-27T14:47:19,21,4588.57,QUOTATION,e069016d-d217-4fbc-b438-1e8790b731fb,3,2000
4523459608,2025-09-08T00:59:40,998,3243.62,QUOTATION,ba3d4978-80db-4a12-9f06-e4c698936184,2,3000
4507603461,2025-07-24T10:58:58,923,9925.74,APPROVED,651e8d5b-8636-4635-a934-6f9427d506b8,1,4000
4504374398,2025-10-05T21:57:37,575,6770.14,QUOTATION,daffc87a-fdb5-424e-9155-782c6cd1b731,4,1000
4578731894,2025-09-23T00:43:03,10,7360.8,APPROVED,a1a6e723-19c6-46fd-a584-917efe27f127,1,3000
4550451471,2025-06-10T21:06:41,875,9200.99,WAITING,bcebc30c-15e5-48e2-9c32-c86d886f82a0,1,3000
4508022362,2025-06-15T11:14:06,6,234.89,QUOTATION,9c7454a7-b80c-4d19-b841-4c0343b75add,4,3000
4585917094,2025-06-25T02:58:26,577,5302.78,REJECTED,ea38b7e1-b488-4873-ab04-3066d219b434,2,1000
4523956467,2025-07-02T11:10:14,963,2258.48,QUOTATION,0439439c-8945-42c4-b079-5340d85df97c,3,3000
4507122989,2025-07-07T21:44:09,391,7624.04,APPROVED,d5b6a98e-464a-4e85-ad1c-7fd6be7df835,2,2000
4556061057,2025-06-26T06:52:07,543,1677.26,REJECTED,68681084-7b12-4fd9-9704-7da3802cb451,3,1000
4548611096,2025-08-21T14:23:32,43,8400.45,REJECTED,32149af9-a4f0-4e80-a73d-490a9faef06f,3,4000
4522854761,2025-06-21T03:35:45,506,8803.59,REJECTED,611eefb3-ef38-4a2e-831a-15aff1dde8f8,3,4000
4502651049,2025-11-16T14:00:14,158,571.28,REJECTED,b020551c-5fe7-45ea-881a-6fa78332362d,3,4000
4544832419,2025-11-22T01:57:41,898,4686.71,WAITING,6c55f239-a4f0-4edd-afe8-02d129db9eda,3,3000
4571878693,2025-06-20T06:48:53,693,6375.68,QUOTATION,bcebc30c-15e5-48e2-9c32-c86d886f82a0,3,1000
4593108908,2025-06-12T21:39:43,457,7974.22,APPROVED,0b319577-4ab0-4684-b112-b27aad212cb1,5,1000
4585576556,2025-07-18T08:55:31,694,7957.38,REJECTED,b6bbc970-46d2-4ff4-9c52-80f378cfe8ea,1,3000
4590290600,2025-11-23T23:15:41,261,2135.96,QUOTATION,975480d4-8c15-44ba-8c55-a9938bdaa2c4,5,4000
4518858557,2025-10-22T19:08:24,943,9455.61,QUOTATION,cea90057-5542-4a9f-8ad8-2fa263b39b7b,5,1000
4536579412,2025-07-21T06:05:57,852,6909.77,WAITING,5257f4f1-580e-4eb3-89f9-6cae458e4509,3,2000
4591840357,2025-11-11T06:54:49,698,1789.57,REJECTED,0b319577-4ab0-4684-b112-b27aad212cb1,1,4000
4505045835,2025-07-03T08:31:48,905,2163.51,QUOTATION,fffeaf8f-4b6b-4357-a309-89f4769c36da,4,3000
4509307515,2025-09-12T17:00:08,616,4491.76,QUOTATION,4029508a-afa4-4faf-b175-4bb65b8a4dbb,2,1000
4540512247,2025-09-18T18:28:43,890,5800.11,QUOTATION,da731710-48f7-4c02-8dd6-917ff4c62e3b,2,3000
4576654311,2025-06-28T09:45:18,840,8788.43,QUOTATION,4a5df305-6d85-4b5a-81ca-b2a776017f8f,5,2000
4531644387,2025-06-21T11:42:01,226,1613.4,REJECTED,de541e55-b7b6-404a-8ce0-a6f1ea925750,2,4000
4536980323,2025-07-12T14:02:20,865,711.36,WAITING,da731710-48f7-4c02-8dd6-917ff4c62e3b,5,4000
4548894828,2025-07-06T00:01:32,452,7230.79,REJECTED,915bda23-d2b3-4bab-9d3b-0b701beb76fa,3,4000
4531525946,2025-06-06T01:07:34,834,3686.31,WAITING,4a2d279e-2495-496f-80d9-bc5a45e3b6b4,2,4000
4599956893,2025-07-01T13:46:20,689,5760.51,QUOTATION,fcc9df1e-2761-4b55-8f60-015b21066d78,3,1000
4526612318,2025-11-03T06:22:50,653,4068.38,REJECTED,9a109dc4-7be3-4aec-94bb-ede38f79ae14,3,3000
4539403496,2025-11-25T05:21:08,300,1866.22,REJECTED,f6dd041e-f994-407c-9a1b-2ee8a39b9b25,4,2000
4589126923,2025-11-22T08:38:44,531,2269.81,REJECTED,8df0c99e-2745-44ae-94ee-ad79cb114fdb,1,4000
4526308394,2025-10-03T20:44:05,396,820.26,QUOTATION,5c250769-58e7-4a67-92b8-05566aab2cd0,4,3000
4537697448,2025-08-21T08:37:08,422,6416.96,APPROVED,37bf8863-0046-49cb-a72c-f7e41661214b,1,3000
4574802430,2025-10-06T08:48:20,903,8811.6,QUOTATION,791660af-f0db-4fbd-a3a4-86bd38182556,5,1000
4521178390,2025-09-28T17:42:08,489,8084.96,QUOTATION,ad64acbd-9045-44ec-9111-f6b3b90cb060,2,3000
4588045041,2025-07-18T04:17:00,987,8665.42,APPROVED,8ca5ca23-a910-469b-aec1-73bd31d74ba2,5,1000
4523886427,2025-09-26T18:14:08,348,253.35,REJECTED,41f3b33b-8871-42fd-90d5-1d1d9f2d5aed,5,1000
4590140820,2025-08-11T03:32:02,223,989.14,APPROVED,f524f9ee-95cb-4e66-a6c1-b58f8296e7f3,2,1000
4557608264,2025-09-05T01:43:01,64,4588.31,APPROVED,9fc109ea-2585-4c23-9329-2ccda2d964eb,5,2000
4573132593,2025-06-15T22:25:31,512,6763.0,QUOTATION,eb8e5632-45d0-47e9-bcc0-ee76bf030643,4,3000
4563452053,2025-11-11T22:02:34,675,3842.76,QUOTATION,05767575-2944-4457-9aa7-06e1dae2ae25,3,2000
4596537294,2025-11-17T09:01:23,857,7187.6,REJECTED,41f3b33b-8871-42fd-90d5-1d1d9f2d5aed,5,4000
4533393144,2025-07-28T21:31:14,210,11.45,WAITING,5c250769-58e7-4a67-92b8-05566aab2cd0,3,3000
4563714776,2025-08-09T12:50:41,465,6212.12,APPROVED,da731710-48f7-4c02-8dd6-917ff4c62e3b,2,4000
4590762192,2025-07-23T21:02:26,427,7446.01,APPROVED,d5b6a98e-464a-4e85-ad1c-7fd6be7df835,4,2000
4512072191,2025-11-07T22:27:03,112,227.74,WAITING,975480d4-8c15-44ba-8c55-a9938bdaa2c4,3,3000
4567422841,2025-08-23T08:07:41,856,6742.84,WAITING,84aadcf6-499b-4416-9a35-3e546eb39a5c,1,2000
4560064248,2025-07-14T09:50:47,584,9371.26,WAITING,b0154cbb-c693-4062-88b9-a8acf4402b56,1,2000
4581888476,2025-09-24T19:44:39,37,3895.59,WAITING,fffeaf8f-4b6b-4357-a309-89f4769c36da,1,4000
4588291596,2025-11-09T22:37:21,976,9153.28,APPROVED,ba5b8587-5d45-44ac-9e4e-16cb4b3afecc,2,1000
4561093480,2025-07-20T17:05:11,710,6314.31,REJECTED,da731710-48f7-4c02-8dd6-917ff4c62e3b,2,3000
4520694368,2025-10-10T11:31:00,231,117.95,REJECTED,68681084-7b12-4fd9-9704-7da3802cb451,1,4000
4505647961,2025-08-16T23:36:25,30,7042.61,REJECTED,ce1eeb99-74a8-4547-b95c-345102c07d21,3,2000
4547151404,2025-07-07T18:23:22,387,900.23,WAITING,9fc109ea-2585-4c23-9329-2ccda2d964eb,1,3000
4538368021,2025-08-27T21:21:24,452,8158.03,WAITING,2c7b9d8a-6b92-4a21-a03e-024e434a203d,2,3000
4588179566,2025-10-15T03:45:20,254,8824.69,APPROVED,dbce3e63-1a5c-4595-a1f9-d09c3d978567,5,2000
4566037092,2025-07-14T22:01:24,20,5626.57,REJECTED,9ec93c76-9578-4947-a5ca-def516b026cb,4,1000
4536735101,2025-09-16T07:23:30,965,9060.36,REJECTED,9c7454a7-b80c-4d19-b841-4c0343b75add,3,2000
4588900373,2025-09-10T21:15:00,286,6847.58,QUOTATION,35672019-b6d1-42b4-b906-8819b248182e,4,1000
4505386154,2025-09-26T23:00:04,419,4277.28,QUOTATION,de541e55-b7b6-404a-8ce0-a6f1ea925750,1,4000
4586208624,2025-06-22T20:09:46,303,6683.54,QUOTATION,62117371-6664-4e90-9e4c-e3939789c81a,2,3000
4532549846,2025-06-05T09:19:19,350,3370.26,APPROVED,56ae9e46-c0b2-46ca-b51d-5686e00ce4a6,3,1000
4532973897,2025-09-04T11:57:27,197,860.11,WAITING,915bda23-d2b3-4bab-9d3b-0b701beb76fa,4,4000
4518369468,2025-08-10T08:43:05,142,774.35,APPROVED,f6979cad-3c89-4280-985d-d7f07aaa8c2b,2,3000
4557999220,2025-06-16T01:57:33,565,6210.89,APPROVED,b6bbc970-46d2-4ff4-9c52-80f378cfe8ea,3,1000
4598736397,2025-10-12T19:31:25,478,1597.12,APPROVED,f524f9ee-95cb-4e66-a6c1-b58f8296e7f3,4,2000
4578355955,2025-07-20T10:17:36,108,1776.6,APPROVED,611eefb3-ef38-4a2e-831a-15aff1dde8f8,5,2000
4527895216,2025-08-20T05:58:05,183,7266.7,QUOTATION,5c250769-58e7-4a67-92b8-05566aab2cd0,5,1000
4571085822,2025-07-24T21:17:20,993,505.16,WAITING,384bae62-8ba8-4cac-b8ad-3df4e68bcafa,1,4000
4568060979,2025-10-08T13:14:44,693,8413.27,QUOTATION,41f3b33b-8871-42fd-90d5-1d1d9f2d5aed,5,4000
4542714867,2025-10-02T20:04:45,88,5606.76,QUOTATION,bf599d91-442c-4e09-b5ae-b9f08a417d11,3,2000
4574685639,2025-10-26T10:01:49,30,6617.44,WAITING,3ee51816-f540-45e6-8401-474c5df84e78,3,4000
4563775022,2025-11-21T03:17:46,161,1338.16,APPROVED,d7da1df8-a4af-4efe-a657-570c6d350470,5,2000
4565363865,2025-10-15T19:36:29,451,295.72,WAITING,cf11fe2a-443a-44e9-96b0-e6b91ddfa87d,1,1000
4577172499,2025-07-11T10:09:40,782,4210.07,WAITING,de541e55-b7b6-404a-8ce0-a6f1ea925750,1,1000
4575085797,2025-08-28T01:48:21,534,1545.24,APPROVED,6c55f239-a4f0-4edd-afe8-02d129db9eda,4,2000
4507778232,2025-06-17T05:22:32,559,548.2,WAITING,56ae9e46-c0b2-46ca-b51d-5686e00ce4a6,5,2000
4548764614,2025-11-11T16:30:52,186,3929.21,QUOTATION,73df3d25-bcec-47a6-8d66-6b628e81ed2d,5,3000
4510825400,2025-06-19T14:33:35,758,4659.07,REJECTED,408c4fe5-9066-4997-8f1c-ad8daae4b1f6,2,1000
4536435236,2025-10-20T04:51:13,830,8571.96,WAITING,f524f9ee-95cb-4e66-a6c1-b58f8296e7f3,2,1000
4557047446,2025-07-28T18:32:31,912,1298.18,QUOTATION,6c55f239-a4f0-4edd-afe8-02d129db9eda,3,1000
4533288452,2025-11-07T18:35:32,123,9948.25,REJECTED,0a58bce2-1697-4c89-b568-ae280f33f982,5,2000
4554201927,2025-09-19T07:47:13,179,9952.47,APPROVED,d7da1df8-a4af-4efe-a657-570c6d350470,1,2000
4597057319,2025-06-25T09:33:41,53,4994.51,QUOTATION,71b893be-0a75-41a7-9a52-bcdb771cc5ec,4,4000
4543211285,2025-08-14T00:35:50,610,3929.35,APPROVED,5257f4f1-580e-4eb3-89f9-6cae458e4509,4,1000
4514969677,2025-07-19T21:27:45,537,2406.94,WAITING,651e8d5b-8636-4635-a934-6f9427d506b8,1,2000
4519542614,2025-06-01T02:55:47,264,4757.36,WAITING,2c7b9d8a-6b92-4a21-a03e-024e434a203d,4,1000
4531368285,2025-09-20T04:46:15,168,8265.46,APPROVED,3f3292d8-3056-42da-9ec5-d080c252a223,1,4000
4578410450,2025-06-16T13:33:53,686,741.37,APPROVED,b020551c-5fe7-45ea-881a-6fa78332362d,5,3000
4567358266,2025-11-10T16:59:50,715,30.67,REJECTED,fe53d2be-049c-47fa-871a-c4a8b1a10e40,2,3000
4516823813,2025-09-22T17:08:26,830,6024.01,REJECTED,0439439c-8945-42c4-b079-5340d85df97c,2,4000
4578658274,2025-07-10T20:15:30,955,6985.79,QUOTATION,bcebc30c-15e5-48e2-9c32-c86d886f82a0,3,4000
4549462853,2025-06-18T19:50:34,59,7953.15,REJECTED,915bda23-d2b3-4bab-9d3b-0b701beb76fa,4,3000
4589405875,2025-09-12T01:55:37,957,6732.07,WAITING,2cf52c48-a37c-4244-a030-3fe16c443ecd,4,1000
4515336012,2025-07-08T09:52:57,599,1626.26,REJECTED,bf599d91-442c-4e09-b5ae-b9f08a417d11,4,2000
4594292090,2025-10-24T14:54:38,559,3398.33,WAITING,975480d4-8c15-44ba-8c55-a9938bdaa2c4,3,3000
4588273320,2025-10-17T20:30:36,301,79.92,QUOTATION,32149af9-a4f0-4e80-a73d-490a9faef06f,4,4000
4519091223,2025-10-12T14:00:34,581,8756.95,APPROVED,9fc109ea-2585-4c23-9329-2ccda2d964eb,2,3000
4501720125,2025-11-08T12:20:00,343,7544.73,WAITING,5257f4f1-580e-4eb3-89f9-6cae458e4509,3,4000
4596941638,2025-09-11T13:18:16,817,6259.66,WAITING,0c328cd6-def4-4097-8b5d-ef9b4362cfd3,2,4000
4556663673,2025-10-18T07:47:51,468,4843.2,QUOTATION,ba5b8587-5d45-44ac-9e4e-16cb4b3afecc,4,1000
4505907508,2025-10-22T12:08:06,845,7404.08,APPROVED,fffeaf8f-4b6b-4357-a309-89f4769c36da,4,3000
4543125935,2025-10-25T14:50:07,177,1152.03,QUOTATION,a4926703-442b-4179-808a-04de7d4e1015,1,2000
4521774481,2025-11-02T12:25:47,334,6052.5,APPROVED,68681084-7b12-4fd9-9704-7da3802cb451,5,3000
4591719427,2025-08-14T05:13:44,960,2076.55,APPROVED,aa51a37d-2867-459b-8885-b5c8b161616a,1,4000
4506491096,2025-06-24T17:12:17,258,1499.69,QUOTATION,ad64acbd-9045-44ec-9111-f6b3b90cb060,5,1000
4530248450,2025-11-01T21:41:57,907,242.96,REJECTED,82ebf1b0-6982-4deb-ac51-c7a6d0a68c5d,5,4000
4595947304,2025-08-03T16:22:48,216,873.14,REJECTED,611eefb3-ef38-4a2e-831a-15aff1dde8f8,3,3000
4569387332,2025-06-02T15:53:52,406,4871.76,REJECTED,f524f9ee-95cb-4e66-a6c1-b58f8296e7f3,5,3000
4563343091,2025-07-16T10:35:43,663,6874.62,REJECTED,f6dd041e-f994-407c-9a1b-2ee8a39b9b25,1,4000
4582216351,2025-07-25T20:03:47,382,6246.05,APPROVED,3d3527a9-4ef5-45d5-83c2-4178789f9921,5,3000
4528592911,2025-10-12T14:00:47,742,4692.03,REJECTED,f6dd041e-f994-407c-9a1b-2ee8a39b9b25,5,4000
4530347738,2025-09-04T03:34:45,687,5339.92,APPROVED,74d238f7-61d4-41c6-9d51-b05f2eddcb36,3,2000
4557800740,2025-11-23T11:53:29,480,8397.67,REJECTED,da731710-48f7-4c02-8dd6-917ff4c62e3b,5,2000
4535956573,2025-06-04T08:06:43,889,8289.82,REJECTED,41e46c83-90d4-4836-a022-b900a018b3fa,4,4000
4526311261,2025-11-11T01:56:31,52,6634.73,WAITING,0b319577-4ab0-4684-b112-b27aad212cb1,2,1000
4509046996,2025-08-07T08:39:56,285,799.43,QUOTATION,3c65561d-5119-4985-87e7-48965fe9f62c,2,1000
4546926762,2025-09-23T14:24:54,764,1672.71,APPROVED,28d388a1-0e70-41d0-a8a1-abb9e3263b7b,5,1000
4526029138,2025-08-11T16:52:33,819,6189.87,APPROVED,b6bbc970-46d2-4ff4-9c52-80f378cfe8ea,3,4000
4531170156,2025-10-04T07:14:54,301,6729.09,APPROVED,37bf8863-0046-49cb-a72c-f7e41661214b,2,4000
4567783798,2025-09-19T02:16:05,271,43.3,APPROVED,5257f4f1-580e-4eb3-89f9-6cae458e4509,2,4000
4576161792,2025-08-26T09:01:41,96,9247.43,QUOTATION,9a109dc4-7be3-4aec-94bb-ede38f79ae14,4,1000
4533439825,2025-07-20T03:30:18,435,8477.74,REJECTED,62117371-6664-4e90-9e4c-e3939789c81a,5,1000
4563240351,2025-11-17T15:16:23,679,5441.57,APPROVED,a9da22e7-f42f-4428-9083-96395b7a7e9a,2,2000
4581884044,2025-11-15T09:40:34,16,2607.95,APPROVED,de541e55-b7b6-404a-8ce0-a6f1ea925750,1,1000
4533270911,2025-08-15T07:08:20,276,4976.38,APPROVED,56ae9e46-c0b2-46ca-b51d-5686e00ce4a6,1,3000
4545428751,2025-08-16T23:10:46,889,7242.0,REJECTED,110f8801-eea1-420d-98e6-dd439569747b,5,1000
4598375169,2025-06-19T01:33:30,182,5740.72,QUOTATION,b577718c-a2a9-4f8a-a41c-7cac0d102aab,1,4000
4504794149,2025-11-05T00:12:47,949,9984.65,QUOTATION,41f3b33b-8871-42fd-90d5-1d1d9f2d5aed,4,2000
4521475894,2025-09-25T02:38:29,523,2889.45,WAITING,84aadcf6-499b-4416-9a35-3e546eb39a5c,5,3000
4503020229,2025-06-18T23:27:43,73,3578.45,REJECTED,f524f9ee-95cb-4e66-a6c1-b58f8296e7f3,5,4000
4506683252,2025-07-28T23:12:14,119,3391.84,APPROVED,ad64acbd-9045-44ec-9111-f6b3b90cb060,5,3000
4507744436,2025-10-11T01:14:23,743,1590.04,APPROVED,ea38b7e1-b488-4873-ab04-3066d219b434,2,4000
4558016062,2025-07-13T02:04:02,116,2552.25,APPROVED,a1a6e723-19c6-46fd-a584-917efe27f127,1,4000
4588490704,2025-08-13T03:26:13,416,6846.01,REJECTED,c40f8a37-9024-4fcd-80a6-7917301ba6bd,1,4000
4567857632,2025-11-12T05:42:27,830,7121.33,WAITING,3f3292d8-3056-42da-9ec5-d080c252a223,4,4000
4533978599,2025-10-27T20:31:36,864,1433.41,WAITING,3d3527a9-4ef5-45d5-83c2-4178789f9921,1,4000
4543462775,2025-06-12T16:51:29,883,5645.9,REJECTED,31ac60a6-1bc1-442c-ae10-4a420f770538,1,2000
4515274410,2025-06-05T23:32:23,267,6356.02,REJECTED,41f3b33b-8871-42fd-90d5-1d1d9f2d5aed,2,4000
4521496572,2025-07-25T09:39:20,216,826.65,QUOTATION,d4dbba0a-2b26-4233-9017-bb25b2e860f3,4,2000
4569768096,2025-09-12T04:09:12,474,855.61,QUOTATION,2c7b9d8a-6b92-4a21-a03e-024e434a203d,5,4000
4557234150,2025-08-06T04:10:10,52,7577.71,QUOTATION,01bb5e4b-33d3-4db2-85a2-499f5c9e31b4,4,1000
4576657909,2025-07-18T02:41:36,893,2373.91,REJECTED,56ae9e46-c0b2-46ca-b51d-5686e00ce4a6,4,3000
4507244263,2025-06-17T02:05:13,782,6308.77,WAITING,2cf52c48-a37c-4244-a030-3fe16c443ecd,5,3000
4520875086,2025-09-08T07:10:06,341,5428.67,QUOTATION,611eefb3-ef38-4a2e-831a-15aff1dde8f8,1,2000
4570160355,2025-09-23T20:45:52,198,878.87,REJECTED,51991c98-a328-457f-a862-0962b2d30ddc,4,2000
4554519053,2025-07-15T06:48:33,623,4333.0,QUOTATION,408c4fe5-9066-4997-8f1c-ad8daae4b1f6,3,3000
4503492812,2025-08-03T01:09:46,506,2910.33,APPROVED,37bf8863-0046-49cb-a72c-f7e41661214b,1,4000
4584389824,2025-06-14T18:29:54,385,8424.87,QUOTATION,b020551c-5fe7-45ea-881a-6fa78332362d,3,2000
4575296284,2025-07-20T04:22:32,300,6890.22,REJECTED,62117371-6664-4e90-9e4c-e3939789c81a,4,4000
4546037726,2025-06-25T02:01:19,980,4397.14,APPROVED,d7da1df8-a4af-4efe-a657-570c6d350470,1,1000
4582720037,2025-07-24T00:16:46,423,2585.5,REJECTED,82ebf1b0-6982-4deb-ac51-c7a6d0a68c5d,5,3000
4524049173,2025-07-27T08:16:51,947,9791.55,APPROVED,fcc9df1e-2761-4b55-8f60-015b21066d78,5,4000
4521605002,2025-08-07T21:01:34,156,5678.46,APPROVED,dbce3e63-1a5c-4595-a1f9-d09c3d978567,4,3000
4531849113,2025-11-09T02:30:08,50,4527.24,WAITING,5257f4f1-580e-4eb3-89f9-6cae458e4509,1,1000
4554334073,2025-08-25T08:25:28,792,2196.19,REJECTED,791660af-f0db-4fbd-a3a4-86bd38182556,3,4000
4505274129,2025-10-26T10:34:48,460,9515.89,WAITING,bf599d91-442c-4e09-b5ae-b9f08a417d11,4,1000
4526746886,2025-10-28T03:25:43,607,36.35,WAITING,ebfe58ef-0dee-41d8-859e-ae2bff66e7fc,5,3000
4535292168,2025-07-23T01:07:20,395,3931.27,WAITING,ba3d4978-80db-4a12-9f06-e4c698936184,3,3000
4590151338,2025-11-06T10:15:56,5,6921.22,QUOTATION,05767575-2944-4457-9aa7-06e1dae2ae25,5,4000
4593582475,2025-08-12T10:23:29,326,9618.49,REJECTED,5257f4f1-580e-4eb3-89f9-6cae458e4509,3,1000
4549898719,2025-08-07T09:37:56,551,5155.31,QUOTATION,37bf8863-0046-49cb-a72c-f7e41661214b,3,1000
4564390750,2025-11-26T10:48:05,750,5317.79,QUOTATION,56ae9e46-c0b2-46ca-b51d-5686e00ce4a6,2,4000
4525121987,2025-09-10T01:34:38,721,8976.35,APPROVED,ebfe58ef-0dee-41d8-859e-ae2bff66e7fc,1,1000
4585489261,2025-11-25T23:26:17,515,5698.48,APPROVED,0439439c-8945-42c4-b079-5340d85df97c,1,1000
4534261377,2025-06-09T06:55:59,76,8465.71,REJECTED,b6bbc970-46d2-4ff4-9c52-80f378cfe8ea,5,4000
4541988186,2025-10-01T12:14:29,353,3086.18,APPROVED,2c6e3cb9-21cb-4de6-ae38-f117a3cbdfe2,5,4000
4570980479,2025-09-14T05:29:26,421,3122.46,APPROVED,41f3b33b-8871-42fd-90d5-1d1d9f2d5aed,3,2000
4598911203,2025-08-06T00:32:04,933,6728.31,APPROVED,2c7b9d8a-6b92-4a21-a03e-024e434a203d,5,3000
4528941505,2025-10-28T10:52:06,312,2745.59,WAITING,2ab670e8-49e3-4a95-9871-d937f77b5927,2,4000
4546900348,2025-08-12T07:31:14,594,3593.7,QUOTATION,ba5b8587-5d45-44ac-9e4e-16cb4b3afecc,5,4000
4573057152,2025-10-07T13:12:48,797,5371.6,WAITING,15ddc72a-7103-4a88-a951-49c5aa75affd,1,2000
4575006452,2025-06-21T15:55:00,574,2881.34,QUOTATION,01bb5e4b-33d3-4db2-85a2-499f5c9e31b4,2,3000
4543538531,2025-09-28T03:32:33,178,4715.41,QUOTATION,dbce3e63-1a5c-4595-a1f9-d09c3d978567,4,1000
4596723149,2025-09-27T01:21:49,653,608.78,REJECTED,31ac60a6-1bc1-442c-ae10-4a420f770538,1,2000
4500113512,2025-09-24T18:19:51,594,3764.5,QUOTATION,9fc109ea-2585-4c23-9329-2ccda2d964eb,3,2000
4597477205,2025-08-02T03:02:33,895,532.42,QUOTATION,3c65561d-5119-4985-87e7-48965fe9f62c,1,1000
4523369439,2025-06-15T14:39:24,668,8061.99,WAITING,d0d94739-009d-44aa-ae3d-8c35a65083c5,4,4000
4537334605,2025-08-28T03:37:59,745,1433.9,WAITING,0a58bce2-1697-4c89-b568-ae280f33f982,5,2000
4546926011,2025-10-17T18:24:11,736,943.87,APPROVED,fffeaf8f-4b6b-4357-a309-89f4769c36da,2,1000
4564606182,2025-09-10T00:00:07,536,9343.25,QUOTATION,9c7454a7-b80c-4d19-b841-4c0343b75add,1,4000
4534908689,2025-11-11T06:00:03,234,801.22,QUOTATION,56ae9e46-c0b2-46ca-b51d-5686e00ce4a6,1,4000
4548261161,2025-09-06T03:12:53,92,1091.67,REJECTED,15ddc72a-7103-4a88-a951-49c5aa75affd,4,3000
4528040263,2025-08-17T20:28:50,255,5779.52,REJECTED,b6bbc970-46d2-4ff4-9c52-80f378cfe8ea,1,3000
4586982362,2025-11-28T14:36:53,898,1177.39,REJECTED,cf11fe2a-443a-44e9-96b0-e6b91ddfa87d,1,4000
4516197363,2025-11-24T11:56:13,991,3946.0,REJECTED,384bae62-8ba8-4cac-b8ad-3df4e68bcafa,2,1000
4597976681,2025-08-06T00:19:05,836,8603.28,APPROVED,d0d94739-009d-44aa-ae3d-8c35a65083c5,4,3000
4555121313,2025-08-14T15:02:12,988,3907.97,APPROVED,a1a6e723-19c6-46fd-a584-917efe27f127,2,3000
4521186388,2025-10-22T19:35:10,243,2875.68,REJECTED,35672019-b6d1-42b4-b906-8819b248182e,4,2000
4597657957,2025-07-11T21:43:08,638,9329.13,REJECTED,a4926703-442b-4179-808a-04de7d4e1015,5,1000
4592278247,2025-10-22T10:21:11,195,3733.13,WAITING,f524f9ee-95cb-4e66-a6c1-b58f8296e7f3,3,3000
4515385854,2025-08-03T01:01:01,788,9.39,WAITING,62117371-6664-4e90-9e4c-e3939789c81a,1,3000
4545365959,2025-06-10T03:56:31,203,6559.57,REJECTED,41e46c83-90d4-4836-a022-b900a018b3fa,5,1000
4530789419,2025-10-26T19:38:39,718,8629.83,WAITING,f6dd041e-f994-407c-9a1b-2ee8a39b9b25,2,3000
4503102014,2025-08-15T13:05:56,792,2649.62,QUOTATION,b577718c-a2a9-4f8a-a41c-7cac0d102aab,4,2000
4571003028,2025-08-26T01:34:41,105,4866.11,REJECTED,fcc9df1e-2761-4b55-8f60-015b21066d78,3,3000
4501068382,2025-10-26T17:13:52,678,8282.32,REJECTED,f6979cad-3c89-4280-985d-d7f07aaa8c2b,1,4000
4523791395,2025-10-02T16:26:09,627,2583.86,QUOTATION,975480d4-8c15-44ba-8c55-a9938bdaa2c4,1,4000
4584708295,2025-09-14T05:59:43,940,9373.29,REJECTED,0f7e95f4-4fb9-4987-a1e1-5264880e721e,2,3000
4551465836,2025-11-11T06:59:21,489,4068.39,REJECTED,71b893be-0a75-41a7-9a52-bcdb771cc5ec,5,3000
4500753588,2025-07-11T13:01:03,867,6047.39,REJECTED,2cf52c48-a37c-4244-a030-3fe16c443ecd,2,4000
4570666650,2025-06-23T14:45:17,525,5332.77,APPROVED,b6bbc970-46d2-4ff4-9c52-80f378cfe8ea,2,4000
4574932678,2025-11-18T02:18:29,617,7994.45,QUOTATION,a9da22e7-f42f-4428-9083-96395b7a7e9a,2,2000
4587940935,2025-09-22T07:47:25,364,6848.13,REJECTED,a4926703-442b-4179-808a-04de7d4e1015,5,3000
4524913808,2025-11-03T03:13:17,64,3067.98,WAITING,8df0c99e-2745-44ae-94ee-ad79cb114fdb,3,4000
4532062317,2025-07-25T07:52:16,106,7512.29,WAITING,d4dbba0a-2b26-4233-9017-bb25b2e860f3,1,2000
4533791613,2025-10-02T20:36:16,755,8988.28,WAITING,9fc109ea-2585-4c23-9329-2ccda2d964eb,5,3000
4534737105,2025-10-08T07:42:42,231,1735.15,WAITING,fe53d2be-049c-47fa-871a-c4a8b1a10e40,3,2000
4590985816,2025-10-22T04:25:44,641,277.15,WAITING,3ee51816-f540-45e6-8401-474c5df84e78,2,2000
4563910244,2025-11-14T07:20:43,796,4815.85,REJECTED,fffeaf8f-4b6b-4357-a309-89f4769c36da,3,1000
4587561843,2025-09-13T00:41:45,8,3015.46,WAITING,c40f8a37-9024-4fcd-80a6-7917301ba6bd,3,1000
4514902097,2025-11-27T14:46:20,930,4022.85,QUOTATION,384bae62-8ba8-4cac-b8ad-3df4e68bcafa,5,3000
4593633327,2025-06-10T22:42:45,689,5190.49,WAITING,2cf52c48-a37c-4244-a030-3fe16c443ecd,2,1000
4505022975,2025-10-25T15:59:32,28,6079.34,REJECTED,9567383e-1921-4683-803b-509faa2bc9d5,5,2000
4572310870,2025-08-03T14:10:41,696,5454.58,QUOTATION,e7ba4d18-37bf-472c-9d3a-7756c21a55c9,1,3000
4573469616,2025-11-28T06:48:59,590,6667.84,WAITING,f6979cad-3c89-4280-985d-d7f07aaa8c2b,5,4000
4505381825,2025-08-24T05:55:21,426,413.2,REJECTED,82ebf1b0-6982-4deb-ac51-c7a6d0a68c5d,2,1000
4530336213,2025-09-27T10:18:19,651,715.64,APPROVED,0e752cfe-75ff-427d-8214-57710b509b33,1,3000
4536344891,2025-10-04T08:36:32,419,5225.95,REJECTED,3341d7ea-5bed-42e4-82c2-18d0adfbcdf1,1,3000
4501906936,2025-09-26T13:39:28,10,1253.26,REJECTED,ba5b8587-5d45-44ac-9e4e-16cb4b3afecc,4,1000
4533463649,2025-08-26T04:26:20,604,7118.3,APPROVED,ad64acbd-9045-44ec-9111-f6b3b90cb060,2,4000
4599545310,2025-09-11T01:54:54,546,8852.92,REJECTED,73df3d25-bcec-47a6-8d66-6b628e81ed2d,3,2000
4526188446,2025-11-26T08:14:43,138,6780.33,WAITING,84aadcf6-499b-4416-9a35-3e546eb39a5c,1,3000
4565173719,2025-07-10T03:34:29,678,9677.72,QUOTATION,f6dd041e-f994-407c-9a1b-2ee8a39b9b25,2,1000
4593752806,2025-11-07T09:38:39,561,5684.86,REJECTED,bcebc30c-15e5-48e2-9c32-c86d886f82a0,1,4000
4571140443,2025-08-28T16:21:57,772,2725.2,WAITING,2ab670e8-49e3-4a95-9871-d937f77b5927,3,4000
4533285108,2025-08-24T12:48:59,167,1305.42,QUOTATION,35672019-b6d1-42b4-b906-8819b248182e,2,4000
4503152794,2025-09-15T11:41:12,545,624.5,REJECTED,4a2d279e-2495-496f-80d9-bc5a45e3b6b4,4,2000
4510325300,2025-11-20T06:12:35,197,9236.46,WAITING,9fc109ea-2585-4c23-9329-2ccda2d964eb,2,4000
4587775782,2025-08-06T16:43:13,163,2616.66,APPROVED,f524f9ee-95cb-4e66-a6c1-b58f8296e7f3,1,1000
4572401897,2025-06-01T11:08:01,868,8156.47,APPROVED,a4926703-442b-4179-808a-04de7d4e1015,5,2000
4570456382,2025-11-11T10:06:45,772,6157.96,REJECTED,dbce3e63-1a5c-4595-a1f9-d09c3d978567,2,1000
4532806787,2025-07-10T14:41:23,132,6460.64,REJECTED,ba5b8587-5d45-44ac-9e4e-16cb4b3afecc,2,3000
4535363594,2025-06-22T06:26:06,831,2087.92,REJECTED,9a109dc4-7be3-4aec-94bb-ede38f79ae14,1,1000
4569891235,2025-11-13T21:38:22,374,1276.39,REJECTED,b0154cbb-c693-4062-88b9-a8acf4402b56,4,3000
4583948809,2025-10-08T10:35:34,978,8352.77,QUOTATION,fffeaf8f-4b6b-4357-a309-89f4769c36da,2,2000
4503631077,2025-10-04T10:43:48,441,4068.36,APPROVED,834a14f7-cbd7-4220-9587-cd61c93c8253,1,1000
4526543393,2025-08-19T23:15:20,738,177.17,APPROVED,bcebc30c-15e5-48e2-9c32-c86d886f82a0,4,4000
4505846726,2025-09-02T12:05:00,827,3079.6,WAITING,110f8801-eea1-420d-98e6-dd439569747b,1,1000
4592757216,2025-06-03T14:07:33,916,3472.83,QUOTATION,82ebf1b0-6982-4deb-ac51-c7a6d0a68c5d,5,3000
4560221742,2025-07-21T23:47:41,730,481.71,QUOTATION,32149af9-a4f0-4e80-a73d-490a9faef06f,4,2000
4580659525,2025-07-26T23:44:41,840,1935.38,APPROVED,c40f8a37-9024-4fcd-80a6-7917301ba6bd,1,4000
4589631109,2025-06-11T01:34:16,652,2554.3,WAITING,eb8e5632-45d0-47e9-bcc0-ee76bf030643,2,3000
4529273709,2025-10-08T00:26:57,476,1642.65,APPROVED,9ec93c76-9578-4947-a5ca-def516b026cb,5,3000
4500907422,2025-09-01T04:59:26,52,6649.98,APPROVED,bf599d91-442c-4e09-b5ae-b9f08a417d11,2,3000
4577829602,2025-07-24T22:29:43,435,3795.44,WAITING,8ca5ca23-a910-469b-aec1-73bd31d74ba2,1,4000
4521001864,2025-08-13T10:40:23,589,4925.46,APPROVED,a9da22e7-f42f-4428-9083-96395b7a7e9a,3,2000
4548944576,2025-09-24T04:44:49,647,6993.92,REJECTED,12a301b9-4c71-4181-a853-d29be7b6bd18,2,1000
4527048074,2025-07-06T00:59:23,973,9994.96,APPROVED,0c328cd6-def4-4097-8b5d-ef9b4362cfd3,3,4000
4586296296,2025-09-12T07:55:08,27,6911.52,APPROVED,56ae9e46-c0b2-46ca-b51d-5686e00ce4a6,2,3000
4512874321,2025-10-27T07:26:33,479,1234.63,REJECTED,a1a6e723-19c6-46fd-a584-917efe27f127,1,2000
4513383048,2025-07-27T22:50:02,804,6876.23,APPROVED,9fc109ea-2585-4c23-9329-2ccda2d964eb,3,4000
4580536300,2025-08-20T06:51:48,646,1557.95,APPROVED,0a58bce2-1697-4c89-b568-ae280f33f982,2,1000
4524768311,2025-10-24T06:22:46,754,7000.81,APPROVED,15ddc72a-7103-4a88-a951-49c5aa75affd,5,2000
4578206525,2025-11-06T06:42:34,196,5376.62,QUOTATION,915bda23-d2b3-4bab-9d3b-0b701beb76fa,2,4000
4532297316,2025-08-12T10:49:32,858,8801.3,REJECTED,01bb5e4b-33d3-4db2-85a2-499f5c9e31b4,5,4000
4532084393,2025-06-07T09:24:06,433,6886.88,APPROVED,b6bbc970-46d2-4ff4-9c52-80f378cfe8ea,1,1000
4528075886,2025-06-08T05:12:13,656,4578.35,REJECTED,0b319577-4ab0-4684-b112-b27aad212cb1,4,1000
4542093346,2025-07-08T23:04:32,103,161.19,WAITING,2c6e3cb9-21cb-4de6-ae38-f117a3cbdfe2,1,4000
4589583388,2025-06-24T23:48:55,419,6203.26,QUOTATION,0a58bce2-1697-4c89-b568-ae280f33f982,1,1000
4522110858,2025-08-22T00:04:26,747,1232.08,QUOTATION,3c65561d-5119-4985-87e7-48965fe9f62c,4,1000
4540883928,2025-07-06T10:59:44,543,8628.85,APPROVED,0b319577-4ab0-4684-b112-b27aad212cb1,4,2000
4528856349,2025-10-17T14:58:07,491,1046.32,WAITING,32149af9-a4f0-4e80-a73d-490a9faef06f,5,4000
4558802063,2025-08-10T19:40:26,637,241.32,REJECTED,41f3b33b-8871-42fd-90d5-1d1d9f2d5aed,5,3000
4541462995,2025-11-04T05:31:38,247,1821.5,QUOTATION,84aadcf6-499b-4416-9a35-3e546eb39a5c,5,2000
4554485713,2025-06-20T14:47:10,648,2956.35,QUOTATION,a1a6e723-19c6-46fd-a584-917efe27f127,1,1000
4550008046,2025-07-15T06:24:19,287,512.66,QUOTATION,915bda23-d2b3-4bab-9d3b-0b701beb76fa,1,2000
4538692455,2025-09-09T06:27:04,22,1829.99,REJECTED,a1ad3c2b-45ca-491c-8ef2-a64af7d19e43,1,3000
4578949480,2025-07-12T03:51:02,403,9612.74,WAITING,8ca5ca23-a910-469b-aec1-73bd31d74ba2,4,4000
4534875504,2025-06-15T06:07:28,373,8787.71,REJECTED,31ac60a6-1bc1-442c-ae10-4a420f770538,1,3000
4585311928,2025-11-28T23:56:44,95,9571.6,QUOTATION,01bb5e4b-33d3-4db2-85a2-499f5c9e31b4,4,2000
4562046425,2025-07-11T04:52:42,545,7066.29,REJECTED,a9da22e7-f42f-4428-9083-96395b7a7e9a,3,1000
4598980429,2025-06-12T18:37:32,722,1284.48,APPROVED,b020551c-5fe7-45ea-881a-6fa78332362d,2,4000
4569198172,2025-06-11T23:09:36,614,5313.89,QUOTATION,d4dbba0a-2b26-4233-9017-bb25b2e860f3,5,3000
4553340337,2025-09-24T21:53:02,315,9437.57,REJECTED,0c328cd6-def4-4097-8b5d-ef9b4362cfd3,5,3000
4547988155,2025-06-08T21:43:03,824,8287.34,WAITING,110f8801-eea1-420d-98e6-dd439569747b,2,2000
4579407427,2025-06-09T21:01:22,27,3252.33,APPROVED,ce1eeb99-74a8-4547-b95c-345102c07d21,5,3000
4572552627,2025-08-26T14:24:48,12,573.83,APPROVED,975480d4-8c15-44ba-8c55-a9938bdaa2c4,5,4000
4518265689,2025-07-21T01:43:56,149,4915.86,WAITING,f6dd041e-f994-407c-9a1b-2ee8a39b9b25,2,3000
4581270790,2025-06-07T11:44:35,153,6323.91,WAITING,9fc109ea-2585-4c23-9329-2ccda2d964eb,2,3000
4547971671,2025-09-22T15:48:09,787,3178.04,QUOTATION,76fa0c16-dc3a-4a9b-b914-de6a0097f3dc,1,1000
4573922913,2025-08-27T01:20:09,599,1571.83,APPROVED,611eefb3-ef38-4a2e-831a-15aff1dde8f8,4,1000
4569425363,2025-09-23T13:43:51,752,6990.19,WAITING,0f7e95f4-4fb9-4987-a1e1-5264880e721e,1,1000
4544031408,2025-07-22T16:11:34,973,8558.83,APPROVED,0e752cfe-75ff-427d-8214-57710b509b33,4,2000
4587645717,2025-07-15T19:03:32,294,8981.23,WAITING,f6dd041e-f994-407c-9a1b-2ee8a39b9b25,4,3000
4574873899,2025-09-05T18:28:19,183,9989.69,APPROVED,de541e55-b7b6-404a-8ce0-a6f1ea925750,4,3000
4538059484,2025-09-16T00:59:16,445,754.85,APPROVED,00a417fb-f2b9-4bb8-90c0-0787c3f2e3c7,5,1000
4595804511,2025-09-23T06:24:01,453,9814.48,APPROVED,c40f8a37-9024-4fcd-80a6-7917301ba6bd,4,4000
4513729194,2025-09-25T15:50:55,345,2411.97,APPROVED,d0d94739-009d-44aa-ae3d-8c35a65083c5,3,3000
4530835217,2025-07-02T06:15:07,726,691.8,APPROVED,da731710-48f7-4c02-8dd6-917ff4c62e3b,1,3000
4595327106,2025-08-05T11:58:35,938,6281.78,REJECTED,8ca5ca23-a910-469b-aec1-73bd31d74ba2,1,2000
4574760075,2025-09-21T02:13:28,406,9078.31,APPROVED,15ddc72a-7103-4a88-a951-49c5aa75affd,1,1000
4533248558,2025-11-02T09:45:57,773,7746.71,APPROVED,ba3d4978-80db-4a12-9f06-e4c698936184,3,2000
4587587584,2025-07-03T08:37:15,78,8181.83,QUOTATION,17dffc12-ac1a-44ed-ad09-3c824851c624,2,1000
4504156644,2025-07-22T20:55:34,717,4984.97,REJECTED,d0d94739-009d-44aa-ae3d-8c35a65083c5,5,1000
4559073647,2025-08-10T16:52:08,728,6647.81,APPROVED,ba3d4978-80db-4a12-9f06-e4c698936184,2,4000
4523947315,2025-07-11T11:26:31,491,615.67,WAITING,d7da1df8-a4af-4efe-a657-570c6d350470,5,2000
4541310406,2025-09-10T11:43:11,292,2613.06,REJECTED,0b319577-4ab0-4684-b112-b27aad212cb1,5,3000
4503642535,2025-06-12T05:32:03,870,5204.54,APPROVED,2c6e3cb9-21cb-4de6-ae38-f117a3cbdfe2,4,1000
4583763048,2025-09-05T15:37:20,171,8807.92,WAITING,51991c98-a328-457f-a862-0962b2d30ddc,5,2000
4578414868,2025-06-15T15:18:27,123,4205.58,WAITING,77b34563-244c-46da-b014-af1a9c7fa9e4,1,2000
4539648263,2025-11-27T19:07:53,604,7823.58,REJECTED,791660af-f0db-4fbd-a3a4-86bd38182556,4,3000
4501620905,2025-08-22T11:41:50,368,5652.72,APPROVED,3ee51816-f540-45e6-8401-474c5df84e78,1,3000
4556434531,2025-07-13T02:34:09,221,5087.14,WAITING,6c55f239-a4f0-4edd-afe8-02d129db9eda,5,2000
4545139294,2025-10-14T19:34:57,409,6492.82,APPROVED,e7ba4d18-37bf-472c-9d3a-7756c21a55c9,4,4000
4594640176,2025-07-06T11:52:39,359,2837.92,QUOTATION,cea90057-5542-4a9f-8ad8-2fa263b39b7b,2,1000
4528052069,2025-10-19T01:37:09,364,9672.69,APPROVED,d4dbba0a-2b26-4233-9017-bb25b2e860f3,3,4000
4534448581,2025-08-27T09:07:18,804,9788.02,APPROVED,05767575-2944-4457-9aa7-06e1dae2ae25,5,4000
4539178817,2025-08-06T01:04:19,674,1451.19,REJECTED,a9da22e7-f42f-4428-9083-96395b7a7e9a,1,3000
4562122096,2025-10-05T02:06:38,925,3284.12,REJECTED,eb8e5632-45d0-47e9-bcc0-ee76bf030643,2,1000
4511576395,2025-10-13T07:27:45,767,2988.79,WAITING,b577718c-a2a9-4f8a-a41c-7cac0d102aab,1,4000
4579809101,2025-10-25T11:41:31,680,3008.13,WAITING,ad64acbd-9045-44ec-9111-f6b3b90cb060,3,1000
4579895518,2025-09-17T10:55:00,136,5619.7,WAITING,01bb5e4b-33d3-4db2-85a2-499f5c9e31b4,5,2000
4525660738,2025-09-28T07:15:25,788,1376.68,QUOTATION,d0d94739-009d-44aa-ae3d-8c35a65083c5,5,4000
4533514229,2025-08-17T02:21:04,197,4797.04,APPROVED,62117371-6664-4e90-9e4c-e3939789c81a,5,4000
4525499956,2025-11-23T21:21:14,582,7650.87,APPROVED,01bb5e4b-33d3-4db2-85a2-499f5c9e31b4,2,2000
4585332027,2025-09-10T12:57:26,563,2718.8,WAITING,9ec93c76-9578-4947-a5ca-def516b026cb,5,4000
4511682967,2025-09-27T14:22:07,355,3755.06,QUOTATION,bf599d91-442c-4e09-b5ae-b9f08a417d11,2,4000
4596393788,2025-11-25T07:02:33,702,8579.45,QUOTATION,0a58bce2-1697-4c89-b568-ae280f33f982,2,2000
4568544890,2025-08-16T09:14:26,492,3626.0,QUOTATION,e7ba4d18-37bf-472c-9d3a-7756c21a55c9,5,4000
4501791457,2025-07-02T14:06:36,957,3499.38,REJECTED,bf599d91-442c-4e09-b5ae-b9f08a417d11,1,1000
4501184210,2025-10-14T10:43:19,838,347.14,QUOTATION,73df3d25-bcec-47a6-8d66-6b628e81ed2d,1,4000
4512035365,2025-08-02T07:45:38,342,2353.25,REJECTED,15ddc72a-7103-4a88-a951-49c5aa75affd,5,3000
4507187035,2025-08-19T07:48:41,262,2077.17,QUOTATION,2c6e3cb9-21cb-4de6-ae38-f117a3cbdfe2,3,4000
4516796713,2025-09-20T08:33:26,910,6293.89,APPROVED,bf599d91-442c-4e09-b5ae-b9f08a417d11,5,4000
4576113254,2025-06-17T09:21:49,471,7295.86,APPROVED,0c328cd6-def4-4097-8b5d-ef9b4362cfd3,3,4000
4593529499,2025-11-26T22:53:44,61,3855.21,WAITING,2c7b9d8a-6b92-4a21-a03e-024e434a203d,5,4000
4554986100,2025-06-21T01:14:25,181,5796.43,REJECTED,2c7b9d8a-6b92-4a21-a03e-024e434a203d,1,4000
4593684199,2025-10-20T03:45:02,517,6567.7,REJECTED,b577718c-a2a9-4f8a-a41c-7cac0d102aab,5,4000
4586652349,2025-11-26T19:07:45,811,4218.2,QUOTATION,bcebc30c-15e5-48e2-9c32-c86d886f82a0,2,4000
4555013461,2025-07-11T01:35:10,247,5900.94,WAITING,bcebc30c-15e5-48e2-9c32-c86d886f82a0,5,1000
4509436527,2025-07-28T19:17:06,175,2457.79,QUOTATION,ce1eeb99-74a8-4547-b95c-345102c07d21,3,4000
4582029779,2025-11-23T10:44:02,229,8756.39,WAITING,01bb5e4b-33d3-4db2-85a2-499f5c9e31b4,2,1000
4500222599,2025-07-12T14:27:45,109,9072.83,QUOTATION,ba5b8587-5d45-44ac-9e4e-16cb4b3afecc,3,2000
4534915952,2025-07-05T04:53:26,457,4458.17,APPROVED,ba3d4978-80db-4a12-9f06-e4c698936184,2,1000
4547851598,2025-06-02T03:45:12,840,1666.94,WAITING,37bf8863-0046-49cb-a72c-f7e41661214b,5,2000
4581960154,2025-08-02T10:54:58,167,5282.27,REJECTED,3f3292d8-3056-42da-9ec5-d080c252a223,2,1000
4573645047,2025-07-11T12:37:15,270,7214.13,REJECTED,6cc3c3b9-23fa-4969-8791-af89dedc62c9,4,4000
4562144144,2025-10-13T21:50:44,167,7839.52,REJECTED,9ec93c76-9578-4947-a5ca-def516b026cb,3,4000
4519416050,2025-10-22T23:17:12,433,5869.24,REJECTED,6cc3c3b9-23fa-4969-8791-af89dedc62c9,1,3000
4568505854,2025-10-10T16:28:49,329,1453.41,REJECTED,17dffc12-ac1a-44ed-ad09-3c824851c624,3,2000
4548271614,2025-08-27T05:47:50,44,2851.75,WAITING,a1a6e723-19c6-46fd-a584-917efe27f127,5,3000
4550829910,2025-10-02T16:23:02,245,6634.71,REJECTED,bf599d91-442c-4e09-b5ae-b9f08a417d11,2,3000
4584536936,2025-06-07T12:32:08,657,1609.1,WAITING,fffeaf8f-4b6b-4357-a309-89f4769c36da,5,1000
4576744528,2025-09-23T09:24:43,515,4741.08,APPROVED,84aadcf6-499b-4416-9a35-3e546eb39a5c,2,1000
4591652517,2025-10-10T17:09:47,270,171.91,WAITING,2cf52c48-a37c-4244-a030-3fe16c443ecd,4,3000
4539276144,2025-07-20T08:54:06,862,2521.03,REJECTED,b577718c-a2a9-4f8a-a41c-7cac0d102aab,4,3000
4529348785,2025-06-13T01:58:41,818,7362.33,APPROVED,4a5df305-6d85-4b5a-81ca-b2a776017f8f,2,2000
4510155886,2025-11-08T14:04:09,416,5717.09,APPROVED,b0154cbb-c693-4062-88b9-a8acf4402b56,4,3000
4580050979,2025-11-28T02:35:28,646,8282.64,WAITING,cf11fe2a-443a-44e9-96b0-e6b91ddfa87d,4,2000
4576140979,2025-06-15T03:10:17,136,3125.54,REJECTED,5257f4f1-580e-4eb3-89f9-6cae458e4509,3,1000
4520106772,2025-06-08T22:04:32,85,1921.48,WAITING,4029508a-afa4-4faf-b175-4bb65b8a4dbb,2,1000
4576121909,2025-07-19T17:54:45,404,2431.7,WAITING,651e8d5b-8636-4635-a934-6f9427d506b8,4,3000
4515241174,2025-08-22T11:23:35,723,357.43,APPROVED,915bda23-d2b3-4bab-9d3b-0b701beb76fa,4,3000
4576914624,2025-10-21T17:04:37,123,5993.61,APPROVED,791660af-f0db-4fbd-a3a4-86bd38182556,5,4000
4562134503,2025-07-19T09:29:54,19,8914.81,WAITING,77b34563-244c-46da-b014-af1a9c7fa9e4,1,3000
4519545864,2025-06-12T08:35:31,427,2812.5,APPROVED,ea38b7e1-b488-4873-ab04-3066d219b434,3,2000
4567877139,2025-08-04T11:41:34,309,8558.65,REJECTED,ce1eeb99-74a8-4547-b95c-345102c07d21,3,3000
4554900704,2025-11-14T04:48:18,384,2148.22,REJECTED,73df3d25-bcec-47a6-8d66-6b628e81ed2d,5,3000
4579240492,2025-10-20T06:10:50,335,9096.34,REJECTED,8ca5ca23-a910-469b-aec1-73bd31d74ba2,5,3000
4564782302,2025-08-14T14:36:06,301,7443.03,REJECTED,ebfe58ef-0dee-41d8-859e-ae2bff66e7fc,4,1000
4585023922,2025-09-18T11:59:35,81,5034.51,APPROVED,4a2d279e-2495-496f-80d9-bc5a45e3b6b4,2,1000
4536263709,2025-08-03T07:20:16,3,71.89,QUOTATION,f6979cad-3c89-4280-985d-d7f07aaa8c2b,1,4000
4507014727,2025-09-12T22:46:28,766,6829.58,QUOTATION,3f3292d8-3056-42da-9ec5-d080c252a223,3,2000
4517781632,2025-09-10T17:51:10,545,5521.71,QUOTATION,b020551c-5fe7-45ea-881a-6fa78332362d,2,3000
4533403702,2025-09-15T05:34:13,69,2596.8,REJECTED,daffc87a-fdb5-424e-9155-782c6cd1b731,3,3000
4577065550,2025-06-01T20:02:53,80,6514.92,WAITING,6cc3c3b9-23fa-4969-8791-af89dedc62c9,3,3000
4527985303,2025-10-13T13:23:39,353,5001.52,REJECTED,384bae62-8ba8-4cac-b8ad-3df4e68bcafa,4,1000
4539219229,2025-09-21T06:14:26,51,4421.4,APPROVED,ba5b8587-5d45-44ac-9e4e-16cb4b3afecc,1,3000
4521711257,2025-06-08T17:09:51,182,8742.52,APPROVED,408c4fe5-9066-4997-8f1c-ad8daae4b1f6,5,3000
4587551712,2025-09-22T03:00:48,12,1480.44,WAITING,76fa0c16-dc3a-4a9b-b914-de6a0097f3dc,2,4000
4546964308,2025-10-24T05:47:51,339,5432.96,QUOTATION,fe53d2be-049c-47fa-871a-c4a8b1a10e40,3,3000
4521389859,2025-09-07T16:02:57,469,8391.28,WAITING,a4926703-442b-4179-808a-04de7d4e1015,2,4000
4554448278,2025-11-09T06:04:21,722,2357.43,REJECTED,3ee51816-f540-45e6-8401-474c5df84e78,2,4000
4505836960,2025-06-27T20:22:10,121,891.58,WAITING,28d388a1-0e70-41d0-a8a1-abb9e3263b7b,1,2000
4509686537,2025-07-28T02:24:45,955,9038.69,QUOTATION,28d388a1-0e70-41d0-a8a1-abb9e3263b7b,1,2000
4572801820,2025-09-10T17:05:11,444,8916.02,QUOTATION,b020551c-5fe7-45ea-881a-6fa78332362d,1,3000
4530137605,2025-06-10T04:45:51,780,5590.26,REJECTED,e7ba4d18-37bf-472c-9d3a-7756c21a55c9,4,1000
4532894608,2025-07-02T22:08:28,92,1017.64,REJECTED,e069016d-d217-4fbc-b438-1e8790b731fb,4,2000
4515000029,2025-07-04T00:02:05,201,7256.5,APPROVED,bcebc30c-15e5-48e2-9c32-c86d886f82a0,3,3000
4548232986,2025-10-14T21:00:46,243,6324.47,QUOTATION,9fc109ea-2585-4c23-9329-2ccda2d964eb,1,3000
4595610037,2025-08-26T12:08:58,650,4422.27,APPROVED,a9da22e7-f42f-4428-9083-96395b7a7e9a,4,1000
4579283922,2025-09-16T16:08:06,429,5534.87,REJECTED,a1a6e723-19c6-46fd-a584-917efe27f127,4,3000
4556170342,2025-10-21T22:22:15,139,209.17,QUOTATION,b6bbc970-46d2-4ff4-9c52-80f378cfe8ea,1,3000
4506404102,2025-07-23T17:21:07,281,2083.57,APPROVED,0c328cd6-def4-4097-8b5d-ef9b4362cfd3,2,4000
4517959568,2025-11-17T09:55:16,605,8993.63,WAITING,0c328cd6-def4-4097-8b5d-ef9b4362cfd3,1,1000
4573811701,2025-06-22T15:37:59,776,2439.0,WAITING,77b34563-244c-46da-b014-af1a9c7fa9e4,2,4000
4549303995,2025-09-03T04:03:30,21,8985.6,QUOTATION,0a58bce2-1697-4c89-b568-ae280f33f982,3,1000
4545839821,2025-10-05T20:03:02,889,7975.57,APPROVED,77b34563-244c-46da-b014-af1a9c7fa9e4,3,3000
4543458577,2025-06-18T17:52:31,990,3006.06,REJECTED,fcc9df1e-2761-4b55-8f60-015b21066d78,3,1000
4594247335,2025-09-19T22:40:38,95,1989.85,APPROVED,0b319577-4ab0-4684-b112-b27aad212cb1,3,1000
4533440173,2025-07-26T01:12:13,847,8542.83,APPROVED,56ae9e46-c0b2-46ca-b51d-5686e00ce4a6,1,2000
4561660738,2025-07-07T07:55:39,110,6080.94,WAITING,d5b6a98e-464a-4e85-ad1c-7fd6be7df835,5,2000
4536771426,2025-08-16T23:17:11,452,7746.13,APPROVED,fffeaf8f-4b6b-4357-a309-89f4769c36da,2,4000
4538581726,2025-09-19T00:50:04,92,6113.74,REJECTED,791660af-f0db-4fbd-a3a4-86bd38182556,3,2000
4501986063,2025-07-27T08:17:15,18,4504.52,APPROVED,fe53d2be-049c-47fa-871a-c4a8b1a10e40,1,3000
4506836904,2025-07-10T09:45:25,918,3472.38,QUOTATION,a9da22e7-f42f-4428-9083-96395b7a7e9a,4,4000
4587964614,2025-08-25T22:50:24,102,4954.01,WAITING,d5b6a98e-464a-4e85-ad1c-7fd6be7df835,3,4000
4529346185,2025-08-17T03:50:12,727,5220.0,APPROVED,ba5b8587-5d45-44ac-9e4e-16cb4b3afecc,1,1000
4570736163,2025-10-02T15:03:03,621,5566.38,APPROVED,76fa0c16-dc3a-4a9b-b914-de6a0097f3dc,2,2000
4552411018,2025-10-22T12:16:13,301,7438.93,APPROVED,ea38b7e1-b488-4873-ab04-3066d219b434,3,2000
4530446580,2025-09-23T16:19:22,389,986.03,REJECTED,41e46c83-90d4-4836-a022-b900a018b3fa,3,1000
4577340324,2025-11-19T19:04:43,219,3368.62,REJECTED,2c6e3cb9-21cb-4de6-ae38-f117a3cbdfe2,4,4000
4558697016,2025-10-16T11:05:27,896,5241.21,QUOTATION,0b319577-4ab0-4684-b112-b27aad212cb1,4,3000
4567746192,2025-11-02T09:33:40,740,6878.37,REJECTED,c40f8a37-9024-4fcd-80a6-7917301ba6bd,1,4000
4513222091,2025-11-05T15:30:04,180,558.33,WAITING,cf11fe2a-443a-44e9-96b0-e6b91ddfa87d,2,4000
4521635740,2025-10-26T14:08:01,924,2274.05,APPROVED,651e8d5b-8636-4635-a934-6f9427d506b8,1,3000
4591319592,2025-10-06T08:25:28,888,5190.18,APPROVED,a1ad3c2b-45ca-491c-8ef2-a64af7d19e43,1,2000
4583167593,2025-09-21T15:31:59,63,4383.52,APPROVED,daffc87a-fdb5-424e-9155-782c6cd1b731,5,3000
4549374778,2025-10-02T17:49:13,660,9177.61,APPROVED,35672019-b6d1-42b4-b906-8819b248182e,3,2000
4511089148,2025-10-03T05:35:23,257,9745.97,QUOTATION,fcc9df1e-2761-4b55-8f60-015b21066d78,4,3000
4560984276,2025-06-06T10:35:41,343,9494.5,APPROVED,5257f4f1-580e-4eb3-89f9-6cae458e4509,4,1000
4528262241,2025-08-02T09:15:16,492,6819.93,APPROVED,35672019-b6d1-42b4-b906-8819b248182e,2,2000
4534795411,2025-08-16T08:47:26,776,2391.26,APPROVED,a4926703-442b-4179-808a-04de7d4e1015,3,4000
4572993268,2025-08-07T17:05:30,378,492.36,APPROVED,15ddc72a-7103-4a88-a951-49c5aa75affd,4,1000
4523359939,2025-11-28T22:27:30,654,3878.17,QUOTATION,bcebc30c-15e5-48e2-9c32-c86d886f82a0,3,2000
4569320996,2025-11-23T21:39:59,18,4942.75,WAITING,a1ad3c2b-45ca-491c-8ef2-a64af7d19e43,5,3000
4580686213,2025-10-23T03:49:47,247,3362.29,APPROVED,ba3d4978-80db-4a12-9f06-e4c698936184,2,2000
4569547519,2025-06-12T17:58:21,191,2353.58,WAITING,82ebf1b0-6982-4deb-ac51-c7a6d0a68c5d,5,3000
4591950491,2025-08-06T00:34:03,216,5478.89,APPROVED,dbce3e63-1a5c-4595-a1f9-d09c3d978567,5,4000
4509335983,2025-11-24T00:44:29,483,2318.88,QUOTATION,ce1eeb99-74a8-4547-b95c-345102c07d21,2,3000
4503337211,2025-07-11T13:29:39,450,4708.07,WAITING,cea90057-5542-4a9f-8ad8-2fa263b39b7b,5,2000
4589337575,2025-09-28T12:27:34,500,6446.78,REJECTED,408c4fe5-9066-4997-8f1c-ad8daae4b1f6,4,2000
4502107308,2025-09-13T21:04:59,607,4623.13,APPROVED,d4dbba0a-2b26-4233-9017-bb25b2e860f3,1,1000
4582343711,2025-08-03T16:44:50,916,1901.01,QUOTATION,de541e55-b7b6-404a-8ce0-a6f1ea925750,1,1000
4503965929,2025-08-27T12:35:22,274,8932.92,WAITING,f524f9ee-95cb-4e66-a6c1-b58f8296e7f3,5,1000
4565449377,2025-11-06T11:38:34,586,7370.83,APPROVED,915bda23-d2b3-4bab-9d3b-0b701beb76fa,5,3000
4532165131,2025-07-22T11:11:21,637,7178.74,WAITING,ea38b7e1-b488-4873-ab04-3066d219b434,1,2000
4553124094,2025-06-28T23:16:59,417,3517.3,REJECTED,56ae9e46-c0b2-46ca-b51d-5686e00ce4a6,4,4000
4558676289,2025-09-24T22:11:07,778,8365.76,APPROVED,b6bbc970-46d2-4ff4-9c52-80f378cfe8ea,2,4000
4527769349,2025-08-17T05:29:21,562,731.91,QUOTATION,5257f4f1-580e-4eb3-89f9-6cae458e4509,5,2000
4527828108,2025-10-18T21:37:33,685,7185.24,WAITING,2c6e3cb9-21cb-4de6-ae38-f117a3cbdfe2,4,4000
4553732174,2025-07-03T11:26:39,980,74.17,REJECTED,e7ba4d18-37bf-472c-9d3a-7756c21a55c9,2,2000
4588349783,2025-07-05T19:30:14,843,6980.61,WAITING,3f3292d8-3056-42da-9ec5-d080c252a223,1,3000
4578852847,2025-11-13T16:50:42,817,2647.11,WAITING,0439439c-8945-42c4-b079-5340d85df97c,2,3000
4558185174,2025-06-23T09:37:32,691,1285.59,REJECTED,4a2d279e-2495-496f-80d9-bc5a45e3b6b4,3,4000
4510495017,2025-10-10T06:30:23,124,1101.54,APPROVED,0c328cd6-def4-4097-8b5d-ef9b4362cfd3,5,1000
4573713992,2025-11-13T16:50:36,91,1779.95,REJECTED,9c7454a7-b80c-4d19-b841-4c0343b75add,2,1000
4556242553,2025-08-19T22:34:01,296,7913.56,REJECTED,bf599d91-442c-4e09-b5ae-b9f08a417d11,3,3000
4597053338,2025-07-08T13:27:29,133,1918.05,REJECTED,ad64acbd-9045-44ec-9111-f6b3b90cb060,3,2000
4531623720,2025-07-24T17:29:56,785,1196.74,REJECTED,41f3b33b-8871-42fd-90d5-1d1d9f2d5aed,3,3000
4580067134,2025-07-03T16:34:45,15,9896.18,WAITING,f6dd041e-f994-407c-9a1b-2ee8a39b9b25,5,3000
4566395838,2025-08-07T08:34:18,672,7014.66,QUOTATION,51991c98-a328-457f-a862-0962b2d30ddc,3,1000
4567099381,2025-09-21T17:44:21,113,2456.12,REJECTED,2cf52c48-a37c-4244-a030-3fe16c443ecd,4,3000
4537459285,2025-08-13T12:37:51,341,5371.46,QUOTATION,8df0c99e-2745-44ae-94ee-ad79cb114fdb,2,2000
4501937437,2025-10-11T16:18:00,809,4589.09,QUOTATION,110f8801-eea1-420d-98e6-dd439569747b,1,4000
4515619490,2025-06-01T08:49:18,624,2091.35,QUOTATION,915bda23-d2b3-4bab-9d3b-0b701beb76fa,3,3000
4566401621,2025-11-15T02:51:15,902,6419.63,APPROVED,4a2d279e-2495-496f-80d9-bc5a45e3b6b4,5,4000
4583743744,2025-11-15T18:48:31,13,5029.88,REJECTED,d0d94739-009d-44aa-ae3d-8c35a65083c5,2,3000
4520824904,2025-06-26T09:16:25,291,8649.83,REJECTED,fcc9df1e-2761-4b55-8f60-015b21066d78,4,3000
4507399869,2025-09-28T05:09:38,697,3431.0,WAITING,77b34563-244c-46da-b014-af1a9c7fa9e4,2,4000
4532499092,2025-10-04T02:15:16,486,8203.59,QUOTATION,611eefb3-ef38-4a2e-831a-15aff1dde8f8,4,3000
4570373729,2025-08-25T10:21:25,210,9976.56,WAITING,9ec93c76-9578-4947-a5ca-def516b026cb,3,3000
4554144995,2025-10-20T22:47:24,207,391.47,WAITING,9fc109ea-2585-4c23-9329-2ccda2d964eb,1,3000
4506347386,2025-11-01T09:37:09,46,1268.6,REJECTED,84aadcf6-499b-4416-9a35-3e546eb39a5c,4,4000
4530940989,2025-06-02T22:31:04,689,1622.67,REJECTED,01bb5e4b-33d3-4db2-85a2-499f5c9e31b4,2,4000
4576146089,2025-10-02T20:35:21,577,4280.78,QUOTATION,a1ad3c2b-45ca-491c-8ef2-a64af7d19e43,5,1000
4561237405,2025-07-01T14:48:36,607,99.99,WAITING,aa51a37d-2867-459b-8885-b5c8b161616a,2,2000
4557205326,2025-09-08T15:54:38,487,3740.15,WAITING,fcc9df1e-2761-4b55-8f60-015b21066d78,1,4000
4566674923,2025-09-06T16:30:56,598,7780.14,WAITING,a1ad3c2b-45ca-491c-8ef2-a64af7d19e43,2,3000
4510877130,2025-09-20T07:40:21,492,2912.96,WAITING,834a14f7-cbd7-4220-9587-cd61c93c8253,1,2000
4554673210,2025-06-27T02:27:19,285,2765.83,QUOTATION,d7da1df8-a4af-4efe-a657-570c6d350470,4,4000
4549113958,2025-06-28T18:47:10,247,6198.34,QUOTATION,35672019-b6d1-42b4-b906-8819b248182e,4,3000
4504686838,2025-07-16T21:10:01,958,7547.13,REJECTED,2cf52c48-a37c-4244-a030-3fe16c443ecd,1,1000
4589047796,2025-09-23T07:26:58,277,9597.39,QUOTATION,dbce3e63-1a5c-4595-a1f9-d09c3d978567,5,2000
4574163110,2025-06-13T05:17:55,679,7197.6,QUOTATION,4a2d279e-2495-496f-80d9-bc5a45e3b6b4,2,4000
4583689815,2025-11-13T22:12:33,675,1097.61,REJECTED,ce1eeb99-74a8-4547-b95c-345102c07d21,3,3000
4529720639,2025-09-11T12:14:26,989,8634.08,REJECTED,611eefb3-ef38-4a2e-831a-15aff1dde8f8,1,2000
4550275974,2025-08-24T09:58:49,502,7875.33,QUOTATION,bcebc30c-15e5-48e2-9c32-c86d886f82a0,3,3000
4506942039,2025-08-24T07:29:22,674,866.07,WAITING,9fc109ea-2585-4c23-9329-2ccda2d964eb,2,3000
4525989671,2025-07-04T05:24:22,175,3394.02,QUOTATION,28d388a1-0e70-41d0-a8a1-abb9e3263b7b,4,3000
4553954681,2025-07-17T13:03:44,194,7795.19,QUOTATION,0a58bce2-1697-4c89-b568-ae280f33f982,2,4000
4555122002,2025-06-02T06:27:40,576,5572.56,QUOTATION,31ac60a6-1bc1-442c-ae10-4a420f770538,5,3000
4589464256,2025-10-17T04:25:31,170,7246.04,APPROVED,35672019-b6d1-42b4-b906-8819b248182e,1,4000
4598264140,2025-11-26T07:30:17,144,8082.83,WAITING,a1ad3c2b-45ca-491c-8ef2-a64af7d19e43,2,4000
4516445332,2025-08-07T06:29:09,544,4846.85,REJECTED,e069016d-d217-4fbc-b438-1e8790b731fb,2,4000
4533569221,2025-10-01T21:24:11,219,6111.58,WAITING,cf11fe2a-443a-44e9-96b0-e6b91ddfa87d,4,2000
4588764740,2025-10-03T23:33:05,421,5793.09,WAITING,9fc109ea-2585-4c23-9329-2ccda2d964eb,3,3000
4595185059,2025-07-28T14:33:22,981,672.03,QUOTATION,e069016d-d217-4fbc-b438-1e8790b731fb,5,3000
4527598514,2025-07-12T03:26:44,84,8780.75,QUOTATION,12a301b9-4c71-4181-a853-d29be7b6bd18,1,2000
4587648612,2025-10-16T19:56:35,714,9812.39,QUOTATION,0a58bce2-1697-4c89-b568-ae280f33f982,5,2000
4596095197,2025-08-26T00:38:43,150,5622.86,WAITING,cea90057-5542-4a9f-8ad8-2fa263b39b7b,4,2000
4528857480,2025-09-28T13:08:29,203,1603.23,WAITING,bcebc30c-15e5-48e2-9c32-c86d886f82a0,4,3000
4517904472,2025-07-16T14:49:14,27,606.83,REJECTED,41e46c83-90d4-4836-a022-b900a018b3fa,5,3000
4521951513,2025-09-16T03:49:44,830,3468.58,REJECTED,bf599d91-442c-4e09-b5ae-b9f08a417d11,4,4000
4537086375,2025-09-09T13:57:38,789,6537.9,WAITING,74d238f7-61d4-41c6-9d51-b05f2eddcb36,3,3000
4571746927,2025-08-13T16:43:58,504,8683.33,WAITING,de541e55-b7b6-404a-8ce0-a6f1ea925750,4,3000
4589478265,2025-11-16T15:58:40,912,5201.36,APPROVED,56ae9e46-c0b2-46ca-b51d-5686e00ce4a6,4,4000
4514642166,2025-11-20T02:52:52,52,8787.14,WAITING,b020551c-5fe7-45ea-881a-6fa78332362d,4,4000
4579042321,2025-11-10T16:00:36,250,9623.99,REJECTED,408c4fe5-9066-4997-8f1c-ad8daae4b1f6,2,2000
4547108713,2025-10-14T04:11:40,388,2630.93,APPROVED,73df3d25-bcec-47a6-8d66-6b628e81ed2d,4,4000
4528652826,2025-09-10T06:21:55,853,7857.15,WAITING,cea90057-5542-4a9f-8ad8-2fa263b39b7b,4,1000
4566290884,2025-11-02T10:21:09,291,686.36,WAITING,b0154cbb-c693-4062-88b9-a8acf4402b56,4,1000
4527760562,2025-11-22T17:57:24,580,2000.79,WAITING,2c6e3cb9-21cb-4de6-ae38-f117a3cbdfe2,5,1000
4528827028,2025-10-18T03:29:13,145,9935.52,WAITING,41e46c83-90d4-4836-a022-b900a018b3fa,4,4000
4522052783,2025-11-02T07:03:08,503,8807.92,WAITING,2c6e3cb9-21cb-4de6-ae38-f117a3cbdfe2,4,3000
4568124645,2025-11-08T23:34:42,197,4746.57,APPROVED,aa51a37d-2867-459b-8885-b5c8b161616a,1,2000
4526205006,2025-06-19T20:46:34,410,8682.82,REJECTED,77b34563-244c-46da-b014-af1a9c7fa9e4,3,2000
4595382540,2025-09-18T08:35:02,321,8782.38,REJECTED,68681084-7b12-4fd9-9704-7da3802cb451,4,4000
4587316120,2025-07-10T20:35:37,871,8754.87,WAITING,12a301b9-4c71-4181-a853-d29be7b6bd18,3,1000
4577530085,2025-10-04T00:35:39,69,5419.99,REJECTED,3341d7ea-5bed-42e4-82c2-18d0adfbcdf1,3,4000
4580164605,2025-08-04T13:05:38,40,4595.75,WAITING,834a14f7-cbd7-4220-9587-cd61c93c8253,3,1000
4570175119,2025-11-19T04:30:11,65,8957.5,APPROVED,bcebc30c-15e5-48e2-9c32-c86d886f82a0,2,2000
4501194991,2025-11-08T05:29:55,478,4669.21,APPROVED,68681084-7b12-4fd9-9704-7da3802cb451,3,2000
4568177366,2025-10-11T06:25:54,603,3425.57,QUOTATION,bf599d91-442c-4e09-b5ae-b9f08a417d11,4,2000
4570065884,2025-06-09T06:38:40,757,5290.1,QUOTATION,12a301b9-4c71-4181-a853-d29be7b6bd18,1,4000
4516548544,2025-10-06T02:02:10,505,825.04,QUOTATION,51991c98-a328-457f-a862-0962b2d30ddc,5,4000
4543433726,2025-09-12T07:59:13,733,5791.8,REJECTED,8df0c99e-2745-44ae-94ee-ad79cb114fdb,4,1000
4503228010,2025-07-05T03:41:58,906,7830.73,APPROVED,73df3d25-bcec-47a6-8d66-6b628e81ed2d,3,4000
4540185154,2025-06-20T17:23:38,211,6593.24,WAITING,cf11fe2a-443a-44e9-96b0-e6b91ddfa87d,2,4000
4547398267,2025-06-03T16:17:11,221,6304.02,REJECTED,c40f8a37-9024-4fcd-80a6-7917301ba6bd,4,3000
4592405168,2025-10-13T16:15:55,945,8068.38,APPROVED,82ebf1b0-6982-4deb-ac51-c7a6d0a68c5d,1,3000
4550144815,2025-09-27T03:26:36,7,8407.8,REJECTED,2cf52c48-a37c-4244-a030-3fe16c443ecd,4,3000
4527337190,2025-06-13T23:26:02,569,8819.89,REJECTED,daffc87a-fdb5-424e-9155-782c6cd1b731,5,4000
4515428851,2025-06-14T09:23:40,526,9048.22,QUOTATION,76fa0c16-dc3a-4a9b-b914-de6a0097f3dc,3,4000
4550363836,2025-06-09T04:53:39,631,8840.98,APPROVED,41f3b33b-8871-42fd-90d5-1d1d9f2d5aed,5,1000
4576706217,2025-10-27T13:57:30,720,6461.3,WAITING,ad64acbd-9045-44ec-9111-f6b3b90cb060,4,2000
4500353610,2025-07-20T19:55:27,897,8249.79,REJECTED,a1ad3c2b-45ca-491c-8ef2-a64af7d19e43,1,1000
4501501426,2025-09-13T07:32:32,589,317.88,REJECTED,51991c98-a328-457f-a862-0962b2d30ddc,1,3000
4565709429,2025-07-19T23:21:36,806,2659.43,REJECTED,3f3292d8-3056-42da-9ec5-d080c252a223,3,3000
4597869232,2025-11-10T16:23:04,571,5145.65,APPROVED,0c328cd6-def4-4097-8b5d-ef9b4362cfd3,1,2000
4542821609,2025-09-17T02:12:07,104,6647.31,APPROVED,651e8d5b-8636-4635-a934-6f9427d506b8,5,4000
4545724986,2025-09-04T08:35:22,152,2347.37,APPROVED,0a58bce2-1697-4c89-b568-ae280f33f982,3,4000
4585019607,2025-10-04T17:27:42,43,6419.55,APPROVED,134244b2-90f7-4d62-8488-d71e29828266,3,3000
4596808249,2025-09-28T00:19:21,566,5850.22,WAITING,68681084-7b12-4fd9-9704-7da3802cb451,1,1000
4524317466,2025-08-04T09:30:04,544,2677.62,APPROVED,dbce3e63-1a5c-4595-a1f9-d09c3d978567,2,3000
4510176628,2025-11-17T06:48:31,399,8462.18,REJECTED,15ddc72a-7103-4a88-a951-49c5aa75affd,5,1000
4581612431,2025-08-14T10:07:13,775,4288.15,QUOTATION,32149af9-a4f0-4e80-a73d-490a9faef06f,4,3000
4558634164,2025-11-04T09:26:30,528,2159.44,APPROVED,a1ad3c2b-45ca-491c-8ef2-a64af7d19e43,5,3000
4585343284,2025-11-16T20:53:38,60,254.61,WAITING,84aadcf6-499b-4416-9a35-3e546eb39a5c,4,1000
4571481720,2025-09-06T23:11:39,123,3474.13,APPROVED,a9da22e7-f42f-4428-9083-96395b7a7e9a,5,2000
4586800628,2025-10-16T03:08:27,307,3598.92,QUOTATION,2cf52c48-a37c-4244-a030-3fe16c443ecd,3,3000
4566387201,2025-11-05T23:05:54,243,1375.62,QUOTATION,eb8e5632-45d0-47e9-bcc0-ee76bf030643,5,1000
4550118693,2025-08-13T19:32:19,679,1360.53,WAITING,384bae62-8ba8-4cac-b8ad-3df4e68bcafa,1,2000
4538591335,2025-11-06T06:13:13,681,4816.5,APPROVED,f6979cad-3c89-4280-985d-d7f07aaa8c2b,5,1000
4552953247,2025-09-26T21:25:44,171,8110.78,REJECTED,9a109dc4-7be3-4aec-94bb-ede38f79ae14,1,1000
4577688247,2025-10-17T15:36:35,857,9812.78,QUOTATION,9ec93c76-9578-4947-a5ca-def516b026cb,3,3000
4520784433,2025-10-02T21:18:32,410,7831.66,REJECTED,e069016d-d217-4fbc-b438-1e8790b731fb,2,3000
4533931752,2025-10-08T05:36:51,260,6659.15,WAITING,134244b2-90f7-4d62-8488-d71e29828266,3,4000
4584818534,2025-06-20T03:34:02,721,645.03,WAITING,41f3b33b-8871-42fd-90d5-1d1d9f2d5aed,2,1000
4531543239,2025-09-06T01:18:19,968,2406.82,APPROVED,9fc109ea-2585-4c23-9329-2ccda2d964eb,2,1000
4599834301,2025-06-24T02:06:49,722,8196.8,APPROVED,ea38b7e1-b488-4873-ab04-3066d219b434,4,1000
4524396570,2025-06-23T11:06:21,567,6285.81,REJECTED,791660af-f0db-4fbd-a3a4-86bd38182556,2,3000
4533913382,2025-09-22T07:15:11,784,2710.54,APPROVED,d0d94739-009d-44aa-ae3d-8c35a65083c5,3,2000
4510940006,2025-11-17T10:07:27,538,3115.98,APPROVED,51991c98-a328-457f-a862-0962b2d30ddc,3,1000
4593529925,2025-10-27T01:44:25,667,822.09,APPROVED,84aadcf6-499b-4416-9a35-3e546eb39a5c,4,3000
4539884839,2025-07-09T03:57:15,548,3979.82,WAITING,d5b6a98e-464a-4e85-ad1c-7fd6be7df835,4,3000
4530472431,2025-09-28T20:01:46,839,2664.13,WAITING,0439439c-8945-42c4-b079-5340d85df97c,3,2000
4596771779,2025-07-21T16:54:49,79,2813.99,REJECTED,791660af-f0db-4fbd-a3a4-86bd38182556,4,1000
4507374737,2025-11-21T19:56:57,464,4948.72,APPROVED,b020551c-5fe7-45ea-881a-6fa78332362d,4,4000
4520815855,2025-11-02T15:59:17,319,6448.2,APPROVED,b577718c-a2a9-4f8a-a41c-7cac0d102aab,1,1000
4592629070,2025-10-22T12:26:02,539,4409.25,APPROVED,ebfe58ef-0dee-41d8-859e-ae2bff66e7fc,5,1000
4595431567,2025-11-17T21:54:28,28,8184.78,WAITING,76fa0c16-dc3a-4a9b-b914-de6a0097f3dc,1,1000
4568198938,2025-09-26T19:16:27,555,3846.56,APPROVED,d0d94739-009d-44aa-ae3d-8c35a65083c5,1,2000
4502405291,2025-07-05T12:09:15,988,7574.95,WAITING,15ddc72a-7103-4a88-a951-49c5aa75affd,1,3000
4593227591,2025-11-20T14:16:00,299,8638.27,WAITING,05767575-2944-4457-9aa7-06e1dae2ae25,3,3000
4584041812,2025-06-08T00:35:38,920,3644.61,WAITING,b0154cbb-c693-4062-88b9-a8acf4402b56,5,4000
4532911119,2025-07-20T14:20:16,887,8033.8,WAITING,384bae62-8ba8-4cac-b8ad-3df4e68bcafa,4,1000
4557736847,2025-09-26T19:10:03,197,5881.88,APPROVED,2c7b9d8a-6b92-4a21-a03e-024e434a203d,3,2000
4555057231,2025-10-28T18:08:27,407,9437.94,QUOTATION,84aadcf6-499b-4416-9a35-3e546eb39a5c,3,1000
4560012976,2025-11-28T09:04:38,874,1967.88,REJECTED,3d3527a9-4ef5-45d5-83c2-4178789f9921,2,3000
4553307840,2025-09-03T10:00:38,343,2193.41,WAITING,ebfe58ef-0dee-41d8-859e-ae2bff66e7fc,3,2000
4533893495,2025-07-08T03:28:16,212,6412.92,APPROVED,834a14f7-cbd7-4220-9587-cd61c93c8253,1,3000
4587764274,2025-06-15T22:04:10,367,9766.19,WAITING,56ae9e46-c0b2-46ca-b51d-5686e00ce4a6,1,4000
4508736862,2025-08-04T12:35:03,728,8124.35,WAITING,73df3d25-bcec-47a6-8d66-6b628e81ed2d,1,3000
4535398810,2025-10-09T15:13:09,159,4882.56,REJECTED,d5b6a98e-464a-4e85-ad1c-7fd6be7df835,2,4000
4589125885,2025-06-20T03:00:09,871,8424.8,QUOTATION,8df0c99e-2745-44ae-94ee-ad79cb114fdb,2,2000
4528129261,2025-06-16T08:52:14,231,7781.52,APPROVED,cf11fe2a-443a-44e9-96b0-e6b91ddfa87d,1,1000
4590491422,2025-06-05T18:14:42,169,9970.79,QUOTATION,e069016d-d217-4fbc-b438-1e8790b731fb,4,2000
4584375226,2025-06-18T06:05:52,937,1571.65,APPROVED,ad64acbd-9045-44ec-9111-f6b3b90cb060,1,2000
4579476636,2025-06-12T18:14:53,84,1029.45,REJECTED,9a109dc4-7be3-4aec-94bb-ede38f79ae14,3,3000
4543185561,2025-09-07T10:40:51,181,5129.95,QUOTATION,ebfe58ef-0dee-41d8-859e-ae2bff66e7fc,2,1000
4548876454,2025-09-22T15:46:10,119,839.44,WAITING,84aadcf6-499b-4416-9a35-3e546eb39a5c,2,4000
4567780086,2025-06-17T06:54:19,548,7327.14,QUOTATION,eb8e5632-45d0-47e9-bcc0-ee76bf030643,4,2000
4528755250,2025-10-28T08:34:09,522,403.08,QUOTATION,daffc87a-fdb5-424e-9155-782c6cd1b731,4,4000
4547230445,2025-10-28T04:41:07,823,9025.56,APPROVED,611eefb3-ef38-4a2e-831a-15aff1dde8f8,1,1000
4534400268,2025-11-25T10:46:01,616,1715.01,REJECTED,2ab670e8-49e3-4a95-9871-d937f77b5927,4,1000
4511949205,2025-06-21T03:22:51,986,473.68,WAITING,dbce3e63-1a5c-4595-a1f9-d09c3d978567,3,3000
4516242109,2025-07-28T07:35:51,987,9644.75,REJECTED,ce1eeb99-74a8-4547-b95c-345102c07d21,1,3000
4567006869,2025-08-10T21:24:35,21,871.1,QUOTATION,01bb5e4b-33d3-4db2-85a2-499f5c9e31b4,5,2000
4581091688,2025-11-09T22:48:33,197,4879.87,WAITING,01bb5e4b-33d3-4db2-85a2-499f5c9e31b4,5,4000
4527112853,2025-11-23T08:59:23,847,6460.63,QUOTATION,84aadcf6-499b-4416-9a35-3e546eb39a5c,5,2000
4506921563,2025-06-08T04:08:27,48,4616.5,WAITING,611eefb3-ef38-4a2e-831a-15aff1dde8f8,5,4000
4571937771,2025-08-12T07:58:03,87,2617.88,REJECTED,834a14f7-cbd7-4220-9587-cd61c93c8253,2,2000
4528106728,2025-06-05T17:30:36,5,6200.39,APPROVED,de541e55-b7b6-404a-8ce0-a6f1ea925750,2,2000
4579184628,2025-10-20T14:06:50,618,9433.02,QUOTATION,73df3d25-bcec-47a6-8d66-6b628e81ed2d,2,2000
4589515233,2025-06-25T09:22:26,650,1510.1,WAITING,b6bbc970-46d2-4ff4-9c52-80f378cfe8ea,5,3000
4546579758,2025-06-05T03:54:44,979,8238.75,WAITING,ebfe58ef-0dee-41d8-859e-ae2bff66e7fc,5,3000
4550748962,2025-10-04T10:23:54,659,6455.56,QUOTATION,0b319577-4ab0-4684-b112-b27aad212cb1,2,2000
4596239186,2025-06-01T18:39:44,450,4707.6,QUOTATION,41e46c83-90d4-4836-a022-b900a018b3fa,2,2000
4596174678,2025-06-02T17:45:49,669,750.25,QUOTATION,e7ba4d18-37bf-472c-9d3a-7756c21a55c9,1,1000
4585745809,2025-11-10T11:42:34,454,7174.81,WAITING,76fa0c16-dc3a-4a9b-b914-de6a0097f3dc,1,2000
4578779536,2025-10-15T00:16:42,312,6238.37,APPROVED,bcebc30c-15e5-48e2-9c32-c86d886f82a0,1,4000
4568513596,2025-10-21T11:54:49,382,8550.75,APPROVED,134244b2-90f7-4d62-8488-d71e29828266,5,1000
4511950582,2025-09-28T11:44:54,379,6997.61,REJECTED,834a14f7-cbd7-4220-9587-cd61c93c8253,1,2000
4502501341,2025-09-22T09:06:06,197,6821.88,QUOTATION,e069016d-d217-4fbc-b438-1e8790b731fb,4,3000
4536519338,2025-10-03T18:53:30,781,2161.45,APPROVED,12a301b9-4c71-4181-a853-d29be7b6bd18,1,4000
4575638276,2025-10-21T11:28:23,449,1433.14,WAITING,384bae62-8ba8-4cac-b8ad-3df4e68bcafa,5,3000
4518208398,2025-09-04T10:18:31,582,6992.42,REJECTED,651e8d5b-8636-4635-a934-6f9427d506b8,5,2000
4537939986,2025-10-23T04:10:17,602,5178.6,WAITING,fffeaf8f-4b6b-4357-a309-89f4769c36da,4,3000
4525252173,2025-08-08T12:57:58,534,3675.59,REJECTED,76fa0c16-dc3a-4a9b-b914-de6a0097f3dc,4,2000
4591112654,2025-08-24T17:07:23,205,689.75,REJECTED,68681084-7b12-4fd9-9704-7da3802cb451,3,2000
4510382409,2025-11-11T19:17:13,440,6238.7,QUOTATION,f524f9ee-95cb-4e66-a6c1-b58f8296e7f3,4,2000
4519035881,2025-11-24T11:33:59,264,9577.41,REJECTED,3c65561d-5119-4985-87e7-48965fe9f62c,2,4000
4597283367,2025-09-07T02:53:43,739,6298.73,REJECTED,eb8e5632-45d0-47e9-bcc0-ee76bf030643,2,2000
4523776504,2025-08-28T14:05:57,399,5837.01,REJECTED,8ca5ca23-a910-469b-aec1-73bd31d74ba2,5,2000
4503890933,2025-07-19T13:31:34,13,4177.12,REJECTED,3341d7ea-5bed-42e4-82c2-18d0adfbcdf1,1,3000
4565691356,2025-09-06T11:57:33,911,3271.4,QUOTATION,8ca5ca23-a910-469b-aec1-73bd31d74ba2,3,2000
4505847838,2025-11-11T07:15:57,709,9474.19,WAITING,56ae9e46-c0b2-46ca-b51d-5686e00ce4a6,2,4000
4524404913,2025-08-12T16:59:04,997,3416.85,WAITING,ebfe58ef-0dee-41d8-859e-ae2bff66e7fc,1,2000
4581340153,2025-07-01T03:48:53,20,2403.82,REJECTED,2ab670e8-49e3-4a95-9871-d937f77b5927,2,3000
4585424642,2025-07-11T16:31:48,424,6736.41,QUOTATION,9fc109ea-2585-4c23-9329-2ccda2d964eb,2,2000
4583338798,2025-06-07T23:13:52,167,5187.7,WAITING,3341d7ea-5bed-42e4-82c2-18d0adfbcdf1,5,1000
4573518836,2025-08-11T10:18:34,212,9972.26,REJECTED,15ddc72a-7103-4a88-a951-49c5aa75affd,2,1000
4516083115,2025-08-03T11:44:05,325,2693.17,WAITING,4a2d279e-2495-496f-80d9-bc5a45e3b6b4,2,2000
4583470302,2025-08-07T09:20:37,441,1571.83,QUOTATION,17dffc12-ac1a-44ed-ad09-3c824851c624,4,2000
4557981251,2025-09-07T07:51:06,821,6709.09,QUOTATION,8ca5ca23-a910-469b-aec1-73bd31d74ba2,3,4000
4524094281,2025-10-04T05:10:35,910,3005.96,REJECTED,ad64acbd-9045-44ec-9111-f6b3b90cb060,1,1000
4556390356,2025-06-02T02:06:46,184,1634.13,APPROVED,12a301b9-4c71-4181-a853-d29be7b6bd18,3,2000
4539504366,2025-09-13T03:33:31,993,5002.15,QUOTATION,3f3292d8-3056-42da-9ec5-d080c252a223,5,1000
4589570507,2025-09-14T18:44:42,4,8168.49,APPROVED,4a2d279e-2495-496f-80d9-bc5a45e3b6b4,1,1000
4507631939,2025-08-25T18:01:35,851,6682.4,REJECTED,82ebf1b0-6982-4deb-ac51-c7a6d0a68c5d,3,1000
4515988326,2025-09-17T15:05:54,647,9920.34,WAITING,71b893be-0a75-41a7-9a52-bcdb771cc5ec,4,1000
4570301084,2025-07-27T00:34:33,581,5022.52,WAITING,41e46c83-90d4-4836-a022-b900a018b3fa,1,4000
4560488732,2025-11-06T04:15:47,779,7744.64,QUOTATION,fe53d2be-049c-47fa-871a-c4a8b1a10e40,1,1000
4571748278,2025-10-10T12:00:14,647,4670.6,APPROVED,37bf8863-0046-49cb-a72c-f7e41661214b,1,2000
4591808885,2025-10-28T15:31:59,975,9450.81,QUOTATION,8ca5ca23-a910-469b-aec1-73bd31d74ba2,4,1000
4534938036,2025-09-14T23:22:23,190,3277.56,WAITING,12a301b9-4c71-4181-a853-d29be7b6bd18,2,2000
4542627640,2025-10-23T07:05:40,953,5336.0,REJECTED,b020551c-5fe7-45ea-881a-6fa78332362d,1,2000
4561270864,2025-07-07T13:34:56,377,2170.1,REJECTED,bcebc30c-15e5-48e2-9c32-c86d886f82a0,1,1000
4511756594,2025-09-24T16:47:13,606,8644.2,QUOTATION,9567383e-1921-4683-803b-509faa2bc9d5,3,3000
4593431408,2025-09-21T20:32:19,302,8151.11,WAITING,77b34563-244c-46da-b014-af1a9c7fa9e4,5,1000
4594469089,2025-11-19T03:08:45,541,1766.25,WAITING,d5b6a98e-464a-4e85-ad1c-7fd6be7df835,2,3000
4570598390,2025-06-17T19:37:26,574,5096.36,WAITING,77b34563-244c-46da-b014-af1a9c7fa9e4,1,1000
4552722070,2025-08-14T10:30:02,974,660.06,APPROVED,0439439c-8945-42c4-b079-5340d85df97c,3,1000
4518994005,2025-11-26T10:50:00,21,4886.89,QUOTATION,2cf52c48-a37c-4244-a030-3fe16c443ecd,4,4000
4527738445,2025-08-16T06:49:13,61,375.07,QUOTATION,915bda23-d2b3-4bab-9d3b-0b701beb76fa,3,1000
4586263929,2025-10-21T20:08:49,186,8310.53,QUOTATION,eb8e5632-45d0-47e9-bcc0-ee76bf030643,2,3000
4571608419,2025-11-24T07:23:13,516,2191.6,REJECTED,d0d94739-009d-44aa-ae3d-8c35a65083c5,3,4000
4595335088,2025-08-27T09:28:32,447,7002.86,REJECTED,68681084-7b12-4fd9-9704-7da3802cb451,3,4000
4539748962,2025-06-11T03:12:24,786,8486.53,QUOTATION,d7da1df8-a4af-4efe-a657-570c6d350470,3,1000
4559549491,2025-10-16T21:22:04,691,487.86,APPROVED,915bda23-d2b3-4bab-9d3b-0b701beb76fa,4,1000
4558140411,2025-10-02T09:20:52,862,3299.53,REJECTED,dbce3e63-1a5c-4595-a1f9-d09c3d978567,3,3000
4528559403,2025-06-19T12:04:35,54,6093.32,REJECTED,76fa0c16-dc3a-4a9b-b914-de6a0097f3dc,5,4000
4549386581,2025-11-26T13:03:18,870,6064.66,REJECTED,f6dd041e-f994-407c-9a1b-2ee8a39b9b25,5,4000
4574399805,2025-11-02T03:04:24,780,6922.37,REJECTED,a4926703-442b-4179-808a-04de7d4e1015,3,1000
4526872515,2025-06-17T22:22:41,59,331.55,QUOTATION,f6dd041e-f994-407c-9a1b-2ee8a39b9b25,1,4000
4568688727,2025-10-01T06:10:02,676,30.7,APPROVED,da731710-48f7-4c02-8dd6-917ff4c62e3b,2,4000
4514488251,2025-10-24T18:30:52,120,6465.0,QUOTATION,71b893be-0a75-41a7-9a52-bcdb771cc5ec,1,4000
4540601729,2025-07-24T17:29:46,939,3007.01,QUOTATION,975480d4-8c15-44ba-8c55-a9938bdaa2c4,3,4000
4547584380,2025-11-09T14:09:17,35,8693.04,APPROVED,2c7b9d8a-6b92-4a21-a03e-024e434a203d,1,4000
4590602567,2025-11-04T11:37:57,899,246.71,APPROVED,8df0c99e-2745-44ae-94ee-ad79cb114fdb,1,1000
4507513333,2025-07-05T00:21:26,932,96.23,QUOTATION,834a14f7-cbd7-4220-9587-cd61c93c8253,2,1000
4584747570,2025-11-20T09:58:53,122,2720.36,APPROVED,a9da22e7-f42f-4428-9083-96395b7a7e9a,2,4000
4529808512,2025-11-09T23:50:33,532,7723.65,REJECTED,e069016d-d217-4fbc-b438-1e8790b731fb,4,3000
4547699305,2025-08-25T06:12:02,979,6520.16,QUOTATION,4029508a-afa4-4faf-b175-4bb65b8a4dbb,1,1000
4534469278,2025-08-09T22:39:51,832,8310.72,WAITING,f6979cad-3c89-4280-985d-d7f07aaa8c2b,1,3000
4551493794,2025-10-01T05:40:45,491,282.32,QUOTATION,834a14f7-cbd7-4220-9587-cd61c93c8253,4,3000
4593362475,2025-10-28T10:36:35,271,8788.5,QUOTATION,2c6e3cb9-21cb-4de6-ae38-f117a3cbdfe2,5,3000
4577114070,2025-07-06T10:08:06,60,1837.25,REJECTED,17dffc12-ac1a-44ed-ad09-3c824851c624,1,1000
4525640241,2025-08-02T19:59:44,767,5718.42,QUOTATION,2c6e3cb9-21cb-4de6-ae38-f117a3cbdfe2,1,3000
4533589207,2025-07-24T11:28:14,991,5023.27,REJECTED,ba3d4978-80db-4a12-9f06-e4c698936184,1,2000
4520802909,2025-09-19T16:05:36,903,7774.32,APPROVED,d4dbba0a-2b26-4233-9017-bb25b2e860f3,2,4000
4518747882,2025-10-05T22:28:10,294,9755.78,REJECTED,d0d94739-009d-44aa-ae3d-8c35a65083c5,5,1000
4576457499,2025-06-11T06:12:00,301,5166.06,APPROVED,da731710-48f7-4c02-8dd6-917ff4c62e3b,4,2000
4592446583,2025-11-08T10:49:25,388,1674.16,APPROVED,d0d94739-009d-44aa-ae3d-8c35a65083c5,4,4000
4550854833,2025-09-25T21:09:40,34,8332.82,APPROVED,4a2d279e-2495-496f-80d9-bc5a45e3b6b4,1,3000
4536751954,2025-08-28T12:14:33,222,8995.3,QUOTATION,9c7454a7-b80c-4d19-b841-4c0343b75add,5,1000
4509704255,2025-11-13T07:32:27,435,4203.89,APPROVED,bcebc30c-15e5-48e2-9c32-c86d886f82a0,3,1000
4524274521,2025-06-26T01:41:34,143,185.19,QUOTATION,2ab670e8-49e3-4a95-9871-d937f77b5927,4,1000
4531298146,2025-08-01T06:28:44,714,988.87,WAITING,84aadcf6-499b-4416-9a35-3e546eb39a5c,5,3000
4593684014,2025-10-14T07:49:21,292,102.52,QUOTATION,fcc9df1e-2761-4b55-8f60-015b21066d78,3,4000
4524571234,2025-08-20T15:08:48,277,1207.12,APPROVED,84aadcf6-499b-4416-9a35-3e546eb39a5c,5,2000
4537924775,2025-11-01T14:57:22,853,5917.95,WAITING,4a2d279e-2495-496f-80d9-bc5a45e3b6b4,5,3000
4563348421,2025-06-07T04:36:53,395,6113.55,WAITING,15ddc72a-7103-4a88-a951-49c5aa75affd,5,1000
4561832243,2025-11-13T01:18:35,976,9581.31,REJECTED,0439439c-8945-42c4-b079-5340d85df97c,4,3000
4542822328,2025-07-16T19:15:06,762,2937.31,APPROVED,c40f8a37-9024-4fcd-80a6-7917301ba6bd,4,3000
4511037264,2025-10-13T11:40:31,797,6726.21,QUOTATION,110f8801-eea1-420d-98e6-dd439569747b,2,3000
4532795953,2025-11-15T17:41:51,309,5794.72,QUOTATION,408c4fe5-9066-4997-8f1c-ad8daae4b1f6,5,3000
4577399586,2025-09-18T19:08:18,287,7911.77,REJECTED,8ca5ca23-a910-469b-aec1-73bd31d74ba2,2,2000
4543250327,2025-06-05T21:36:46,778,605.23,WAITING,3341d7ea-5bed-42e4-82c2-18d0adfbcdf1,4,3000
4545263504,2025-07-20T22:26:21,187,8146.56,WAITING,e069016d-d217-4fbc-b438-1e8790b731fb,2,4000
4543983486,2025-08-20T15:40:07,999,2273.45,QUOTATION,134244b2-90f7-4d62-8488-d71e29828266,2,1000
4579336289,2025-07-14T10:45:02,399,9344.55,WAITING,d4dbba0a-2b26-4233-9017-bb25b2e860f3,3,1000
4578027938,2025-10-16T02:06:10,775,3477.72,REJECTED,d7da1df8-a4af-4efe-a657-570c6d350470,2,4000
4553254363,2025-07-02T00:34:06,184,2858.83,WAITING,9ec93c76-9578-4947-a5ca-def516b026cb,2,4000
4551832482,2025-10-06T20:43:33,895,7844.79,QUOTATION,f524f9ee-95cb-4e66-a6c1-b58f8296e7f3,4,3000
4567205202,2025-06-03T08:12:31,240,9963.4,REJECTED,fcc9df1e-2761-4b55-8f60-015b21066d78,3,4000
4504036526,2025-10-09T14:22:56,442,4725.78,REJECTED,d4dbba0a-2b26-4233-9017-bb25b2e860f3,3,4000
4520701173,2025-11-12T07:21:12,101,2311.89,WAITING,a9da22e7-f42f-4428-9083-96395b7a7e9a,5,4000
4554809567,2025-09-01T22:09:38,391,6629.12,APPROVED,eb8e5632-45d0-47e9-bcc0-ee76bf030643,5,1000
4594420393,2025-11-01T19:57:11,419,2829.55,QUOTATION,41e46c83-90d4-4836-a022-b900a018b3fa,1,1000
4549393582,2025-07-06T17:11:23,299,3652.5,QUOTATION,3d3527a9-4ef5-45d5-83c2-4178789f9921,5,1000
4573225234,2025-07-20T06:08:22,82,5198.78,WAITING,ce1eeb99-74a8-4547-b95c-345102c07d21,2,2000
4591862692,2025-11-01T17:52:02,424,1251.63,REJECTED,3d3527a9-4ef5-45d5-83c2-4178789f9921,3,4000
4554815212,2025-07-01T21:17:02,814,3707.06,REJECTED,9fc109ea-2585-4c23-9329-2ccda2d964eb,5,3000
4573502088,2025-08-18T04:22:22,808,4158.82,REJECTED,31ac60a6-1bc1-442c-ae10-4a420f770538,2,1000
4560832834,2025-06-04T10:36:36,963,2396.28,APPROVED,0f7e95f4-4fb9-4987-a1e1-5264880e721e,1,4000
4585019878,2025-08-23T12:08:33,746,1759.87,APPROVED,834a14f7-cbd7-4220-9587-cd61c93c8253,3,4000
4560831329,2025-09-17T13:41:42,860,8805.07,WAITING,5257f4f1-580e-4eb3-89f9-6cae458e4509,3,4000
4505075454,2025-11-10T18:04:12,966,9643.52,APPROVED,3d3527a9-4ef5-45d5-83c2-4178789f9921,5,1000
4563831704,2025-11-07T11:27:16,394,6942.06,REJECTED,bcebc30c-15e5-48e2-9c32-c86d886f82a0,5,1000
4586932893,2025-08-22T18:56:32,352,2994.51,REJECTED,35672019-b6d1-42b4-b906-8819b248182e,4,4000
4506022770,2025-07-26T07:49:40,909,5267.27,QUOTATION,56ae9e46-c0b2-46ca-b51d-5686e00ce4a6,5,3000
4538579778,2025-11-06T17:13:18,660,5544.12,QUOTATION,4a2d279e-2495-496f-80d9-bc5a45e3b6b4,3,4000
4544773779,2025-08-02T19:29:58,93,9309.53,APPROVED,9fc109ea-2585-4c23-9329-2ccda2d964eb,3,2000
4563672958,2025-09-25T15:49:51,441,963.46,REJECTED,62117371-6664-4e90-9e4c-e3939789c81a,3,1000
4560044881,2025-07-14T03:14:10,362,4340.38,QUOTATION,da731710-48f7-4c02-8dd6-917ff4c62e3b,1,1000
4508693850,2025-10-10T16:50:14,191,4000.53,APPROVED,37bf8863-0046-49cb-a72c-f7e41661214b,3,4000
4533899648,2025-07-25T06:53:44,554,3998.1,REJECTED,5257f4f1-580e-4eb3-89f9-6cae458e4509,4,1000
4576569544,2025-07-05T18:23:11,817,342.75,QUOTATION,384bae62-8ba8-4cac-b8ad-3df4e68bcafa,4,2000
4516537674,2025-07-12T01:12:17,642,7134.05,REJECTED,cf11fe2a-443a-44e9-96b0-e6b91ddfa87d,5,4000
4599360107,2025-07-07T19:24:47,566,8393.35,WAITING,a1ad3c2b-45ca-491c-8ef2-a64af7d19e43,4,4000
4545104680,2025-08-09T03:29:21,10,5771.54,QUOTATION,0a58bce2-1697-4c89-b568-ae280f33f982,3,1000
4552965397,2025-08-09T21:51:08,385,4702.25,REJECTED,651e8d5b-8636-4635-a934-6f9427d506b8,4,4000
4590518190,2025-10-28T15:49:47,936,1605.57,QUOTATION,834a14f7-cbd7-4220-9587-cd61c93c8253,5,4000
4528602522,2025-06-15T08:33:13,130,1108.01,REJECTED,daffc87a-fdb5-424e-9155-782c6cd1b731,5,2000
4529673495,2025-10-16T04:08:14,62,9247.55,QUOTATION,b6bbc970-46d2-4ff4-9c52-80f378cfe8ea,3,3000
4576309597,2025-06-27T04:59:12,680,684.05,WAITING,41f3b33b-8871-42fd-90d5-1d1d9f2d5aed,5,2000
4512146783,2025-10-23T19:04:15,801,7517.9,APPROVED,408c4fe5-9066-4997-8f1c-ad8daae4b1f6,2,4000
4524974567,2025-10-27T16:35:21,83,550.39,APPROVED,3f3292d8-3056-42da-9ec5-d080c252a223,2,2000
4523265427,2025-11-17T13:17:09,382,5191.32,QUOTATION,9567383e-1921-4683-803b-509faa2bc9d5,2,4000
4557465960,2025-09-20T09:50:46,168,6214.27,APPROVED,9ec93c76-9578-4947-a5ca-def516b026cb,2,2000
4564207553,2025-09-18T07:00:20,920,4632.95,APPROVED,5c250769-58e7-4a67-92b8-05566aab2cd0,5,1000
4590204651,2025-09-13T11:58:22,948,1979.28,QUOTATION,bcebc30c-15e5-48e2-9c32-c86d886f82a0,4,1000
4567192448,2025-07-28T22:43:12,743,7370.75,WAITING,975480d4-8c15-44ba-8c55-a9938bdaa2c4,1,2000
4546268466,2025-07-22T11:18:56,439,2414.88,REJECTED,2cf52c48-a37c-4244-a030-3fe16c443ecd,2,2000
4588883694,2025-10-05T01:44:32,767,1197.4,REJECTED,975480d4-8c15-44ba-8c55-a9938bdaa2c4,1,4000
4580813227,2025-10-04T14:56:17,577,6443.93,QUOTATION,ebfe58ef-0dee-41d8-859e-ae2bff66e7fc,1,2000
4595889756,2025-10-03T22:09:22,902,9323.5,WAITING,651e8d5b-8636-4635-a934-6f9427d506b8,3,2000
4566828022,2025-10-19T05:57:30,336,3193.09,REJECTED,0e752cfe-75ff-427d-8214-57710b509b33,3,1000
4542123212,2025-06-25T11:43:11,869,3547.22,APPROVED,cea90057-5542-4a9f-8ad8-2fa263b39b7b,3,3000
4518669453,2025-10-15T13:34:23,369,3113.73,APPROVED,01bb5e4b-33d3-4db2-85a2-499f5c9e31b4,4,2000
4515554458,2025-06-19T16:30:23,978,5600.11,REJECTED,77b34563-244c-46da-b014-af1a9c7fa9e4,2,4000
4550806654,2025-07-26T14:14:23,713,7086.76,APPROVED,00a417fb-f2b9-4bb8-90c0-0787c3f2e3c7,1,3000
4539044905,2025-07-12T01:24:36,342,2516.01,REJECTED,611eefb3-ef38-4a2e-831a-15aff1dde8f8,2,2000
4500717084,2025-09-27T07:12:05,757,2006.23,REJECTED,05767575-2944-4457-9aa7-06e1dae2ae25,5,1000
4592652776,2025-10-11T01:05:51,246,3999.95,REJECTED,611eefb3-ef38-4a2e-831a-15aff1dde8f8,3,3000
4504363778,2025-10-24T00:23:02,938,8906.97,WAITING,ebfe58ef-0dee-41d8-859e-ae2bff66e7fc,1,1000
4521547674,2025-09-06T21:30:51,817,8796.59,REJECTED,4a5df305-6d85-4b5a-81ca-b2a776017f8f,2,4000
4504755947,2025-06-10T21:32:36,443,343.51,REJECTED,31ac60a6-1bc1-442c-ae10-4a420f770538,2,4000
4513164885,2025-06-25T13:20:03,256,8768.35,REJECTED,3c65561d-5119-4985-87e7-48965fe9f62c,2,3000
4590434329,2025-10-10T20:08:21,707,1522.71,APPROVED,12a301b9-4c71-4181-a853-d29be7b6bd18,5,2000
4587997491,2025-07-27T10:40:08,711,3024.19,REJECTED,eb8e5632-45d0-47e9-bcc0-ee76bf030643,2,1000
4529502645,2025-06-19T00:31:18,72,2982.93,WAITING,da731710-48f7-4c02-8dd6-917ff4c62e3b,5,3000
4562975326,2025-10-20T16:47:23,469,8125.08,WAITING,a9da22e7-f42f-4428-9083-96395b7a7e9a,1,3000
4533702618,2025-06-24T09:37:46,607,4753.11,QUOTATION,134244b2-90f7-4d62-8488-d71e29828266,1,1000
4567615326,2025-11-27T15:54:10,396,3741.55,WAITING,9ec93c76-9578-4947-a5ca-def516b026cb,3,3000
4502970433,2025-07-22T17:14:40,530,572.47,APPROVED,3c65561d-5119-4985-87e7-48965fe9f62c,3,2000
4563337356,2025-06-16T23:56:15,58,5364.31,QUOTATION,31ac60a6-1bc1-442c-ae10-4a420f770538,4,1000
4543665417,2025-06-14T02:25:07,817,2512.4,APPROVED,384bae62-8ba8-4cac-b8ad-3df4e68bcafa,2,2000
4569427362,2025-06-03T16:58:10,870,5381.53,REJECTED,0a58bce2-1697-4c89-b568-ae280f33f982,2,1000
4505800710,2025-09-06T17:47:51,839,7191.47,REJECTED,ad64acbd-9045-44ec-9111-f6b3b90cb060,2,1000
4503982076,2025-09-10T14:49:40,579,8349.11,WAITING,ce1eeb99-74a8-4547-b95c-345102c07d21,1,2000
4503894142,2025-07-15T01:45:29,68,7204.27,QUOTATION,ba5b8587-5d45-44ac-9e4e-16cb4b3afecc,1,4000
4564930820,2025-11-06T06:38:26,362,8799.43,APPROVED,0c328cd6-def4-4097-8b5d-ef9b4362cfd3,3,4000
4557790972,2025-10-08T07:15:32,402,4283.28,APPROVED,a1a6e723-19c6-46fd-a584-917efe27f127,1,1000
4599164076,2025-11-13T21:42:21,181,1042.37,QUOTATION,aa51a37d-2867-459b-8885-b5c8b161616a,1,2000
4508598209,2025-09-06T02:07:48,197,8957.24,APPROVED,408c4fe5-9066-4997-8f1c-ad8daae4b1f6,1,3000
4517182888,2025-07-19T22:31:04,788,7894.4,QUOTATION,d5b6a98e-464a-4e85-ad1c-7fd6be7df835,4,1000
4592094998,2025-07-03T19:57:02,700,1787.87,QUOTATION,6c55f239-a4f0-4edd-afe8-02d129db9eda,2,2000
4552869101,2025-06-06T16:24:37,817,3654.17,WAITING,8ca5ca23-a910-469b-aec1-73bd31d74ba2,4,4000
4525571900,2025-09-13T15:36:25,984,4463.2,QUOTATION,b020551c-5fe7-45ea-881a-6fa78332362d,3,2000
4582652778,2025-06-09T02:38:09,62,9573.67,REJECTED,77b34563-244c-46da-b014-af1a9c7fa9e4,5,1000
4588244939,2025-07-19T03:54:04,733,4355.21,QUOTATION,9fc109ea-2585-4c23-9329-2ccda2d964eb,3,3000
4556015392,2025-10-28T09:30:38,454,6257.34,REJECTED,9c7454a7-b80c-4d19-b841-4c0343b75add,2,4000
4521765853,2025-07-12T17:05:21,909,6375.92,WAITING,e069016d-d217-4fbc-b438-1e8790b731fb,2,1000
4577794283,2025-09-07T11:12:48,141,8330.58,REJECTED,68681084-7b12-4fd9-9704-7da3802cb451,4,2000
4592147210,2025-11-23T01:30:03,685,8956.86,REJECTED,05767575-2944-4457-9aa7-06e1dae2ae25,2,4000
4584427341,2025-10-07T20:24:43,455,6480.44,WAITING,408c4fe5-9066-4997-8f1c-ad8daae4b1f6,5,4000
4555365987,2025-06-26T06:01:37,466,6842.79,REJECTED,8df0c99e-2745-44ae-94ee-ad79cb114fdb,3,4000
4512339810,2025-08-05T09:33:23,517,8808.21,REJECTED,28d388a1-0e70-41d0-a8a1-abb9e3263b7b,3,4000
4564451915,2025-07-03T02:37:03,969,5819.68,QUOTATION,384bae62-8ba8-4cac-b8ad-3df4e68bcafa,4,4000
4512880921,2025-11-23T23:49:33,13,5976.22,REJECTED,12a301b9-4c71-4181-a853-d29be7b6bd18,4,4000
4537500137,2025-11-08T02:16:10,260,7373.11,QUOTATION,aa51a37d-2867-459b-8885-b5c8b161616a,4,4000
4578108705,2025-06-26T18:24:15,765,9356.11,REJECTED,de541e55-b7b6-404a-8ce0-a6f1ea925750,1,4000
4567595473,2025-07-03T10:59:59,736,8945.35,APPROVED,5257f4f1-580e-4eb3-89f9-6cae458e4509,3,1000
4551078944,2025-08-10T02:58:02,497,9700.01,REJECTED,408c4fe5-9066-4997-8f1c-ad8daae4b1f6,3,2000
4574415583,2025-07-03T19:46:54,710,7908.97,WAITING,6cc3c3b9-23fa-4969-8791-af89dedc62c9,3,4000
4590457024,2025-09-27T09:22:27,55,2450.01,REJECTED,3c65561d-5119-4985-87e7-48965fe9f62c,3,3000
4537622984,2025-08-23T20:01:04,729,4533.9,REJECTED,9a109dc4-7be3-4aec-94bb-ede38f79ae14,2,2000
4566803762,2025-06-11T15:42:09,811,9907.81,QUOTATION,9c7454a7-b80c-4d19-b841-4c0343b75add,2,2000
4523000447,2025-10-16T22:27:35,632,5730.97,REJECTED,834a14f7-cbd7-4220-9587-cd61c93c8253,2,3000
4585610439,2025-11-22T04:29:31,358,4019.39,WAITING,ba5b8587-5d45-44ac-9e4e-16cb4b3afecc,5,2000
4522265214,2025-09-05T10:42:59,45,4177.49,REJECTED,ea38b7e1-b488-4873-ab04-3066d219b434,3,2000
4566782881,2025-11-19T22:22:04,914,1786.06,REJECTED,76fa0c16-dc3a-4a9b-b914-de6a0097f3dc,1,4000
4537664080,2025-06-12T09:27:24,215,7927.86,APPROVED,5c250769-58e7-4a67-92b8-05566aab2cd0,5,4000
4548692750,2025-06-23T12:24:00,482,5382.36,REJECTED,74d238f7-61d4-41c6-9d51-b05f2eddcb36,2,2000
4530329787,2025-11-25T16:08:58,16,4761.46,WAITING,76fa0c16-dc3a-4a9b-b914-de6a0097f3dc,2,2000
4574016809,2025-08-16T05:15:13,347,336.85,QUOTATION,9fc109ea-2585-4c23-9329-2ccda2d964eb,5,4000
4539648755,2025-11-17T01:50:19,732,7924.23,APPROVED,d7da1df8-a4af-4efe-a657-570c6d350470,4,2000
4516421943,2025-11-23T11:53:22,338,2.16,REJECTED,fe53d2be-049c-47fa-871a-c4a8b1a10e40,1,4000
4592466691,2025-11-24T21:28:05,391,6144.34,WAITING,84aadcf6-499b-4416-9a35-3e546eb39a5c,4,1000
4512356177,2025-10-15T18:09:29,457,8366.91,WAITING,f6dd041e-f994-407c-9a1b-2ee8a39b9b25,4,3000
4585778358,2025-10-12T07:02:56,785,9811.81,REJECTED,0b319577-4ab0-4684-b112-b27aad212cb1,1,4000
4513329224,2025-10-02T19:12:36,924,1954.14,REJECTED,17dffc12-ac1a-44ed-ad09-3c824851c624,5,1000
4523339916,2025-11-02T01:41:14,325,7945.54,REJECTED,ea38b7e1-b488-4873-ab04-3066d219b434,2,4000
4565359056,2025-11-12T23:18:32,155,1956.74,REJECTED,da731710-48f7-4c02-8dd6-917ff4c62e3b,2,3000
4576757419,2025-10-25T18:25:35,450,4013.61,WAITING,f6979cad-3c89-4280-985d-d7f07aaa8c2b,4,1000
4509961752,2025-07-06T16:40:31,743,9699.33,REJECTED,134244b2-90f7-4d62-8488-d71e29828266,5,2000
4532643306,2025-09-13T01:14:34,718,609.78,REJECTED,74d238f7-61d4-41c6-9d51-b05f2eddcb36,5,2000
4541179069,2025-11-20T15:50:37,265,435.99,WAITING,dbce3e63-1a5c-4595-a1f9-d09c3d978567,1,4000
4524227229,2025-11-10T15:38:07,807,4762.95,QUOTATION,ba5b8587-5d45-44ac-9e4e-16cb4b3afecc,2,3000
4505200476,2025-10-27T22:46:54,31,6090.0,WAITING,56ae9e46-c0b2-46ca-b51d-5686e00ce4a6,2,4000
4589143611,2025-10-20T14:25:18,779,1695.44,QUOTATION,a4926703-442b-4179-808a-04de7d4e1015,4,2000
4568503275,2025-11-22T09:41:25,254,7919.53,APPROVED,76fa0c16-dc3a-4a9b-b914-de6a0097f3dc,2,2000
4534998796,2025-07-09T20:58:02,677,9878.01,APPROVED,0f7e95f4-4fb9-4987-a1e1-5264880e721e,2,1000
4563559548,2025-06-07T23:03:10,278,2223.9,QUOTATION,77b34563-244c-46da-b014-af1a9c7fa9e4,4,4000
4592141567,2025-11-16T17:28:49,921,9868.52,QUOTATION,0b319577-4ab0-4684-b112-b27aad212cb1,1,4000
4522529858,2025-08-17T23:01:28,137,4539.74,QUOTATION,a4926703-442b-4179-808a-04de7d4e1015,2,4000
4551381529,2025-10-11T05:18:09,73,299.26,REJECTED,e069016d-d217-4fbc-b438-1e8790b731fb,2,4000
4511249348,2025-07-22T07:28:31,180,7871.05,WAITING,6cc3c3b9-23fa-4969-8791-af89dedc62c9,4,2000
4554659678,2025-10-16T12:08:23,381,1103.06,QUOTATION,d5b6a98e-464a-4e85-ad1c-7fd6be7df835,2,2000
4594772319,2025-09-25T03:38:00,189,2630.04,REJECTED,651e8d5b-8636-4635-a934-6f9427d506b8,5,2000
4545009622,2025-11-19T06:57:14,844,3666.41,QUOTATION,71b893be-0a75-41a7-9a52-bcdb771cc5ec,3,3000
4583483196,2025-08-19T12:51:26,285,6411.96,WAITING,37bf8863-0046-49cb-a72c-f7e41661214b,2,1000
4504147942,2025-11-17T12:23:53,741,6104.19,QUOTATION,2cf52c48-a37c-4244-a030-3fe16c443ecd,4,4000
4514752951,2025-08-27T15:06:38,117,1266.46,REJECTED,4a5df305-6d85-4b5a-81ca-b2a776017f8f,5,2000
4534536870,2025-08-13T01:37:16,507,7069.98,APPROVED,ce1eeb99-74a8-4547-b95c-345102c07d21,4,2000
4575600160,2025-06-06T16:34:31,498,5962.92,WAITING,9c7454a7-b80c-4d19-b841-4c0343b75add,5,4000
4599390463,2025-08-10T17:29:28,25,6800.12,APPROVED,b6bbc970-46d2-4ff4-9c52-80f378cfe8ea,4,2000
4546986271,2025-07-10T08:35:02,478,7001.27,WAITING,9a109dc4-7be3-4aec-94bb-ede38f79ae14,2,2000
4550973392,2025-08-01T13:37:49,741,9140.73,WAITING,2cf52c48-a37c-4244-a030-3fe16c443ecd,5,3000
4561956628,2025-10-28T14:05:10,88,6871.39,APPROVED,0f7e95f4-4fb9-4987-a1e1-5264880e721e,1,4000
4523883943,2025-11-14T18:57:03,28,8678.97,APPROVED,5c250769-58e7-4a67-92b8-05566aab2cd0,1,1000
4560872690,2025-06-09T23:28:46,876,3901.95,WAITING,651e8d5b-8636-4635-a934-6f9427d506b8,1,2000
4523105209,2025-10-26T11:38:40,863,1160.75,APPROVED,28d388a1-0e70-41d0-a8a1-abb9e3263b7b,3,2000
4534937883,2025-06-09T09:04:47,267,2065.66,REJECTED,68681084-7b12-4fd9-9704-7da3802cb451,4,4000
4518370296,2025-08-05T22:05:35,181,713.13,WAITING,5257f4f1-580e-4eb3-89f9-6cae458e4509,4,1000
4528500546,2025-10-26T06:21:09,657,7624.44,REJECTED,28d388a1-0e70-41d0-a8a1-abb9e3263b7b,5,2000
4542278644,2025-08-17T13:55:42,494,5594.37,REJECTED,31ac60a6-1bc1-442c-ae10-4a420f770538,1,4000
4524523202,2025-09-22T12:21:39,119,9899.82,APPROVED,fe53d2be-049c-47fa-871a-c4a8b1a10e40,2,4000
4531735976,2025-07-06T14:23:57,445,260.55,QUOTATION,d5b6a98e-464a-4e85-ad1c-7fd6be7df835,5,4000
4597236895,2025-07-21T11:13:36,664,1434.12,APPROVED,3c65561d-5119-4985-87e7-48965fe9f62c,3,2000
4514318679,2025-10-26T11:56:00,500,247.92,APPROVED,74d238f7-61d4-41c6-9d51-b05f2eddcb36,4,1000
4598953737,2025-11-16T04:18:10,303,2928.37,QUOTATION,a1a6e723-19c6-46fd-a584-917efe27f127,2,4000
4509920543,2025-08-02T20:52:51,487,4350.7,QUOTATION,cea90057-5542-4a9f-8ad8-2fa263b39b7b,5,4000
4516163062,2025-10-05T02:52:17,337,1948.79,REJECTED,4a2d279e-2495-496f-80d9-bc5a45e3b6b4,4,3000
4502237805,2025-10-17T15:59:27,456,4726.51,QUOTATION,9a109dc4-7be3-4aec-94bb-ede38f79ae14,5,1000
4561457569,2025-10-20T14:42:24,497,3067.37,APPROVED,17dffc12-ac1a-44ed-ad09-3c824851c624,1,1000
4508626771,2025-11-25T22:57:02,233,2710.75,QUOTATION,bcebc30c-15e5-48e2-9c32-c86d886f82a0,5,1000
4509150161,2025-08-03T04:43:16,946,6990.71,REJECTED,77b34563-244c-46da-b014-af1a9c7fa9e4,1,3000
4521763657,2025-11-08T14:52:28,943,8579.56,WAITING,f6dd041e-f994-407c-9a1b-2ee8a39b9b25,5,1000
4557695829,2025-07-06T14:10:46,221,9772.35,REJECTED,8ca5ca23-a910-469b-aec1-73bd31d74ba2,2,2000
4518813198,2025-07-03T00:34:26,38,7449.66,REJECTED,fffeaf8f-4b6b-4357-a309-89f4769c36da,4,3000
4581180705,2025-06-01T13:32:56,700,2785.08,APPROVED,b577718c-a2a9-4f8a-a41c-7cac0d102aab,3,1000
4598154960,2025-11-09T00:47:41,562,3297.6,REJECTED,d0d94739-009d-44aa-ae3d-8c35a65083c5,1,3000
4555780104,2025-10-11T00:28:35,609,7866.75,QUOTATION,5c250769-58e7-4a67-92b8-05566aab2cd0,5,4000
4509694047,2025-08-01T00:06:54,45,2754.49,APPROVED,31ac60a6-1bc1-442c-ae10-4a420f770538,1,2000
4543793608,2025-09-04T01:28:56,638,4139.46,QUOTATION,e7ba4d18-37bf-472c-9d3a-7756c21a55c9,5,2000
4545725047,2025-07-18T02:50:07,333,7608.63,WAITING,cf11fe2a-443a-44e9-96b0-e6b91ddfa87d,3,4000
4564975343,2025-07-14T05:16:44,564,1831.94,QUOTATION,12a301b9-4c71-4181-a853-d29be7b6bd18,2,2000
4511816887,2025-07-26T11:20:47,322,6644.21,QUOTATION,da731710-48f7-4c02-8dd6-917ff4c62e3b,3,2000
4535007973,2025-11-10T08:04:25,816,6231.91,WAITING,c40f8a37-9024-4fcd-80a6-7917301ba6bd,4,1000
4520740263,2025-06-14T16:10:09,618,4442.62,WAITING,0f7e95f4-4fb9-4987-a1e1-5264880e721e,4,3000
4501006747,2025-10-26T21:41:41,17,5246.16,APPROVED,00a417fb-f2b9-4bb8-90c0-0787c3f2e3c7,2,3000
4525830315,2025-11-09T09:41:18,795,4135.72,REJECTED,2ab670e8-49e3-4a95-9871-d937f77b5927,2,1000
4531769539,2025-09-20T13:33:20,15,9676.62,APPROVED,d0d94739-009d-44aa-ae3d-8c35a65083c5,5,1000
4582225857,2025-07-18T20:08:57,22,7210.73,WAITING,4029508a-afa4-4faf-b175-4bb65b8a4dbb,4,4000
4550300308,2025-09-15T00:49:09,903,5101.8,REJECTED,d7da1df8-a4af-4efe-a657-570c6d350470,5,2000
4510358673,2025-09-08T08:25:32,212,4417.53,APPROVED,611eefb3-ef38-4a2e-831a-15aff1dde8f8,2,3000
4591296440,2025-07-12T06:52:57,453,2179.7,WAITING,17dffc12-ac1a-44ed-ad09-3c824851c624,3,1000
4556380880,2025-06-17T04:03:52,306,2389.07,REJECTED,eb8e5632-45d0-47e9-bcc0-ee76bf030643,3,4000
4502075119,2025-10-19T21:40:02,787,4603.78,REJECTED,ebfe58ef-0dee-41d8-859e-ae2bff66e7fc,5,3000
4599195446,2025-10-25T00:12:53,9,9362.67,APPROVED,134244b2-90f7-4d62-8488-d71e29828266,5,2000
4599521551,2025-11-21T00:24:17,806,6059.85,WAITING,5c250769-58e7-4a67-92b8-05566aab2cd0,2,4000
4512706573,2025-09-25T22:29:23,151,4264.3,REJECTED,71b893be-0a75-41a7-9a52-bcdb771cc5ec,3,4000
4533636067,2025-06-23T05:42:03,478,2175.13,REJECTED,17dffc12-ac1a-44ed-ad09-3c824851c624,1,4000
4515098583,2025-06-13T13:58:07,556,4628.67,APPROVED,2cf52c48-a37c-4244-a030-3fe16c443ecd,1,3000
4559312185,2025-10-22T15:29:44,613,6962.92,REJECTED,9c7454a7-b80c-4d19-b841-4c0343b75add,1,1000
4563003952,2025-09-27T13:10:31,582,1570.57,QUOTATION,82ebf1b0-6982-4deb-ac51-c7a6d0a68c5d,3,4000
4511471542,2025-11-23T13:08:10,520,4523.98,WAITING,da731710-48f7-4c02-8dd6-917ff4c62e3b,3,2000
4575827185,2025-08-14T19:32:49,864,8325.93,WAITING,05767575-2944-4457-9aa7-06e1dae2ae25,4,4000
4519565056,2025-09-01T23:50:56,814,6941.39,APPROVED,41e46c83-90d4-4836-a022-b900a018b3fa,2,3000
4546451728,2025-08-22T15:45:59,859,9960.72,REJECTED,d7da1df8-a4af-4efe-a657-570c6d350470,2,4000
4507654462,2025-09-06T20:39:07,100,4398.47,REJECTED,00a417fb-f2b9-4bb8-90c0-0787c3f2e3c7,2,3000
4502164782,2025-08-05T09:01:03,462,1997.64,QUOTATION,82ebf1b0-6982-4deb-ac51-c7a6d0a68c5d,1,2000
4543281006,2025-09-01T07:33:36,609,7065.73,QUOTATION,71b893be-0a75-41a7-9a52-bcdb771cc5ec,4,1000
4538518140,2025-08-02T00:07:56,494,7500.5,WAITING,62117371-6664-4e90-9e4c-e3939789c81a,2,3000
4544219045,2025-10-01T02:54:56,737,2612.78,APPROVED,dbce3e63-1a5c-4595-a1f9-d09c3d978567,5,2000
4534807044,2025-07-24T15:55:29,437,7081.89,REJECTED,cf11fe2a-443a-44e9-96b0-e6b91ddfa87d,3,1000
4527240796,2025-07-02T09:50:27,45,7177.61,WAITING,eb8e5632-45d0-47e9-bcc0-ee76bf030643,3,1000
4521410164,2025-06-12T11:33:39,970,3272.47,REJECTED,a1a6e723-19c6-46fd-a584-917efe27f127,2,1000
4530141740,2025-11-19T00:43:31,617,3898.42,APPROVED,915bda23-d2b3-4bab-9d3b-0b701beb76fa,4,2000
4518264629,2025-09-08T08:45:31,210,1960.78,QUOTATION,01bb5e4b-33d3-4db2-85a2-499f5c9e31b4,2,3000
4511741439,2025-06-21T10:46:44,516,224.84,REJECTED,56ae9e46-c0b2-46ca-b51d-5686e00ce4a6,5,4000
4507215512,2025-11-25T06:28:12,373,4399.61,REJECTED,3d3527a9-4ef5-45d5-83c2-4178789f9921,2,1000
4588342201,2025-09-02T03:01:30,84,2969.56,APPROVED,01bb5e4b-33d3-4db2-85a2-499f5c9e31b4,5,3000
4581395475,2025-08-22T05:04:11,604,123.72,REJECTED,d0d94739-009d-44aa-ae3d-8c35a65083c5,3,2000
4577401314,2025-11-24T07:22:37,614,3250.26,APPROVED,cf11fe2a-443a-44e9-96b0-e6b91ddfa87d,3,4000
4595754471,2025-07-17T12:33:12,170,8383.74,WAITING,ebfe58ef-0dee-41d8-859e-ae2bff66e7fc,4,4000
4581657975,2025-06-22T23:30:20,249,1369.34,QUOTATION,975480d4-8c15-44ba-8c55-a9938bdaa2c4,2,2000
4563449073,2025-07-18T00:36:07,271,342.9,REJECTED,00a417fb-f2b9-4bb8-90c0-0787c3f2e3c7,3,4000
4559564570,2025-07-04T15:52:53,746,8117.38,REJECTED,aa51a37d-2867-459b-8885-b5c8b161616a,5,4000
4566027863,2025-08-13T21:26:52,438,5547.02,QUOTATION,791660af-f0db-4fbd-a3a4-86bd38182556,1,1000
4534346057,2025-09-06T04:02:53,919,7220.04,APPROVED,3ee51816-f540-45e6-8401-474c5df84e78,3,4000
4541764137,2025-07-24T14:57:32,987,6958.18,WAITING,b0154cbb-c693-4062-88b9-a8acf4402b56,5,1000
4534643995,2025-08-13T03:53:01,676,2210.09,REJECTED,3d3527a9-4ef5-45d5-83c2-4178789f9921,2,3000
4543184129,2025-09-10T08:13:36,715,200.93,REJECTED,b577718c-a2a9-4f8a-a41c-7cac0d102aab,1,4000
4558124675,2025-11-20T22:07:10,796,5369.0,WAITING,791660af-f0db-4fbd-a3a4-86bd38182556,1,2000
4518014810,2025-07-03T04:54:11,381,6093.02,QUOTATION,28d388a1-0e70-41d0-a8a1-abb9e3263b7b,3,4000
4598529072,2025-10-16T00:17:57,419,5528.48,APPROVED,aa51a37d-2867-459b-8885-b5c8b161616a,5,3000
4507876697,2025-10-19T11:09:24,811,8357.64,REJECTED,384bae62-8ba8-4cac-b8ad-3df4e68bcafa,4,4000
4548666728,2025-10-15T11:20:44,512,8570.92,APPROVED,12a301b9-4c71-4181-a853-d29be7b6bd18,4,3000
4588604542,2025-11-17T23:32:51,772,6934.87,WAITING,6c55f239-a4f0-4edd-afe8-02d129db9eda,4,2000
4532034596,2025-10-09T06:01:06,769,2690.55,APPROVED,915bda23-d2b3-4bab-9d3b-0b701beb76fa,5,3000
4551497134,2025-11-27T02:13:02,918,7498.21,WAITING,2c6e3cb9-21cb-4de6-ae38-f117a3cbdfe2,2,1000
4508423428,2025-11-19T19:50:36,157,1635.34,APPROVED,c40f8a37-9024-4fcd-80a6-7917301ba6bd,5,2000
4516942248,2025-06-18T10:09:59,500,5541.7,QUOTATION,daffc87a-fdb5-424e-9155-782c6cd1b731,4,3000
4583123814,2025-07-01T11:19:10,988,601.73,APPROVED,bf599d91-442c-4e09-b5ae-b9f08a417d11,3,4000
4510980399,2025-06-01T03:27:56,692,5474.7,REJECTED,ebfe58ef-0dee-41d8-859e-ae2bff66e7fc,3,4000
4517292891,2025-07-12T00:41:05,786,2795.05,REJECTED,31ac60a6-1bc1-442c-ae10-4a420f770538,2,1000
4545403591,2025-10-11T01:25:32,57,4606.82,APPROVED,84aadcf6-499b-4416-9a35-3e546eb39a5c,2,3000
4508235679,2025-11-21T03:42:05,589,871.26,WAITING,b6bbc970-46d2-4ff4-9c52-80f378cfe8ea,3,3000
4572236023,2025-06-05T12:18:03,738,3276.19,APPROVED,fe53d2be-049c-47fa-871a-c4a8b1a10e40,5,4000
4580367097,2025-10-04T23:57:54,2,5954.25,REJECTED,0f7e95f4-4fb9-4987-a1e1-5264880e721e,5,4000
4591834794,2025-10-08T02:27:26,75,5033.25,REJECTED,134244b2-90f7-4d62-8488-d71e29828266,4,4000
4523997656,2025-06-14T09:29:29,327,753.46,APPROVED,0a58bce2-1697-4c89-b568-ae280f33f982,1,1000
4503800778,2025-09-09T03:32:46,60,4073.53,APPROVED,3d3527a9-4ef5-45d5-83c2-4178789f9921,4,2000
4512275857,2025-07-04T09:57:44,808,4233.0,WAITING,611eefb3-ef38-4a2e-831a-15aff1dde8f8,5,3000
4570829002,2025-11-24T00:32:44,550,4820.24,WAITING,aa51a37d-2867-459b-8885-b5c8b161616a,1,4000
4599984000,2025-09-03T18:23:48,807,5340.51,QUOTATION,a1a6e723-19c6-46fd-a584-917efe27f127,4,4000
4574454965,2025-08-27T07:22:30,417,3660.1,REJECTED,d0d94739-009d-44aa-ae3d-8c35a65083c5,3,3000
4514516904,2025-11-10T03:38:12,267,4662.67,APPROVED,b6bbc970-46d2-4ff4-9c52-80f378cfe8ea,1,4000
4547715773,2025-11-18T12:19:43,916,8085.24,REJECTED,a4926703-442b-4179-808a-04de7d4e1015,3,2000
4553177468,2025-10-16T20:33:46,696,2575.04,REJECTED,b0154cbb-c693-4062-88b9-a8acf4402b56,5,1000
4539201322,2025-10-11T00:49:13,403,6107.88,REJECTED,3d3527a9-4ef5-45d5-83c2-4178789f9921,2,2000
4569843340,2025-10-13T17:17:14,606,4282.88,QUOTATION,a1a6e723-19c6-46fd-a584-917efe27f127,4,4000
4502520874,2025-08-11T21:00:10,945,3349.08,REJECTED,73df3d25-bcec-47a6-8d66-6b628e81ed2d,4,1000
4512301499,2025-07-28T05:40:59,362,5109.1,APPROVED,3d3527a9-4ef5-45d5-83c2-4178789f9921,3,3000
4576045105,2025-07-04T20:25:19,377,8291.77,WAITING,834a14f7-cbd7-4220-9587-cd61c93c8253,1,1000
4570411921,2025-11-03T04:05:41,522,2325.02,QUOTATION,134244b2-90f7-4d62-8488-d71e29828266,1,3000
4573681827,2025-10-15T01:15:05,593,9724.29,WAITING,77b34563-244c-46da-b014-af1a9c7fa9e4,3,2000
4505354328,2025-09-14T19:22:24,677,5207.5,REJECTED,eb8e5632-45d0-47e9-bcc0-ee76bf030643,3,1000
4593554160,2025-06-07T23:35:16,371,3442.28,QUOTATION,b577718c-a2a9-4f8a-a41c-7cac0d102aab,3,4000
4531307940,2025-11-17T14:33:00,331,3384.45,APPROVED,9c7454a7-b80c-4d19-b841-4c0343b75add,1,1000
4589960211,2025-10-01T10:05:29,758,4465.95,QUOTATION,cea90057-5542-4a9f-8ad8-2fa263b39b7b,3,2000
4510062906,2025-11-28T22:40:27,867,6362.89,WAITING,4a2d279e-2495-496f-80d9-bc5a45e3b6b4,1,3000
4524318361,2025-11-23T22:26:09,173,2910.18,APPROVED,71b893be-0a75-41a7-9a52-bcdb771cc5ec,4,2000
4542948020,2025-10-04T03:14:10,926,8425.68,REJECTED,ad64acbd-9045-44ec-9111-f6b3b90cb060,2,3000
4514633123,2025-11-10T17:30:31,541,7356.11,APPROVED,51991c98-a328-457f-a862-0962b2d30ddc,5,2000
4502826879,2025-09-12T21:08:15,398,7108.44,REJECTED,82ebf1b0-6982-4deb-ac51-c7a6d0a68c5d,5,4000
4513910400,2025-07-20T14:24:15,713,1527.67,APPROVED,76fa0c16-dc3a-4a9b-b914-de6a0097f3dc,2,4000
4555475610,2025-06-08T02:50:15,445,2981.36,QUOTATION,6cc3c3b9-23fa-4969-8791-af89dedc62c9,2,4000
4528724877,2025-08-07T11:54:20,249,1838.65,REJECTED,2cf52c48-a37c-4244-a030-3fe16c443ecd,1,4000
4552322664,2025-09-07T02:35:32,226,1405.8,REJECTED,4a5df305-6d85-4b5a-81ca-b2a776017f8f,4,2000
4579267830,2025-10-16T19:06:06,905,8340.79,QUOTATION,37bf8863-0046-49cb-a72c-f7e41661214b,2,1000
4540911104,2025-10-05T07:18:08,258,852.97,WAITING,3d3527a9-4ef5-45d5-83c2-4178789f9921,4,2000
4502873283,2025-08-18T10:26:18,459,8529.29,WAITING,4029508a-afa4-4faf-b175-4bb65b8a4dbb,2,2000
4513377085,2025-10-12T10:09:31,690,343.49,WAITING,5c250769-58e7-4a67-92b8-05566aab2cd0,5,3000
4556094580,2025-11-15T21:15:53,127,758.04,REJECTED,a1a6e723-19c6-46fd-a584-917efe27f127,4,1000
4581607438,2025-09-08T00:12:33,14,8430.95,QUOTATION,c40f8a37-9024-4fcd-80a6-7917301ba6bd,5,1000
4579524498,2025-09-10T12:01:26,462,9067.52,QUOTATION,0439439c-8945-42c4-b079-5340d85df97c,3,2000
4544349088,2025-07-26T19:11:22,238,6307.53,REJECTED,00a417fb-f2b9-4bb8-90c0-0787c3f2e3c7,4,4000
4520707850,2025-06-01T16:03:03,529,8874.56,APPROVED,de541e55-b7b6-404a-8ce0-a6f1ea925750,3,4000
4507690974,2025-07-12T02:36:31,270,5589.24,QUOTATION,bf599d91-442c-4e09-b5ae-b9f08a417d11,1,4000
4590371128,2025-07-03T01:04:59,303,1682.27,APPROVED,a9da22e7-f42f-4428-9083-96395b7a7e9a,2,4000
4511762711,2025-09-28T05:48:10,280,3561.74,REJECTED,01bb5e4b-33d3-4db2-85a2-499f5c9e31b4,1,3000
4541200708,2025-07-27T07:09:24,666,415.74,APPROVED,3c65561d-5119-4985-87e7-48965fe9f62c,4,2000
4566169811,2025-08-21T05:27:44,801,2894.7,APPROVED,77b34563-244c-46da-b014-af1a9c7fa9e4,4,1000
4549203721,2025-06-01T00:00:21,41,4786.45,QUOTATION,0439439c-8945-42c4-b079-5340d85df97c,3,3000
4581858075,2025-08-07T13:09:35,749,1581.08,QUOTATION,0f7e95f4-4fb9-4987-a1e1-5264880e721e,5,2000
4518481005,2025-08-01T14:17:11,117,9964.74,WAITING,00a417fb-f2b9-4bb8-90c0-0787c3f2e3c7,1,4000
4524349330,2025-11-27T23:05:41,896,6623.34,QUOTATION,d4dbba0a-2b26-4233-9017-bb25b2e860f3,5,4000
4597988340,2025-11-22T11:20:47,87,8849.38,APPROVED,cf11fe2a-443a-44e9-96b0-e6b91ddfa87d,2,4000
4552484010,2025-08-15T12:34:40,375,5909.54,APPROVED,b577718c-a2a9-4f8a-a41c-7cac0d102aab,5,1000
4526116803,2025-11-17T14:31:57,681,1470.84,QUOTATION,d0d94739-009d-44aa-ae3d-8c35a65083c5,1,2000
4567149670,2025-10-18T06:08:43,522,4743.41,REJECTED,0f7e95f4-4fb9-4987-a1e1-5264880e721e,3,3000
4592765768,2025-10-18T14:06:34,522,7807.08,APPROVED,b577718c-a2a9-4f8a-a41c-7cac0d102aab,2,2000
4510007099,2025-10-22T20:32:01,207,6029.5,APPROVED,0e752cfe-75ff-427d-8214-57710b509b33,1,4000
4571043621,2025-06-15T10:41:26,612,8098.38,APPROVED,915bda23-d2b3-4bab-9d3b-0b701beb76fa,1,1000
4578759532,2025-06-17T02:34:31,600,6848.29,REJECTED,3c65561d-5119-4985-87e7-48965fe9f62c,5,3000
4578881178,2025-07-27T07:24:55,628,4738.07,REJECTED,384bae62-8ba8-4cac-b8ad-3df4e68bcafa,5,2000
4598917215,2025-08-18T12:27:57,297,8922.18,REJECTED,2ab670e8-49e3-4a95-9871-d937f77b5927,4,1000
4538717127,2025-10-25T08:08:39,434,9566.49,WAITING,4a2d279e-2495-496f-80d9-bc5a45e3b6b4,1,4000
4580699623,2025-10-21T19:32:36,203,364.72,APPROVED,bcebc30c-15e5-48e2-9c32-c86d886f82a0,3,2000
4547825633,2025-07-19T15:33:26,306,4887.87,WAITING,6c55f239-a4f0-4edd-afe8-02d129db9eda,2,3000
4562905190,2025-06-01T08:08:59,396,7808.0,APPROVED,8ca5ca23-a910-469b-aec1-73bd31d74ba2,1,3000
4579145912,2025-09-11T04:46:04,796,223.95,REJECTED,12a301b9-4c71-4181-a853-d29be7b6bd18,1,3000
4587081585,2025-09-18T10:29:29,205,7643.79,APPROVED,5257f4f1-580e-4eb3-89f9-6cae458e4509,2,1000
4550892954,2025-06-13T17:45:11,759,3501.94,APPROVED,b577718c-a2a9-4f8a-a41c-7cac0d102aab,4,3000
4575508270,2025-11-08T04:43:37,85,7764.21,QUOTATION,17dffc12-ac1a-44ed-ad09-3c824851c624,5,1000
4580551638,2025-09-24T13:10:32,769,850.55,WAITING,b0154cbb-c693-4062-88b9-a8acf4402b56,2,1000
4508464169,2025-11-07T03:03:43,903,3552.07,REJECTED,da731710-48f7-4c02-8dd6-917ff4c62e3b,4,2000
4547826937,2025-09-11T15:46:28,207,2541.34,REJECTED,05767575-2944-4457-9aa7-06e1dae2ae25,5,2000
4527966518,2025-11-02T00:43:48,753,2439.15,WAITING,41e46c83-90d4-4836-a022-b900a018b3fa,1,2000
4535697795,2025-10-09T09:59:09,777,9141.22,QUOTATION,f6dd041e-f994-407c-9a1b-2ee8a39b9b25,1,3000
4523142726,2025-06-26T02:34:08,65,4602.97,QUOTATION,3f3292d8-3056-42da-9ec5-d080c252a223,5,4000
4589840724,2025-11-01T06:16:20,248,3660.3,WAITING,74d238f7-61d4-41c6-9d51-b05f2eddcb36,3,4000
4526123676,2025-06-26T02:08:31,528,4948.68,WAITING,b020551c-5fe7-45ea-881a-6fa78332362d,1,2000
4580524143,2025-09-26T12:14:29,47,8199.02,REJECTED,05767575-2944-4457-9aa7-06e1dae2ae25,4,4000
4521286338,2025-09-11T15:45:09,58,7822.19,QUOTATION,3ee51816-f540-45e6-8401-474c5df84e78,5,1000
4563830917,2025-06-25T12:29:52,349,3346.45,WAITING,fe53d2be-049c-47fa-871a-c4a8b1a10e40,2,3000
4599077377,2025-09-12T02:01:39,687,3874.84,APPROVED,71b893be-0a75-41a7-9a52-bcdb771cc5ec,2,1000
4594337408,2025-06-28T00:29:33,919,3048.33,QUOTATION,01bb5e4b-33d3-4db2-85a2-499f5c9e31b4,3,4000
4539980592,2025-10-22T15:12:11,898,3709.35,APPROVED,0c328cd6-def4-4097-8b5d-ef9b4362cfd3,4,2000
4535511092,2025-07-24T16:02:03,245,5877.32,WAITING,41e46c83-90d4-4836-a022-b900a018b3fa,1,3000
4599644671,2025-11-26T22:01:10,703,7221.75,QUOTATION,71b893be-0a75-41a7-9a52-bcdb771cc5ec,4,3000
4591032701,2025-11-16T20:53:50,306,3339.79,QUOTATION,5c250769-58e7-4a67-92b8-05566aab2cd0,1,1000
4502130988,2025-08-17T12:49:13,630,8592.68,WAITING,5c250769-58e7-4a67-92b8-05566aab2cd0,5,1000
4532225203,2025-07-10T09:00:19,703,4645.05,QUOTATION,3341d7ea-5bed-42e4-82c2-18d0adfbcdf1,4,1000
4590561350,2025-11-16T16:29:16,413,6325.9,REJECTED,73df3d25-bcec-47a6-8d66-6b628e81ed2d,2,4000
4547953736,2025-06-13T14:08:12,540,3345.69,APPROVED,d5b6a98e-464a-4e85-ad1c-7fd6be7df835,4,2000
4556763203,2025-07-04T07:48:31,706,9252.22,WAITING,5c250769-58e7-4a67-92b8-05566aab2cd0,1,3000
4562631819,2025-09-08T09:56:10,793,8824.33,WAITING,73df3d25-bcec-47a6-8d66-6b628e81ed2d,2,3000
4546134895,2025-10-13T17:55:57,416,936.36,APPROVED,8df0c99e-2745-44ae-94ee-ad79cb114fdb,4,1000
4508400631,2025-06-19T04:41:41,358,8040.86,REJECTED,aa51a37d-2867-459b-8885-b5c8b161616a,4,4000
4512632148,2025-08-07T01:41:12,401,6204.16,REJECTED,32149af9-a4f0-4e80-a73d-490a9faef06f,2,3000
4591355445,2025-06-13T11:26:53,332,1865.02,WAITING,0e752cfe-75ff-427d-8214-57710b509b33,5,4000
4573342027,2025-09-05T16:13:16,805,5686.38,APPROVED,32149af9-a4f0-4e80-a73d-490a9faef06f,5,4000
4551669024,2025-08-14T17:51:33,831,5574.32,APPROVED,e7ba4d18-37bf-472c-9d3a-7756c21a55c9,4,3000
4519972990,2025-10-20T03:10:12,138,1213.6,APPROVED,62117371-6664-4e90-9e4c-e3939789c81a,2,1000
4541728406,2025-11-17T00:36:28,307,3744.97,APPROVED,b6bbc970-46d2-4ff4-9c52-80f378cfe8ea,4,3000
4503828410,2025-10-10T00:39:34,834,8194.24,WAITING,408c4fe5-9066-4997-8f1c-ad8daae4b1f6,3,2000
4588384836,2025-06-12T10:42:12,224,6102.71,APPROVED,77b34563-244c-46da-b014-af1a9c7fa9e4,5,4000
4569827188,2025-06-07T05:47:48,659,621.29,QUOTATION,28d388a1-0e70-41d0-a8a1-abb9e3263b7b,5,3000
4592744364,2025-10-21T02:14:19,130,5696.1,REJECTED,8df0c99e-2745-44ae-94ee-ad79cb114fdb,4,1000
4500419030,2025-08-07T10:58:30,813,3334.85,REJECTED,9a109dc4-7be3-4aec-94bb-ede38f79ae14,4,4000
4559755016,2025-09-12T20:04:20,447,4250.45,WAITING,37bf8863-0046-49cb-a72c-f7e41661214b,5,2000
4589575772,2025-10-17T18:41:08,548,6140.45,WAITING,35672019-b6d1-42b4-b906-8819b248182e,5,4000
4551964432,2025-07-07T16:05:00,457,2385.08,WAITING,8ca5ca23-a910-469b-aec1-73bd31d74ba2,4,1000
4508133856,2025-09-03T05:55:24,858,2751.02,QUOTATION,3341d7ea-5bed-42e4-82c2-18d0adfbcdf1,4,1000
4598822109,2025-08-09T14:14:42,234,6867.35,REJECTED,b577718c-a2a9-4f8a-a41c-7cac0d102aab,2,1000
4550983743,2025-08-06T18:47:19,459,2511.97,WAITING,0e752cfe-75ff-427d-8214-57710b509b33,2,3000
4579057784,2025-09-26T03:25:48,294,3926.49,REJECTED,611eefb3-ef38-4a2e-831a-15aff1dde8f8,5,1000
4564592418,2025-09-07T02:30:02,990,9985.72,APPROVED,4029508a-afa4-4faf-b175-4bb65b8a4dbb,5,3000
4545409886,2025-06-21T23:04:16,624,2981.06,REJECTED,76fa0c16-dc3a-4a9b-b914-de6a0097f3dc,3,2000
4530327890,2025-08-23T17:02:07,382,6124.03,WAITING,ba5b8587-5d45-44ac-9e4e-16cb4b3afecc,4,4000
4544492240,2025-10-16T14:51:19,348,844.03,WAITING,ba5b8587-5d45-44ac-9e4e-16cb4b3afecc,3,1000
4544042578,2025-11-05T02:57:53,338,8228.06,REJECTED,15ddc72a-7103-4a88-a951-49c5aa75affd,3,2000
4500384179,2025-07-11T21:13:24,278,7716.83,WAITING,de541e55-b7b6-404a-8ce0-a6f1ea925750,2,1000
4549804972,2025-06-27T05:59:13,859,8922.52,WAITING,84aadcf6-499b-4416-9a35-3e546eb39a5c,5,2000
4594284003,2025-10-27T16:48:37,892,8582.86,WAITING,f524f9ee-95cb-4e66-a6c1-b58f8296e7f3,2,2000
4592379105,2025-11-19T22:29:03,33,9908.22,APPROVED,17dffc12-ac1a-44ed-ad09-3c824851c624,5,3000
4591936825,2025-08-16T20:45:03,176,6358.99,QUOTATION,d4dbba0a-2b26-4233-9017-bb25b2e860f3,3,1000
4590935682,2025-08-01T00:28:29,243,4.88,WAITING,6c55f239-a4f0-4edd-afe8-02d129db9eda,2,4000
4541434994,2025-08-18T23:37:48,349,1744.84,REJECTED,9a109dc4-7be3-4aec-94bb-ede38f79ae14,1,2000
4574155630,2025-07-17T16:15:43,69,1120.39,WAITING,8ca5ca23-a910-469b-aec1-73bd31d74ba2,4,4000
4577429646,2025-06-02T19:44:45,790,5131.42,REJECTED,4a5df305-6d85-4b5a-81ca-b2a776017f8f,2,1000
4571130088,2025-09-25T02:20:53,484,9616.97,REJECTED,74d238f7-61d4-41c6-9d51-b05f2eddcb36,5,4000
4582749873,2025-06-18T07:29:14,282,4234.68,QUOTATION,4a2d279e-2495-496f-80d9-bc5a45e3b6b4,4,4000
4501591113,2025-08-11T00:16:44,426,6838.21,QUOTATION,a4926703-442b-4179-808a-04de7d4e1015,5,4000
4596915871,2025-11-21T18:43:06,110,5581.18,QUOTATION,d5b6a98e-464a-4e85-ad1c-7fd6be7df835,2,1000
4598855230,2025-09-04T19:37:37,250,5389.98,APPROVED,32149af9-a4f0-4e80-a73d-490a9faef06f,4,1000
4520334002,2025-10-25T08:00:06,415,987.01,QUOTATION,0e752cfe-75ff-427d-8214-57710b509b33,2,3000
4508206585,2025-07-02T08:56:33,76,9176.44,QUOTATION,0a58bce2-1697-4c89-b568-ae280f33f982,5,4000
4503878435,2025-10-23T00:55:00,815,802.08,APPROVED,a9da22e7-f42f-4428-9083-96395b7a7e9a,2,2000
4596592322,2025-09-26T15:16:03,749,9835.75,REJECTED,05767575-2944-4457-9aa7-06e1dae2ae25,1,2000
4502724365,2025-10-20T06:40:06,608,7142.95,WAITING,a1a6e723-19c6-46fd-a584-917efe27f127,5,1000
4564188026,2025-07-19T22:15:26,506,3019.12,APPROVED,31ac60a6-1bc1-442c-ae10-4a420f770538,5,3000
4508033535,2025-11-15T23:51:49,358,7661.06,WAITING,0b319577-4ab0-4684-b112-b27aad212cb1,1,1000
4542001760,2025-06-18T00:47:29,778,1080.01,REJECTED,12a301b9-4c71-4181-a853-d29be7b6bd18,2,1000
4520973740,2025-08-08T01:26:10,670,6058.79,QUOTATION,41f3b33b-8871-42fd-90d5-1d1d9f2d5aed,3,3000
4563650304,2025-07-01T09:32:04,802,2191.32,WAITING,82ebf1b0-6982-4deb-ac51-c7a6d0a68c5d,4,4000
4575704289,2025-07-25T09:38:09,51,2321.88,QUOTATION,eb8e5632-45d0-47e9-bcc0-ee76bf030643,2,3000
4544926318,2025-11-11T23:31:42,207,1897.18,QUOTATION,62117371-6664-4e90-9e4c-e3939789c81a,4,1000
4573116330,2025-08-26T14:00:56,801,337.5,APPROVED,a9da22e7-f42f-4428-9083-96395b7a7e9a,3,2000
4508595053,2025-09-05T00:23:03,317,9341.4,QUOTATION,a1a6e723-19c6-46fd-a584-917efe27f127,5,1000
4527039855,2025-08-14T00:51:48,68,31.47,APPROVED,00a417fb-f2b9-4bb8-90c0-0787c3f2e3c7,3,2000
4514690690,2025-09-19T02:43:44,22,3524.69,WAITING,76fa0c16-dc3a-4a9b-b914-de6a0097f3dc,3,4000
4533986540,2025-11-03T07:27:28,431,1290.7,QUOTATION,8df0c99e-2745-44ae-94ee-ad79cb114fdb,4,2000
4570642355,2025-11-12T16:17:01,985,9606.03,WAITING,4a5df305-6d85-4b5a-81ca-b2a776017f8f,3,2000
4512551231,2025-10-23T23:16:54,874,4850.39,APPROVED,bf599d91-442c-4e09-b5ae-b9f08a417d11,1,3000
4585793998,2025-11-24T09:20:12,58,7202.94,REJECTED,8df0c99e-2745-44ae-94ee-ad79cb114fdb,5,1000
4599708281,2025-09-01T18:25:17,449,7563.69,QUOTATION,ba3d4978-80db-4a12-9f06-e4c698936184,3,4000
4548410352,2025-11-01T05:23:54,27,996.65,REJECTED,a9da22e7-f42f-4428-9083-96395b7a7e9a,2,3000
4595632384,2025-08-09T16:40:36,501,6159.39,APPROVED,daffc87a-fdb5-424e-9155-782c6cd1b731,1,2000
4534042154,2025-07-10T06:58:08,772,2423.39,QUOTATION,ad64acbd-9045-44ec-9111-f6b3b90cb060,1,3000
4544566648,2025-06-24T21:34:35,326,4556.96,APPROVED,da731710-48f7-4c02-8dd6-917ff4c62e3b,4,1000
4561306375,2025-08-21T04:04:53,230,5290.28,APPROVED,d4dbba0a-2b26-4233-9017-bb25b2e860f3,2,2000
4551186257,2025-09-19T21:01:16,445,5575.56,REJECTED,8ca5ca23-a910-469b-aec1-73bd31d74ba2,1,2000
4513096038,2025-11-25T00:58:06,755,6254.83,WAITING,bf599d91-442c-4e09-b5ae-b9f08a417d11,2,2000
4556166359,2025-06-20T01:15:32,220,5814.32,APPROVED,fe53d2be-049c-47fa-871a-c4a8b1a10e40,2,2000
4593492811,2025-09-12T09:16:58,739,4060.38,QUOTATION,ea38b7e1-b488-4873-ab04-3066d219b434,1,2000
4507604357,2025-08-06T16:33:27,49,698.97,WAITING,de541e55-b7b6-404a-8ce0-a6f1ea925750,2,3000
4551172926,2025-08-22T10:36:52,7,6219.22,WAITING,12a301b9-4c71-4181-a853-d29be7b6bd18,4,3000
4510735260,2025-11-05T20:19:47,187,8970.54,APPROVED,71b893be-0a75-41a7-9a52-bcdb771cc5ec,3,3000
4529468500,2025-08-27T15:43:56,177,5516.08,QUOTATION,b020551c-5fe7-45ea-881a-6fa78332362d,4,1000
4536892863,2025-06-18T09:07:36,274,6873.52,QUOTATION,9a109dc4-7be3-4aec-94bb-ede38f79ae14,3,1000
4528585401,2025-10-20T20:12:16,476,6774.06,APPROVED,74d238f7-61d4-41c6-9d51-b05f2eddcb36,5,4000
4506560942,2025-09-21T14:37:26,789,4093.44,QUOTATION,f524f9ee-95cb-4e66-a6c1-b58f8296e7f3,2,1000
4569975439,2025-06-13T03:44:45,166,9758.46,APPROVED,4029508a-afa4-4faf-b175-4bb65b8a4dbb,3,2000
4519433394,2025-11-03T09:38:28,680,7992.11,APPROVED,6c55f239-a4f0-4edd-afe8-02d129db9eda,4,4000
4594188918,2025-08-20T14:45:07,360,9844.97,WAITING,ebfe58ef-0dee-41d8-859e-ae2bff66e7fc,5,2000
4569884979,2025-06-21T11:22:10,255,2780.39,REJECTED,3f3292d8-3056-42da-9ec5-d080c252a223,1,4000
4550873945,2025-10-17T08:55:39,259,5949.61,QUOTATION,d0d94739-009d-44aa-ae3d-8c35a65083c5,3,1000
4576273964,2025-08-06T11:08:02,982,6192.54,QUOTATION,ebfe58ef-0dee-41d8-859e-ae2bff66e7fc,5,1000
4556640682,2025-11-14T00:26:44,941,4625.76,REJECTED,a4926703-442b-4179-808a-04de7d4e1015,3,4000
4518376578,2025-11-02T17:16:08,247,7124.8,WAITING,a1a6e723-19c6-46fd-a584-917efe27f127,1,1000
4526495079,2025-08-10T10:22:08,601,81.43,REJECTED,e069016d-d217-4fbc-b438-1e8790b731fb,4,1000
4576441353,2025-10-17T15:02:05,973,5003.09,WAITING,b6bbc970-46d2-4ff4-9c52-80f378cfe8ea,3,2000
4547035543,2025-06-12T09:28:15,352,3686.49,WAITING,fcc9df1e-2761-4b55-8f60-015b21066d78,4,1000
4539716702,2025-11-09T02:06:48,687,9915.22,APPROVED,9567383e-1921-4683-803b-509faa2bc9d5,1,1000
4532203557,2025-08-20T18:22:28,506,9634.62,REJECTED,82ebf1b0-6982-4deb-ac51-c7a6d0a68c5d,1,1000
4548895937,2025-07-11T08:26:05,764,6829.98,APPROVED,fcc9df1e-2761-4b55-8f60-015b21066d78,2,1000
4509120900,2025-06-13T10:53:48,866,8795.52,WAITING,6c55f239-a4f0-4edd-afe8-02d129db9eda,5,1000
4588948960,2025-10-19T23:58:36,144,4669.47,REJECTED,15ddc72a-7103-4a88-a951-49c5aa75affd,2,1000
4588580515,2025-10-01T16:04:14,585,1308.59,WAITING,3c65561d-5119-4985-87e7-48965fe9f62c,1,3000
4577839788,2025-11-15T23:27:30,961,3315.28,REJECTED,3ee51816-f540-45e6-8401-474c5df84e78,1,2000
4568826264,2025-07-23T01:27:46,485,2517.77,REJECTED,4a2d279e-2495-496f-80d9-bc5a45e3b6b4,3,4000
4552075498,2025-09-03T13:18:38,518,263.87,REJECTED,bf599d91-442c-4e09-b5ae-b9f08a417d11,4,1000
4519505426,2025-06-15T17:39:10,885,6021.23,WAITING,ad64acbd-9045-44ec-9111-f6b3b90cb060,1,4000
4508890743,2025-06-13T05:23:56,595,3919.61,QUOTATION,37bf8863-0046-49cb-a72c-f7e41661214b,2,1000
4581286804,2025-10-16T21:20:14,739,793.37,QUOTATION,3d3527a9-4ef5-45d5-83c2-4178789f9921,4,3000
4584845324,2025-10-14T22:17:37,516,3215.7,REJECTED,31ac60a6-1bc1-442c-ae10-4a420f770538,2,4000
4530023316,2025-11-03T05:32:34,904,9179.97,APPROVED,17dffc12-ac1a-44ed-ad09-3c824851c624,5,3000
4567399433,2025-08-14T01:27:15,964,6770.44,WAITING,51991c98-a328-457f-a862-0962b2d30ddc,1,1000
4522526078,2025-07-02T04:48:27,469,2603.51,QUOTATION,2ab670e8-49e3-4a95-9871-d937f77b5927,2,1000
4554643092,2025-07-19T05:59:39,68,6687.79,APPROVED,ea38b7e1-b488-4873-ab04-3066d219b434,4,3000
4560893822,2025-06-21T09:37:53,798,486.73,REJECTED,6c55f239-a4f0-4edd-afe8-02d129db9eda,2,2000
4500188480,2025-07-08T11:24:57,140,9623.31,APPROVED,e069016d-d217-4fbc-b438-1e8790b731fb,4,3000
4534723857,2025-09-11T12:23:02,383,7699.31,QUOTATION,a1a6e723-19c6-46fd-a584-917efe27f127,4,2000
4556215430,2025-10-13T14:59:48,182,1508.85,QUOTATION,9a109dc4-7be3-4aec-94bb-ede38f79ae14,4,4000
4581423298,2025-07-21T06:53:21,692,6998.68,REJECTED,41e46c83-90d4-4836-a022-b900a018b3fa,5,4000
4555436565,2025-10-12T09:37:37,583,2273.66,APPROVED,fe53d2be-049c-47fa-871a-c4a8b1a10e40,5,2000
4501908769,2025-07-09T16:52:21,2,7217.57,WAITING,f6979cad-3c89-4280-985d-d7f07aaa8c2b,4,3000
4502649677,2025-08-12T21:52:50,150,6181.66,APPROVED,5c250769-58e7-4a67-92b8-05566aab2cd0,3,2000
4557537435,2025-06-13T05:14:53,278,3843.96,APPROVED,5c250769-58e7-4a67-92b8-05566aab2cd0,4,3000
4512615585,2025-07-09T15:13:05,530,8766.39,REJECTED,73df3d25-bcec-47a6-8d66-6b628e81ed2d,2,3000
4525939610,2025-07-21T15:45:02,95,300.24,APPROVED,de541e55-b7b6-404a-8ce0-a6f1ea925750,2,4000
4514404284,2025-08-05T19:22:13,622,8013.91,REJECTED,05767575-2944-4457-9aa7-06e1dae2ae25,5,1000
4547602619,2025-09-04T04:00:48,46,643.55,QUOTATION,9fc109ea-2585-4c23-9329-2ccda2d964eb,2,1000
4546307740,2025-10-04T20:41:15,468,9646.08,WAITING,da731710-48f7-4c02-8dd6-917ff4c62e3b,1,2000
4510462343,2025-07-03T04:46:36,424,5458.13,REJECTED,35672019-b6d1-42b4-b906-8819b248182e,1,1000
4539325567,2025-07-09T16:21:41,202,9921.21,REJECTED,384bae62-8ba8-4cac-b8ad-3df4e68bcafa,5,3000
4526245450,2025-08-06T08:32:41,80,2654.73,APPROVED,6cc3c3b9-23fa-4969-8791-af89dedc62c9,5,1000
4501714711,2025-08-07T11:14:43,854,6062.32,APPROVED,3d3527a9-4ef5-45d5-83c2-4178789f9921,3,4000
4547957915,2025-06-23T16:20:06,406,8915.91,APPROVED,4029508a-afa4-4faf-b175-4bb65b8a4dbb,5,2000
4527366544,2025-11-09T09:45:40,665,5344.78,REJECTED,134244b2-90f7-4d62-8488-d71e29828266,4,1000
4585281621,2025-07-07T03:06:43,320,5089.5,WAITING,32149af9-a4f0-4e80-a73d-490a9faef06f,2,2000
4552706589,2025-07-21T21:50:59,267,2547.04,REJECTED,4a5df305-6d85-4b5a-81ca-b2a776017f8f,1,1000
4512865039,2025-06-02T10:37:23,776,9354.57,REJECTED,a1ad3c2b-45ca-491c-8ef2-a64af7d19e43,2,2000
4521275565,2025-07-20T22:37:47,828,7956.1,WAITING,dbce3e63-1a5c-4595-a1f9-d09c3d978567,1,4000
4568472707,2025-06-01T07:12:54,63,3444.78,WAITING,32149af9-a4f0-4e80-a73d-490a9faef06f,4,1000
4530555900,2025-06-03T05:59:32,733,4717.2,APPROVED,82ebf1b0-6982-4deb-ac51-c7a6d0a68c5d,5,2000
4577483790,2025-10-10T13:29:48,780,2586.94,APPROVED,6cc3c3b9-23fa-4969-8791-af89dedc62c9,3,3000
4559528575,2025-10-15T09:36:57,182,4450.84,APPROVED,b577718c-a2a9-4f8a-a41c-7cac0d102aab,1,4000
4544626598,2025-08-09T08:37:23,781,9806.25,REJECTED,3d3527a9-4ef5-45d5-83c2-4178789f9921,1,2000
4528464014,2025-08-01T12:26:27,224,8272.47,WAITING,4a5df305-6d85-4b5a-81ca-b2a776017f8f,3,1000
4540721779,2025-11-03T22:28:27,228,7236.41,WAITING,37bf8863-0046-49cb-a72c-f7e41661214b,1,1000
4560814394,2025-07-26T13:55:02,749,9768.59,QUOTATION,4029508a-afa4-4faf-b175-4bb65b8a4dbb,4,1000
4528004402,2025-08-12T10:57:58,620,3953.17,WAITING,2c6e3cb9-21cb-4de6-ae38-f117a3cbdfe2,3,2000
4549023221,2025-10-19T02:30:28,765,6595.83,APPROVED,76fa0c16-dc3a-4a9b-b914-de6a0097f3dc,1,4000
4511879659,2025-06-13T02:23:53,835,6667.66,REJECTED,0f7e95f4-4fb9-4987-a1e1-5264880e721e,3,3000
4569700402,2025-07-25T12:34:40,924,9321.01,APPROVED,f6dd041e-f994-407c-9a1b-2ee8a39b9b25,1,3000
4592996331,2025-09-28T14:18:34,198,8365.18,APPROVED,9fc109ea-2585-4c23-9329-2ccda2d964eb,4,1000
4550543739,2025-08-05T22:24:07,927,1617.62,APPROVED,41e46c83-90d4-4836-a022-b900a018b3fa,3,2000
4544810157,2025-08-01T14:41:57,995,9303.34,APPROVED,915bda23-d2b3-4bab-9d3b-0b701beb76fa,1,4000
4548186161,2025-10-04T18:24:36,617,9178.61,REJECTED,82ebf1b0-6982-4deb-ac51-c7a6d0a68c5d,1,4000
4564508720,2025-06-07T19:32:32,830,9153.18,APPROVED,0439439c-8945-42c4-b079-5340d85df97c,5,3000
4510260449,2025-06-13T22:38:08,770,2577.18,QUOTATION,35672019-b6d1-42b4-b906-8819b248182e,3,1000
4575319815,2025-07-01T02:27:49,112,8794.97,REJECTED,28d388a1-0e70-41d0-a8a1-abb9e3263b7b,5,1000
4594289041,2025-07-04T22:45:57,707,1414.75,QUOTATION,384bae62-8ba8-4cac-b8ad-3df4e68bcafa,3,3000
4585353084,2025-09-04T08:28:32,727,1281.01,REJECTED,5257f4f1-580e-4eb3-89f9-6cae458e4509,5,2000
4524661311,2025-11-14T04:09:15,144,2461.41,REJECTED,ad64acbd-9045-44ec-9111-f6b3b90cb060,5,2000
4500715972,2025-09-10T00:33:37,511,672.08,REJECTED,2c6e3cb9-21cb-4de6-ae38-f117a3cbdfe2,1,4000
4598632087,2025-08-19T19:33:33,527,8844.64,QUOTATION,41f3b33b-8871-42fd-90d5-1d1d9f2d5aed,3,2000
4546707402,2025-10-01T08:16:16,269,3664.33,QUOTATION,31ac60a6-1bc1-442c-ae10-4a420f770538,2,1000
4572265333,2025-08-21T13:13:15,349,7164.69,REJECTED,fffeaf8f-4b6b-4357-a309-89f4769c36da,2,4000
4511265524,2025-08-10T18:37:11,675,5319.71,APPROVED,9fc109ea-2585-4c23-9329-2ccda2d964eb,1,3000
4574078841,2025-07-03T18:09:50,591,2834.76,QUOTATION,3ee51816-f540-45e6-8401-474c5df84e78,4,4000
4582743134,2025-11-21T12:05:55,605,3206.28,REJECTED,5257f4f1-580e-4eb3-89f9-6cae458e4509,1,4000
4501362725,2025-11-25T08:19:46,430,8441.36,WAITING,dbce3e63-1a5c-4595-a1f9-d09c3d978567,5,1000
4545427047,2025-07-15T07:27:09,930,367.31,QUOTATION,fffeaf8f-4b6b-4357-a309-89f4769c36da,4,1000
4549570967,2025-09-15T18:22:16,965,9322.52,APPROVED,41e46c83-90d4-4836-a022-b900a018b3fa,4,4000
4556361770,2025-06-03T10:23:59,98,6899.77,REJECTED,2c7b9d8a-6b92-4a21-a03e-024e434a203d,1,2000
4536945064,2025-08-26T02:56:52,782,6377.29,APPROVED,2ab670e8-49e3-4a95-9871-d937f77b5927,1,3000
4557744000,2025-09-26T08:59:34,978,8444.29,APPROVED,c40f8a37-9024-4fcd-80a6-7917301ba6bd,4,4000
4558790019,2025-08-03T18:41:59,770,4090.69,REJECTED,ce1eeb99-74a8-4547-b95c-345102c07d21,5,3000
4577039473,2025-11-28T00:21:49,22,1383.65,QUOTATION,71b893be-0a75-41a7-9a52-bcdb771cc5ec,2,3000
4558106447,2025-08-23T18:01:30,141,7214.27,QUOTATION,0a58bce2-1697-4c89-b568-ae280f33f982,1,3000
4521593211,2025-06-03T08:07:11,537,1373.42,WAITING,110f8801-eea1-420d-98e6-dd439569747b,1,4000
4520375452,2025-09-16T06:37:34,475,5054.95,APPROVED,aa51a37d-2867-459b-8885-b5c8b161616a,2,1000
4519993012,2025-11-07T09:50:48,683,1283.86,APPROVED,bf599d91-442c-4e09-b5ae-b9f08a417d11,2,3000
4558851332,2025-11-26T08:16:29,917,725.51,WAITING,76fa0c16-dc3a-4a9b-b914-de6a0097f3dc,4,3000
4582582207,2025-06-02T16:46:34,984,9384.83,WAITING,2c7b9d8a-6b92-4a21-a03e-024e434a203d,4,1000
4576395458,2025-07-28T05:28:01,219,5865.72,REJECTED,408c4fe5-9066-4997-8f1c-ad8daae4b1f6,3,4000
4530659253,2025-07-26T21:37:43,834,2061.43,QUOTATION,daffc87a-fdb5-424e-9155-782c6cd1b731,1,4000
4524401901,2025-11-24T02:06:51,193,3336.68,QUOTATION,41e46c83-90d4-4836-a022-b900a018b3fa,4,3000
4514699314,2025-11-02T00:18:49,571,1163.13,APPROVED,9ec93c76-9578-4947-a5ca-def516b026cb,2,4000
4533714812,2025-06-07T07:32:52,416,7895.35,REJECTED,b6bbc970-46d2-4ff4-9c52-80f378cfe8ea,2,1000
4591608978,2025-07-02T11:13:30,557,5110.41,QUOTATION,da731710-48f7-4c02-8dd6-917ff4c62e3b,4,3000
4510794661,2025-07-15T00:27:05,962,9728.9,QUOTATION,651e8d5b-8636-4635-a934-6f9427d506b8,1,4000
4556175207,2025-07-01T23:17:30,358,9476.22,REJECTED,4a5df305-6d85-4b5a-81ca-b2a776017f8f,5,2000
4505756627,2025-07-12T20:59:03,351,7192.32,REJECTED,3341d7ea-5bed-42e4-82c2-18d0adfbcdf1,5,3000
4585467992,2025-09-12T07:10:26,916,1600.06,APPROVED,ad64acbd-9045-44ec-9111-f6b3b90cb060,5,3000
4564885345,2025-07-18T17:32:28,421,6299.97,QUOTATION,3ee51816-f540-45e6-8401-474c5df84e78,4,4000
4533878762,2025-07-28T23:52:21,973,2662.89,WAITING,de541e55-b7b6-404a-8ce0-a6f1ea925750,4,3000
4530357293,2025-08-08T19:39:05,897,6437.26,REJECTED,d7da1df8-a4af-4efe-a657-570c6d350470,5,2000
4581495107,2025-06-28T15:18:15,678,659.22,WAITING,2c6e3cb9-21cb-4de6-ae38-f117a3cbdfe2,1,1000
4552400022,2025-07-21T17:43:19,286,9862.2,APPROVED,3f3292d8-3056-42da-9ec5-d080c252a223,4,1000
4563926430,2025-08-24T20:58:42,958,4670.7,WAITING,a1a6e723-19c6-46fd-a584-917efe27f127,5,2000
4585785279,2025-09-12T06:49:14,971,3272.9,REJECTED,ce1eeb99-74a8-4547-b95c-345102c07d21,3,2000
4599955311,2025-10-23T01:02:16,20,8133.62,APPROVED,2cf52c48-a37c-4244-a030-3fe16c443ecd,3,4000
4501216386,2025-10-04T14:33:44,382,5666.3,REJECTED,56ae9e46-c0b2-46ca-b51d-5686e00ce4a6,3,3000
4538652560,2025-09-26T06:43:15,768,3788.05,APPROVED,ce1eeb99-74a8-4547-b95c-345102c07d21,1,3000
4598583668,2025-08-11T18:47:01,605,587.12,REJECTED,4a5df305-6d85-4b5a-81ca-b2a776017f8f,3,1000
4515504945,2025-11-24T04:13:49,72,7273.35,APPROVED,0f7e95f4-4fb9-4987-a1e1-5264880e721e,5,2000
4540826027,2025-10-20T05:31:45,77,18.98,QUOTATION,e7ba4d18-37bf-472c-9d3a-7756c21a55c9,2,3000
4577668170,2025-09-11T14:53:10,664,4887.25,WAITING,fcc9df1e-2761-4b55-8f60-015b21066d78,1,4000
4558786168,2025-07-28T10:52:23,395,6921.82,QUOTATION,71b893be-0a75-41a7-9a52-bcdb771cc5ec,4,1000
4561868290,2025-08-16T08:56:11,886,4434.14,QUOTATION,4029508a-afa4-4faf-b175-4bb65b8a4dbb,2,1000
4500424073,2025-11-17T01:38:49,710,76.07,APPROVED,01bb5e4b-33d3-4db2-85a2-499f5c9e31b4,2,4000
4593074278,2025-06-27T10:12:47,731,5207.95,REJECTED,a9da22e7-f42f-4428-9083-96395b7a7e9a,5,1000
4583771021,2025-09-23T00:46:49,2,5480.66,QUOTATION,0a58bce2-1697-4c89-b568-ae280f33f982,4,2000
4579222922,2025-10-25T22:14:25,154,5012.74,APPROVED,3c65561d-5119-4985-87e7-48965fe9f62c,4,4000
4530150215,2025-09-04T02:39:40,453,3322.25,WAITING,de541e55-b7b6-404a-8ce0-a6f1ea925750,2,1000
4580452588,2025-08-06T09:53:54,402,9947.56,APPROVED,2c7b9d8a-6b92-4a21-a03e-024e434a203d,5,4000
4592193910,2025-11-11T18:24:05,552,228.3,APPROVED,0b319577-4ab0-4684-b112-b27aad212cb1,2,3000
4533412240,2025-07-20T20:46:26,237,2578.27,APPROVED,e069016d-d217-4fbc-b438-1e8790b731fb,1,2000
4504923259,2025-09-18T07:16:29,625,7109.23,QUOTATION,b6bbc970-46d2-4ff4-9c52-80f378cfe8ea,1,1000
4551485538,2025-09-26T06:41:31,561,2935.37,WAITING,9c7454a7-b80c-4d19-b841-4c0343b75add,3,3000
4563528214,2025-10-23T01:58:32,828,3018.53,WAITING,2cf52c48-a37c-4244-a030-3fe16c443ecd,5,4000
4558871010,2025-07-27T17:33:03,504,2504.08,WAITING,00a417fb-f2b9-4bb8-90c0-0787c3f2e3c7,1,4000
4584505412,2025-08-03T20:22:42,980,659.78,REJECTED,3c65561d-5119-4985-87e7-48965fe9f62c,1,1000
4596550550,2025-08-13T03:20:45,745,2414.02,WAITING,384bae62-8ba8-4cac-b8ad-3df4e68bcafa,1,4000
4555020387,2025-11-17T13:34:32,231,9162.5,REJECTED,71b893be-0a75-41a7-9a52-bcdb771cc5ec,5,3000
4530406306,2025-08-28T11:37:11,825,2984.73,APPROVED,da731710-48f7-4c02-8dd6-917ff4c62e3b,3,3000
4575733357,2025-10-16T12:28:02,286,5885.92,APPROVED,eb8e5632-45d0-47e9-bcc0-ee76bf030643,1,3000
4587318284,2025-11-28T07:22:21,906,7239.54,REJECTED,d0d94739-009d-44aa-ae3d-8c35a65083c5,5,1000
4529640570,2025-06-26T12:27:31,421,2144.01,QUOTATION,5257f4f1-580e-4eb3-89f9-6cae458e4509,3,3000
4546462572,2025-08-06T03:52:31,228,5136.54,REJECTED,4a2d279e-2495-496f-80d9-bc5a45e3b6b4,1,2000
4509777556,2025-07-04T04:38:00,172,6033.88,APPROVED,35672019-b6d1-42b4-b906-8819b248182e,4,4000
4500177658,2025-07-02T03:39:52,771,6778.6,QUOTATION,f524f9ee-95cb-4e66-a6c1-b58f8296e7f3,5,2000
4579018835,2025-06-13T16:24:01,462,7679.09,APPROVED,0f7e95f4-4fb9-4987-a1e1-5264880e721e,3,1000
4565505503,2025-08-01T03:57:49,685,2030.89,APPROVED,110f8801-eea1-420d-98e6-dd439569747b,4,3000
4567667548,2025-10-25T17:01:18,463,64.09,WAITING,a1ad3c2b-45ca-491c-8ef2-a64af7d19e43,1,3000
4559825364,2025-09-08T00:55:14,424,9712.44,WAITING,6cc3c3b9-23fa-4969-8791-af89dedc62c9,2,4000
4589649051,2025-07-18T03:39:47,806,1533.53,APPROVED,05767575-2944-4457-9aa7-06e1dae2ae25,2,2000
4520880513,2025-08-14T22:55:23,572,8506.21,WAITING,daffc87a-fdb5-424e-9155-782c6cd1b731,1,2000
4550034203,2025-08-13T14:58:05,468,2370.53,QUOTATION,2c6e3cb9-21cb-4de6-ae38-f117a3cbdfe2,1,1000
4568337785,2025-07-25T12:00:34,698,7573.56,WAITING,0a58bce2-1697-4c89-b568-ae280f33f982,3,2000
4530325096,2025-08-16T15:42:32,688,3656.34,WAITING,5c250769-58e7-4a67-92b8-05566aab2cd0,3,2000
4565514264,2025-10-07T18:53:53,732,1064.97,REJECTED,28d388a1-0e70-41d0-a8a1-abb9e3263b7b,2,2000
4589124696,2025-11-28T15:05:57,449,6960.6,APPROVED,cf11fe2a-443a-44e9-96b0-e6b91ddfa87d,4,4000
4535695707,2025-06-27T21:49:25,688,7802.07,APPROVED,9ec93c76-9578-4947-a5ca-def516b026cb,2,1000
4539869373,2025-09-14T02:58:44,217,3788.93,QUOTATION,f524f9ee-95cb-4e66-a6c1-b58f8296e7f3,3,3000
4502382255,2025-06-13T20:05:37,942,4572.03,WAITING,834a14f7-cbd7-4220-9587-cd61c93c8253,3,1000
4552917888,2025-10-10T19:32:39,816,1089.08,APPROVED,a4926703-442b-4179-808a-04de7d4e1015,5,3000
4536872610,2025-06-05T16:35:29,117,3191.25,APPROVED,9ec93c76-9578-4947-a5ca-def516b026cb,3,3000
4585065615,2025-07-03T04:16:25,192,161.45,APPROVED,3341d7ea-5bed-42e4-82c2-18d0adfbcdf1,4,1000
4551068188,2025-07-09T09:45:33,193,8067.29,QUOTATION,cea90057-5542-4a9f-8ad8-2fa263b39b7b,2,1000
4580833873,2025-11-17T23:03:21,733,2580.67,WAITING,73df3d25-bcec-47a6-8d66-6b628e81ed2d,1,4000
4503089757,2025-10-23T02:58:38,776,6101.04,WAITING,32149af9-a4f0-4e80-a73d-490a9faef06f,1,1000
4542848459,2025-09-07T12:40:24,488,7089.28,WAITING,3341d7ea-5bed-42e4-82c2-18d0adfbcdf1,2,4000
4558326758,2025-10-10T21:19:55,711,6329.12,WAITING,ba3d4978-80db-4a12-9f06-e4c698936184,2,4000
4551147188,2025-07-05T04:24:15,922,971.64,REJECTED,9567383e-1921-4683-803b-509faa2bc9d5,1,1000
4591661911,2025-06-10T23:06:11,246,7957.22,REJECTED,bf599d91-442c-4e09-b5ae-b9f08a417d11,5,4000
4548004039,2025-08-26T03:43:33,311,719.43,WAITING,975480d4-8c15-44ba-8c55-a9938bdaa2c4,1,2000
4549074321,2025-09-05T04:08:32,734,1681.71,WAITING,9fc109ea-2585-4c23-9329-2ccda2d964eb,2,2000
4515424593,2025-09-24T00:19:17,984,5237.63,REJECTED,ebfe58ef-0dee-41d8-859e-ae2bff66e7fc,3,2000
4597961881,2025-06-22T03:40:33,841,3853.18,REJECTED,28d388a1-0e70-41d0-a8a1-abb9e3263b7b,1,2000
4512465339,2025-11-04T12:00:25,776,3952.24,WAITING,9567383e-1921-4683-803b-509faa2bc9d5,4,4000
4562629680,2025-06-25T13:42:50,141,4478.43,QUOTATION,35672019-b6d1-42b4-b906-8819b248182e,2,4000
4558610504,2025-10-27T04:53:50,530,6467.62,QUOTATION,f6dd041e-f994-407c-9a1b-2ee8a39b9b25,4,3000
4594085006,2025-08-25T22:07:56,192,3497.65,WAITING,bcebc30c-15e5-48e2-9c32-c86d886f82a0,1,2000
4575590255,2025-10-08T11:43:19,928,97.62,APPROVED,791660af-f0db-4fbd-a3a4-86bd38182556,2,1000
4561909629,2025-08-05T12:07:08,36,6618.66,REJECTED,b6bbc970-46d2-4ff4-9c52-80f378cfe8ea,2,3000
4510624707,2025-06-01T01:20:55,172,6777.85,REJECTED,de541e55-b7b6-404a-8ce0-a6f1ea925750,1,4000
4511502670,2025-11-07T05:25:16,725,2905.79,REJECTED,fcc9df1e-2761-4b55-8f60-015b21066d78,3,2000
4564704194,2025-11-20T16:01:47,697,2306.28,REJECTED,cf11fe2a-443a-44e9-96b0-e6b91ddfa87d,5,3000
4589302555,2025-07-22T08:15:59,155,2573.97,WAITING,bf599d91-442c-4e09-b5ae-b9f08a417d11,5,1000
4540669893,2025-08-27T03:14:24,259,2803.47,REJECTED,cea90057-5542-4a9f-8ad8-2fa263b39b7b,2,3000
4526515712,2025-07-23T07:51:45,51,22.33,APPROVED,834a14f7-cbd7-4220-9587-cd61c93c8253,1,1000
4514722075,2025-09-11T06:33:35,66,7703.08,REJECTED,d5b6a98e-464a-4e85-ad1c-7fd6be7df835,5,4000
4531391772,2025-07-21T09:55:37,313,8227.34,REJECTED,8ca5ca23-a910-469b-aec1-73bd31d74ba2,4,1000
4581905169,2025-09-16T20:43:23,882,5818.46,WAITING,68681084-7b12-4fd9-9704-7da3802cb451,3,3000
4532474214,2025-10-13T21:52:55,475,6333.61,REJECTED,74d238f7-61d4-41c6-9d51-b05f2eddcb36,5,3000
4529477517,2025-06-11T11:05:59,964,3953.82,REJECTED,f6979cad-3c89-4280-985d-d7f07aaa8c2b,2,3000
4560027647,2025-08-17T17:57:42,891,4778.08,APPROVED,915bda23-d2b3-4bab-9d3b-0b701beb76fa,2,2000
4500609459,2025-10-28T04:01:35,363,1830.01,WAITING,35672019-b6d1-42b4-b906-8819b248182e,2,1000
4506917314,2025-06-10T17:04:07,456,1136.28,APPROVED,c40f8a37-9024-4fcd-80a6-7917301ba6bd,4,3000
4592297488,2025-08-09T17:22:14,888,8305.59,WAITING,fe53d2be-049c-47fa-871a-c4a8b1a10e40,1,4000
4599446433,2025-08-16T10:59:34,951,1390.34,WAITING,9fc109ea-2585-4c23-9329-2ccda2d964eb,5,3000
4512220375,2025-08-21T13:38:37,612,116.29,REJECTED,f6dd041e-f994-407c-9a1b-2ee8a39b9b25,3,4000
4508575895,2025-10-15T20:54:47,379,1708.36,REJECTED,915bda23-d2b3-4bab-9d3b-0b701beb76fa,5,2000
4500196702,2025-07-07T21:32:25,819,2321.78,WAITING,5c250769-58e7-4a67-92b8-05566aab2cd0,4,4000
4597526849,2025-08-11T17:42:48,334,4814.95,WAITING,01bb5e4b-33d3-4db2-85a2-499f5c9e31b4,2,3000
4574362078,2025-09-22T22:42:41,456,9492.48,APPROVED,791660af-f0db-4fbd-a3a4-86bd38182556,1,1000
4584445668,2025-08-08T03:31:18,649,1523.66,QUOTATION,eb8e5632-45d0-47e9-bcc0-ee76bf030643,3,3000
4507860746,2025-07-11T13:51:37,885,4348.38,APPROVED,fcc9df1e-2761-4b55-8f60-015b21066d78,2,4000
4547334164,2025-08-28T23:02:42,596,5161.33,REJECTED,28d388a1-0e70-41d0-a8a1-abb9e3263b7b,4,2000
4572200615,2025-11-10T03:41:38,30,8481.48,QUOTATION,f6dd041e-f994-407c-9a1b-2ee8a39b9b25,2,2000
4585836162,2025-08-26T07:50:00,704,3076.74,WAITING,00a417fb-f2b9-4bb8-90c0-0787c3f2e3c7,3,2000
4560019519,2025-11-10T13:54:49,267,2993.28,REJECTED,8ca5ca23-a910-469b-aec1-73bd31d74ba2,2,2000
4578683792,2025-07-22T22:13:37,749,8542.58,QUOTATION,d0d94739-009d-44aa-ae3d-8c35a65083c5,1,1000
4566460930,2025-07-19T01:26:36,995,8391.3,WAITING,9567383e-1921-4683-803b-509faa2bc9d5,5,1000
4508524261,2025-11-26T23:19:35,44,5599.36,REJECTED,ba3d4978-80db-4a12-9f06-e4c698936184,5,2000
4583283996,2025-11-01T06:56:13,348,5996.91,WAITING,408c4fe5-9066-4997-8f1c-ad8daae4b1f6,3,1000
4553200347,2025-09-06T08:58:00,691,1067.83,QUOTATION,37bf8863-0046-49cb-a72c-f7e41661214b,2,1000
4587943801,2025-07-19T21:53:03,439,2467.1,WAITING,a1ad3c2b-45ca-491c-8ef2-a64af7d19e43,2,2000
4507939276,2025-06-13T23:46:40,104,7206.97,QUOTATION,3c65561d-5119-4985-87e7-48965fe9f62c,3,4000
4515744587,2025-11-10T11:31:02,274,411.91,REJECTED,ea38b7e1-b488-4873-ab04-3066d219b434,3,1000
4508885002,2025-10-13T21:01:14,964,1554.22,REJECTED,32149af9-a4f0-4e80-a73d-490a9faef06f,1,1000
4549953445,2025-09-05T01:32:03,682,4140.79,APPROVED,28d388a1-0e70-41d0-a8a1-abb9e3263b7b,2,4000
4525267223,2025-08-17T14:40:52,247,6186.27,APPROVED,aa51a37d-2867-459b-8885-b5c8b161616a,2,3000
4536870435,2025-11-16T06:45:24,417,3735.42,QUOTATION,32149af9-a4f0-4e80-a73d-490a9faef06f,1,2000
4530849409,2025-11-22T02:06:36,966,5825.77,APPROVED,eb8e5632-45d0-47e9-bcc0-ee76bf030643,3,3000
4522422993,2025-08-18T15:41:40,66,3903.0,APPROVED,aa51a37d-2867-459b-8885-b5c8b161616a,1,4000
4507828765,2025-07-08T17:32:45,322,4768.71,REJECTED,408c4fe5-9066-4997-8f1c-ad8daae4b1f6,4,3000
4566824078,2025-07-04T01:46:52,912,3246.06,REJECTED,ebfe58ef-0dee-41d8-859e-ae2bff66e7fc,3,2000
4505382309,2025-08-27T12:51:56,458,7226.55,WAITING,9c7454a7-b80c-4d19-b841-4c0343b75add,5,3000
4583538033,2025-11-25T04:22:55,643,8562.56,WAITING,68681084-7b12-4fd9-9704-7da3802cb451,2,4000
4542037597,2025-07-25T11:05:31,541,4769.17,WAITING,2c7b9d8a-6b92-4a21-a03e-024e434a203d,5,4000
4511393585,2025-06-22T20:28:52,918,996.06,REJECTED,6c55f239-a4f0-4edd-afe8-02d129db9eda,3,1000
4565044469,2025-06-11T21:36:01,142,8051.38,REJECTED,17dffc12-ac1a-44ed-ad09-3c824851c624,3,1000
4575965286,2025-08-14T17:31:32,154,8915.56,QUOTATION,12a301b9-4c71-4181-a853-d29be7b6bd18,3,1000
4582548842,2025-08-19T04:42:09,40,6923.3,QUOTATION,611eefb3-ef38-4a2e-831a-15aff1dde8f8,5,3000
4593264910,2025-09-04T00:44:44,768,4411.91,APPROVED,62117371-6664-4e90-9e4c-e3939789c81a,4,3000
4500571948,2025-08-20T05:28:42,200,9300.79,QUOTATION,9fc109ea-2585-4c23-9329-2ccda2d964eb,4,4000
4592506783,2025-08-26T17:41:40,591,661.65,APPROVED,0f7e95f4-4fb9-4987-a1e1-5264880e721e,2,2000
4528876551,2025-06-14T19:15:12,453,6488.39,WAITING,ba3d4978-80db-4a12-9f06-e4c698936184,1,2000
4545673884,2025-11-10T06:55:34,563,1815.61,APPROVED,daffc87a-fdb5-424e-9155-782c6cd1b731,3,2000
4521884263,2025-06-04T01:10:40,76,7036.25,APPROVED,b0154cbb-c693-4062-88b9-a8acf4402b56,1,3000
4527828582,2025-11-05T06:31:15,675,9500.05,REJECTED,2ab670e8-49e3-4a95-9871-d937f77b5927,1,3000
4575549658,2025-07-01T16:33:47,833,9015.46,WAITING,3ee51816-f540-45e6-8401-474c5df84e78,4,3000
4526821908,2025-09-27T17:14:03,24,2122.49,QUOTATION,5c250769-58e7-4a67-92b8-05566aab2cd0,2,1000
4501524975,2025-10-19T01:20:44,544,5630.29,WAITING,d7da1df8-a4af-4efe-a657-570c6d350470,2,3000
4538069703,2025-09-19T09:12:49,489,2328.87,WAITING,9a109dc4-7be3-4aec-94bb-ede38f79ae14,5,4000
4522574142,2025-11-23T19:39:17,566,6468.81,WAITING,51991c98-a328-457f-a862-0962b2d30ddc,4,3000
4559460302,2025-10-07T09:11:11,654,5857.96,REJECTED,77b34563-244c-46da-b014-af1a9c7fa9e4,1,1000
4527825375,2025-11-05T01:28:56,726,1220.95,WAITING,2ab670e8-49e3-4a95-9871-d937f77b5927,3,4000
4578950893,2025-07-16T11:40:10,595,7396.99,WAITING,8df0c99e-2745-44ae-94ee-ad79cb114fdb,4,4000
4559863661,2025-06-12T15:04:50,978,6157.61,WAITING,110f8801-eea1-420d-98e6-dd439569747b,2,3000
4586859448,2025-11-08T12:28:46,322,1675.09,APPROVED,834a14f7-cbd7-4220-9587-cd61c93c8253,3,4000
4557894548,2025-06-27T19:27:30,362,1565.09,APPROVED,651e8d5b-8636-4635-a934-6f9427d506b8,1,4000
4588928255,2025-11-06T05:40:14,827,9898.62,APPROVED,da731710-48f7-4c02-8dd6-917ff4c62e3b,5,4000
4557510627,2025-09-28T18:47:20,263,7662.88,QUOTATION,ea38b7e1-b488-4873-ab04-3066d219b434,1,1000
4552249843,2025-06-06T10:06:17,466,5243.44,REJECTED,ba3d4978-80db-4a12-9f06-e4c698936184,5,4000
4502113431,2025-09-16T21:02:00,443,1689.18,WAITING,ba3d4978-80db-4a12-9f06-e4c698936184,4,1000
4500882830,2025-08-23T08:15:42,302,9747.22,APPROVED,6c55f239-a4f0-4edd-afe8-02d129db9eda,4,3000
4511405074,2025-08-19T01:51:22,954,3641.46,REJECTED,4029508a-afa4-4faf-b175-4bb65b8a4dbb,2,3000
4526186457,2025-06-07T09:38:36,614,1061.39,QUOTATION,8ca5ca23-a910-469b-aec1-73bd31d74ba2,1,1000
4550751942,2025-07-23T16:06:07,813,2664.4,REJECTED,134244b2-90f7-4d62-8488-d71e29828266,2,3000
4543520007,2025-09-26T21:25:30,677,3787.96,QUOTATION,84aadcf6-499b-4416-9a35-3e546eb39a5c,1,2000
4528423424,2025-11-01T11:44:33,450,6207.7,QUOTATION,b020551c-5fe7-45ea-881a-6fa78332362d,4,1000
4509918441,2025-09-03T03:55:58,915,9882.67,REJECTED,d5b6a98e-464a-4e85-ad1c-7fd6be7df835,1,1000
4534705778,2025-10-09T08:11:16,351,8826.64,APPROVED,aa51a37d-2867-459b-8885-b5c8b161616a,5,4000
4590075660,2025-09-24T08:50:35,390,4354.22,WAITING,41f3b33b-8871-42fd-90d5-1d1d9f2d5aed,3,1000
4573810263,2025-08-01T03:41:20,597,2207.89,QUOTATION,17dffc12-ac1a-44ed-ad09-3c824851c624,4,1000
4552160740,2025-06-17T19:15:09,14,3984.91,APPROVED,9a109dc4-7be3-4aec-94bb-ede38f79ae14,3,3000
4529546684,2025-08-14T09:51:44,915,7127.22,QUOTATION,ce1eeb99-74a8-4547-b95c-345102c07d21,3,2000
4536084680,2025-08-13T16:08:56,873,8288.24,WAITING,17dffc12-ac1a-44ed-ad09-3c824851c624,3,3000
4591921496,2025-10-27T13:13:51,809,5313.7,APPROVED,41f3b33b-8871-42fd-90d5-1d1d9f2d5aed,2,3000
4545489965,2025-09-19T15:21:30,234,9144.6,REJECTED,0b319577-4ab0-4684-b112-b27aad212cb1,4,2000
4515544111,2025-09-01T06:21:48,233,6749.6,QUOTATION,28d388a1-0e70-41d0-a8a1-abb9e3263b7b,5,3000
4517219764,2025-11-23T21:32:12,752,8129.35,REJECTED,31ac60a6-1bc1-442c-ae10-4a420f770538,5,1000
4555864236,2025-08-06T17:57:45,24,9874.69,QUOTATION,84aadcf6-499b-4416-9a35-3e546eb39a5c,1,2000
4598287514,2025-10-15T16:13:39,216,1805.52,APPROVED,bf599d91-442c-4e09-b5ae-b9f08a417d11,1,1000
4539804892,2025-11-09T17:59:59,702,6427.84,WAITING,37bf8863-0046-49cb-a72c-f7e41661214b,1,3000
4510247826,2025-07-22T16:43:09,568,2991.64,QUOTATION,f6dd041e-f994-407c-9a1b-2ee8a39b9b25,3,4000
4579975560,2025-09-19T06:51:33,756,9075.79,REJECTED,fffeaf8f-4b6b-4357-a309-89f4769c36da,4,2000
4519670382,2025-06-25T02:50:02,533,3478.05,APPROVED,651e8d5b-8636-4635-a934-6f9427d506b8,3,1000
4548786552,2025-06-11T12:31:54,709,5563.94,REJECTED,0c328cd6-def4-4097-8b5d-ef9b4362cfd3,4,1000
4567472268,2025-11-04T19:23:27,840,5873.03,WAITING,b6bbc970-46d2-4ff4-9c52-80f378cfe8ea,3,2000
4582876970,2025-07-18T21:10:09,473,5493.63,REJECTED,834a14f7-cbd7-4220-9587-cd61c93c8253,2,3000
4563313723,2025-06-28T20:45:36,187,1610.16,REJECTED,0c328cd6-def4-4097-8b5d-ef9b4362cfd3,4,3000
4579364010,2025-09-22T10:51:01,667,3158.59,WAITING,32149af9-a4f0-4e80-a73d-490a9faef06f,5,2000
4525089161,2025-07-25T16:16:45,946,820.89,QUOTATION,bf599d91-442c-4e09-b5ae-b9f08a417d11,4,3000
4540430514,2025-08-17T22:52:24,339,7635.24,APPROVED,12a301b9-4c71-4181-a853-d29be7b6bd18,5,3000
4547049243,2025-08-14T14:22:12,770,9006.58,APPROVED,4a2d279e-2495-496f-80d9-bc5a45e3b6b4,5,1000
4572402331,2025-07-07T08:56:52,773,25.19,QUOTATION,de541e55-b7b6-404a-8ce0-a6f1ea925750,5,3000
4534147001,2025-10-28T23:55:34,434,5119.37,REJECTED,4029508a-afa4-4faf-b175-4bb65b8a4dbb,3,4000
4526003642,2025-11-26T12:53:47,303,8951.43,APPROVED,41e46c83-90d4-4836-a022-b900a018b3fa,5,1000
4563098881,2025-09-06T07:39:26,997,6066.22,QUOTATION,e069016d-d217-4fbc-b438-1e8790b731fb,4,1000
4518509738,2025-08-17T11:25:18,86,8268.69,QUOTATION,f6979cad-3c89-4280-985d-d7f07aaa8c2b,1,1000
4597653384,2025-09-06T07:06:00,957,1827.65,WAITING,134244b2-90f7-4d62-8488-d71e29828266,3,3000
4506515226,2025-09-01T12:21:29,293,881.69,WAITING,ea38b7e1-b488-4873-ab04-3066d219b434,1,1000
4590119412,2025-09-10T04:56:15,597,2310.5,WAITING,0439439c-8945-42c4-b079-5340d85df97c,5,3000
4508431533,2025-10-02T05:26:31,875,8155.38,REJECTED,82ebf1b0-6982-4deb-ac51-c7a6d0a68c5d,1,2000
4587332361,2025-08-12T00:11:18,253,6474.67,QUOTATION,daffc87a-fdb5-424e-9155-782c6cd1b731,3,3000
4517240688,2025-08-27T19:55:37,439,1697.29,APPROVED,e7ba4d18-37bf-472c-9d3a-7756c21a55c9,2,3000
4576266456,2025-07-02T19:05:33,405,8596.69,QUOTATION,f6dd041e-f994-407c-9a1b-2ee8a39b9b25,5,1000
4553854905,2025-09-08T11:30:10,637,2289.51,QUOTATION,37bf8863-0046-49cb-a72c-f7e41661214b,3,1000
4582427715,2025-08-04T04:30:47,91,9240.94,APPROVED,aa51a37d-2867-459b-8885-b5c8b161616a,2,4000
4541701873,2025-08-10T20:38:26,603,2717.14,APPROVED,9fc109ea-2585-4c23-9329-2ccda2d964eb,5,1000
4584451469,2025-08-05T05:16:18,712,6124.25,APPROVED,384bae62-8ba8-4cac-b8ad-3df4e68bcafa,5,1000
4568691526,2025-08-02T03:57:17,113,8484.27,WAITING,2ab670e8-49e3-4a95-9871-d937f77b5927,1,3000
4590790549,2025-06-22T06:45:48,974,3044.26,APPROVED,77b34563-244c-46da-b014-af1a9c7fa9e4,1,3000
4540546374,2025-10-02T06:14:27,676,6787.21,APPROVED,28d388a1-0e70-41d0-a8a1-abb9e3263b7b,2,4000
4500003431,2025-11-17T00:24:08,927,7463.11,QUOTATION,fffeaf8f-4b6b-4357-a309-89f4769c36da,1,1000
4500723597,2025-07-18T03:31:25,817,285.25,QUOTATION,da731710-48f7-4c02-8dd6-917ff4c62e3b,2,1000
4561507828,2025-11-01T20:45:57,508,1449.41,APPROVED,0c328cd6-def4-4097-8b5d-ef9b4362cfd3,5,2000
4587184313,2025-06-08T06:10:53,602,7883.19,REJECTED,110f8801-eea1-420d-98e6-dd439569747b,1,4000
4583955597,2025-06-25T18:54:12,19,159.89,APPROVED,35672019-b6d1-42b4-b906-8819b248182e,2,4000
4567367648,2025-11-17T04:24:02,126,6750.43,QUOTATION,68681084-7b12-4fd9-9704-7da3802cb451,4,3000
4517720136,2025-10-24T02:12:48,117,2083.27,REJECTED,41f3b33b-8871-42fd-90d5-1d1d9f2d5aed,3,3000
4589374657,2025-09-26T02:22:47,284,8035.32,APPROVED,ebfe58ef-0dee-41d8-859e-ae2bff66e7fc,2,2000
4524027793,2025-09-23T23:33:44,286,5791.48,QUOTATION,3d3527a9-4ef5-45d5-83c2-4178789f9921,3,2000
4578288440,2025-09-19T22:33:13,111,8948.99,QUOTATION,cf11fe2a-443a-44e9-96b0-e6b91ddfa87d,5,2000
4560595449,2025-10-20T18:14:22,355,2211.64,APPROVED,a9da22e7-f42f-4428-9083-96395b7a7e9a,3,3000
4575067136,2025-11-08T09:39:05,660,3418.78,QUOTATION,e7ba4d18-37bf-472c-9d3a-7756c21a55c9,4,1000
4525714652,2025-07-02T07:29:45,858,8789.72,QUOTATION,de541e55-b7b6-404a-8ce0-a6f1ea925750,4,4000
4579728735,2025-09-08T17:16:33,692,7045.77,APPROVED,01bb5e4b-33d3-4db2-85a2-499f5c9e31b4,2,4000
4593393127,2025-10-10T07:42:30,577,9981.91,REJECTED,9a109dc4-7be3-4aec-94bb-ede38f79ae14,5,1000
4593819424,2025-07-26T02:28:04,250,2999.55,QUOTATION,ad64acbd-9045-44ec-9111-f6b3b90cb060,2,2000
4523479020,2025-08-07T03:46:50,356,7058.38,APPROVED,3341d7ea-5bed-42e4-82c2-18d0adfbcdf1,2,4000
4511510340,2025-06-25T00:36:23,508,2955.93,APPROVED,cea90057-5542-4a9f-8ad8-2fa263b39b7b,4,2000
4506856553,2025-09-26T20:16:08,931,150.0,WAITING,28d388a1-0e70-41d0-a8a1-abb9e3263b7b,3,3000
4557425374,2025-06-27T15:24:59,531,5576.63,REJECTED,384bae62-8ba8-4cac-b8ad-3df4e68bcafa,3,3000
4521683962,2025-11-08T22:20:45,896,6592.88,APPROVED,a1a6e723-19c6-46fd-a584-917efe27f127,4,3000
4537536085,2025-09-04T22:26:33,62,5134.3,WAITING,4a2d279e-2495-496f-80d9-bc5a45e3b6b4,5,2000
4534268661,2025-09-06T12:05:18,392,3356.38,QUOTATION,77b34563-244c-46da-b014-af1a9c7fa9e4,5,1000
4526143708,2025-06-12T20:08:59,855,3727.25,REJECTED,0a58bce2-1697-4c89-b568-ae280f33f982,2,3000
4596635897,2025-07-12T21:26:58,502,3037.13,REJECTED,31ac60a6-1bc1-442c-ae10-4a420f770538,4,2000
4598723478,2025-08-28T21:58:14,548,7490.2,APPROVED,6cc3c3b9-23fa-4969-8791-af89dedc62c9,1,4000
4535910023,2025-11-03T03:46:30,815,9877.68,REJECTED,62117371-6664-4e90-9e4c-e3939789c81a,2,4000
4590454609,2025-10-16T02:21:15,323,4873.78,WAITING,ce1eeb99-74a8-4547-b95c-345102c07d21,4,4000
4510565004,2025-07-13T10:51:42,478,6039.92,REJECTED,5c250769-58e7-4a67-92b8-05566aab2cd0,2,2000
4534231216,2025-06-01T15:50:38,493,8532.9,WAITING,05767575-2944-4457-9aa7-06e1dae2ae25,4,3000
4516120704,2025-10-21T07:43:32,113,1644.33,REJECTED,15ddc72a-7103-4a88-a951-49c5aa75affd,4,2000
4597272358,2025-07-27T12:44:26,395,4467.26,APPROVED,6cc3c3b9-23fa-4969-8791-af89dedc62c9,3,1000
4539613510,2025-10-15T09:58:55,314,191.56,WAITING,ce1eeb99-74a8-4547-b95c-345102c07d21,5,4000
4522740362,2025-10-02T03:48:11,739,265.4,REJECTED,8ca5ca23-a910-469b-aec1-73bd31d74ba2,1,4000
4529236260,2025-09-14T07:23:36,378,8301.14,WAITING,ce1eeb99-74a8-4547-b95c-345102c07d21,3,3000
4565066003,2025-11-19T14:01:51,563,8335.44,APPROVED,bf599d91-442c-4e09-b5ae-b9f08a417d11,4,3000
4513226948,2025-07-16T02:30:38,863,1765.59,WAITING,eb8e5632-45d0-47e9-bcc0-ee76bf030643,5,2000
4538718589,2025-08-19T16:48:15,453,6889.13,REJECTED,77b34563-244c-46da-b014-af1a9c7fa9e4,1,1000
4520306398,2025-06-16T13:01:03,507,5967.53,QUOTATION,56ae9e46-c0b2-46ca-b51d-5686e00ce4a6,5,3000
4525148053,2025-07-14T13:14:46,545,2487.92,REJECTED,384bae62-8ba8-4cac-b8ad-3df4e68bcafa,4,1000
4520619545,2025-09-15T22:29:50,657,1079.04,APPROVED,37bf8863-0046-49cb-a72c-f7e41661214b,3,4000
4502979434,2025-07-11T15:52:35,541,6783.04,REJECTED,dbce3e63-1a5c-4595-a1f9-d09c3d978567,2,1000
4516014637,2025-10-15T07:43:37,215,7274.07,QUOTATION,eb8e5632-45d0-47e9-bcc0-ee76bf030643,1,2000
4599367217,2025-08-11T06:59:16,432,9683.96,REJECTED,5257f4f1-580e-4eb3-89f9-6cae458e4509,2,2000
4541625240,2025-11-19T19:37:26,441,7886.85,QUOTATION,384bae62-8ba8-4cac-b8ad-3df4e68bcafa,2,4000
4553357228,2025-10-24T09:01:41,280,5008.01,APPROVED,3ee51816-f540-45e6-8401-474c5df84e78,2,2000
4575652668,2025-08-15T06:32:10,323,653.48,QUOTATION,e069016d-d217-4fbc-b438-1e8790b731fb,5,3000
4529727907,2025-11-09T09:04:43,311,3234.79,WAITING,ea38b7e1-b488-4873-ab04-3066d219b434,1,1000
4559398338,2025-06-03T13:52:46,759,8013.27,REJECTED,3c65561d-5119-4985-87e7-48965fe9f62c,3,1000
4530882558,2025-07-28T03:38:31,964,5649.25,WAITING,f524f9ee-95cb-4e66-a6c1-b58f8296e7f3,5,2000
4562180436,2025-10-13T23:11:32,987,7255.73,WAITING,32149af9-a4f0-4e80-a73d-490a9faef06f,2,3000
4554616358,2025-11-02T11:54:32,389,3746.36,WAITING,62117371-6664-4e90-9e4c-e3939789c81a,4,2000
4554394025,2025-09-09T14:32:45,308,8349.67,REJECTED,4a5df305-6d85-4b5a-81ca-b2a776017f8f,4,2000
4523735834,2025-07-03T08:13:29,441,60.7,QUOTATION,62117371-6664-4e90-9e4c-e3939789c81a,4,4000
4565382408,2025-08-05T23:32:54,798,9915.77,APPROVED,e069016d-d217-4fbc-b438-1e8790b731fb,5,1000
4524718234,2025-06-22T10:25:35,84,605.59,REJECTED,da731710-48f7-4c02-8dd6-917ff4c62e3b,3,2000
4569911050,2025-08-16T05:34:48,820,3377.92,WAITING,3c65561d-5119-4985-87e7-48965fe9f62c,4,4000
4586134493,2025-11-26T13:16:46,683,2594.22,QUOTATION,651e8d5b-8636-4635-a934-6f9427d506b8,1,4000
4590038644,2025-09-27T14:33:45,367,4740.19,REJECTED,134244b2-90f7-4d62-8488-d71e29828266,2,2000
4556623734,2025-06-22T14:56:46,37,4230.0,REJECTED,f6dd041e-f994-407c-9a1b-2ee8a39b9b25,5,1000
4584150316,2025-08-13T19:54:23,801,2102.87,APPROVED,f6dd041e-f994-407c-9a1b-2ee8a39b9b25,3,4000
4572439658,2025-11-14T00:27:12,923,1766.11,WAITING,71b893be-0a75-41a7-9a52-bcdb771cc5ec,3,2000
4515820356,2025-10-25T00:29:16,412,9018.19,APPROVED,9c7454a7-b80c-4d19-b841-4c0343b75add,2,4000
4583562641,2025-09-12T16:07:05,804,3564.38,WAITING,6c55f239-a4f0-4edd-afe8-02d129db9eda,4,1000
4576045490,2025-10-24T23:09:48,113,7108.45,REJECTED,4029508a-afa4-4faf-b175-4bb65b8a4dbb,4,2000
4520052189,2025-06-03T21:19:10,534,1226.84,REJECTED,6c55f239-a4f0-4edd-afe8-02d129db9eda,5,4000
4545793012,2025-11-21T12:05:52,723,4101.1,APPROVED,4a2d279e-2495-496f-80d9-bc5a45e3b6b4,2,1000
4525693109,2025-08-21T00:46:36,346,9948.82,APPROVED,bf599d91-442c-4e09-b5ae-b9f08a417d11,3,3000
4585389629,2025-09-10T16:04:42,852,1273.39,WAITING,ce1eeb99-74a8-4547-b95c-345102c07d21,1,2000
4521452405,2025-09-23T10:13:06,374,7085.01,QUOTATION,32149af9-a4f0-4e80-a73d-490a9faef06f,2,2000
4562286061,2025-07-12T16:34:15,528,2834.83,REJECTED,b0154cbb-c693-4062-88b9-a8acf4402b56,1,1000
4582516381,2025-06-17T21:36:22,479,5042.83,APPROVED,73df3d25-bcec-47a6-8d66-6b628e81ed2d,3,4000
4509371849,2025-10-16T12:54:52,912,5325.26,WAITING,6c55f239-a4f0-4edd-afe8-02d129db9eda,2,2000
4536209764,2025-11-09T09:26:16,184,2245.14,QUOTATION,32149af9-a4f0-4e80-a73d-490a9faef06f,4,1000
4580884196,2025-08-10T00:55:44,644,9941.9,QUOTATION,b0154cbb-c693-4062-88b9-a8acf4402b56,4,2000
4538325065,2025-09-27T21:46:33,293,1286.0,APPROVED,8df0c99e-2745-44ae-94ee-ad79cb114fdb,4,4000
4528982783,2025-06-16T11:24:16,733,1600.52,QUOTATION,32149af9-a4f0-4e80-a73d-490a9faef06f,3,3000
4541247195,2025-11-20T00:35:43,730,7570.06,WAITING,da731710-48f7-4c02-8dd6-917ff4c62e3b,2,4000
4530522621,2025-10-23T17:12:18,764,959.11,WAITING,d4dbba0a-2b26-4233-9017-bb25b2e860f3,5,2000
4541047383,2025-10-09T23:21:40,184,1674.58,QUOTATION,56ae9e46-c0b2-46ca-b51d-5686e00ce4a6,1,4000
4575959381,2025-09-22T08:22:37,512,7175.01,REJECTED,3f3292d8-3056-42da-9ec5-d080c252a223,3,4000
4599123570,2025-11-09T14:50:33,795,59.36,WAITING,ad64acbd-9045-44ec-9111-f6b3b90cb060,3,4000
4562885811,2025-10-15T12:39:07,584,5138.23,REJECTED,aa51a37d-2867-459b-8885-b5c8b161616a,2,4000
4522999105,2025-11-19T11:29:14,144,4638.05,APPROVED,51991c98-a328-457f-a862-0962b2d30ddc,1,1000
4532056887,2025-08-03T20:15:18,486,2349.92,APPROVED,9fc109ea-2585-4c23-9329-2ccda2d964eb,2,2000
4533433998,2025-07-28T18:51:13,487,187.9,QUOTATION,ea38b7e1-b488-4873-ab04-3066d219b434,1,4000
4586827873,2025-07-09T06:04:41,727,5252.24,APPROVED,4a2d279e-2495-496f-80d9-bc5a45e3b6b4,2,1000
4555598478,2025-09-18T07:25:19,650,1627.32,QUOTATION,134244b2-90f7-4d62-8488-d71e29828266,2,2000
4593093198,2025-09-13T05:04:35,601,234.07,WAITING,77b34563-244c-46da-b014-af1a9c7fa9e4,2,1000
4505986905,2025-09-21T13:54:27,95,6722.0,REJECTED,8ca5ca23-a910-469b-aec1-73bd31d74ba2,5,2000
4556026272,2025-09-02T15:42:40,607,9047.24,APPROVED,35672019-b6d1-42b4-b906-8819b248182e,4,1000
4586730249,2025-09-13T06:36:04,602,3229.37,WAITING,9fc109ea-2585-4c23-9329-2ccda2d964eb,3,1000
4511189773,2025-08-23T18:04:05,820,2420.14,QUOTATION,82ebf1b0-6982-4deb-ac51-c7a6d0a68c5d,3,4000
4597378230,2025-08-01T03:20:41,901,9959.33,REJECTED,f6979cad-3c89-4280-985d-d7f07aaa8c2b,3,1000
4561284621,2025-11-20T08:26:50,29,2614.37,REJECTED,ebfe58ef-0dee-41d8-859e-ae2bff66e7fc,3,1000
4518312417,2025-08-07T08:40:11,576,1441.89,APPROVED,0a58bce2-1697-4c89-b568-ae280f33f982,2,2000
4506959156,2025-09-13T12:45:48,325,2718.27,QUOTATION,9ec93c76-9578-4947-a5ca-def516b026cb,1,2000
4509025269,2025-09-12T14:36:08,720,3071.1,APPROVED,791660af-f0db-4fbd-a3a4-86bd38182556,2,2000
4559543163,2025-06-01T00:57:39,968,3484.38,APPROVED,41e46c83-90d4-4836-a022-b900a018b3fa,2,1000
4503628452,2025-10-03T20:42:53,799,1542.57,WAITING,dbce3e63-1a5c-4595-a1f9-d09c3d978567,2,4000
4541050417,2025-11-25T14:27:14,155,187.9,WAITING,28d388a1-0e70-41d0-a8a1-abb9e3263b7b,5,2000
4529335221,2025-06-08T04:33:52,521,7516.04,APPROVED,71b893be-0a75-41a7-9a52-bcdb771cc5ec,3,1000
4502117120,2025-11-28T09:12:35,110,3029.84,WAITING,651e8d5b-8636-4635-a934-6f9427d506b8,2,2000
4563301831,2025-10-17T02:26:12,875,2440.48,REJECTED,aa51a37d-2867-459b-8885-b5c8b161616a,2,4000
4518848502,2025-08-26T16:43:57,367,6626.23,APPROVED,834a14f7-cbd7-4220-9587-cd61c93c8253,4,3000
4558325219,2025-10-09T19:04:58,74,506.87,REJECTED,9ec93c76-9578-4947-a5ca-def516b026cb,1,1000
4547689943,2025-08-06T09:28:36,535,2813.29,REJECTED,15ddc72a-7103-4a88-a951-49c5aa75affd,5,4000
4514712547,2025-10-04T04:44:57,523,7273.4,APPROVED,68681084-7b12-4fd9-9704-7da3802cb451,5,2000
4549396604,2025-10-04T09:55:24,120,2806.13,REJECTED,84aadcf6-499b-4416-9a35-3e546eb39a5c,4,1000
4585684122,2025-07-17T07:09:38,548,3584.97,APPROVED,b6bbc970-46d2-4ff4-9c52-80f378cfe8ea,4,2000
4531231495,2025-10-07T02:18:31,95,1425.93,APPROVED,68681084-7b12-4fd9-9704-7da3802cb451,5,1000
4592109426,2025-06-10T04:28:22,491,8803.51,APPROVED,4a5df305-6d85-4b5a-81ca-b2a776017f8f,4,2000
4580104167,2025-09-04T11:51:51,244,3689.44,APPROVED,ea38b7e1-b488-4873-ab04-3066d219b434,5,4000
4572173823,2025-06-18T08:58:16,510,8543.49,QUOTATION,0439439c-8945-42c4-b079-5340d85df97c,3,1000
4569028396,2025-07-10T15:37:15,779,4692.16,WAITING,384bae62-8ba8-4cac-b8ad-3df4e68bcafa,5,4000
4574747677,2025-11-20T09:01:00,103,1318.01,APPROVED,0a58bce2-1697-4c89-b568-ae280f33f982,4,1000
4503725800,2025-09-21T09:01:33,701,8340.07,APPROVED,68681084-7b12-4fd9-9704-7da3802cb451,4,3000
4569096972,2025-06-14T04:28:57,701,8825.41,QUOTATION,5c250769-58e7-4a67-92b8-05566aab2cd0,5,2000
4571599403,2025-11-07T20:46:11,164,114.3,APPROVED,8ca5ca23-a910-469b-aec1-73bd31d74ba2,4,1000
4553719062,2025-09-19T15:21:48,469,7212.84,APPROVED,3f3292d8-3056-42da-9ec5-d080c252a223,5,3000
4507478047,2025-08-26T07:24:24,855,4752.75,WAITING,3f3292d8-3056-42da-9ec5-d080c252a223,1,3000
4517697335,2025-09-28T16:01:14,137,5330.8,REJECTED,da731710-48f7-4c02-8dd6-917ff4c62e3b,3,3000
4507227156,2025-07-27T10:39:22,96,9215.69,WAITING,cea90057-5542-4a9f-8ad8-2fa263b39b7b,2,3000
4531681410,2025-08-17T09:36:20,212,991.23,REJECTED,37bf8863-0046-49cb-a72c-f7e41661214b,5,3000
4577279888,2025-06-08T23:26:33,196,2198.33,REJECTED,84aadcf6-499b-4416-9a35-3e546eb39a5c,4,1000
4501109168,2025-10-23T22:03:23,480,4261.27,REJECTED,77b34563-244c-46da-b014-af1a9c7fa9e4,1,1000
4553674019,2025-10-21T11:53:02,774,9682.56,REJECTED,b6bbc970-46d2-4ff4-9c52-80f378cfe8ea,4,1000
4551562483,2025-09-08T17:57:38,910,3550.48,WAITING,41e46c83-90d4-4836-a022-b900a018b3fa,1,2000
4523234963,2025-09-19T12:38:58,695,57.17,QUOTATION,5c250769-58e7-4a67-92b8-05566aab2cd0,2,4000
4576841040,2025-07-17T10:49:09,968,653.73,REJECTED,8ca5ca23-a910-469b-aec1-73bd31d74ba2,4,4000
4505371718,2025-09-13T01:30:36,275,3769.93,WAITING,f524f9ee-95cb-4e66-a6c1-b58f8296e7f3,2,1000
4566697532,2025-11-01T18:44:29,188,9938.6,WAITING,bcebc30c-15e5-48e2-9c32-c86d886f82a0,5,3000
4586661239,2025-06-24T01:09:06,565,5587.77,QUOTATION,2ab670e8-49e3-4a95-9871-d937f77b5927,2,4000
4520009637,2025-08-13T09:11:08,323,5061.62,APPROVED,fcc9df1e-2761-4b55-8f60-015b21066d78,2,1000
4588758106,2025-08-17T01:06:18,875,122.51,QUOTATION,e069016d-d217-4fbc-b438-1e8790b731fb,1,2000
4527370127,2025-09-21T22:11:46,602,1765.87,REJECTED,01bb5e4b-33d3-4db2-85a2-499f5c9e31b4,4,1000
4524413322,2025-08-24T00:08:38,5,455.78,WAITING,28d388a1-0e70-41d0-a8a1-abb9e3263b7b,2,3000
4537773397,2025-07-18T19:22:59,769,5515.33,APPROVED,73df3d25-bcec-47a6-8d66-6b628e81ed2d,1,1000
4573934300,2025-06-18T19:10:31,92,7685.14,WAITING,a1a6e723-19c6-46fd-a584-917efe27f127,3,3000
4555278923,2025-09-28T14:04:59,831,8934.16,QUOTATION,a4926703-442b-4179-808a-04de7d4e1015,4,3000
4568809198,2025-07-09T23:39:13,736,9757.2,APPROVED,28d388a1-0e70-41d0-a8a1-abb9e3263b7b,3,4000
4500167771,2025-08-21T21:06:13,675,2824.71,WAITING,3f3292d8-3056-42da-9ec5-d080c252a223,4,2000
4557053666,2025-08-05T11:22:12,780,896.73,QUOTATION,3d3527a9-4ef5-45d5-83c2-4178789f9921,4,3000
4536797924,2025-11-08T05:27:22,661,1444.6,QUOTATION,56ae9e46-c0b2-46ca-b51d-5686e00ce4a6,4,2000
4590320897,2025-06-05T06:15:33,473,4729.79,QUOTATION,b6bbc970-46d2-4ff4-9c52-80f378cfe8ea,5,2000
4578562557,2025-07-12T08:00:31,909,8604.01,QUOTATION,a4926703-442b-4179-808a-04de7d4e1015,3,3000
4517006036,2025-07-21T01:52:03,949,2485.69,REJECTED,41e46c83-90d4-4836-a022-b900a018b3fa,2,3000
4553165936,2025-07-21T12:32:00,261,1055.79,REJECTED,834a14f7-cbd7-4220-9587-cd61c93c8253,5,1000
4560074339,2025-07-12T20:55:02,596,1616.5,WAITING,5257f4f1-580e-4eb3-89f9-6cae458e4509,2,3000
4500203092,2025-06-04T01:45:27,537,5873.96,QUOTATION,cea90057-5542-4a9f-8ad8-2fa263b39b7b,4,1000
4569292340,2025-07-27T21:10:00,55,4568.97,APPROVED,31ac60a6-1bc1-442c-ae10-4a420f770538,1,1000
4500381728,2025-06-15T19:30:18,763,6546.47,WAITING,2ab670e8-49e3-4a95-9871-d937f77b5927,1,3000
4580969727,2025-09-24T11:37:47,205,8999.8,REJECTED,b020551c-5fe7-45ea-881a-6fa78332362d,1,1000
4566422873,2025-10-28T20:04:34,837,329.74,APPROVED,00a417fb-f2b9-4bb8-90c0-0787c3f2e3c7,5,4000
4546593262,2025-11-11T21:37:45,582,6791.51,QUOTATION,b577718c-a2a9-4f8a-a41c-7cac0d102aab,4,1000
4540723643,2025-10-12T23:47:50,101,9036.52,WAITING,d0d94739-009d-44aa-ae3d-8c35a65083c5,2,4000
4575846278,2025-10-24T00:04:34,220,6322.58,WAITING,611eefb3-ef38-4a2e-831a-15aff1dde8f8,5,2000
4559428219,2025-08-24T16:16:36,599,5830.52,WAITING,fe53d2be-049c-47fa-871a-c4a8b1a10e40,3,2000
4541077957,2025-09-25T18:45:05,62,2382.45,APPROVED,37bf8863-0046-49cb-a72c-f7e41661214b,1,4000
4584286277,2025-10-24T17:01:16,852,5519.78,REJECTED,3d3527a9-4ef5-45d5-83c2-4178789f9921,5,4000
4531779820,2025-10-19T13:34:31,801,5856.0,APPROVED,651e8d5b-8636-4635-a934-6f9427d506b8,4,2000
4540504187,2025-07-02T20:03:14,131,8567.9,WAITING,73df3d25-bcec-47a6-8d66-6b628e81ed2d,5,4000
4596481342,2025-08-24T23:04:23,226,4335.94,APPROVED,b6bbc970-46d2-4ff4-9c52-80f378cfe8ea,4,3000
4599741156,2025-08-28T16:31:43,257,6897.57,APPROVED,daffc87a-fdb5-424e-9155-782c6cd1b731,1,2000
4521293773,2025-09-05T00:25:49,871,2586.72,QUOTATION,a1ad3c2b-45ca-491c-8ef2-a64af7d19e43,3,3000
4552291745,2025-11-24T13:02:55,83,1287.95,APPROVED,12a301b9-4c71-4181-a853-d29be7b6bd18,1,2000
4507498491,2025-08-16T23:46:44,533,2562.24,REJECTED,0439439c-8945-42c4-b079-5340d85df97c,1,1000
4541115747,2025-06-26T10:23:25,807,7961.0,REJECTED,384bae62-8ba8-4cac-b8ad-3df4e68bcafa,5,3000
4575981221,2025-09-07T14:27:56,703,3020.11,QUOTATION,3d3527a9-4ef5-45d5-83c2-4178789f9921,3,3000
4507781298,2025-10-14T22:16:25,488,5787.48,APPROVED,73df3d25-bcec-47a6-8d66-6b628e81ed2d,3,4000
4574130215,2025-10-10T13:07:50,321,882.58,REJECTED,62117371-6664-4e90-9e4c-e3939789c81a,1,2000
4504300141,2025-07-09T04:17:00,480,2657.75,QUOTATION,daffc87a-fdb5-424e-9155-782c6cd1b731,4,1000
4570450573,2025-10-14T13:43:55,262,8569.86,REJECTED,0e752cfe-75ff-427d-8214-57710b509b33,3,3000
4562109410,2025-08-14T23:30:37,163,7452.55,REJECTED,f6979cad-3c89-4280-985d-d7f07aaa8c2b,4,4000
4539660491,2025-10-01T02:55:53,626,3166.37,QUOTATION,c40f8a37-9024-4fcd-80a6-7917301ba6bd,5,2000
4560443150,2025-07-01T11:19:29,736,8733.14,QUOTATION,2ab670e8-49e3-4a95-9871-d937f77b5927,3,1000
4504510942,2025-09-02T12:55:06,194,8911.1,APPROVED,bcebc30c-15e5-48e2-9c32-c86d886f82a0,5,2000
4571475265,2025-11-23T01:56:40,351,417.12,WAITING,ad64acbd-9045-44ec-9111-f6b3b90cb060,3,4000
4503478259,2025-07-16T23:44:04,847,6066.8,WAITING,62117371-6664-4e90-9e4c-e3939789c81a,3,4000
4519045531,2025-09-20T09:54:23,632,1578.92,APPROVED,15ddc72a-7103-4a88-a951-49c5aa75affd,5,1000
4599503452,2025-08-12T15:11:13,308,328.46,APPROVED,8ca5ca23-a910-469b-aec1-73bd31d74ba2,4,1000
4540871094,2025-06-19T03:20:33,946,8390.78,APPROVED,915bda23-d2b3-4bab-9d3b-0b701beb76fa,2,4000
4537139350,2025-08-26T17:20:26,273,7359.12,APPROVED,31ac60a6-1bc1-442c-ae10-4a420f770538,1,1000
4554966951,2025-07-08T20:44:34,73,228.69,REJECTED,84aadcf6-499b-4416-9a35-3e546eb39a5c,3,4000
4523077271,2025-08-27T12:08:56,174,4485.05,WAITING,2c6e3cb9-21cb-4de6-ae38-f117a3cbdfe2,3,3000
4510332850,2025-07-18T20:29:21,738,3084.24,WAITING,41e46c83-90d4-4836-a022-b900a018b3fa,5,2000
4555247941,2025-11-12T08:27:10,36,4310.81,QUOTATION,0b319577-4ab0-4684-b112-b27aad212cb1,2,3000
4528644065,2025-08-23T18:35:21,212,7324.41,QUOTATION,6cc3c3b9-23fa-4969-8791-af89dedc62c9,1,2000
4595999621,2025-08-05T10:02:48,493,5643.51,REJECTED,ce1eeb99-74a8-4547-b95c-345102c07d21,5,2000
4515168501,2025-10-04T03:36:16,608,2840.05,QUOTATION,ea38b7e1-b488-4873-ab04-3066d219b434,3,3000
4564899034,2025-08-02T17:26:32,413,7276.81,QUOTATION,a4926703-442b-4179-808a-04de7d4e1015,2,1000
4503739453,2025-06-13T19:57:30,440,6767.19,APPROVED,110f8801-eea1-420d-98e6-dd439569747b,1,3000
4525137450,2025-08-08T06:20:00,47,1280.39,WAITING,74d238f7-61d4-41c6-9d51-b05f2eddcb36,2,1000
4560449630,2025-09-02T22:03:33,428,6056.24,APPROVED,110f8801-eea1-420d-98e6-dd439569747b,3,3000
4569157278,2025-10-14T18:17:21,302,3228.61,WAITING,4029508a-afa4-4faf-b175-4bb65b8a4dbb,2,4000
4584341549,2025-11-28T01:18:47,384,3802.19,APPROVED,62117371-6664-4e90-9e4c-e3939789c81a,5,3000
4583779041,2025-10-25T04:55:42,575,5233.23,WAITING,6cc3c3b9-23fa-4969-8791-af89dedc62c9,5,1000
4568351980,2025-07-17T10:06:57,36,4341.98,APPROVED,0439439c-8945-42c4-b079-5340d85df97c,4,3000
4542674341,2025-10-13T16:37:05,263,352.04,APPROVED,f6979cad-3c89-4280-985d-d7f07aaa8c2b,1,3000
4523360898,2025-08-07T20:32:13,116,5031.27,QUOTATION,35672019-b6d1-42b4-b906-8819b248182e,5,2000
4576998774,2025-09-10T00:59:02,109,1503.66,REJECTED,31ac60a6-1bc1-442c-ae10-4a420f770538,2,2000
4589504757,2025-08-07T08:11:28,7,8142.29,REJECTED,41f3b33b-8871-42fd-90d5-1d1d9f2d5aed,4,1000
4548078510,2025-06-18T02:09:20,448,4369.86,WAITING,651e8d5b-8636-4635-a934-6f9427d506b8,1,1000
4559621423,2025-11-24T16:41:03,698,3444.49,WAITING,35672019-b6d1-42b4-b906-8819b248182e,4,1000
4564585125,2025-10-28T18:04:52,213,9419.71,WAITING,5257f4f1-580e-4eb3-89f9-6cae458e4509,2,3000
4508113973,2025-09-20T18:34:15,23,6640.17,QUOTATION,3c65561d-5119-4985-87e7-48965fe9f62c,3,4000
4515229269,2025-06-03T20:57:54,585,5251.52,WAITING,134244b2-90f7-4d62-8488-d71e29828266,4,2000
4536236829,2025-11-24T18:04:46,530,7168.37,APPROVED,15ddc72a-7103-4a88-a951-49c5aa75affd,1,2000
4591620088,2025-07-19T04:43:07,768,3462.5,WAITING,ce1eeb99-74a8-4547-b95c-345102c07d21,5,2000
4508167879,2025-07-14T06:37:35,286,9196.31,WAITING,0e752cfe-75ff-427d-8214-57710b509b33,2,2000
4540567261,2025-10-25T04:39:36,701,6991.02,APPROVED,384bae62-8ba8-4cac-b8ad-3df4e68bcafa,1,4000
4584836959,2025-06-14T20:05:04,421,8978.79,QUOTATION,5257f4f1-580e-4eb3-89f9-6cae458e4509,1,2000
4529380473,2025-07-07T06:12:40,398,814.15,REJECTED,5c250769-58e7-4a67-92b8-05566aab2cd0,3,3000
4561874873,2025-08-28T09:25:38,613,7378.49,QUOTATION,611eefb3-ef38-4a2e-831a-15aff1dde8f8,4,1000
4505311623,2025-06-16T00:20:42,490,3738.03,REJECTED,a1a6e723-19c6-46fd-a584-917efe27f127,4,1000
4576005968,2025-11-27T13:38:32,926,1272.15,WAITING,fcc9df1e-2761-4b55-8f60-015b21066d78,2,4000
4595436993,2025-09-11T22:44:14,957,1645.61,REJECTED,8ca5ca23-a910-469b-aec1-73bd31d74ba2,3,1000
4546752432,2025-10-26T17:44:47,441,8095.45,REJECTED,82ebf1b0-6982-4deb-ac51-c7a6d0a68c5d,2,1000
4567456525,2025-09-10T19:24:55,61,4276.93,QUOTATION,8ca5ca23-a910-469b-aec1-73bd31d74ba2,2,3000
4548585945,2025-10-27T04:07:41,731,2170.48,REJECTED,77b34563-244c-46da-b014-af1a9c7fa9e4,2,2000
4513694000,2025-09-14T05:38:14,900,4876.28,REJECTED,00a417fb-f2b9-4bb8-90c0-0787c3f2e3c7,1,3000
4545349076,2025-06-10T16:12:07,987,8295.35,QUOTATION,2c6e3cb9-21cb-4de6-ae38-f117a3cbdfe2,4,3000
4562805643,2025-07-24T23:56:55,635,161.83,WAITING,a1ad3c2b-45ca-491c-8ef2-a64af7d19e43,5,3000
4510303868,2025-09-23T12:39:01,59,5555.2,REJECTED,cea90057-5542-4a9f-8ad8-2fa263b39b7b,5,2000
4515416497,2025-10-12T14:09:52,883,2789.25,APPROVED,834a14f7-cbd7-4220-9587-cd61c93c8253,2,3000
4531087210,2025-10-11T21:15:01,137,4609.96,REJECTED,408c4fe5-9066-4997-8f1c-ad8daae4b1f6,3,3000
4553657656,2025-06-28T12:51:51,686,5097.25,WAITING,daffc87a-fdb5-424e-9155-782c6cd1b731,5,1000
4596626275,2025-11-24T06:11:10,421,7798.04,REJECTED,651e8d5b-8636-4635-a934-6f9427d506b8,2,4000
4550358100,2025-09-14T04:58:41,333,4249.62,QUOTATION,0439439c-8945-42c4-b079-5340d85df97c,3,3000
4558491099,2025-07-16T07:39:40,385,6873.1,REJECTED,ba3d4978-80db-4a12-9f06-e4c698936184,3,1000
4523317455,2025-09-25T04:36:16,791,429.61,WAITING,9a109dc4-7be3-4aec-94bb-ede38f79ae14,5,2000
4553688281,2025-09-20T16:37:43,546,6807.77,WAITING,fcc9df1e-2761-4b55-8f60-015b21066d78,1,4000
4598410091,2025-07-15T11:34:40,366,5307.95,REJECTED,fffeaf8f-4b6b-4357-a309-89f4769c36da,5,1000
4564515518,2025-11-09T03:02:35,106,9070.07,APPROVED,e069016d-d217-4fbc-b438-1e8790b731fb,4,4000
4516819166,2025-06-02T23:55:49,300,6421.13,APPROVED,12a301b9-4c71-4181-a853-d29be7b6bd18,3,2000
4532448490,2025-10-26T21:42:39,401,9896.25,APPROVED,6c55f239-a4f0-4edd-afe8-02d129db9eda,4,3000
4514601370,2025-11-02T10:13:15,792,4470.78,QUOTATION,e7ba4d18-37bf-472c-9d3a-7756c21a55c9,3,3000
4581134269,2025-10-09T08:35:52,508,5023.61,APPROVED,b0154cbb-c693-4062-88b9-a8acf4402b56,1,2000
4529854613,2025-10-21T00:18:00,572,4179.13,QUOTATION,9ec93c76-9578-4947-a5ca-def516b026cb,5,2000
4502393129,2025-11-15T23:24:36,725,7524.74,APPROVED,d0d94739-009d-44aa-ae3d-8c35a65083c5,4,1000
4565143466,2025-06-19T11:26:51,479,4019.21,REJECTED,56ae9e46-c0b2-46ca-b51d-5686e00ce4a6,3,3000
4545335606,2025-07-05T09:22:02,718,39.25,QUOTATION,01bb5e4b-33d3-4db2-85a2-499f5c9e31b4,3,4000
4531240928,2025-10-10T03:56:40,58,3644.29,APPROVED,a9da22e7-f42f-4428-9083-96395b7a7e9a,4,3000
4562130890,2025-08-27T16:59:42,535,9910.07,WAITING,73df3d25-bcec-47a6-8d66-6b628e81ed2d,1,1000
4510994994,2025-08-09T21:27:52,460,5907.95,REJECTED,b0154cbb-c693-4062-88b9-a8acf4402b56,5,3000
4557212347,2025-10-27T14:06:44,413,1665.4,REJECTED,9a109dc4-7be3-4aec-94bb-ede38f79ae14,4,3000
4585149678,2025-09-26T14:34:12,875,8845.9,WAITING,611eefb3-ef38-4a2e-831a-15aff1dde8f8,1,3000
4504005942,2025-07-19T21:31:55,644,2360.03,QUOTATION,ad64acbd-9045-44ec-9111-f6b3b90cb060,1,4000
4581483586,2025-09-27T12:13:59,9,2476.31,APPROVED,6cc3c3b9-23fa-4969-8791-af89dedc62c9,1,3000
4502629596,2025-07-06T09:25:03,751,4215.05,QUOTATION,384bae62-8ba8-4cac-b8ad-3df4e68bcafa,3,1000
4560028170,2025-09-23T11:03:02,3,9983.95,QUOTATION,aa51a37d-2867-459b-8885-b5c8b161616a,4,2000
4576194046,2025-10-28T14:52:52,695,9409.14,APPROVED,51991c98-a328-457f-a862-0962b2d30ddc,2,1000
4572009945,2025-07-11T11:43:34,56,4298.97,QUOTATION,da731710-48f7-4c02-8dd6-917ff4c62e3b,5,2000
4589470108,2025-11-16T19:07:36,53,3143.02,WAITING,6cc3c3b9-23fa-4969-8791-af89dedc62c9,5,4000
4583588213,2025-10-10T15:53:20,117,2147.6,REJECTED,daffc87a-fdb5-424e-9155-782c6cd1b731,2,3000
4589652690,2025-09-15T04:07:02,300,5899.06,APPROVED,dbce3e63-1a5c-4595-a1f9-d09c3d978567,4,1000
4532382367,2025-07-03T02:14:58,654,8494.47,REJECTED,ea38b7e1-b488-4873-ab04-3066d219b434,1,1000
4513324029,2025-08-23T09:56:04,212,6412.6,REJECTED,0c328cd6-def4-4097-8b5d-ef9b4362cfd3,4,4000
4593803004,2025-09-25T16:55:18,386,3980.93,QUOTATION,ebfe58ef-0dee-41d8-859e-ae2bff66e7fc,4,2000
4572100175,2025-09-14T00:11:54,576,8345.27,QUOTATION,a4926703-442b-4179-808a-04de7d4e1015,4,2000
4539500544,2025-10-04T18:08:55,403,5336.72,REJECTED,bf599d91-442c-4e09-b5ae-b9f08a417d11,3,2000
4577009897,2025-09-24T09:20:27,958,1033.76,APPROVED,b577718c-a2a9-4f8a-a41c-7cac0d102aab,1,2000
4517068798,2025-09-24T03:50:34,471,8697.94,QUOTATION,fe53d2be-049c-47fa-871a-c4a8b1a10e40,5,3000
4588893556,2025-09-16T12:46:55,30,6369.21,REJECTED,fe53d2be-049c-47fa-871a-c4a8b1a10e40,1,1000
4577847003,2025-10-24T05:24:08,361,1284.47,APPROVED,00a417fb-f2b9-4bb8-90c0-0787c3f2e3c7,3,3000
4575050052,2025-09-14T04:55:37,561,2848.24,QUOTATION,3d3527a9-4ef5-45d5-83c2-4178789f9921,4,1000
4556969654,2025-07-17T18:35:03,195,4027.9,QUOTATION,76fa0c16-dc3a-4a9b-b914-de6a0097f3dc,5,2000
4599737839,2025-11-15T11:11:30,538,1565.18,REJECTED,f524f9ee-95cb-4e66-a6c1-b58f8296e7f3,4,2000
4559873688,2025-09-15T23:22:11,604,8599.97,REJECTED,17dffc12-ac1a-44ed-ad09-3c824851c624,1,2000
4577392239,2025-10-28T00:48:26,599,4105.01,WAITING,134244b2-90f7-4d62-8488-d71e29828266,2,4000
4559848583,2025-11-23T21:16:28,816,1098.92,APPROVED,915bda23-d2b3-4bab-9d3b-0b701beb76fa,4,2000
4557578651,2025-09-03T18:27:57,106,3006.78,APPROVED,0b319577-4ab0-4684-b112-b27aad212cb1,1,2000
4563900002,2025-07-01T08:49:07,205,9658.96,WAITING,8df0c99e-2745-44ae-94ee-ad79cb114fdb,3,2000
4537991911,2025-06-07T18:39:50,174,4255.02,WAITING,9c7454a7-b80c-4d19-b841-4c0343b75add,1,1000
4533133436,2025-08-24T10:53:29,410,1392.56,WAITING,0c328cd6-def4-4097-8b5d-ef9b4362cfd3,2,3000
4555455604,2025-10-10T16:38:29,466,4032.8,APPROVED,05767575-2944-4457-9aa7-06e1dae2ae25,5,3000
4584801477,2025-09-24T13:43:14,601,1783.54,QUOTATION,2c6e3cb9-21cb-4de6-ae38-f117a3cbdfe2,3,4000
4510181954,2025-06-26T16:46:33,258,3381.83,WAITING,0439439c-8945-42c4-b079-5340d85df97c,3,1000
4549676739,2025-10-07T14:37:07,222,2583.57,QUOTATION,8df0c99e-2745-44ae-94ee-ad79cb114fdb,4,2000
4542089558,2025-10-27T21:09:53,629,2946.86,APPROVED,834a14f7-cbd7-4220-9587-cd61c93c8253,2,2000
4575339568,2025-10-19T18:32:30,709,9616.81,WAITING,77b34563-244c-46da-b014-af1a9c7fa9e4,4,2000
4519959108,2025-09-07T11:53:46,41,4201.89,REJECTED,daffc87a-fdb5-424e-9155-782c6cd1b731,3,2000
4540549115,2025-07-27T10:57:44,77,1556.47,REJECTED,fffeaf8f-4b6b-4357-a309-89f4769c36da,2,4000
4517119869,2025-10-28T22:55:19,819,1736.98,REJECTED,a1ad3c2b-45ca-491c-8ef2-a64af7d19e43,3,3000
4565742477,2025-08-06T11:53:38,410,1284.69,QUOTATION,c40f8a37-9024-4fcd-80a6-7917301ba6bd,2,2000
4558173930,2025-08-22T15:37:47,63,1464.48,REJECTED,bf599d91-442c-4e09-b5ae-b9f08a417d11,3,4000
4578649964,2025-10-17T08:51:31,896,1701.1,QUOTATION,8ca5ca23-a910-469b-aec1-73bd31d74ba2,5,3000
4511209937,2025-06-15T06:48:41,871,9721.33,QUOTATION,6c55f239-a4f0-4edd-afe8-02d129db9eda,4,3000
4575297788,2025-09-18T14:37:38,892,5210.75,WAITING,da731710-48f7-4c02-8dd6-917ff4c62e3b,5,3000
4513131257,2025-08-02T10:35:46,819,6907.15,QUOTATION,51991c98-a328-457f-a862-0962b2d30ddc,2,2000
4596707665,2025-07-21T14:58:10,300,4750.87,APPROVED,fe53d2be-049c-47fa-871a-c4a8b1a10e40,3,1000
4581897233,2025-07-10T08:29:34,935,3087.29,REJECTED,da731710-48f7-4c02-8dd6-917ff4c62e3b,1,2000
4502821880,2025-10-27T05:40:44,325,3249.59,QUOTATION,bcebc30c-15e5-48e2-9c32-c86d886f82a0,3,4000
4574623566,2025-09-09T21:46:12,440,5325.03,APPROVED,74d238f7-61d4-41c6-9d51-b05f2eddcb36,2,3000
4579812588,2025-11-17T18:31:26,763,561.57,REJECTED,68681084-7b12-4fd9-9704-7da3802cb451,1,2000
4518470373,2025-09-14T13:53:16,42,7965.19,QUOTATION,ba3d4978-80db-4a12-9f06-e4c698936184,5,3000
4514591810,2025-06-02T16:46:51,265,8331.43,WAITING,82ebf1b0-6982-4deb-ac51-c7a6d0a68c5d,4,3000
4534450535,2025-10-05T11:59:56,588,1948.07,APPROVED,0a58bce2-1697-4c89-b568-ae280f33f982,1,4000
4552192090,2025-07-18T03:40:39,914,6864.86,REJECTED,134244b2-90f7-4d62-8488-d71e29828266,1,4000
4594757800,2025-11-21T23:54:26,776,6460.13,WAITING,a4926703-442b-4179-808a-04de7d4e1015,1,1000
4538188257,2025-08-26T19:27:10,475,9460.4,REJECTED,cea90057-5542-4a9f-8ad8-2fa263b39b7b,2,1000
4566822821,2025-09-06T02:31:53,189,632.59,QUOTATION,eb8e5632-45d0-47e9-bcc0-ee76bf030643,1,1000
4527610853,2025-07-07T11:27:01,130,2722.19,REJECTED,74d238f7-61d4-41c6-9d51-b05f2eddcb36,1,1000
4544289027,2025-11-02T07:51:52,42,4764.1,WAITING,384bae62-8ba8-4cac-b8ad-3df4e68bcafa,4,3000
4524726176,2025-10-26T08:52:51,870,1361.14,APPROVED,d4dbba0a-2b26-4233-9017-bb25b2e860f3,4,4000
4565452372,2025-09-08T10:20:51,842,6481.0,REJECTED,05767575-2944-4457-9aa7-06e1dae2ae25,1,1000
4556796015,2025-08-24T11:31:55,617,6116.61,APPROVED,41f3b33b-8871-42fd-90d5-1d1d9f2d5aed,1,3000
4552243746,2025-07-26T22:42:15,204,2278.33,QUOTATION,41e46c83-90d4-4836-a022-b900a018b3fa,4,3000
4537994233,2025-11-25T19:46:50,178,8180.73,APPROVED,05767575-2944-4457-9aa7-06e1dae2ae25,3,4000
4566414692,2025-10-25T09:31:29,351,2969.86,REJECTED,a9da22e7-f42f-4428-9083-96395b7a7e9a,1,3000
4564214634,2025-09-22T02:10:01,345,9979.83,APPROVED,9ec93c76-9578-4947-a5ca-def516b026cb,2,2000
4561220721,2025-08-22T08:37:32,699,4131.33,WAITING,28d388a1-0e70-41d0-a8a1-abb9e3263b7b,1,3000
4562324537,2025-08-19T05:43:15,493,429.9,QUOTATION,5257f4f1-580e-4eb3-89f9-6cae458e4509,3,4000
4515333182,2025-09-11T09:21:39,592,2130.21,WAITING,17dffc12-ac1a-44ed-ad09-3c824851c624,4,3000
4507260459,2025-06-28T00:52:18,698,1143.3,APPROVED,32149af9-a4f0-4e80-a73d-490a9faef06f,5,3000
4556963602,2025-09-24T20:28:21,148,7901.45,REJECTED,5257f4f1-580e-4eb3-89f9-6cae458e4509,1,4000
4511904241,2025-09-08T08:40:25,23,450.49,QUOTATION,3f3292d8-3056-42da-9ec5-d080c252a223,1,2000
4570284860,2025-07-28T12:18:17,670,8825.01,QUOTATION,17dffc12-ac1a-44ed-ad09-3c824851c624,4,3000
4562434368,2025-08-13T05:12:15,476,4706.17,QUOTATION,82ebf1b0-6982-4deb-ac51-c7a6d0a68c5d,1,3000
4506259404,2025-10-22T01:04:30,306,5530.97,QUOTATION,84aadcf6-499b-4416-9a35-3e546eb39a5c,3,2000
4520381465,2025-09-02T11:37:31,386,8974.36,QUOTATION,56ae9e46-c0b2-46ca-b51d-5686e00ce4a6,5,4000
4591728382,2025-11-05T02:02:49,134,965.68,QUOTATION,975480d4-8c15-44ba-8c55-a9938bdaa2c4,3,4000
4558628584,2025-06-08T08:50:07,981,5826.43,QUOTATION,31ac60a6-1bc1-442c-ae10-4a420f770538,1,3000
4568034342,2025-07-28T12:36:46,810,2918.64,APPROVED,8ca5ca23-a910-469b-aec1-73bd31d74ba2,3,2000
4543410351,2025-07-09T12:36:19,576,6608.53,REJECTED,3341d7ea-5bed-42e4-82c2-18d0adfbcdf1,4,1000
4575664905,2025-10-26T08:40:07,584,2609.95,APPROVED,de541e55-b7b6-404a-8ce0-a6f1ea925750,5,2000
4570739091,2025-11-04T19:00:04,742,9153.76,REJECTED,0439439c-8945-42c4-b079-5340d85df97c,2,2000
4551690291,2025-09-18T19:23:18,882,4615.9,REJECTED,3ee51816-f540-45e6-8401-474c5df84e78,4,3000
4522947281,2025-06-01T23:08:12,31,9114.95,WAITING,a9da22e7-f42f-4428-9083-96395b7a7e9a,5,2000
4565514862,2025-06-21T15:18:20,446,5845.59,WAITING,daffc87a-fdb5-424e-9155-782c6cd1b731,3,1000
4579358790,2025-10-12T16:16:26,771,3262.31,REJECTED,f524f9ee-95cb-4e66-a6c1-b58f8296e7f3,3,2000
4554529112,2025-09-02T20:48:47,956,8875.39,WAITING,0c328cd6-def4-4097-8b5d-ef9b4362cfd3,5,1000
4560764814,2025-10-17T07:15:41,475,5151.23,WAITING,ad64acbd-9045-44ec-9111-f6b3b90cb060,5,2000
4595718503,2025-11-26T10:29:15,463,794.98,APPROVED,74d238f7-61d4-41c6-9d51-b05f2eddcb36,4,4000
4521568796,2025-09-15T15:28:38,490,5417.16,WAITING,2c7b9d8a-6b92-4a21-a03e-024e434a203d,2,4000
4542381292,2025-08-14T12:35:20,160,1272.15,APPROVED,5257f4f1-580e-4eb3-89f9-6cae458e4509,3,2000
4535923243,2025-11-14T07:30:25,844,3818.16,WAITING,3d3527a9-4ef5-45d5-83c2-4178789f9921,3,3000
4500838880,2025-07-15T17:23:23,100,5244.63,REJECTED,a9da22e7-f42f-4428-9083-96395b7a7e9a,4,1000
4564681092,2025-09-28T07:44:51,522,81.83,APPROVED,d4dbba0a-2b26-4233-9017-bb25b2e860f3,4,4000
4575727130,2025-11-08T16:34:13,425,5818.54,APPROVED,daffc87a-fdb5-424e-9155-782c6cd1b731,1,4000
4513087820,2025-11-11T15:42:32,144,5585.04,QUOTATION,3d3527a9-4ef5-45d5-83c2-4178789f9921,3,2000
4554966630,2025-09-24T03:26:53,911,9958.84,WAITING,408c4fe5-9066-4997-8f1c-ad8daae4b1f6,1,4000
4576661138,2025-06-20T13:22:14,103,3570.93,APPROVED,ea38b7e1-b488-4873-ab04-3066d219b434,5,1000
4542079745,2025-09-25T09:57:23,678,3268.6,QUOTATION,ba5b8587-5d45-44ac-9e4e-16cb4b3afecc,2,3000
4503943331,2025-08-24T07:52:16,596,4273.0,APPROVED,5c250769-58e7-4a67-92b8-05566aab2cd0,5,4000
4556629097,2025-09-16T12:44:37,987,9123.3,QUOTATION,32149af9-a4f0-4e80-a73d-490a9faef06f,4,2000
4578911240,2025-09-08T12:39:08,328,3500.47,APPROVED,611eefb3-ef38-4a2e-831a-15aff1dde8f8,5,2000
4510292152,2025-11-01T17:38:59,237,1955.16,REJECTED,0c328cd6-def4-4097-8b5d-ef9b4362cfd3,3,4000
4558397742,2025-11-26T06:43:28,617,2849.79,WAITING,d5b6a98e-464a-4e85-ad1c-7fd6be7df835,3,3000
4503588058,2025-06-20T15:02:27,830,8314.38,QUOTATION,b020551c-5fe7-45ea-881a-6fa78332362d,3,3000
4585539739,2025-08-17T22:15:59,685,5004.9,WAITING,ea38b7e1-b488-4873-ab04-3066d219b434,2,1000
4589336168,2025-10-18T16:22:22,996,1909.97,APPROVED,4029508a-afa4-4faf-b175-4bb65b8a4dbb,3,3000
4558784895,2025-07-05T09:35:31,578,8122.53,WAITING,0439439c-8945-42c4-b079-5340d85df97c,2,3000
4553966842,2025-09-09T16:26:47,336,971.22,WAITING,0a58bce2-1697-4c89-b568-ae280f33f982,2,3000
4541091472,2025-10-09T02:36:13,503,8139.76,REJECTED,6cc3c3b9-23fa-4969-8791-af89dedc62c9,5,2000
4567993837,2025-11-21T16:24:54,169,802.95,APPROVED,8df0c99e-2745-44ae-94ee-ad79cb114fdb,2,1000
4594205548,2025-06-13T01:13:21,287,9595.09,APPROVED,d7da1df8-a4af-4efe-a657-570c6d350470,4,1000
4586996724,2025-11-06T16:04:59,878,6219.55,QUOTATION,bf599d91-442c-4e09-b5ae-b9f08a417d11,4,3000
4535727231,2025-07-03T15:22:25,503,969.74,WAITING,f6dd041e-f994-407c-9a1b-2ee8a39b9b25,2,4000
4575910388,2025-09-15T23:57:02,781,6172.84,QUOTATION,fffeaf8f-4b6b-4357-a309-89f4769c36da,4,4000
4587999259,2025-09-06T05:45:30,492,860.59,REJECTED,2c6e3cb9-21cb-4de6-ae38-f117a3cbdfe2,5,3000
4500930311,2025-06-11T23:35:10,31,4203.51,APPROVED,aa51a37d-2867-459b-8885-b5c8b161616a,1,2000
4581265891,2025-10-22T03:26:46,167,4358.52,WAITING,9ec93c76-9578-4947-a5ca-def516b026cb,2,2000
4522418873,2025-08-18T08:52:49,60,4886.88,WAITING,a9da22e7-f42f-4428-9083-96395b7a7e9a,2,2000
4541978278,2025-09-04T03:28:23,285,2882.41,REJECTED,5c250769-58e7-4a67-92b8-05566aab2cd0,1,3000
4545022161,2025-10-10T19:10:01,928,7634.49,WAITING,f6dd041e-f994-407c-9a1b-2ee8a39b9b25,3,3000
4577023194,2025-06-12T11:40:51,453,380.11,QUOTATION,3ee51816-f540-45e6-8401-474c5df84e78,4,3000
4592249841,2025-07-28T09:33:35,595,5583.03,QUOTATION,68681084-7b12-4fd9-9704-7da3802cb451,3,3000
4535638698,2025-08-09T11:58:36,73,7736.22,QUOTATION,0439439c-8945-42c4-b079-5340d85df97c,2,3000
4504483292,2025-08-01T05:33:43,247,1309.39,QUOTATION,110f8801-eea1-420d-98e6-dd439569747b,2,2000
4513518397,2025-08-19T13:40:50,714,9459.88,WAITING,384bae62-8ba8-4cac-b8ad-3df4e68bcafa,3,4000
4581398531,2025-06-24T02:26:39,74,9622.97,APPROVED,ba3d4978-80db-4a12-9f06-e4c698936184,2,4000
4517324357,2025-09-24T11:05:54,882,6346.14,REJECTED,408c4fe5-9066-4997-8f1c-ad8daae4b1f6,5,1000
4580021403,2025-08-13T03:24:37,511,2028.29,REJECTED,de541e55-b7b6-404a-8ce0-a6f1ea925750,2,3000
4541838334,2025-07-01T21:27:54,241,1826.74,APPROVED,3c65561d-5119-4985-87e7-48965fe9f62c,2,1000
4516129162,2025-09-12T22:14:16,994,7613.03,WAITING,de541e55-b7b6-404a-8ce0-a6f1ea925750,2,2000
4537253971,2025-06-20T05:45:13,871,9739.97,APPROVED,2c7b9d8a-6b92-4a21-a03e-024e434a203d,1,2000
4555739250,2025-07-02T11:00:31,744,7659.22,QUOTATION,791660af-f0db-4fbd-a3a4-86bd38182556,3,1000
4556036920,2025-09-08T11:32:38,942,650.38,APPROVED,b020551c-5fe7-45ea-881a-6fa78332362d,3,2000
4589123638,2025-08-28T16:20:05,675,6325.41,WAITING,28d388a1-0e70-41d0-a8a1-abb9e3263b7b,3,2000
4559929114,2025-08-21T02:54:31,785,347.64,QUOTATION,ba5b8587-5d45-44ac-9e4e-16cb4b3afecc,1,3000
4586561530,2025-10-04T19:07:50,212,9527.97,QUOTATION,00a417fb-f2b9-4bb8-90c0-0787c3f2e3c7,5,2000
4544292571,2025-10-11T13:52:29,423,4345.04,APPROVED,0e752cfe-75ff-427d-8214-57710b509b33,2,1000
4549318636,2025-11-12T23:44:40,315,4757.4,QUOTATION,41e46c83-90d4-4836-a022-b900a018b3fa,4,4000
4583989875,2025-08-28T08:25:00,593,2459.87,WAITING,ba5b8587-5d45-44ac-9e4e-16cb4b3afecc,3,4000
4598812387,2025-08-22T08:59:42,558,8.03,REJECTED,0c328cd6-def4-4097-8b5d-ef9b4362cfd3,1,2000
4599168990,2025-10-14T14:59:45,337,4745.63,QUOTATION,611eefb3-ef38-4a2e-831a-15aff1dde8f8,4,4000
4530884407,2025-06-16T17:47:55,262,5931.09,QUOTATION,daffc87a-fdb5-424e-9155-782c6cd1b731,4,4000
4516094139,2025-11-18T01:55:48,996,2673.21,REJECTED,3ee51816-f540-45e6-8401-474c5df84e78,5,4000
4514310623,2025-07-19T21:50:19,241,5936.49,WAITING,b577718c-a2a9-4f8a-a41c-7cac0d102aab,4,3000
4517280154,2025-10-24T18:37:27,617,4063.36,APPROVED,5257f4f1-580e-4eb3-89f9-6cae458e4509,5,2000
4564671599,2025-06-08T16:26:58,445,4741.68,WAITING,b020551c-5fe7-45ea-881a-6fa78332362d,2,4000
4542719880,2025-06-14T23:57:33,810,8062.86,QUOTATION,fe53d2be-049c-47fa-871a-c4a8b1a10e40,4,2000
4573624553,2025-08-14T07:42:47,418,9233.44,REJECTED,2c6e3cb9-21cb-4de6-ae38-f117a3cbdfe2,2,3000
4590802282,2025-07-10T05:05:20,767,4731.7,QUOTATION,f6979cad-3c89-4280-985d-d7f07aaa8c2b,5,2000
4592485798,2025-11-28T23:37:14,864,9472.57,WAITING,28d388a1-0e70-41d0-a8a1-abb9e3263b7b,3,1000
4562852289,2025-09-28T03:42:23,197,6111.6,WAITING,f524f9ee-95cb-4e66-a6c1-b58f8296e7f3,3,4000
4581380620,2025-07-13T18:02:25,713,2425.56,WAITING,5c250769-58e7-4a67-92b8-05566aab2cd0,2,1000
4596332698,2025-11-15T16:17:38,765,3916.88,APPROVED,3ee51816-f540-45e6-8401-474c5df84e78,5,3000
4544061852,2025-10-16T14:55:07,961,9750.34,QUOTATION,37bf8863-0046-49cb-a72c-f7e41661214b,3,1000
4520193156,2025-09-05T22:09:20,138,6741.54,WAITING,b0154cbb-c693-4062-88b9-a8acf4402b56,4,1000
4505856317,2025-11-19T12:01:16,862,6785.93,APPROVED,3c65561d-5119-4985-87e7-48965fe9f62c,5,4000
4565403022,2025-11-01T09:26:05,12,7787.19,WAITING,3ee51816-f540-45e6-8401-474c5df84e78,5,1000
4553775913,2025-11-18T20:11:22,457,4314.48,QUOTATION,384bae62-8ba8-4cac-b8ad-3df4e68bcafa,4,4000
4571361615,2025-08-16T00:37:14,33,7242.69,WAITING,d0d94739-009d-44aa-ae3d-8c35a65083c5,5,1000
4580433139,2025-11-08T04:38:49,628,5028.1,QUOTATION,d5b6a98e-464a-4e85-ad1c-7fd6be7df835,2,1000
4584149118,2025-07-08T11:29:04,841,5439.55,QUOTATION,0439439c-8945-42c4-b079-5340d85df97c,4,3000
4595899165,2025-11-03T19:42:00,893,3478.34,QUOTATION,fcc9df1e-2761-4b55-8f60-015b21066d78,1,2000
4519859039,2025-09-07T04:32:03,113,6060.75,QUOTATION,fcc9df1e-2761-4b55-8f60-015b21066d78,4,2000
4524629976,2025-09-26T20:45:41,145,3541.16,APPROVED,b6bbc970-46d2-4ff4-9c52-80f378cfe8ea,5,3000
4585847891,2025-09-02T18:55:50,6,2872.59,WAITING,5c250769-58e7-4a67-92b8-05566aab2cd0,5,4000
4514018893,2025-08-11T20:19:01,82,3071.08,WAITING,2c7b9d8a-6b92-4a21-a03e-024e434a203d,2,2000
4595594608,2025-09-20T06:33:24,925,4907.42,WAITING,f6979cad-3c89-4280-985d-d7f07aaa8c2b,3,3000
4570381635,2025-06-13T18:21:55,23,4229.56,WAITING,8df0c99e-2745-44ae-94ee-ad79cb114fdb,1,1000
4578250410,2025-08-28T12:45:16,219,8481.73,WAITING,3ee51816-f540-45e6-8401-474c5df84e78,1,1000
4524453138,2025-07-25T07:20:25,805,6330.94,QUOTATION,0439439c-8945-42c4-b079-5340d85df97c,5,3000
4517628968,2025-11-09T20:16:26,924,6854.71,APPROVED,f6dd041e-f994-407c-9a1b-2ee8a39b9b25,2,3000
4549157457,2025-06-15T01:38:11,619,1294.91,WAITING,0e752cfe-75ff-427d-8214-57710b509b33,1,4000
4566453382,2025-11-10T12:30:37,744,2789.97,REJECTED,00a417fb-f2b9-4bb8-90c0-0787c3f2e3c7,5,4000
4506365590,2025-11-02T04:38:18,964,1124.88,WAITING,71b893be-0a75-41a7-9a52-bcdb771cc5ec,3,2000
4572721141,2025-07-04T12:32:48,691,7889.08,APPROVED,5c250769-58e7-4a67-92b8-05566aab2cd0,1,4000
4566922182,2025-10-17T14:41:17,30,4770.07,WAITING,f6dd041e-f994-407c-9a1b-2ee8a39b9b25,4,2000
4536623041,2025-11-21T20:59:38,488,60.34,REJECTED,2c7b9d8a-6b92-4a21-a03e-024e434a203d,2,3000
4541582700,2025-08-25T11:57:38,779,5528.54,REJECTED,9ec93c76-9578-4947-a5ca-def516b026cb,3,2000
4589428817,2025-06-21T12:46:16,23,8623.98,APPROVED,0e752cfe-75ff-427d-8214-57710b509b33,1,4000
4552560844,2025-06-18T07:36:47,40,6196.72,WAITING,de541e55-b7b6-404a-8ce0-a6f1ea925750,4,4000
4504012693,2025-09-05T23:43:23,333,1948.47,REJECTED,d5b6a98e-464a-4e85-ad1c-7fd6be7df835,4,4000
4534011422,2025-06-27T23:53:45,972,6038.62,REJECTED,a1ad3c2b-45ca-491c-8ef2-a64af7d19e43,1,1000
4541979830,2025-11-14T00:40:10,911,9776.89,REJECTED,134244b2-90f7-4d62-8488-d71e29828266,1,4000
4531049729,2025-10-23T12:00:55,498,2703.06,WAITING,b0154cbb-c693-4062-88b9-a8acf4402b56,2,3000
4520077400,2025-11-16T21:43:18,606,6013.16,APPROVED,791660af-f0db-4fbd-a3a4-86bd38182556,5,2000
4598644403,2025-11-06T17:05:45,325,1856.3,APPROVED,5c250769-58e7-4a67-92b8-05566aab2cd0,3,2000
4544898606,2025-06-22T05:49:26,341,4447.22,QUOTATION,834a14f7-cbd7-4220-9587-cd61c93c8253,4,1000
4584196072,2025-06-13T09:27:11,550,5609.26,REJECTED,5257f4f1-580e-4eb3-89f9-6cae458e4509,4,2000
4568718100,2025-11-20T21:10:41,333,3943.66,REJECTED,2ab670e8-49e3-4a95-9871-d937f77b5927,1,2000
4581100548,2025-07-01T03:19:04,105,1561.06,WAITING,a9da22e7-f42f-4428-9083-96395b7a7e9a,3,1000
4586687497,2025-10-16T11:25:15,260,2372.43,QUOTATION,ce1eeb99-74a8-4547-b95c-345102c07d21,2,4000
4503670041,2025-08-06T23:22:34,835,3982.54,APPROVED,77b34563-244c-46da-b014-af1a9c7fa9e4,5,4000
4583653183,2025-11-12T08:03:16,874,5116.05,WAITING,3c65561d-5119-4985-87e7-48965fe9f62c,1,3000
4568367326,2025-11-27T02:47:17,270,7387.33,WAITING,4029508a-afa4-4faf-b175-4bb65b8a4dbb,5,4000
4587500123,2025-11-09T08:16:52,10,1916.11,WAITING,fcc9df1e-2761-4b55-8f60-015b21066d78,3,1000
4528116077,2025-10-06T00:19:27,495,1912.05,APPROVED,41f3b33b-8871-42fd-90d5-1d1d9f2d5aed,1,4000
4506267733,2025-10-13T08:20:36,585,8290.78,WAITING,8df0c99e-2745-44ae-94ee-ad79cb114fdb,1,4000
4530289016,2025-10-22T11:12:45,18,708.29,QUOTATION,9a109dc4-7be3-4aec-94bb-ede38f79ae14,2,2000
4500370065,2025-11-25T03:44:23,908,458.97,QUOTATION,fe53d2be-049c-47fa-871a-c4a8b1a10e40,5,3000
4541188562,2025-10-03T21:57:45,229,1355.22,WAITING,01bb5e4b-33d3-4db2-85a2-499f5c9e31b4,3,3000
4510442595,2025-06-02T16:51:16,208,4568.27,REJECTED,3341d7ea-5bed-42e4-82c2-18d0adfbcdf1,1,4000
4585788414,2025-09-19T03:44:21,767,9655.01,APPROVED,daffc87a-fdb5-424e-9155-782c6cd1b731,2,1000
4571098351,2025-08-17T22:48:13,617,8596.86,WAITING,611eefb3-ef38-4a2e-831a-15aff1dde8f8,5,2000
4580509569,2025-11-05T03:33:57,311,7402.97,WAITING,31ac60a6-1bc1-442c-ae10-4a420f770538,5,3000
4562453103,2025-09-04T11:53:47,741,5469.33,QUOTATION,62117371-6664-4e90-9e4c-e3939789c81a,5,4000
4528181874,2025-10-04T21:06:08,192,2352.92,QUOTATION,cf11fe2a-443a-44e9-96b0-e6b91ddfa87d,3,2000
4544941485,2025-10-09T23:00:24,360,4573.87,REJECTED,915bda23-d2b3-4bab-9d3b-0b701beb76fa,4,1000
4530987649,2025-09-05T01:28:07,898,2007.55,REJECTED,12a301b9-4c71-4181-a853-d29be7b6bd18,5,4000
4580465099,2025-10-21T19:23:38,509,4621.76,REJECTED,0a58bce2-1697-4c89-b568-ae280f33f982,5,3000
4504492881,2025-11-17T08:52:27,537,734.57,QUOTATION,82ebf1b0-6982-4deb-ac51-c7a6d0a68c5d,2,3000
4562996915,2025-09-06T06:22:14,565,7978.17,REJECTED,17dffc12-ac1a-44ed-ad09-3c824851c624,4,1000
4526389395,2025-08-14T17:12:14,589,3626.49,REJECTED,ea38b7e1-b488-4873-ab04-3066d219b434,1,3000
4565644123,2025-09-28T02:25:02,421,2156.09,WAITING,ad64acbd-9045-44ec-9111-f6b3b90cb060,2,2000
4546490168,2025-09-17T03:53:36,147,2621.53,QUOTATION,2c7b9d8a-6b92-4a21-a03e-024e434a203d,3,4000
4519530514,2025-06-09T04:18:55,276,4185.97,APPROVED,9c7454a7-b80c-4d19-b841-4c0343b75add,1,1000
4589316740,2025-06-07T07:55:09,135,8580.31,WAITING,ba5b8587-5d45-44ac-9e4e-16cb4b3afecc,4,1000
4534829709,2025-09-12T07:30:59,135,8450.78,QUOTATION,408c4fe5-9066-4997-8f1c-ad8daae4b1f6,2,4000
4569253481,2025-11-11T07:49:07,842,5819.08,QUOTATION,ba5b8587-5d45-44ac-9e4e-16cb4b3afecc,5,3000
4537276575,2025-06-23T14:24:18,792,6035.18,QUOTATION,b6bbc970-46d2-4ff4-9c52-80f378cfe8ea,4,3000
4563332031,2025-06-26T10:48:30,132,1279.93,WAITING,73df3d25-bcec-47a6-8d66-6b628e81ed2d,3,2000
4585564153,2025-10-23T14:26:28,267,8541.9,APPROVED,3f3292d8-3056-42da-9ec5-d080c252a223,5,3000
4540847928,2025-11-01T07:08:18,805,9495.56,APPROVED,0c328cd6-def4-4097-8b5d-ef9b4362cfd3,2,2000
4586969660,2025-10-23T20:46:35,181,9015.06,APPROVED,384bae62-8ba8-4cac-b8ad-3df4e68bcafa,2,1000
4518771278,2025-09-18T17:38:34,526,5674.06,WAITING,3d3527a9-4ef5-45d5-83c2-4178789f9921,3,3000
4516476542,2025-06-10T18:40:05,241,991.84,REJECTED,384bae62-8ba8-4cac-b8ad-3df4e68bcafa,2,2000
4587599689,2025-07-23T11:08:02,807,7098.4,APPROVED,bf599d91-442c-4e09-b5ae-b9f08a417d11,1,1000
4531935408,2025-07-20T01:01:24,757,6277.16,REJECTED,bcebc30c-15e5-48e2-9c32-c86d886f82a0,5,2000
4579330518,2025-11-25T03:01:47,641,2532.62,QUOTATION,3c65561d-5119-4985-87e7-48965fe9f62c,4,3000
4566575997,2025-10-20T13:27:19,455,4455.9,QUOTATION,f6dd041e-f994-407c-9a1b-2ee8a39b9b25,2,3000
4570677041,2025-06-18T02:01:23,270,6647.33,WAITING,f6dd041e-f994-407c-9a1b-2ee8a39b9b25,4,4000
4575254948,2025-09-07T20:34:19,98,3416.61,QUOTATION,35672019-b6d1-42b4-b906-8819b248182e,1,2000
4522977521,2025-08-05T09:46:00,144,9676.5,WAITING,3f3292d8-3056-42da-9ec5-d080c252a223,2,4000
4548663320,2025-07-13T18:37:38,137,2080.32,REJECTED,8df0c99e-2745-44ae-94ee-ad79cb114fdb,1,2000
4578975923,2025-08-07T12:11:29,802,7483.43,REJECTED,da731710-48f7-4c02-8dd6-917ff4c62e3b,5,2000
4532210465,2025-06-04T13:20:38,928,8696.75,REJECTED,da731710-48f7-4c02-8dd6-917ff4c62e3b,5,2000
4541191552,2025-11-28T21:38:06,902,7850.77,WAITING,56ae9e46-c0b2-46ca-b51d-5686e00ce4a6,2,4000
4574739974,2025-10-07T08:12:21,51,6457.92,REJECTED,68681084-7b12-4fd9-9704-7da3802cb451,5,1000
4563059827,2025-08-18T07:39:35,163,6613.12,WAITING,56ae9e46-c0b2-46ca-b51d-5686e00ce4a6,1,2000
4550702515,2025-09-08T12:01:49,171,7608.84,QUOTATION,b577718c-a2a9-4f8a-a41c-7cac0d102aab,4,3000
4570735755,2025-10-28T15:04:19,857,5494.88,REJECTED,84aadcf6-499b-4416-9a35-3e546eb39a5c,3,3000
4513852161,2025-06-05T10:02:53,33,8897.8,WAITING,791660af-f0db-4fbd-a3a4-86bd38182556,1,3000
4527190550,2025-10-24T18:01:28,887,3250.13,APPROVED,aa51a37d-2867-459b-8885-b5c8b161616a,4,1000
4535102845,2025-11-20T20:15:53,805,7053.61,REJECTED,77b34563-244c-46da-b014-af1a9c7fa9e4,5,4000
4573116573,2025-09-01T14:17:20,767,7416.7,APPROVED,71b893be-0a75-41a7-9a52-bcdb771cc5ec,4,1000
4543047287,2025-11-14T22:31:09,493,2327.87,WAITING,28d388a1-0e70-41d0-a8a1-abb9e3263b7b,1,2000
4552967405,2025-09-19T10:34:34,55,6947.97,QUOTATION,d0d94739-009d-44aa-ae3d-8c35a65083c5,2,4000
4529827971,2025-09-15T07:44:15,298,2271.19,REJECTED,a1a6e723-19c6-46fd-a584-917efe27f127,1,4000
4550639617,2025-09-24T01:45:23,187,9659.02,QUOTATION,41f3b33b-8871-42fd-90d5-1d1d9f2d5aed,1,3000
4552697362,2025-06-11T05:51:19,210,7710.3,WAITING,b6bbc970-46d2-4ff4-9c52-80f378cfe8ea,3,2000
4568202136,2025-11-28T12:21:45,44,2573.96,REJECTED,0a58bce2-1697-4c89-b568-ae280f33f982,2,4000
4551888208,2025-11-14T22:42:55,478,2404.78,WAITING,8ca5ca23-a910-469b-aec1-73bd31d74ba2,5,3000
4514080387,2025-06-22T15:05:09,776,610.48,QUOTATION,28d388a1-0e70-41d0-a8a1-abb9e3263b7b,2,1000
4534908460,2025-06-09T20:08:42,789,9375.28,QUOTATION,a9da22e7-f42f-4428-9083-96395b7a7e9a,1,3000
4541674980,2025-11-28T02:21:54,539,1968.81,QUOTATION,dbce3e63-1a5c-4595-a1f9-d09c3d978567,1,4000
4520876538,2025-11-18T07:24:01,685,4774.88,REJECTED,fffeaf8f-4b6b-4357-a309-89f4769c36da,4,2000
4543023308,2025-09-18T03:01:02,225,8167.73,REJECTED,d0d94739-009d-44aa-ae3d-8c35a65083c5,5,2000
4541358557,2025-06-23T01:47:44,658,7826.15,APPROVED,00a417fb-f2b9-4bb8-90c0-0787c3f2e3c7,3,3000
4535310120,2025-11-06T02:27:18,144,2107.08,QUOTATION,51991c98-a328-457f-a862-0962b2d30ddc,1,3000
4567256257,2025-09-07T14:58:39,247,2460.75,QUOTATION,56ae9e46-c0b2-46ca-b51d-5686e00ce4a6,3,4000
4543387978,2025-09-06T10:27:27,633,1519.63,APPROVED,f6979cad-3c89-4280-985d-d7f07aaa8c2b,3,4000
4563971464,2025-09-17T10:28:16,30,7800.11,QUOTATION,74d238f7-61d4-41c6-9d51-b05f2eddcb36,1,1000
4508606158,2025-10-04T16:48:01,562,1738.71,REJECTED,05767575-2944-4457-9aa7-06e1dae2ae25,4,1000
4586344138,2025-08-10T22:30:44,572,4565.01,QUOTATION,73df3d25-bcec-47a6-8d66-6b628e81ed2d,4,4000
4571360830,2025-09-23T23:31:10,221,6583.88,WAITING,e069016d-d217-4fbc-b438-1e8790b731fb,3,1000
4546217248,2025-07-26T09:15:51,861,3426.55,WAITING,791660af-f0db-4fbd-a3a4-86bd38182556,1,1000
4544351358,2025-09-24T20:54:22,414,4157.36,REJECTED,bcebc30c-15e5-48e2-9c32-c86d886f82a0,5,1000
4593408369,2025-07-08T14:15:35,181,1056.57,REJECTED,110f8801-eea1-420d-98e6-dd439569747b,1,4000
4512084278,2025-11-27T11:42:12,353,4126.9,QUOTATION,9c7454a7-b80c-4d19-b841-4c0343b75add,1,1000
4590033348,2025-08-24T17:24:04,430,9321.82,WAITING,611eefb3-ef38-4a2e-831a-15aff1dde8f8,1,4000
4533957457,2025-11-20T18:21:57,643,8418.12,WAITING,9ec93c76-9578-4947-a5ca-def516b026cb,5,2000
4580964588,2025-10-19T02:01:36,878,1947.86,QUOTATION,611eefb3-ef38-4a2e-831a-15aff1dde8f8,1,3000
4502852796,2025-09-01T15:54:11,368,6147.82,REJECTED,37bf8863-0046-49cb-a72c-f7e41661214b,5,3000
4538547726,2025-06-10T04:54:57,503,6373.46,WAITING,84aadcf6-499b-4416-9a35-3e546eb39a5c,5,4000
4597781677,2025-08-21T20:10:28,169,8593.79,APPROVED,daffc87a-fdb5-424e-9155-782c6cd1b731,3,4000
4567088585,2025-07-16T18:48:14,916,1818.31,APPROVED,8df0c99e-2745-44ae-94ee-ad79cb114fdb,5,4000
4567409103,2025-09-12T20:20:04,471,7399.16,WAITING,32149af9-a4f0-4e80-a73d-490a9faef06f,5,3000
4512423319,2025-11-23T09:27:08,623,1341.75,APPROVED,28d388a1-0e70-41d0-a8a1-abb9e3263b7b,2,1000
4541069755,2025-11-17T20:49:43,950,5722.07,REJECTED,fffeaf8f-4b6b-4357-a309-89f4769c36da,5,1000
4518152559,2025-10-05T11:03:11,368,2543.58,WAITING,e069016d-d217-4fbc-b438-1e8790b731fb,5,2000
4593905934,2025-08-08T04:24:05,907,7053.86,WAITING,d0d94739-009d-44aa-ae3d-8c35a65083c5,5,3000
4550225151,2025-06-09T23:45:39,432,6584.38,QUOTATION,51991c98-a328-457f-a862-0962b2d30ddc,1,3000
4592466285,2025-07-25T11:03:43,229,8543.65,QUOTATION,c40f8a37-9024-4fcd-80a6-7917301ba6bd,2,2000
4518086714,2025-10-03T22:29:49,944,689.53,WAITING,bcebc30c-15e5-48e2-9c32-c86d886f82a0,2,2000
4534440072,2025-06-04T01:44:07,983,5282.78,APPROVED,0a58bce2-1697-4c89-b568-ae280f33f982,1,2000
4539119432,2025-06-13T17:33:36,155,7310.5,QUOTATION,3d3527a9-4ef5-45d5-83c2-4178789f9921,3,3000
4552044811,2025-07-21T18:27:38,183,669.68,APPROVED,d0d94739-009d-44aa-ae3d-8c35a65083c5,1,3000
4581147055,2025-08-03T04:42:16,366,5510.42,REJECTED,dbce3e63-1a5c-4595-a1f9-d09c3d978567,3,1000
4543032940,2025-10-27T07:25:23,173,1538.09,APPROVED,0439439c-8945-42c4-b079-5340d85df97c,4,3000
4529283826,2025-10-01T01:53:56,893,8064.38,REJECTED,eb8e5632-45d0-47e9-bcc0-ee76bf030643,4,2000
4553524460,2025-09-21T10:00:51,659,2290.55,APPROVED,00a417fb-f2b9-4bb8-90c0-0787c3f2e3c7,3,3000
4592312939,2025-10-13T14:56:23,950,7233.99,QUOTATION,d7da1df8-a4af-4efe-a657-570c6d350470,2,3000
4571347216,2025-08-09T22:56:27,63,2937.14,APPROVED,a1ad3c2b-45ca-491c-8ef2-a64af7d19e43,4,1000
4563889832,2025-06-17T17:59:00,583,4088.19,WAITING,0439439c-8945-42c4-b079-5340d85df97c,1,3000
4534851172,2025-06-26T20:56:02,281,2388.6,QUOTATION,41f3b33b-8871-42fd-90d5-1d1d9f2d5aed,1,1000
4519493939,2025-08-22T03:16:31,609,2122.89,WAITING,0e752cfe-75ff-427d-8214-57710b509b33,5,1000
4561513470,2025-07-01T12:53:21,385,2227.8,APPROVED,134244b2-90f7-4d62-8488-d71e29828266,1,4000
4552058701,2025-07-08T17:08:02,549,263.73,WAITING,eb8e5632-45d0-47e9-bcc0-ee76bf030643,2,3000
4527047465,2025-10-18T02:42:07,123,5612.82,APPROVED,9c7454a7-b80c-4d19-b841-4c0343b75add,4,4000
4595125091,2025-08-09T12:07:11,313,5526.64,REJECTED,a1ad3c2b-45ca-491c-8ef2-a64af7d19e43,1,1000
4528104560,2025-07-09T21:26:45,166,3431.25,QUOTATION,110f8801-eea1-420d-98e6-dd439569747b,4,2000
4513330309,2025-06-23T14:56:49,750,3324.67,REJECTED,b0154cbb-c693-4062-88b9-a8acf4402b56,2,2000
4522048379,2025-09-25T15:12:08,983,76.28,APPROVED,ba3d4978-80db-4a12-9f06-e4c698936184,5,4000
4594551846,2025-07-18T20:46:23,673,7475.0,REJECTED,0a58bce2-1697-4c89-b568-ae280f33f982,2,4000
4577019587,2025-07-03T06:34:38,588,7470.56,QUOTATION,35672019-b6d1-42b4-b906-8819b248182e,3,4000
4553416257,2025-10-09T20:27:53,910,6248.53,QUOTATION,ba3d4978-80db-4a12-9f06-e4c698936184,4,3000
4579875839,2025-07-16T12:24:22,565,4151.89,WAITING,0b319577-4ab0-4684-b112-b27aad212cb1,2,1000
4594276077,2025-10-06T17:40:13,230,8573.07,REJECTED,17dffc12-ac1a-44ed-ad09-3c824851c624,3,3000
4515316457,2025-11-26T23:43:19,669,7491.08,WAITING,ebfe58ef-0dee-41d8-859e-ae2bff66e7fc,5,1000
4589105230,2025-07-16T20:06:12,899,1024.92,REJECTED,fcc9df1e-2761-4b55-8f60-015b21066d78,3,4000
4511025095,2025-09-12T06:32:56,790,1915.0,REJECTED,4a2d279e-2495-496f-80d9-bc5a45e3b6b4,2,3000
4545738170,2025-09-09T05:18:55,552,6623.93,QUOTATION,cea90057-5542-4a9f-8ad8-2fa263b39b7b,3,2000
4576884847,2025-10-12T00:03:55,850,2858.72,WAITING,2c6e3cb9-21cb-4de6-ae38-f117a3cbdfe2,2,1000
4501889140,2025-11-19T08:45:34,889,7832.33,REJECTED,51991c98-a328-457f-a862-0962b2d30ddc,3,4000
4596161926,2025-10-18T12:46:57,727,6996.16,WAITING,f524f9ee-95cb-4e66-a6c1-b58f8296e7f3,1,1000
4569502104,2025-11-22T21:11:09,673,4606.08,REJECTED,834a14f7-cbd7-4220-9587-cd61c93c8253,5,2000
4523130230,2025-08-07T13:19:16,53,5851.74,WAITING,9567383e-1921-4683-803b-509faa2bc9d5,5,4000
4545210590,2025-06-15T00:03:14,920,9425.67,APPROVED,e069016d-d217-4fbc-b438-1e8790b731fb,5,4000
4557641006,2025-07-06T15:49:35,654,9939.23,WAITING,05767575-2944-4457-9aa7-06e1dae2ae25,4,4000
4590292671,2025-06-26T13:52:50,863,2465.51,REJECTED,6c55f239-a4f0-4edd-afe8-02d129db9eda,5,2000
4504850368,2025-10-23T08:44:18,625,5803.17,REJECTED,e7ba4d18-37bf-472c-9d3a-7756c21a55c9,2,2000
4563872532,2025-11-07T05:33:05,843,2046.54,WAITING,d0d94739-009d-44aa-ae3d-8c35a65083c5,3,1000
4580848567,2025-11-23T14:47:17,61,8199.37,WAITING,bf599d91-442c-4e09-b5ae-b9f08a417d11,1,1000
4542441491,2025-07-14T20:52:59,134,8884.19,REJECTED,76fa0c16-dc3a-4a9b-b914-de6a0097f3dc,5,2000
4541789309,2025-06-25T11:19:22,732,7155.7,QUOTATION,74d238f7-61d4-41c6-9d51-b05f2eddcb36,3,2000
4543117925,2025-11-10T07:06:14,97,580.12,QUOTATION,c40f8a37-9024-4fcd-80a6-7917301ba6bd,2,3000
4541865670,2025-06-12T00:38:52,194,3830.01,QUOTATION,408c4fe5-9066-4997-8f1c-ad8daae4b1f6,1,2000
4551082894,2025-09-13T14:42:10,903,2877.19,APPROVED,0c328cd6-def4-4097-8b5d-ef9b4362cfd3,5,4000
4572614421,2025-07-09T10:37:36,394,9612.01,APPROVED,e069016d-d217-4fbc-b438-1e8790b731fb,4,1000
4583396221,2025-07-20T14:28:54,950,4987.35,QUOTATION,4029508a-afa4-4faf-b175-4bb65b8a4dbb,5,4000
4554503607,2025-11-27T03:28:21,782,4449.17,APPROVED,32149af9-a4f0-4e80-a73d-490a9faef06f,5,2000
4582735757,2025-10-14T09:29:26,438,4077.38,APPROVED,73df3d25-bcec-47a6-8d66-6b628e81ed2d,5,4000
4580746577,2025-08-07T20:10:05,1000,9563.41,WAITING,5c250769-58e7-4a67-92b8-05566aab2cd0,3,4000
4596171634,2025-08-23T12:38:02,307,7823.98,WAITING,f524f9ee-95cb-4e66-a6c1-b58f8296e7f3,3,1000
4521165169,2025-07-25T13:50:14,642,6453.32,QUOTATION,ba3d4978-80db-4a12-9f06-e4c698936184,3,2000
4514159803,2025-06-22T15:10:02,990,441.84,APPROVED,2c7b9d8a-6b92-4a21-a03e-024e434a203d,2,3000
4505165511,2025-10-12T20:29:25,929,1110.11,APPROVED,975480d4-8c15-44ba-8c55-a9938bdaa2c4,2,4000
4530477665,2025-08-10T00:05:24,35,4573.82,WAITING,e7ba4d18-37bf-472c-9d3a-7756c21a55c9,2,4000
4591413988,2025-10-19T18:18:32,49,3541.81,QUOTATION,73df3d25-bcec-47a6-8d66-6b628e81ed2d,4,1000
4574344195,2025-06-19T17:19:45,17,7100.58,APPROVED,da731710-48f7-4c02-8dd6-917ff4c62e3b,2,1000
4522300638,2025-08-01T07:55:48,610,4731.46,APPROVED,ebfe58ef-0dee-41d8-859e-ae2bff66e7fc,3,4000
4508034387,2025-10-08T02:12:32,567,5152.63,WAITING,f6979cad-3c89-4280-985d-d7f07aaa8c2b,1,4000
4502251030,2025-07-07T23:41:30,576,6256.57,QUOTATION,32149af9-a4f0-4e80-a73d-490a9faef06f,3,2000
4533176072,2025-06-19T07:26:40,172,1321.41,QUOTATION,2cf52c48-a37c-4244-a030-3fe16c443ecd,4,3000
4581447577,2025-10-04T18:08:49,464,3228.29,WAITING,32149af9-a4f0-4e80-a73d-490a9faef06f,4,3000
4518557264,2025-07-11T02:39:00,544,1939.53,QUOTATION,de541e55-b7b6-404a-8ce0-a6f1ea925750,3,1000
4523081703,2025-11-13T14:04:54,225,7535.78,QUOTATION,915bda23-d2b3-4bab-9d3b-0b701beb76fa,1,1000
4534523898,2025-07-17T18:26:40,285,9660.08,WAITING,c40f8a37-9024-4fcd-80a6-7917301ba6bd,1,4000
4544523232,2025-09-10T13:39:21,244,8028.5,QUOTATION,4a2d279e-2495-496f-80d9-bc5a45e3b6b4,1,2000
4584314644,2025-08-20T00:07:45,863,1267.17,QUOTATION,110f8801-eea1-420d-98e6-dd439569747b,4,4000
4594946710,2025-10-10T02:14:15,363,1958.71,APPROVED,2cf52c48-a37c-4244-a030-3fe16c443ecd,4,4000
4585427366,2025-07-27T21:27:18,312,8366.2,WAITING,da731710-48f7-4c02-8dd6-917ff4c62e3b,3,4000
4580299375,2025-11-01T08:58:19,830,9545.41,REJECTED,134244b2-90f7-4d62-8488-d71e29828266,5,4000
4599377330,2025-09-20T15:12:03,852,1311.9,QUOTATION,fcc9df1e-2761-4b55-8f60-015b21066d78,1,4000
4523673656,2025-08-05T07:39:39,535,1396.14,QUOTATION,daffc87a-fdb5-424e-9155-782c6cd1b731,2,4000
4568169109,2025-07-23T08:37:17,952,8102.72,APPROVED,77b34563-244c-46da-b014-af1a9c7fa9e4,2,4000
4591967383,2025-11-09T12:46:01,99,3529.7,REJECTED,bf599d91-442c-4e09-b5ae-b9f08a417d11,3,3000
4560411275,2025-08-16T15:01:10,778,6060.85,APPROVED,01bb5e4b-33d3-4db2-85a2-499f5c9e31b4,1,2000
4548725476,2025-09-08T03:18:35,759,2698.18,WAITING,791660af-f0db-4fbd-a3a4-86bd38182556,3,1000
4584521834,2025-07-15T02:13:38,507,2737.78,APPROVED,0a58bce2-1697-4c89-b568-ae280f33f982,5,4000
4561442564,2025-11-03T10:36:10,771,8851.26,QUOTATION,791660af-f0db-4fbd-a3a4-86bd38182556,5,3000
4525549702,2025-08-25T18:41:45,924,5100.61,REJECTED,110f8801-eea1-420d-98e6-dd439569747b,2,1000
4565169464,2025-11-21T17:58:59,353,7141.27,REJECTED,71b893be-0a75-41a7-9a52-bcdb771cc5ec,4,2000
4521815730,2025-06-04T06:08:30,448,3876.4,REJECTED,915bda23-d2b3-4bab-9d3b-0b701beb76fa,1,4000
4595724917,2025-07-13T13:40:14,877,4617.44,WAITING,41e46c83-90d4-4836-a022-b900a018b3fa,1,1000
4590559355,2025-09-14T17:45:59,861,8552.17,APPROVED,8ca5ca23-a910-469b-aec1-73bd31d74ba2,5,2000
4512966180,2025-10-26T12:52:06,853,2189.48,REJECTED,3d3527a9-4ef5-45d5-83c2-4178789f9921,2,1000
4543740830,2025-10-05T20:00:32,275,7730.3,WAITING,41f3b33b-8871-42fd-90d5-1d1d9f2d5aed,2,4000
4560718974,2025-06-26T18:55:38,886,6479.69,QUOTATION,8ca5ca23-a910-469b-aec1-73bd31d74ba2,4,1000
4510240297,2025-07-13T14:54:07,590,8689.55,QUOTATION,82ebf1b0-6982-4deb-ac51-c7a6d0a68c5d,1,4000
4529292517,2025-07-08T17:18:46,716,6223.79,QUOTATION,b020551c-5fe7-45ea-881a-6fa78332362d,5,2000
4581731600,2025-07-20T02:42:41,479,6123.31,QUOTATION,110f8801-eea1-420d-98e6-dd439569747b,4,1000
4521118344,2025-06-14T16:13:15,460,1358.04,QUOTATION,05767575-2944-4457-9aa7-06e1dae2ae25,2,2000
4517667785,2025-11-25T23:58:33,345,849.51,APPROVED,fcc9df1e-2761-4b55-8f60-015b21066d78,3,2000
4580973644,2025-08-24T03:03:52,633,2626.53,WAITING,a1ad3c2b-45ca-491c-8ef2-a64af7d19e43,5,4000
4560348579,2025-08-10T19:49:35,805,1628.53,WAITING,3f3292d8-3056-42da-9ec5-d080c252a223,3,1000
4567424052,2025-07-08T09:25:01,794,7690.83,WAITING,fcc9df1e-2761-4b55-8f60-015b21066d78,3,3000
4511738523,2025-11-27T22:55:41,464,8854.29,APPROVED,0439439c-8945-42c4-b079-5340d85df97c,2,1000
4595109421,2025-11-10T12:07:07,737,3882.74,REJECTED,2c6e3cb9-21cb-4de6-ae38-f117a3cbdfe2,5,4000
4555357639,2025-10-06T18:18:55,775,226.3,APPROVED,408c4fe5-9066-4997-8f1c-ad8daae4b1f6,5,1000
4538370250,2025-10-07T01:08:24,967,6727.7,QUOTATION,56ae9e46-c0b2-46ca-b51d-5686e00ce4a6,4,4000
4563537016,2025-07-08T14:28:25,401,1261.47,QUOTATION,05767575-2944-4457-9aa7-06e1dae2ae25,5,1000
4514011185,2025-06-04T01:02:28,253,8399.05,APPROVED,4029508a-afa4-4faf-b175-4bb65b8a4dbb,3,3000
4505367612,2025-07-05T04:29:49,629,1750.24,APPROVED,41f3b33b-8871-42fd-90d5-1d1d9f2d5aed,3,4000
4557529542,2025-08-04T10:19:46,118,1328.16,WAITING,cf11fe2a-443a-44e9-96b0-e6b91ddfa87d,3,4000
4596061338,2025-11-15T19:35:43,484,8602.02,APPROVED,9567383e-1921-4683-803b-509faa2bc9d5,1,1000
4530030185,2025-10-25T13:26:17,716,3047.01,QUOTATION,28d388a1-0e70-41d0-a8a1-abb9e3263b7b,2,3000
4528938141,2025-11-11T12:31:14,850,1098.68,QUOTATION,01bb5e4b-33d3-4db2-85a2-499f5c9e31b4,4,4000
4572026039,2025-09-28T20:02:48,374,8657.76,REJECTED,ebfe58ef-0dee-41d8-859e-ae2bff66e7fc,3,4000
4528094876,2025-07-11T08:45:22,13,2464.83,APPROVED,bcebc30c-15e5-48e2-9c32-c86d886f82a0,5,3000
4505476485,2025-07-19T00:03:43,509,9024.62,REJECTED,975480d4-8c15-44ba-8c55-a9938bdaa2c4,1,3000
4527874236,2025-06-27T05:04:04,774,1596.24,REJECTED,4a2d279e-2495-496f-80d9-bc5a45e3b6b4,3,3000
4507857793,2025-07-25T17:22:34,642,9006.17,WAITING,c40f8a37-9024-4fcd-80a6-7917301ba6bd,4,3000
4585427989,2025-11-12T05:16:42,900,6020.33,QUOTATION,134244b2-90f7-4d62-8488-d71e29828266,2,2000
4515783797,2025-08-27T11:31:46,106,4078.14,APPROVED,e069016d-d217-4fbc-b438-1e8790b731fb,1,1000
4575084116,2025-07-07T13:53:22,183,2074.42,APPROVED,a9da22e7-f42f-4428-9083-96395b7a7e9a,1,3000
4573290640,2025-07-28T15:06:41,421,1615.4,QUOTATION,5257f4f1-580e-4eb3-89f9-6cae458e4509,4,3000
4530973843,2025-09-03T13:07:28,308,4943.17,QUOTATION,651e8d5b-8636-4635-a934-6f9427d506b8,5,2000
4556029485,2025-09-20T09:46:45,693,5714.12,WAITING,31ac60a6-1bc1-442c-ae10-4a420f770538,1,4000
4508000669,2025-08-12T05:12:18,108,2482.65,REJECTED,f6dd041e-f994-407c-9a1b-2ee8a39b9b25,2,1000
4518586816,2025-06-04T12:53:30,358,7600.93,REJECTED,bcebc30c-15e5-48e2-9c32-c86d886f82a0,1,2000
4559027484,2025-07-27T16:58:34,590,5231.65,WAITING,651e8d5b-8636-4635-a934-6f9427d506b8,2,4000
4577297219,2025-09-01T01:39:57,382,8471.8,WAITING,ba3d4978-80db-4a12-9f06-e4c698936184,5,4000
4574041158,2025-07-19T09:40:35,207,5046.3,APPROVED,f524f9ee-95cb-4e66-a6c1-b58f8296e7f3,2,2000
4556184717,2025-09-06T04:03:23,302,6178.02,QUOTATION,2c7b9d8a-6b92-4a21-a03e-024e434a203d,3,3000
4545459966,2025-11-22T02:55:14,578,6609.66,WAITING,01bb5e4b-33d3-4db2-85a2-499f5c9e31b4,2,1000
4566481373,2025-11-15T20:30:44,620,6829.22,QUOTATION,2c6e3cb9-21cb-4de6-ae38-f117a3cbdfe2,5,4000
4533312815,2025-10-18T23:03:59,920,4149.12,QUOTATION,134244b2-90f7-4d62-8488-d71e29828266,4,2000
4540647577,2025-11-16T19:17:21,289,5722.63,REJECTED,01bb5e4b-33d3-4db2-85a2-499f5c9e31b4,3,4000
4582844801,2025-08-03T22:57:57,845,521.01,QUOTATION,134244b2-90f7-4d62-8488-d71e29828266,2,2000
4510240786,2025-10-09T09:16:57,222,5195.91,WAITING,ad64acbd-9045-44ec-9111-f6b3b90cb060,1,3000
4573633738,2025-07-21T13:52:32,860,2819.27,QUOTATION,daffc87a-fdb5-424e-9155-782c6cd1b731,1,2000
4534528411,2025-08-24T05:55:33,423,6506.79,APPROVED,ea38b7e1-b488-4873-ab04-3066d219b434,3,2000
4507717883,2025-10-07T23:14:56,696,6194.78,APPROVED,3f3292d8-3056-42da-9ec5-d080c252a223,2,1000
4534330217,2025-09-27T13:38:02,573,1060.36,APPROVED,d7da1df8-a4af-4efe-a657-570c6d350470,5,1000
4597106622,2025-10-24T15:00:37,475,2779.88,REJECTED,c40f8a37-9024-4fcd-80a6-7917301ba6bd,2,3000
4595836102,2025-09-20T01:51:11,588,6572.38,WAITING,62117371-6664-4e90-9e4c-e3939789c81a,4,2000
4564515706,2025-09-09T15:56:58,857,718.48,APPROVED,62117371-6664-4e90-9e4c-e3939789c81a,2,2000
4585782572,2025-06-25T22:22:22,880,5009.02,APPROVED,a9da22e7-f42f-4428-9083-96395b7a7e9a,4,2000
4582334230,2025-07-20T02:29:07,339,95.06,QUOTATION,17dffc12-ac1a-44ed-ad09-3c824851c624,2,2000
4569945547,2025-11-17T14:59:56,922,7912.4,APPROVED,8ca5ca23-a910-469b-aec1-73bd31d74ba2,5,2000
4522012922,2025-09-01T09:41:52,988,2246.93,APPROVED,f6dd041e-f994-407c-9a1b-2ee8a39b9b25,1,3000
4535815025,2025-10-21T04:58:41,299,7816.66,REJECTED,37bf8863-0046-49cb-a72c-f7e41661214b,4,2000
4595400649,2025-09-10T09:11:01,39,8513.69,WAITING,8ca5ca23-a910-469b-aec1-73bd31d74ba2,3,4000
4557170458,2025-09-26T12:43:03,27,5928.57,QUOTATION,fe53d2be-049c-47fa-871a-c4a8b1a10e40,2,1000
4565388800,2025-09-02T05:00:02,608,385.29,WAITING,5c250769-58e7-4a67-92b8-05566aab2cd0,5,1000
4585153474,2025-08-05T20:30:58,26,6819.63,QUOTATION,d7da1df8-a4af-4efe-a657-570c6d350470,1,2000
4559644904,2025-06-17T00:36:37,444,7990.95,APPROVED,fe53d2be-049c-47fa-871a-c4a8b1a10e40,1,3000
4505752995,2025-07-20T00:58:41,510,8510.24,QUOTATION,6c55f239-a4f0-4edd-afe8-02d129db9eda,2,1000
4573539439,2025-08-16T18:42:49,954,9669.08,REJECTED,daffc87a-fdb5-424e-9155-782c6cd1b731,1,4000
4537015556,2025-08-13T02:33:40,512,4612.51,QUOTATION,eb8e5632-45d0-47e9-bcc0-ee76bf030643,3,4000
4561655436,2025-08-19T02:40:56,533,9537.87,APPROVED,611eefb3-ef38-4a2e-831a-15aff1dde8f8,2,4000
4507766935,2025-07-03T19:43:35,573,3037.23,QUOTATION,fcc9df1e-2761-4b55-8f60-015b21066d78,2,3000
4515515858,2025-06-05T03:49:16,782,3701.1,REJECTED,77b34563-244c-46da-b014-af1a9c7fa9e4,2,4000
4503737225,2025-11-11T23:00:34,916,9050.01,WAITING,134244b2-90f7-4d62-8488-d71e29828266,4,2000
4518626179,2025-07-12T23:34:57,949,6938.47,WAITING,0e752cfe-75ff-427d-8214-57710b509b33,3,2000
4522294620,2025-10-06T23:29:25,872,3247.8,QUOTATION,76fa0c16-dc3a-4a9b-b914-de6a0097f3dc,2,3000
4566396732,2025-10-05T06:49:56,480,1460.04,REJECTED,134244b2-90f7-4d62-8488-d71e29828266,1,4000
4509833766,2025-07-14T14:11:00,400,2792.61,WAITING,9ec93c76-9578-4947-a5ca-def516b026cb,2,2000
4591799079,2025-06-07T15:14:05,534,4231.16,WAITING,fe53d2be-049c-47fa-871a-c4a8b1a10e40,5,3000
4502064440,2025-08-09T01:47:57,86,4588.74,QUOTATION,bcebc30c-15e5-48e2-9c32-c86d886f82a0,2,3000
4598228762,2025-06-01T22:27:32,131,4574.31,WAITING,6c55f239-a4f0-4edd-afe8-02d129db9eda,2,2000
4511428641,2025-07-28T03:05:31,928,5835.22,QUOTATION,12a301b9-4c71-4181-a853-d29be7b6bd18,2,3000
4519685021,2025-08-25T16:37:46,536,1801.92,WAITING,41f3b33b-8871-42fd-90d5-1d1d9f2d5aed,2,3000
4593480343,2025-10-28T12:21:50,351,3349.67,QUOTATION,f6979cad-3c89-4280-985d-d7f07aaa8c2b,1,4000
4516682902,2025-10-20T01:48:14,315,5335.44,REJECTED,384bae62-8ba8-4cac-b8ad-3df4e68bcafa,3,3000
4562068371,2025-07-26T22:43:52,361,2500.17,QUOTATION,e069016d-d217-4fbc-b438-1e8790b731fb,2,2000
4561913208,2025-10-15T21:21:44,949,4765.39,QUOTATION,12a301b9-4c71-4181-a853-d29be7b6bd18,3,1000
4572368436,2025-11-07T20:52:36,247,3178.92,APPROVED,d7da1df8-a4af-4efe-a657-570c6d350470,5,1000
4538356562,2025-07-18T04:15:13,882,3478.7,REJECTED,daffc87a-fdb5-424e-9155-782c6cd1b731,4,2000
4559173083,2025-09-26T17:00:25,787,6650.56,APPROVED,ea38b7e1-b488-4873-ab04-3066d219b434,4,4000
4524908435,2025-11-10T19:29:10,178,2639.57,REJECTED,62117371-6664-4e90-9e4c-e3939789c81a,1,4000
4515182043,2025-06-16T14:58:37,933,3283.07,REJECTED,35672019-b6d1-42b4-b906-8819b248182e,3,4000
4583123656,2025-11-13T23:38:25,648,2768.38,APPROVED,975480d4-8c15-44ba-8c55-a9938bdaa2c4,1,1000
4576562747,2025-08-26T17:42:29,586,2518.58,WAITING,daffc87a-fdb5-424e-9155-782c6cd1b731,2,4000
4530095858,2025-08-26T20:03:11,182,3532.1,QUOTATION,834a14f7-cbd7-4220-9587-cd61c93c8253,1,4000
4502224608,2025-08-13T19:32:41,441,3390.33,REJECTED,05767575-2944-4457-9aa7-06e1dae2ae25,4,3000
4517082784,2025-09-08T22:56:53,636,2626.63,QUOTATION,a1ad3c2b-45ca-491c-8ef2-a64af7d19e43,1,2000
4538875512,2025-11-18T02:16:03,435,9591.59,REJECTED,74d238f7-61d4-41c6-9d51-b05f2eddcb36,4,3000
4539229328,2025-08-20T13:47:18,151,127.76,REJECTED,32149af9-a4f0-4e80-a73d-490a9faef06f,5,1000
4581596490,2025-09-21T03:08:08,824,6105.66,QUOTATION,834a14f7-cbd7-4220-9587-cd61c93c8253,1,3000
4578246557,2025-09-09T03:44:07,386,8515.55,QUOTATION,bf599d91-442c-4e09-b5ae-b9f08a417d11,4,1000
4503812182,2025-07-12T10:56:57,903,3140.04,APPROVED,5257f4f1-580e-4eb3-89f9-6cae458e4509,2,2000
4532122472,2025-06-03T00:18:29,505,1985.8,REJECTED,56ae9e46-c0b2-46ca-b51d-5686e00ce4a6,1,1000
4585977669,2025-11-27T08:38:30,687,2717.81,QUOTATION,2c6e3cb9-21cb-4de6-ae38-f117a3cbdfe2,1,4000
4575892069,2025-08-14T19:30:24,209,2289.17,APPROVED,51991c98-a328-457f-a862-0962b2d30ddc,1,2000
4549683413,2025-08-16T08:40:22,25,7016.83,APPROVED,611eefb3-ef38-4a2e-831a-15aff1dde8f8,5,2000
4522460169,2025-07-09T07:58:06,935,8841.17,REJECTED,3d3527a9-4ef5-45d5-83c2-4178789f9921,2,2000
4545798749,2025-08-11T08:32:34,442,3385.6,REJECTED,5c250769-58e7-4a67-92b8-05566aab2cd0,4,4000
4522958533,2025-07-07T07:49:37,764,2767.98,REJECTED,408c4fe5-9066-4997-8f1c-ad8daae4b1f6,2,1000
4589714865,2025-09-19T02:33:22,119,4938.2,REJECTED,d5b6a98e-464a-4e85-ad1c-7fd6be7df835,2,4000
4507667813,2025-11-21T07:06:09,953,1533.11,QUOTATION,da731710-48f7-4c02-8dd6-917ff4c62e3b,3,1000
4582769258,2025-07-18T06:32:39,713,7534.17,APPROVED,a9da22e7-f42f-4428-9083-96395b7a7e9a,3,1000
4569486399,2025-10-25T12:19:54,866,7363.11,APPROVED,17dffc12-ac1a-44ed-ad09-3c824851c624,4,4000
4522426618,2025-08-18T23:09:45,446,3030.37,APPROVED,e069016d-d217-4fbc-b438-1e8790b731fb,5,2000
4521575809,2025-09-15T14:22:39,425,8748.25,REJECTED,0439439c-8945-42c4-b079-5340d85df97c,2,4000
4538150206,2025-11-21T23:09:20,133,4869.74,REJECTED,eb8e5632-45d0-47e9-bcc0-ee76bf030643,5,4000
4551626280,2025-09-25T16:32:55,451,6583.0,REJECTED,e7ba4d18-37bf-472c-9d3a-7756c21a55c9,1,3000
4582964487,2025-08-07T17:50:01,545,5361.75,WAITING,0f7e95f4-4fb9-4987-a1e1-5264880e721e,2,4000
4508417672,2025-06-22T02:50:12,163,218.45,REJECTED,ebfe58ef-0dee-41d8-859e-ae2bff66e7fc,2,1000
4570749842,2025-11-20T12:10:57,98,2685.24,REJECTED,3ee51816-f540-45e6-8401-474c5df84e78,3,2000
4569201791,2025-07-21T07:24:54,862,7702.91,WAITING,daffc87a-fdb5-424e-9155-782c6cd1b731,1,2000
4560065270,2025-11-24T23:50:16,354,7065.25,REJECTED,4a5df305-6d85-4b5a-81ca-b2a776017f8f,4,3000
4566820946,2025-06-23T14:57:35,256,5150.67,WAITING,31ac60a6-1bc1-442c-ae10-4a420f770538,5,3000
4575838034,2025-06-14T18:41:31,324,5044.26,QUOTATION,ba3d4978-80db-4a12-9f06-e4c698936184,1,3000
4541556296,2025-09-28T17:45:51,163,7713.25,QUOTATION,3341d7ea-5bed-42e4-82c2-18d0adfbcdf1,4,2000
4577995062,2025-08-27T01:10:13,666,3960.88,QUOTATION,6cc3c3b9-23fa-4969-8791-af89dedc62c9,2,1000
4596685193,2025-07-20T07:22:13,59,4222.27,REJECTED,37bf8863-0046-49cb-a72c-f7e41661214b,2,4000
4572873959,2025-08-27T12:57:01,970,5024.67,WAITING,28d388a1-0e70-41d0-a8a1-abb9e3263b7b,5,3000
4594303156,2025-07-15T07:18:05,846,5865.8,APPROVED,9ec93c76-9578-4947-a5ca-def516b026cb,2,2000
4593346938,2025-07-21T16:07:24,632,6874.76,REJECTED,0a58bce2-1697-4c89-b568-ae280f33f982,5,4000
4582621694,2025-08-23T21:51:12,321,4620.6,REJECTED,ea38b7e1-b488-4873-ab04-3066d219b434,4,2000
4537789906,2025-10-21T10:50:06,328,3606.13,QUOTATION,41e46c83-90d4-4836-a022-b900a018b3fa,2,1000
4597974509,2025-08-01T04:11:09,949,6077.78,QUOTATION,aa51a37d-2867-459b-8885-b5c8b161616a,4,2000
4573384256,2025-08-06T21:00:25,816,1473.59,REJECTED,d4dbba0a-2b26-4233-9017-bb25b2e860f3,1,1000
4588201128,2025-10-07T19:15:52,649,114.35,WAITING,d0d94739-009d-44aa-ae3d-8c35a65083c5,4,1000
4554807592,2025-07-15T19:02:21,584,9315.62,REJECTED,0c328cd6-def4-4097-8b5d-ef9b4362cfd3,2,4000
4564549938,2025-10-06T10:57:06,289,4190.11,REJECTED,651e8d5b-8636-4635-a934-6f9427d506b8,2,2000
4594436956,2025-06-02T05:22:06,524,5917.55,REJECTED,62117371-6664-4e90-9e4c-e3939789c81a,2,4000
4544339584,2025-09-20T11:29:14,909,6855.41,WAITING,5257f4f1-580e-4eb3-89f9-6cae458e4509,5,2000
4537512579,2025-10-23T22:50:44,411,1576.36,REJECTED,0c328cd6-def4-4097-8b5d-ef9b4362cfd3,1,3000
4590926580,2025-10-07T03:43:40,252,4412.18,REJECTED,41f3b33b-8871-42fd-90d5-1d1d9f2d5aed,2,3000
4555846131,2025-06-10T02:59:24,286,2314.11,APPROVED,834a14f7-cbd7-4220-9587-cd61c93c8253,5,4000
4521985695,2025-09-01T11:26:03,119,4106.51,WAITING,a9da22e7-f42f-4428-9083-96395b7a7e9a,4,3000
4597539063,2025-07-05T07:55:15,530,2003.4,QUOTATION,e069016d-d217-4fbc-b438-1e8790b731fb,4,1000
4511191446,2025-09-15T06:16:21,935,8262.99,APPROVED,a9da22e7-f42f-4428-9083-96395b7a7e9a,2,3000
4511057168,2025-10-14T09:46:57,67,9089.58,QUOTATION,9a109dc4-7be3-4aec-94bb-ede38f79ae14,1,4000
4522720284,2025-11-13T14:13:40,401,1764.35,REJECTED,28d388a1-0e70-41d0-a8a1-abb9e3263b7b,1,2000
4561159329,2025-07-18T22:12:41,418,558.04,WAITING,4029508a-afa4-4faf-b175-4bb65b8a4dbb,1,2000
4584955446,2025-11-03T16:41:03,504,2305.46,APPROVED,9c7454a7-b80c-4d19-b841-4c0343b75add,3,2000
4540155219,2025-08-14T20:10:36,314,8707.85,QUOTATION,76fa0c16-dc3a-4a9b-b914-de6a0097f3dc,2,2000
4542195847,2025-11-04T15:09:18,89,422.43,WAITING,a1a6e723-19c6-46fd-a584-917efe27f127,4,4000
4595664731,2025-09-26T21:49:52,655,8032.72,QUOTATION,9567383e-1921-4683-803b-509faa2bc9d5,2,4000
4594514152,2025-11-07T18:25:47,18,338.83,QUOTATION,ea38b7e1-b488-4873-ab04-3066d219b434,4,3000
4545252799,2025-09-12T16:45:25,655,8880.1,QUOTATION,dbce3e63-1a5c-4595-a1f9-d09c3d978567,1,4000
4502655512,2025-11-13T18:21:20,793,7645.93,QUOTATION,f6dd041e-f994-407c-9a1b-2ee8a39b9b25,1,1000
4526330608,2025-10-21T21:36:01,626,4068.51,REJECTED,62117371-6664-4e90-9e4c-e3939789c81a,1,2000
4593250383,2025-09-21T13:58:51,614,5684.17,APPROVED,c40f8a37-9024-4fcd-80a6-7917301ba6bd,2,2000
4542746241,2025-06-13T09:39:30,461,1856.23,APPROVED,3d3527a9-4ef5-45d5-83c2-4178789f9921,2,3000
4520467565,2025-10-02T02:04:20,177,9631.43,QUOTATION,eb8e5632-45d0-47e9-bcc0-ee76bf030643,3,2000
4508487352,2025-07-15T22:59:35,144,6913.9,REJECTED,00a417fb-f2b9-4bb8-90c0-0787c3f2e3c7,2,1000
4577342319,2025-08-01T09:31:18,510,3643.97,WAITING,31ac60a6-1bc1-442c-ae10-4a420f770538,3,1000
4570736627,2025-07-09T00:50:47,527,158.29,APPROVED,62117371-6664-4e90-9e4c-e3939789c81a,2,3000
4513727122,2025-10-13T22:37:54,689,891.14,QUOTATION,35672019-b6d1-42b4-b906-8819b248182e,1,3000
4527691055,2025-11-03T13:41:12,703,9292.17,QUOTATION,56ae9e46-c0b2-46ca-b51d-5686e00ce4a6,2,1000
4509691942,2025-08-09T16:12:17,51,7464.29,REJECTED,ce1eeb99-74a8-4547-b95c-345102c07d21,1,3000
4571416246,2025-07-20T01:45:03,447,3349.66,QUOTATION,134244b2-90f7-4d62-8488-d71e29828266,5,4000
4530500837,2025-09-02T06:41:57,222,718.92,QUOTATION,cea90057-5542-4a9f-8ad8-2fa263b39b7b,4,4000
4558554057,2025-07-01T10:10:06,72,1906.49,APPROVED,cf11fe2a-443a-44e9-96b0-e6b91ddfa87d,3,2000
4518795866,2025-06-17T06:20:36,509,1778.35,QUOTATION,2c7b9d8a-6b92-4a21-a03e-024e434a203d,5,3000
4595292645,2025-11-12T21:32:27,813,4546.94,APPROVED,ce1eeb99-74a8-4547-b95c-345102c07d21,5,4000
4561569789,2025-06-19T17:07:20,558,3887.09,QUOTATION,9a109dc4-7be3-4aec-94bb-ede38f79ae14,4,2000
4599617592,2025-10-08T17:36:23,930,8079.8,QUOTATION,3f3292d8-3056-42da-9ec5-d080c252a223,5,3000
4597338729,2025-06-16T15:53:07,84,4214.26,QUOTATION,41f3b33b-8871-42fd-90d5-1d1d9f2d5aed,4,3000
4595412488,2025-07-28T07:43:31,965,6002.42,WAITING,2c6e3cb9-21cb-4de6-ae38-f117a3cbdfe2,3,4000
4515154725,2025-11-07T00:53:50,748,8899.39,APPROVED,0b319577-4ab0-4684-b112-b27aad212cb1,5,1000
4586452558,2025-09-11T10:15:00,640,2698.96,APPROVED,a1a6e723-19c6-46fd-a584-917efe27f127,5,2000
4507367520,2025-10-15T20:58:46,58,1869.15,REJECTED,b020551c-5fe7-45ea-881a-6fa78332362d,4,1000
4537835196,2025-08-04T15:28:03,600,9616.42,REJECTED,3c65561d-5119-4985-87e7-48965fe9f62c,5,3000
4589451670,2025-09-24T05:42:15,856,2117.71,REJECTED,73df3d25-bcec-47a6-8d66-6b628e81ed2d,3,3000
4517080570,2025-08-15T07:35:49,668,7957.32,REJECTED,31ac60a6-1bc1-442c-ae10-4a420f770538,5,2000
4528488346,2025-11-10T04:53:51,785,4015.74,QUOTATION,15ddc72a-7103-4a88-a951-49c5aa75affd,4,3000
4599610068,2025-07-03T15:13:31,798,9788.0,QUOTATION,aa51a37d-2867-459b-8885-b5c8b161616a,3,4000
4510435274,2025-08-23T13:56:36,832,6882.11,QUOTATION,0439439c-8945-42c4-b079-5340d85df97c,5,2000
4565551395,2025-06-16T11:39:29,610,4177.76,QUOTATION,b577718c-a2a9-4f8a-a41c-7cac0d102aab,1,1000
4531263325,2025-10-20T01:28:07,777,9525.84,WAITING,4a5df305-6d85-4b5a-81ca-b2a776017f8f,3,1000
4581435363,2025-09-03T15:41:52,710,562.52,APPROVED,611eefb3-ef38-4a2e-831a-15aff1dde8f8,2,1000
4549532608,2025-08-06T21:16:02,290,7230.62,WAITING,791660af-f0db-4fbd-a3a4-86bd38182556,5,4000
4591347731,2025-06-14T21:32:20,516,5075.24,WAITING,01bb5e4b-33d3-4db2-85a2-499f5c9e31b4,2,3000
4594379167,2025-11-16T00:20:10,435,2452.5,APPROVED,f6dd041e-f994-407c-9a1b-2ee8a39b9b25,3,1000
4591548534,2025-09-01T12:38:51,209,9466.1,WAITING,b6bbc970-46d2-4ff4-9c52-80f378cfe8ea,3,3000
4502746008,2025-10-02T14:09:20,175,5265.08,QUOTATION,ba3d4978-80db-4a12-9f06-e4c698936184,5,2000
4562714316,2025-08-19T10:13:40,742,166.35,REJECTED,9ec93c76-9578-4947-a5ca-def516b026cb,2,2000
4514077806,2025-10-04T07:11:00,46,2851.24,APPROVED,ce1eeb99-74a8-4547-b95c-345102c07d21,5,4000
4567965578,2025-08-01T23:27:45,795,8880.14,WAITING,b577718c-a2a9-4f8a-a41c-7cac0d102aab,2,2000
4579419032,2025-07-04T11:29:23,254,1836.1,REJECTED,3ee51816-f540-45e6-8401-474c5df84e78,4,3000
4531873347,2025-10-05T00:34:10,267,6207.76,REJECTED,8df0c99e-2745-44ae-94ee-ad79cb114fdb,5,4000
4516441934,2025-07-07T17:07:41,8,9773.83,QUOTATION,51991c98-a328-457f-a862-0962b2d30ddc,4,1000
4537373687,2025-10-25T19:42:56,510,1577.27,QUOTATION,28d388a1-0e70-41d0-a8a1-abb9e3263b7b,5,2000
4503606430,2025-10-09T21:49:24,718,9413.75,REJECTED,0b319577-4ab0-4684-b112-b27aad212cb1,2,1000
4580439932,2025-10-01T23:04:30,669,607.09,REJECTED,41f3b33b-8871-42fd-90d5-1d1d9f2d5aed,3,3000
4585281268,2025-10-24T22:24:10,199,4743.41,REJECTED,9a109dc4-7be3-4aec-94bb-ede38f79ae14,2,2000
4589109405,2025-06-01T11:16:53,129,8068.45,APPROVED,6c55f239-a4f0-4edd-afe8-02d129db9eda,3,3000
4557755826,2025-09-28T23:26:02,183,6813.1,APPROVED,110f8801-eea1-420d-98e6-dd439569747b,4,4000
4540992843,2025-08-07T03:30:12,80,2538.04,QUOTATION,2c7b9d8a-6b92-4a21-a03e-024e434a203d,3,3000
4573704714,2025-09-21T14:15:22,978,2520.96,WAITING,fcc9df1e-2761-4b55-8f60-015b21066d78,3,1000
4532395198,2025-09-24T11:30:10,440,5848.19,APPROVED,bcebc30c-15e5-48e2-9c32-c86d886f82a0,1,3000
4519585173,2025-09-25T11:01:13,981,9630.26,QUOTATION,d5b6a98e-464a-4e85-ad1c-7fd6be7df835,4,1000
4525015780,2025-08-11T22:32:38,467,2588.86,REJECTED,110f8801-eea1-420d-98e6-dd439569747b,2,4000
4570591746,2025-10-19T05:08:53,499,4336.18,REJECTED,cf11fe2a-443a-44e9-96b0-e6b91ddfa87d,3,4000
4530181775,2025-10-23T07:24:15,704,4637.57,REJECTED,71b893be-0a75-41a7-9a52-bcdb771cc5ec,2,4000
4518449377,2025-10-03T12:34:40,47,8884.03,REJECTED,834a14f7-cbd7-4220-9587-cd61c93c8253,5,3000
4551662814,2025-09-24T01:01:45,548,6458.01,QUOTATION,3f3292d8-3056-42da-9ec5-d080c252a223,5,1000
4543678459,2025-11-27T04:58:08,872,1323.99,REJECTED,b577718c-a2a9-4f8a-a41c-7cac0d102aab,1,2000
4516227042,2025-10-03T07:07:01,298,75.73,WAITING,9567383e-1921-4683-803b-509faa2bc9d5,4,1000
4528679643,2025-06-03T12:11:56,534,8639.32,QUOTATION,74d238f7-61d4-41c6-9d51-b05f2eddcb36,5,1000
4534290402,2025-11-18T02:31:32,777,5899.22,WAITING,daffc87a-fdb5-424e-9155-782c6cd1b731,1,1000
4568460246,2025-10-09T13:57:53,49,899.21,APPROVED,32149af9-a4f0-4e80-a73d-490a9faef06f,1,4000
4541866008,2025-08-12T17:14:16,247,3086.88,QUOTATION,9a109dc4-7be3-4aec-94bb-ede38f79ae14,1,2000
4579874716,2025-08-12T03:33:51,63,102.0,WAITING,4029508a-afa4-4faf-b175-4bb65b8a4dbb,4,3000
4566143601,2025-07-25T07:40:32,479,3549.68,WAITING,b020551c-5fe7-45ea-881a-6fa78332362d,1,2000
4500438337,2025-06-21T12:39:14,475,752.35,WAITING,0a58bce2-1697-4c89-b568-ae280f33f982,3,1000
4563062158,2025-07-12T19:32:45,972,7812.98,QUOTATION,975480d4-8c15-44ba-8c55-a9938bdaa2c4,3,3000
4551859204,2025-11-27T12:57:35,933,166.58,REJECTED,a1ad3c2b-45ca-491c-8ef2-a64af7d19e43,3,1000
4554912640,2025-10-04T15:08:47,968,4237.84,QUOTATION,aa51a37d-2867-459b-8885-b5c8b161616a,2,1000
4572222107,2025-09-28T12:36:57,311,775.84,WAITING,56ae9e46-c0b2-46ca-b51d-5686e00ce4a6,2,2000
4594793423,2025-11-17T06:15:58,21,5341.61,REJECTED,17dffc12-ac1a-44ed-ad09-3c824851c624,5,4000
4575793208,2025-09-28T14:26:15,245,7033.74,QUOTATION,2c7b9d8a-6b92-4a21-a03e-024e434a203d,4,3000
4525980272,2025-08-13T13:39:25,574,697.45,WAITING,408c4fe5-9066-4997-8f1c-ad8daae4b1f6,5,2000
4518178598,2025-06-17T01:58:17,426,1187.64,WAITING,975480d4-8c15-44ba-8c55-a9938bdaa2c4,4,3000
4501948201,2025-06-22T19:08:18,638,459.98,QUOTATION,d7da1df8-a4af-4efe-a657-570c6d350470,3,2000
4527691371,2025-10-11T07:23:32,132,108.45,APPROVED,35672019-b6d1-42b4-b906-8819b248182e,5,3000
4545769279,2025-10-19T19:45:27,418,3792.64,APPROVED,4a2d279e-2495-496f-80d9-bc5a45e3b6b4,5,3000
4517155073,2025-11-26T07:12:15,278,3538.66,REJECTED,d7da1df8-a4af-4efe-a657-570c6d350470,3,4000
4510990695,2025-08-21T03:07:47,332,2698.38,QUOTATION,28d388a1-0e70-41d0-a8a1-abb9e3263b7b,5,4000
4519770077,2025-06-17T02:58:49,160,1716.33,WAITING,4a2d279e-2495-496f-80d9-bc5a45e3b6b4,4,1000
4537949131,2025-11-22T05:02:49,946,3929.21,QUOTATION,9ec93c76-9578-4947-a5ca-def516b026cb,4,4000
4518908404,2025-06-01T18:16:18,363,3617.49,REJECTED,2c7b9d8a-6b92-4a21-a03e-024e434a203d,4,4000
4544419187,2025-07-22T05:14:07,780,9075.46,APPROVED,3f3292d8-3056-42da-9ec5-d080c252a223,2,4000
4553669159,2025-07-24T10:31:50,438,3285.86,QUOTATION,ba3d4978-80db-4a12-9f06-e4c698936184,2,2000
4523411153,2025-10-19T19:52:36,315,1363.41,WAITING,3f3292d8-3056-42da-9ec5-d080c252a223,4,4000
4512037039,2025-11-27T16:53:42,850,1935.24,APPROVED,77b34563-244c-46da-b014-af1a9c7fa9e4,3,2000
4554504265,2025-11-28T09:06:02,89,6231.53,WAITING,37bf8863-0046-49cb-a72c-f7e41661214b,4,3000
4580686216,2025-07-03T10:34:01,833,1514.58,REJECTED,f6dd041e-f994-407c-9a1b-2ee8a39b9b25,5,2000
4530792183,2025-10-17T16:31:55,422,5321.67,QUOTATION,31ac60a6-1bc1-442c-ae10-4a420f770538,4,2000
4585193035,2025-09-18T01:37:45,546,8228.51,QUOTATION,12a301b9-4c71-4181-a853-d29be7b6bd18,1,1000
4504522133,2025-07-04T05:30:02,802,8060.48,WAITING,9fc109ea-2585-4c23-9329-2ccda2d964eb,3,4000
4567017567,2025-07-18T16:07:21,824,8532.38,APPROVED,32149af9-a4f0-4e80-a73d-490a9faef06f,1,3000
4589047482,2025-07-04T23:34:02,31,2731.24,WAITING,8ca5ca23-a910-469b-aec1-73bd31d74ba2,5,2000
4580914053,2025-06-25T19:46:13,359,2616.95,WAITING,b6bbc970-46d2-4ff4-9c52-80f378cfe8ea,2,3000
4504701738,2025-08-24T15:40:29,323,6843.12,REJECTED,ba3d4978-80db-4a12-9f06-e4c698936184,5,1000
4573850159,2025-09-22T11:43:45,210,1735.1,REJECTED,6cc3c3b9-23fa-4969-8791-af89dedc62c9,2,1000
4541624561,2025-08-15T00:53:54,221,4289.83,REJECTED,611eefb3-ef38-4a2e-831a-15aff1dde8f8,1,1000
4568744443,2025-11-13T02:32:18,279,8206.76,QUOTATION,12a301b9-4c71-4181-a853-d29be7b6bd18,4,4000
4593324254,2025-09-04T05:43:22,938,2849.33,REJECTED,f6979cad-3c89-4280-985d-d7f07aaa8c2b,3,2000
4518914534,2025-10-14T14:14:34,831,7399.37,QUOTATION,384bae62-8ba8-4cac-b8ad-3df4e68bcafa,3,4000
4562086975,2025-08-08T19:34:33,656,2139.52,REJECTED,73df3d25-bcec-47a6-8d66-6b628e81ed2d,4,1000
4546197723,2025-11-28T00:43:39,223,7944.17,APPROVED,3f3292d8-3056-42da-9ec5-d080c252a223,5,1000
4515633505,2025-08-28T20:32:42,917,6436.32,WAITING,3f3292d8-3056-42da-9ec5-d080c252a223,1,1000
4536124134,2025-08-18T02:22:23,357,6371.43,REJECTED,d4dbba0a-2b26-4233-9017-bb25b2e860f3,5,3000
4567835690,2025-07-03T04:31:04,150,5694.62,REJECTED,68681084-7b12-4fd9-9704-7da3802cb451,3,1000
4569227734,2025-07-18T11:12:29,838,2224.5,QUOTATION,35672019-b6d1-42b4-b906-8819b248182e,4,4000
4590496412,2025-11-04T03:08:18,283,2168.26,REJECTED,41e46c83-90d4-4836-a022-b900a018b3fa,5,4000
4576189980,2025-08-04T07:36:39,731,3158.9,REJECTED,01bb5e4b-33d3-4db2-85a2-499f5c9e31b4,2,3000
4548255508,2025-06-07T22:16:29,612,2840.43,REJECTED,00a417fb-f2b9-4bb8-90c0-0787c3f2e3c7,3,3000
4591870031,2025-10-12T07:54:53,758,4925.55,APPROVED,a1ad3c2b-45ca-491c-8ef2-a64af7d19e43,5,1000
4547569255,2025-06-26T11:18:01,38,5111.52,REJECTED,cf11fe2a-443a-44e9-96b0-e6b91ddfa87d,5,3000
4506894230,2025-10-06T16:19:16,568,489.65,REJECTED,82ebf1b0-6982-4deb-ac51-c7a6d0a68c5d,4,3000
4547959575,2025-11-28T17:27:22,841,9805.77,QUOTATION,ba3d4978-80db-4a12-9f06-e4c698936184,3,4000
4559286448,2025-10-13T12:11:12,6,2534.69,REJECTED,d5b6a98e-464a-4e85-ad1c-7fd6be7df835,1,2000
4548776402,2025-07-02T22:14:56,410,5118.0,APPROVED,110f8801-eea1-420d-98e6-dd439569747b,5,4000
4599793576,2025-09-20T06:47:12,662,6479.27,APPROVED,0f7e95f4-4fb9-4987-a1e1-5264880e721e,4,3000
4588596968,2025-07-01T14:12:38,547,3556.53,WAITING,3ee51816-f540-45e6-8401-474c5df84e78,3,2000
4591413518,2025-07-07T11:30:01,171,2129.05,WAITING,d4dbba0a-2b26-4233-9017-bb25b2e860f3,5,3000
4520823487,2025-10-12T09:50:13,555,6748.34,QUOTATION,dbce3e63-1a5c-4595-a1f9-d09c3d978567,3,1000
4539096096,2025-11-22T19:11:08,902,3502.4,APPROVED,17dffc12-ac1a-44ed-ad09-3c824851c624,3,3000
4504193089,2025-11-28T15:43:27,595,8078.35,QUOTATION,ea38b7e1-b488-4873-ab04-3066d219b434,4,1000
4506562729,2025-09-12T07:11:37,711,115.05,REJECTED,134244b2-90f7-4d62-8488-d71e29828266,3,2000
4532380038,2025-10-09T09:57:20,589,2842.45,REJECTED,0e752cfe-75ff-427d-8214-57710b509b33,4,3000
4578308421,2025-06-12T09:19:59,779,7529.53,REJECTED,4a2d279e-2495-496f-80d9-bc5a45e3b6b4,4,2000
4570967285,2025-11-16T18:36:56,397,465.6,QUOTATION,8df0c99e-2745-44ae-94ee-ad79cb114fdb,4,4000
4507159645,2025-08-07T17:11:12,515,7906.54,QUOTATION,ba5b8587-5d45-44ac-9e4e-16cb4b3afecc,4,3000
4537143507,2025-06-24T23:53:08,349,907.11,WAITING,de541e55-b7b6-404a-8ce0-a6f1ea925750,3,2000
4505032732,2025-11-12T20:46:09,539,6244.99,APPROVED,651e8d5b-8636-4635-a934-6f9427d506b8,2,2000
4599859044,2025-10-06T14:13:09,572,5499.54,WAITING,9ec93c76-9578-4947-a5ca-def516b026cb,2,2000
4571486998,2025-10-02T03:10:11,549,3178.2,REJECTED,62117371-6664-4e90-9e4c-e3939789c81a,2,4000
4590107281,2025-07-06T12:16:44,104,8354.2,WAITING,41e46c83-90d4-4836-a022-b900a018b3fa,2,1000
4573230469,2025-06-21T02:54:38,57,7413.21,APPROVED,6c55f239-a4f0-4edd-afe8-02d129db9eda,3,3000
4525381409,2025-11-23T23:54:49,514,5560.82,REJECTED,71b893be-0a75-41a7-9a52-bcdb771cc5ec,5,2000
4550032485,2025-11-25T21:10:43,809,6443.88,REJECTED,b0154cbb-c693-4062-88b9-a8acf4402b56,5,2000
4555775065,2025-09-03T09:21:12,351,4804.78,WAITING,d0d94739-009d-44aa-ae3d-8c35a65083c5,4,2000
4593495678,2025-08-11T06:10:36,764,4369.95,REJECTED,d7da1df8-a4af-4efe-a657-570c6d350470,4,3000
4546938899,2025-07-28T22:11:00,600,7106.96,REJECTED,daffc87a-fdb5-424e-9155-782c6cd1b731,2,4000
4573223917,2025-08-22T20:34:48,389,804.06,QUOTATION,0e752cfe-75ff-427d-8214-57710b509b33,5,1000
4503945713,2025-10-12T11:22:09,476,839.48,WAITING,82ebf1b0-6982-4deb-ac51-c7a6d0a68c5d,5,4000
4506680104,2025-06-23T11:21:04,876,1545.25,WAITING,fffeaf8f-4b6b-4357-a309-89f4769c36da,4,2000
4569447993,2025-08-01T08:57:20,940,7666.01,REJECTED,e069016d-d217-4fbc-b438-1e8790b731fb,3,4000
4570371038,2025-09-04T04:23:13,517,7060.97,WAITING,01bb5e4b-33d3-4db2-85a2-499f5c9e31b4,1,3000
4590038537,2025-07-27T14:20:54,380,8293.29,REJECTED,da731710-48f7-4c02-8dd6-917ff4c62e3b,5,2000
4527406972,2025-06-18T11:01:09,157,5792.85,QUOTATION,134244b2-90f7-4d62-8488-d71e29828266,3,4000
4507375642,2025-07-17T13:25:14,347,1418.71,APPROVED,0e752cfe-75ff-427d-8214-57710b509b33,1,2000
4590591317,2025-06-22T09:02:12,168,7851.51,REJECTED,ba5b8587-5d45-44ac-9e4e-16cb4b3afecc,3,4000
4501455449,2025-09-10T07:46:14,501,4275.86,REJECTED,d0d94739-009d-44aa-ae3d-8c35a65083c5,2,4000
4551926650,2025-07-27T06:05:51,597,6498.28,APPROVED,0c328cd6-def4-4097-8b5d-ef9b4362cfd3,5,3000
4552511110,2025-10-03T03:18:09,912,3566.41,REJECTED,d7da1df8-a4af-4efe-a657-570c6d350470,2,1000
4588427323,2025-06-25T05:16:21,394,6691.79,QUOTATION,17dffc12-ac1a-44ed-ad09-3c824851c624,1,1000
4565563998,2025-07-07T13:16:34,522,3562.29,WAITING,d0d94739-009d-44aa-ae3d-8c35a65083c5,3,3000
4509991060,2025-10-18T02:58:57,722,1610.02,WAITING,6cc3c3b9-23fa-4969-8791-af89dedc62c9,4,1000
4519126585,2025-08-20T13:13:37,620,2364.72,QUOTATION,a1ad3c2b-45ca-491c-8ef2-a64af7d19e43,2,3000
4516724452,2025-09-09T23:31:10,624,1131.3,WAITING,dbce3e63-1a5c-4595-a1f9-d09c3d978567,2,4000
4555174556,2025-07-05T18:58:55,365,960.1,WAITING,b6bbc970-46d2-4ff4-9c52-80f378cfe8ea,4,2000
4547666381,2025-09-19T17:42:30,513,3482.31,QUOTATION,35672019-b6d1-42b4-b906-8819b248182e,5,1000
4543262554,2025-07-11T11:46:24,410,4803.2,WAITING,bf599d91-442c-4e09-b5ae-b9f08a417d11,5,1000
4547884413,2025-10-23T20:05:45,360,1160.11,QUOTATION,e7ba4d18-37bf-472c-9d3a-7756c21a55c9,2,2000
4535522565,2025-06-16T04:45:22,66,5246.55,APPROVED,b577718c-a2a9-4f8a-a41c-7cac0d102aab,5,4000
4563918767,2025-08-01T18:36:37,690,8102.83,APPROVED,32149af9-a4f0-4e80-a73d-490a9faef06f,5,2000
4598797080,2025-07-04T14:46:53,148,6628.91,QUOTATION,41f3b33b-8871-42fd-90d5-1d1d9f2d5aed,2,1000
4587600784,2025-06-12T03:52:06,332,7969.94,WAITING,daffc87a-fdb5-424e-9155-782c6cd1b731,1,2000
4571850984,2025-11-20T04:00:25,99,5903.9,WAITING,00a417fb-f2b9-4bb8-90c0-0787c3f2e3c7,2,4000
4513969023,2025-06-28T03:42:25,945,3502.24,WAITING,9fc109ea-2585-4c23-9329-2ccda2d964eb,5,2000
4550480318,2025-08-27T12:09:10,907,2553.74,APPROVED,a1a6e723-19c6-46fd-a584-917efe27f127,3,3000
4584699173,2025-10-18T12:44:42,389,7933.84,WAITING,d7da1df8-a4af-4efe-a657-570c6d350470,2,4000
4580076107,2025-11-03T10:53:30,853,4760.13,WAITING,00a417fb-f2b9-4bb8-90c0-0787c3f2e3c7,5,3000
4525534434,2025-07-18T19:26:28,57,1167.33,REJECTED,a9da22e7-f42f-4428-9083-96395b7a7e9a,4,1000
4540263690,2025-07-27T17:23:34,666,6470.73,APPROVED,aa51a37d-2867-459b-8885-b5c8b161616a,4,1000
4526107011,2025-08-26T12:35:20,725,2576.86,REJECTED,0f7e95f4-4fb9-4987-a1e1-5264880e721e,4,1000
4563446802,2025-09-11T13:42:05,957,6768.06,REJECTED,d5b6a98e-464a-4e85-ad1c-7fd6be7df835,2,3000
4541371885,2025-08-25T01:49:48,469,1322.23,WAITING,cf11fe2a-443a-44e9-96b0-e6b91ddfa87d,2,4000
4562611299,2025-07-15T03:01:21,758,6457.03,WAITING,f524f9ee-95cb-4e66-a6c1-b58f8296e7f3,2,1000
4550016557,2025-07-21T15:00:00,217,864.96,APPROVED,56ae9e46-c0b2-46ca-b51d-5686e00ce4a6,2,1000
4572644176,2025-06-23T12:49:20,280,4092.94,WAITING,6c55f239-a4f0-4edd-afe8-02d129db9eda,4,4000
4568602883,2025-11-20T03:08:50,303,8694.85,QUOTATION,3f3292d8-3056-42da-9ec5-d080c252a223,4,2000
4561918818,2025-10-13T02:44:15,797,6596.47,REJECTED,cea90057-5542-4a9f-8ad8-2fa263b39b7b,2,2000
4508308520,2025-10-14T13:15:29,843,1609.09,APPROVED,62117371-6664-4e90-9e4c-e3939789c81a,2,2000
4548562738,2025-06-09T22:46:35,856,9242.49,REJECTED,2ab670e8-49e3-4a95-9871-d937f77b5927,4,1000
4570623474,2025-11-19T11:00:00,693,714.81,QUOTATION,77b34563-244c-46da-b014-af1a9c7fa9e4,1,2000
4586908729,2025-08-01T18:18:56,104,2487.84,APPROVED,408c4fe5-9066-4997-8f1c-ad8daae4b1f6,5,1000
4504352838,2025-06-25T05:14:30,376,5777.84,WAITING,b6bbc970-46d2-4ff4-9c52-80f378cfe8ea,1,4000
4546849648,2025-06-28T15:19:01,690,7087.54,APPROVED,dbce3e63-1a5c-4595-a1f9-d09c3d978567,1,1000
4560690666,2025-06-17T06:16:47,362,6623.11,REJECTED,e7ba4d18-37bf-472c-9d3a-7756c21a55c9,3,2000
4524404527,2025-08-01T22:16:17,518,1821.21,APPROVED,d7da1df8-a4af-4efe-a657-570c6d350470,1,3000
4507820104,2025-08-05T14:20:21,354,8889.26,APPROVED,4a5df305-6d85-4b5a-81ca-b2a776017f8f,4,3000
4513832720,2025-07-09T15:02:32,965,2973.17,APPROVED,611eefb3-ef38-4a2e-831a-15aff1dde8f8,2,4000
4594007201,2025-10-25T09:59:51,449,8155.86,REJECTED,b020551c-5fe7-45ea-881a-6fa78332362d,2,2000
4504528285,2025-07-06T06:31:21,328,8021.17,QUOTATION,cf11fe2a-443a-44e9-96b0-e6b91ddfa87d,3,3000
4523166978,2025-07-07T17:19:54,412,4304.36,APPROVED,ebfe58ef-0dee-41d8-859e-ae2bff66e7fc,1,1000
4595966125,2025-07-16T15:31:55,506,5321.71,WAITING,84aadcf6-499b-4416-9a35-3e546eb39a5c,2,1000
4590662624,2025-10-21T21:39:08,35,5058.15,REJECTED,e7ba4d18-37bf-472c-9d3a-7756c21a55c9,5,4000
4552535118,2025-10-23T08:53:42,776,2460.09,QUOTATION,9567383e-1921-4683-803b-509faa2bc9d5,3,4000
4511572361,2025-08-02T07:57:04,460,2447.36,APPROVED,ba5b8587-5d45-44ac-9e4e-16cb4b3afecc,1,1000
4533222257,2025-06-05T10:35:00,772,3695.3,APPROVED,cea90057-5542-4a9f-8ad8-2fa263b39b7b,3,1000
4541319927,2025-06-26T15:44:05,277,7763.77,QUOTATION,a1ad3c2b-45ca-491c-8ef2-a64af7d19e43,2,1000
4567041781,2025-11-19T23:45:31,511,2683.66,WAITING,ad64acbd-9045-44ec-9111-f6b3b90cb060,4,4000
4514534315,2025-06-11T00:04:47,775,9312.04,APPROVED,bcebc30c-15e5-48e2-9c32-c86d886f82a0,3,2000
4569266381,2025-09-04T11:09:40,517,6695.73,WAITING,41f3b33b-8871-42fd-90d5-1d1d9f2d5aed,1,3000
4595010155,2025-11-11T01:22:55,963,7498.66,REJECTED,fcc9df1e-2761-4b55-8f60-015b21066d78,5,2000
4546789782,2025-10-04T15:07:40,324,5681.72,WAITING,9ec93c76-9578-4947-a5ca-def516b026cb,2,2000
4533986720,2025-10-24T14:36:32,678,610.46,QUOTATION,0e752cfe-75ff-427d-8214-57710b509b33,5,4000
4524919511,2025-07-05T13:38:28,83,2413.53,QUOTATION,dbce3e63-1a5c-4595-a1f9-d09c3d978567,4,1000
4526898149,2025-10-16T04:31:06,747,1726.64,QUOTATION,a1a6e723-19c6-46fd-a584-917efe27f127,5,2000
4584667190,2025-06-12T15:00:47,614,3716.89,WAITING,77b34563-244c-46da-b014-af1a9c7fa9e4,3,1000
4541899784,2025-10-09T14:53:26,584,6223.62,REJECTED,74d238f7-61d4-41c6-9d51-b05f2eddcb36,4,4000
4552975552,2025-08-14T08:01:30,599,4769.09,WAITING,0b319577-4ab0-4684-b112-b27aad212cb1,3,4000
4541535569,2025-11-04T13:25:56,987,4535.81,APPROVED,37bf8863-0046-49cb-a72c-f7e41661214b,4,4000
4588053394,2025-08-23T11:56:56,508,2007.74,WAITING,01bb5e4b-33d3-4db2-85a2-499f5c9e31b4,2,2000
4553064480,2025-07-23T17:15:18,236,9095.55,REJECTED,611eefb3-ef38-4a2e-831a-15aff1dde8f8,5,3000
4579850132,2025-07-08T22:55:21,666,3244.09,QUOTATION,fcc9df1e-2761-4b55-8f60-015b21066d78,3,3000
4586549042,2025-11-18T00:20:47,607,122.43,APPROVED,d7da1df8-a4af-4efe-a657-570c6d350470,3,2000
4582912278,2025-10-13T14:21:55,582,4406.11,REJECTED,3d3527a9-4ef5-45d5-83c2-4178789f9921,5,2000
4545493303,2025-07-06T21:12:25,402,7773.33,WAITING,84aadcf6-499b-4416-9a35-3e546eb39a5c,5,2000
4570614105,2025-08-09T07:15:34,590,8104.12,APPROVED,791660af-f0db-4fbd-a3a4-86bd38182556,5,1000
4531585567,2025-11-03T20:01:45,250,9317.78,WAITING,9a109dc4-7be3-4aec-94bb-ede38f79ae14,5,1000
4577423614,2025-07-01T11:29:59,815,3597.26,WAITING,cf11fe2a-443a-44e9-96b0-e6b91ddfa87d,3,3000
4562565577,2025-08-06T07:05:23,170,3463.64,REJECTED,32149af9-a4f0-4e80-a73d-490a9faef06f,2,1000
4564038250,2025-09-04T08:31:24,124,8843.14,QUOTATION,eb8e5632-45d0-47e9-bcc0-ee76bf030643,2,4000
4595901930,2025-09-28T17:12:06,143,768.75,REJECTED,4a5df305-6d85-4b5a-81ca-b2a776017f8f,1,4000
4595832607,2025-10-18T15:23:46,948,2413.85,QUOTATION,3f3292d8-3056-42da-9ec5-d080c252a223,2,4000
4554629812,2025-08-03T08:45:31,84,556.68,QUOTATION,84aadcf6-499b-4416-9a35-3e546eb39a5c,3,3000
4517938764,2025-07-17T14:39:31,729,4567.38,QUOTATION,a1ad3c2b-45ca-491c-8ef2-a64af7d19e43,1,3000
4544814257,2025-09-13T13:09:04,446,4337.65,APPROVED,aa51a37d-2867-459b-8885-b5c8b161616a,2,2000
4518697751,2025-10-03T02:27:33,594,7287.99,QUOTATION,2ab670e8-49e3-4a95-9871-d937f77b5927,5,3000
4566430589,2025-06-09T22:52:00,805,8407.42,QUOTATION,00a417fb-f2b9-4bb8-90c0-0787c3f2e3c7,2,2000
4528762554,2025-08-10T09:51:35,84,6151.94,WAITING,62117371-6664-4e90-9e4c-e3939789c81a,2,1000
4582402696,2025-07-12T05:37:47,548,6151.59,WAITING,4a2d279e-2495-496f-80d9-bc5a45e3b6b4,1,2000
4544146182,2025-11-26T15:12:24,956,9918.77,WAITING,bf599d91-442c-4e09-b5ae-b9f08a417d11,1,1000
4556582241,2025-06-11T09:08:56,845,3831.85,REJECTED,84aadcf6-499b-4416-9a35-3e546eb39a5c,4,3000
4551611417,2025-11-01T21:23:39,802,4084.45,APPROVED,15ddc72a-7103-4a88-a951-49c5aa75affd,5,3000
4523305972,2025-09-01T01:31:32,126,430.04,QUOTATION,4029508a-afa4-4faf-b175-4bb65b8a4dbb,2,2000
4569444993,2025-10-12T21:54:14,523,187.3,APPROVED,2ab670e8-49e3-4a95-9871-d937f77b5927,1,4000
4566308799,2025-06-28T10:44:15,13,7401.96,QUOTATION,3c65561d-5119-4985-87e7-48965fe9f62c,3,2000
4505082892,2025-10-22T22:22:44,454,661.24,APPROVED,2c6e3cb9-21cb-4de6-ae38-f117a3cbdfe2,1,3000
4576497583,2025-08-04T17:47:31,224,8191.64,REJECTED,0c328cd6-def4-4097-8b5d-ef9b4362cfd3,3,3000
4514062244,2025-11-05T11:58:29,844,2659.87,QUOTATION,0e752cfe-75ff-427d-8214-57710b509b33,5,3000
4527580624,2025-11-07T23:06:28,998,940.51,APPROVED,915bda23-d2b3-4bab-9d3b-0b701beb76fa,3,2000
4551160151,2025-08-14T07:57:09,395,6853.16,QUOTATION,9fc109ea-2585-4c23-9329-2ccda2d964eb,4,1000
4552048145,2025-09-21T16:27:28,116,8456.06,APPROVED,76fa0c16-dc3a-4a9b-b914-de6a0097f3dc,4,3000
4533002399,2025-10-16T07:06:46,148,7428.99,QUOTATION,0b319577-4ab0-4684-b112-b27aad212cb1,5,1000
4587164434,2025-07-18T21:17:40,888,1079.79,REJECTED,aa51a37d-2867-459b-8885-b5c8b161616a,1,3000
4586919074,2025-08-26T04:36:36,423,4421.26,WAITING,d5b6a98e-464a-4e85-ad1c-7fd6be7df835,2,3000
4553119592,2025-08-03T14:48:08,836,6313.35,WAITING,b020551c-5fe7-45ea-881a-6fa78332362d,4,2000
4551818918,2025-10-24T02:54:43,406,8394.24,REJECTED,0c328cd6-def4-4097-8b5d-ef9b4362cfd3,2,4000
4560475326,2025-11-06T12:18:02,24,520.63,REJECTED,134244b2-90f7-4d62-8488-d71e29828266,1,4000
4526143206,2025-10-09T21:19:46,942,4233.68,APPROVED,ea38b7e1-b488-4873-ab04-3066d219b434,2,3000
4503892576,2025-11-06T15:27:21,65,4441.82,WAITING,0c328cd6-def4-4097-8b5d-ef9b4362cfd3,2,2000
4579989119,2025-10-13T16:47:14,834,1385.98,APPROVED,cea90057-5542-4a9f-8ad8-2fa263b39b7b,3,4000
4590824465,2025-07-24T17:37:29,658,346.78,REJECTED,0a58bce2-1697-4c89-b568-ae280f33f982,2,4000
4506642021,2025-06-18T20:33:17,225,8734.24,REJECTED,651e8d5b-8636-4635-a934-6f9427d506b8,4,4000
4546972065,2025-08-09T09:16:20,942,3035.88,QUOTATION,77b34563-244c-46da-b014-af1a9c7fa9e4,5,3000
4535695699,2025-09-20T20:57:04,88,3688.87,REJECTED,834a14f7-cbd7-4220-9587-cd61c93c8253,3,2000
4557810927,2025-08-18T13:43:42,29,7548.0,APPROVED,01bb5e4b-33d3-4db2-85a2-499f5c9e31b4,4,4000
4541143557,2025-06-09T22:16:56,443,7444.46,REJECTED,12a301b9-4c71-4181-a853-d29be7b6bd18,1,3000
4553958833,2025-11-15T02:40:43,762,5236.28,REJECTED,35672019-b6d1-42b4-b906-8819b248182e,3,2000
4537935451,2025-09-07T20:12:05,401,2662.25,QUOTATION,b6bbc970-46d2-4ff4-9c52-80f378cfe8ea,1,2000
4587160449,2025-10-08T16:15:45,660,3882.23,REJECTED,5257f4f1-580e-4eb3-89f9-6cae458e4509,1,2000
4572550977,2025-09-16T01:23:58,146,5184.05,REJECTED,31ac60a6-1bc1-442c-ae10-4a420f770538,1,2000
4517006122,2025-06-12T20:16:38,886,6050.94,APPROVED,9fc109ea-2585-4c23-9329-2ccda2d964eb,5,1000
4594982005,2025-11-09T01:24:57,991,3350.48,WAITING,ebfe58ef-0dee-41d8-859e-ae2bff66e7fc,2,2000
4513028661,2025-06-02T06:54:26,596,5511.53,REJECTED,01bb5e4b-33d3-4db2-85a2-499f5c9e31b4,3,1000
4560234613,2025-09-10T00:19:18,527,6430.54,REJECTED,fcc9df1e-2761-4b55-8f60-015b21066d78,4,2000
4547815512,2025-10-23T14:02:01,116,7092.85,APPROVED,71b893be-0a75-41a7-9a52-bcdb771cc5ec,5,2000
4516834578,2025-07-11T19:27:01,89,2639.78,QUOTATION,4029508a-afa4-4faf-b175-4bb65b8a4dbb,4,2000
4536820730,2025-09-27T09:55:27,320,8309.96,WAITING,56ae9e46-c0b2-46ca-b51d-5686e00ce4a6,3,4000
4583903662,2025-06-20T09:27:29,394,3112.33,REJECTED,c40f8a37-9024-4fcd-80a6-7917301ba6bd,3,1000
4528185874,2025-10-03T10:48:11,945,4119.65,WAITING,de541e55-b7b6-404a-8ce0-a6f1ea925750,4,3000
4504192219,2025-07-10T19:36:35,729,9263.38,REJECTED,6c55f239-a4f0-4edd-afe8-02d129db9eda,1,2000
4585439523,2025-08-01T15:54:37,925,726.79,QUOTATION,8ca5ca23-a910-469b-aec1-73bd31d74ba2,2,1000
4500950443,2025-07-08T12:11:03,363,2382.35,QUOTATION,71b893be-0a75-41a7-9a52-bcdb771cc5ec,2,3000
4588062262,2025-11-21T12:56:17,397,919.74,QUOTATION,b0154cbb-c693-4062-88b9-a8acf4402b56,2,3000
4522750612,2025-11-05T01:26:56,191,9640.66,APPROVED,4a2d279e-2495-496f-80d9-bc5a45e3b6b4,2,3000
4568690457,2025-07-26T01:08:33,601,5593.01,APPROVED,51991c98-a328-457f-a862-0962b2d30ddc,2,1000
4578009961,2025-06-03T10:40:40,863,5581.3,WAITING,f6dd041e-f994-407c-9a1b-2ee8a39b9b25,2,1000
4591570706,2025-06-25T16:25:18,851,8802.89,WAITING,00a417fb-f2b9-4bb8-90c0-0787c3f2e3c7,3,2000
4500073569,2025-11-02T23:08:09,174,606.11,REJECTED,d7da1df8-a4af-4efe-a657-570c6d350470,2,2000
4586389767,2025-08-22T11:36:41,681,9969.52,WAITING,a1a6e723-19c6-46fd-a584-917efe27f127,2,1000
4528691769,2025-10-21T00:58:25,529,2368.32,QUOTATION,3c65561d-5119-4985-87e7-48965fe9f62c,5,4000
4535172414,2025-09-05T22:23:43,776,8192.35,WAITING,f524f9ee-95cb-4e66-a6c1-b58f8296e7f3,3,3000
4579245566,2025-10-11T23:36:48,816,4478.8,WAITING,76fa0c16-dc3a-4a9b-b914-de6a0097f3dc,1,4000
4573116818,2025-07-24T20:23:19,980,8144.3,QUOTATION,791660af-f0db-4fbd-a3a4-86bd38182556,2,1000
4530721053,2025-09-22T11:34:41,226,6316.38,REJECTED,f524f9ee-95cb-4e66-a6c1-b58f8296e7f3,2,4000
4565097665,2025-09-12T21:24:21,537,8606.53,WAITING,84aadcf6-499b-4416-9a35-3e546eb39a5c,3,2000
4516993821,2025-09-22T15:52:41,253,89.28,WAITING,62117371-6664-4e90-9e4c-e3939789c81a,4,3000
4519390609,2025-06-07T01:58:19,706,146.04,QUOTATION,834a14f7-cbd7-4220-9587-cd61c93c8253,5,4000
4586329644,2025-08-15T10:43:06,779,7382.09,REJECTED,32149af9-a4f0-4e80-a73d-490a9faef06f,1,1000
4517021366,2025-07-06T12:54:34,529,8870.78,QUOTATION,ea38b7e1-b488-4873-ab04-3066d219b434,3,2000
4531456346,2025-07-01T14:20:20,221,6540.73,APPROVED,3c65561d-5119-4985-87e7-48965fe9f62c,1,4000
4554178714,2025-11-14T23:46:20,240,901.45,APPROVED,e7ba4d18-37bf-472c-9d3a-7756c21a55c9,2,2000
4589893167,2025-10-04T12:17:55,235,8235.37,WAITING,fcc9df1e-2761-4b55-8f60-015b21066d78,2,1000
4587717020,2025-09-11T17:53:02,519,5500.15,REJECTED,eb8e5632-45d0-47e9-bcc0-ee76bf030643,4,4000
4536771442,2025-08-24T11:52:03,736,5216.6,WAITING,611eefb3-ef38-4a2e-831a-15aff1dde8f8,2,2000
4558605952,2025-06-27T18:46:42,831,4141.1,QUOTATION,15ddc72a-7103-4a88-a951-49c5aa75affd,2,2000
4548978951,2025-11-15T19:27:01,727,3040.95,REJECTED,31ac60a6-1bc1-442c-ae10-4a420f770538,5,3000
4573070171,2025-10-12T19:10:07,270,9478.09,WAITING,41e46c83-90d4-4836-a022-b900a018b3fa,1,3000
4581863816,2025-11-25T03:14:22,829,3526.82,WAITING,68681084-7b12-4fd9-9704-7da3802cb451,5,2000
4500353669,2025-06-02T22:04:43,144,4972.3,QUOTATION,41e46c83-90d4-4836-a022-b900a018b3fa,5,4000
4582767602,2025-10-24T18:27:01,260,8123.42,APPROVED,ea38b7e1-b488-4873-ab04-3066d219b434,4,1000
4576419595,2025-07-02T11:14:31,175,2722.18,APPROVED,b020551c-5fe7-45ea-881a-6fa78332362d,3,4000
4504709264,2025-10-14T20:34:08,599,6357.1,APPROVED,2cf52c48-a37c-4244-a030-3fe16c443ecd,5,2000
4508908833,2025-07-22T21:52:48,25,3159.99,APPROVED,d0d94739-009d-44aa-ae3d-8c35a65083c5,3,3000
4588987943,2025-08-14T19:36:36,7,877.62,REJECTED,134244b2-90f7-4d62-8488-d71e29828266,2,4000
4595548955,2025-11-24T00:50:51,844,7173.72,APPROVED,f6dd041e-f994-407c-9a1b-2ee8a39b9b25,3,4000
4526156024,2025-07-22T23:31:40,579,3997.54,QUOTATION,110f8801-eea1-420d-98e6-dd439569747b,2,4000
4532004294,2025-08-05T14:27:56,106,8805.92,QUOTATION,408c4fe5-9066-4997-8f1c-ad8daae4b1f6,4,2000
4541676682,2025-08-19T09:47:16,683,3452.36,QUOTATION,84aadcf6-499b-4416-9a35-3e546eb39a5c,2,4000
4506098897,2025-10-04T02:12:15,894,2751.87,REJECTED,eb8e5632-45d0-47e9-bcc0-ee76bf030643,1,3000
4572108815,2025-09-17T22:35:04,286,1777.31,QUOTATION,ce1eeb99-74a8-4547-b95c-345102c07d21,4,2000
4509161633,2025-11-27T23:11:25,485,369.53,QUOTATION,ce1eeb99-74a8-4547-b95c-345102c07d21,3,3000
4501695021,2025-06-25T21:07:50,50,6604.65,APPROVED,84aadcf6-499b-4416-9a35-3e546eb39a5c,3,2000
4579682481,2025-06-05T21:03:35,740,1288.18,REJECTED,4029508a-afa4-4faf-b175-4bb65b8a4dbb,2,3000
4573870830,2025-09-05T23:30:38,872,5035.3,WAITING,e7ba4d18-37bf-472c-9d3a-7756c21a55c9,5,1000
4527526743,2025-10-02T03:24:40,436,704.16,QUOTATION,da731710-48f7-4c02-8dd6-917ff4c62e3b,1,2000
4522027559,2025-07-19T12:12:28,968,8992.29,REJECTED,3f3292d8-3056-42da-9ec5-d080c252a223,1,1000
4552749555,2025-11-09T08:22:22,956,254.46,REJECTED,bcebc30c-15e5-48e2-9c32-c86d886f82a0,1,2000
4556231469,2025-07-08T23:23:02,388,7343.54,APPROVED,110f8801-eea1-420d-98e6-dd439569747b,2,4000
4544775620,2025-10-11T23:02:51,919,7315.6,QUOTATION,da731710-48f7-4c02-8dd6-917ff4c62e3b,3,3000
4543086205,2025-09-02T12:32:59,123,9240.18,APPROVED,bcebc30c-15e5-48e2-9c32-c86d886f82a0,5,1000
4526832435,2025-10-05T16:13:33,847,8659.3,QUOTATION,915bda23-d2b3-4bab-9d3b-0b701beb76fa,5,3000
4546104573,2025-09-08T05:19:03,785,2728.82,APPROVED,fffeaf8f-4b6b-4357-a309-89f4769c36da,4,3000
4582920754,2025-06-17T13:05:42,316,2655.37,QUOTATION,ce1eeb99-74a8-4547-b95c-345102c07d21,1,1000
4500394307,2025-10-28T18:43:42,679,1114.14,WAITING,00a417fb-f2b9-4bb8-90c0-0787c3f2e3c7,5,3000
4579583922,2025-07-16T18:21:22,788,2749.94,WAITING,cf11fe2a-443a-44e9-96b0-e6b91ddfa87d,3,4000
4590686597,2025-11-26T03:59:33,144,2228.64,QUOTATION,51991c98-a328-457f-a862-0962b2d30ddc,5,2000
4594856305,2025-07-22T19:07:08,651,8878.05,WAITING,76fa0c16-dc3a-4a9b-b914-de6a0097f3dc,5,4000
4595216453,2025-11-08T16:29:52,250,7996.69,QUOTATION,915bda23-d2b3-4bab-9d3b-0b701beb76fa,4,3000
4555989800,2025-08-04T21:31:35,395,8582.59,APPROVED,dbce3e63-1a5c-4595-a1f9-d09c3d978567,1,2000
4560345518,2025-06-05T21:41:39,156,1016.99,REJECTED,5c250769-58e7-4a67-92b8-05566aab2cd0,3,1000
4586919184,2025-09-04T13:29:33,659,3378.94,REJECTED,5c250769-58e7-4a67-92b8-05566aab2cd0,5,4000
4537163459,2025-09-08T08:07:06,542,2525.9,WAITING,a4926703-442b-4179-808a-04de7d4e1015,1,4000
4501617817,2025-08-15T18:13:24,433,6308.18,WAITING,8ca5ca23-a910-469b-aec1-73bd31d74ba2,4,2000
4572928290,2025-07-06T23:50:15,147,8587.74,REJECTED,e069016d-d217-4fbc-b438-1e8790b731fb,5,4000
4580122083,2025-07-03T11:43:42,653,1335.0,WAITING,28d388a1-0e70-41d0-a8a1-abb9e3263b7b,2,1000
4536571622,2025-08-11T19:51:54,658,2569.45,QUOTATION,74d238f7-61d4-41c6-9d51-b05f2eddcb36,4,3000
4507908154,2025-09-25T23:05:34,625,5753.18,REJECTED,d0d94739-009d-44aa-ae3d-8c35a65083c5,2,3000
4536037002,2025-07-22T14:28:05,602,6524.26,APPROVED,915bda23-d2b3-4bab-9d3b-0b701beb76fa,2,1000
4518804185,2025-09-17T10:03:51,834,1255.84,WAITING,f6dd041e-f994-407c-9a1b-2ee8a39b9b25,1,2000
4580912811,2025-11-24T00:07:47,167,552.33,REJECTED,74d238f7-61d4-41c6-9d51-b05f2eddcb36,2,3000
4584502220,2025-10-01T05:23:05,88,9846.06,QUOTATION,28d388a1-0e70-41d0-a8a1-abb9e3263b7b,2,3000
4590749310,2025-07-23T19:18:45,408,107.75,APPROVED,6cc3c3b9-23fa-4969-8791-af89dedc62c9,1,1000
4549965340,2025-09-26T18:31:14,584,3075.68,APPROVED,ce1eeb99-74a8-4547-b95c-345102c07d21,3,4000
4557523067,2025-06-28T23:57:43,253,2222.98,QUOTATION,68681084-7b12-4fd9-9704-7da3802cb451,4,2000
4561656918,2025-11-14T15:00:45,864,5578.28,WAITING,408c4fe5-9066-4997-8f1c-ad8daae4b1f6,5,3000
4512401839,2025-07-14T17:23:21,721,6461.02,REJECTED,d4dbba0a-2b26-4233-9017-bb25b2e860f3,4,3000
4542492864,2025-06-24T07:33:44,898,5021.68,REJECTED,4029508a-afa4-4faf-b175-4bb65b8a4dbb,4,3000
4558781506,2025-09-13T14:07:17,534,6302.15,QUOTATION,daffc87a-fdb5-424e-9155-782c6cd1b731,2,1000
4539767055,2025-07-20T10:22:59,769,2813.25,WAITING,bcebc30c-15e5-48e2-9c32-c86d886f82a0,1,1000
4575742460,2025-10-10T16:10:53,872,1619.93,APPROVED,9567383e-1921-4683-803b-509faa2bc9d5,5,3000
4591940171,2025-11-23T16:20:06,734,9172.72,QUOTATION,37bf8863-0046-49cb-a72c-f7e41661214b,1,1000
4512739745,2025-08-05T23:40:28,41,2766.39,REJECTED,cea90057-5542-4a9f-8ad8-2fa263b39b7b,2,1000
4575871519,2025-10-14T11:36:19,583,8608.43,WAITING,b020551c-5fe7-45ea-881a-6fa78332362d,2,3000
4589872203,2025-10-25T16:20:19,524,3707.87,REJECTED,834a14f7-cbd7-4220-9587-cd61c93c8253,3,2000
4564349079,2025-07-04T05:10:16,916,3189.53,WAITING,9ec93c76-9578-4947-a5ca-def516b026cb,1,2000
4533942546,2025-11-25T14:52:26,731,5144.75,APPROVED,fe53d2be-049c-47fa-871a-c4a8b1a10e40,3,2000
4568771588,2025-09-03T05:51:11,500,5822.02,APPROVED,01bb5e4b-33d3-4db2-85a2-499f5c9e31b4,1,1000
4524075019,2025-10-24T15:58:56,370,4531.11,QUOTATION,c40f8a37-9024-4fcd-80a6-7917301ba6bd,2,2000
4559545717,2025-11-14T07:22:25,234,9903.36,QUOTATION,0c328cd6-def4-4097-8b5d-ef9b4362cfd3,3,1000
4571411640,2025-07-18T22:23:32,98,6248.44,REJECTED,134244b2-90f7-4d62-8488-d71e29828266,3,1000
4552198635,2025-11-14T16:16:40,585,2563.55,WAITING,d7da1df8-a4af-4efe-a657-570c6d350470,4,1000
4589890648,2025-08-04T01:40:44,966,5545.19,REJECTED,fcc9df1e-2761-4b55-8f60-015b21066d78,2,1000
4597742294,2025-10-16T23:42:16,652,4593.19,APPROVED,eb8e5632-45d0-47e9-bcc0-ee76bf030643,4,1000
4564419991,2025-07-18T14:17:56,740,7806.32,REJECTED,a4926703-442b-4179-808a-04de7d4e1015,2,3000
4546920731,2025-06-12T07:39:33,522,8011.68,QUOTATION,0a58bce2-1697-4c89-b568-ae280f33f982,1,4000
4537710984,2025-09-22T01:29:59,44,9375.72,APPROVED,77b34563-244c-46da-b014-af1a9c7fa9e4,3,1000
4518894745,2025-06-22T15:15:54,382,996.67,REJECTED,56ae9e46-c0b2-46ca-b51d-5686e00ce4a6,1,1000
4551812977,2025-08-13T03:21:54,635,5959.04,QUOTATION,fffeaf8f-4b6b-4357-a309-89f4769c36da,5,4000
4561460530,2025-09-26T12:11:00,458,5283.49,REJECTED,82ebf1b0-6982-4deb-ac51-c7a6d0a68c5d,5,1000
4591870248,2025-09-19T03:31:16,835,6032.19,APPROVED,fcc9df1e-2761-4b55-8f60-015b21066d78,2,1000
4596129138,2025-10-04T02:15:53,342,8034.64,WAITING,a4926703-442b-4179-808a-04de7d4e1015,5,2000
4515191335,2025-08-22T21:13:30,602,3859.73,QUOTATION,d4dbba0a-2b26-4233-9017-bb25b2e860f3,5,1000
4578723907,2025-09-03T13:44:02,415,4501.89,WAITING,71b893be-0a75-41a7-9a52-bcdb771cc5ec,1,3000
4596254683,2025-11-14T06:52:49,733,5922.51,REJECTED,da731710-48f7-4c02-8dd6-917ff4c62e3b,5,4000
4582011569,2025-06-16T00:07:46,794,1533.55,WAITING,915bda23-d2b3-4bab-9d3b-0b701beb76fa,3,2000
4525700322,2025-07-11T19:20:07,977,9251.49,APPROVED,17dffc12-ac1a-44ed-ad09-3c824851c624,5,1000
4504912141,2025-08-01T22:19:47,608,9516.94,WAITING,0f7e95f4-4fb9-4987-a1e1-5264880e721e,3,1000
4553264799,2025-06-18T18:44:21,411,8831.03,APPROVED,9a109dc4-7be3-4aec-94bb-ede38f79ae14,4,1000
4534191024,2025-09-24T03:50:47,2,3767.47,APPROVED,110f8801-eea1-420d-98e6-dd439569747b,2,2000
4583322128,2025-11-03T00:57:53,850,4231.48,WAITING,611eefb3-ef38-4a2e-831a-15aff1dde8f8,4,2000
4556071442,2025-06-03T04:35:50,834,2603.24,QUOTATION,c40f8a37-9024-4fcd-80a6-7917301ba6bd,3,4000
4541117955,2025-07-28T12:03:09,981,9002.14,WAITING,eb8e5632-45d0-47e9-bcc0-ee76bf030643,4,4000
4522788402,2025-09-13T06:27:28,598,614.94,WAITING,daffc87a-fdb5-424e-9155-782c6cd1b731,4,4000
4571033874,2025-09-17T11:38:35,200,7183.46,APPROVED,8df0c99e-2745-44ae-94ee-ad79cb114fdb,3,3000
4554641713,2025-08-02T15:16:16,310,5296.77,REJECTED,ea38b7e1-b488-4873-ab04-3066d219b434,1,2000
4554034118,2025-11-28T03:12:16,139,8871.8,WAITING,5257f4f1-580e-4eb3-89f9-6cae458e4509,1,4000
4513870242,2025-11-23T20:19:13,589,4941.48,REJECTED,3341d7ea-5bed-42e4-82c2-18d0adfbcdf1,2,1000
4549412791,2025-06-18T17:52:00,448,2077.02,APPROVED,32149af9-a4f0-4e80-a73d-490a9faef06f,1,2000
4530943007,2025-11-23T20:14:00,192,2059.96,APPROVED,00a417fb-f2b9-4bb8-90c0-0787c3f2e3c7,1,2000
4568995371,2025-09-24T06:33:03,964,2779.1,REJECTED,31ac60a6-1bc1-442c-ae10-4a420f770538,3,4000
4507544557,2025-07-17T05:25:39,884,4634.73,WAITING,134244b2-90f7-4d62-8488-d71e29828266,5,3000
4513804581,2025-10-25T06:39:27,545,8307.07,WAITING,51991c98-a328-457f-a862-0962b2d30ddc,3,3000
4517326751,2025-06-25T18:04:51,843,7001.63,QUOTATION,0e752cfe-75ff-427d-8214-57710b509b33,3,3000
4551372652,2025-11-26T02:35:35,777,4754.66,QUOTATION,0e752cfe-75ff-427d-8214-57710b509b33,3,3000
4568366046,2025-10-05T01:22:13,757,4102.51,APPROVED,ba5b8587-5d45-44ac-9e4e-16cb4b3afecc,4,4000
4574270224,2025-08-12T16:51:45,549,3864.66,WAITING,b0154cbb-c693-4062-88b9-a8acf4402b56,3,3000
4537756131,2025-10-02T01:34:25,260,8665.39,APPROVED,0b319577-4ab0-4684-b112-b27aad212cb1,4,1000
4515452121,2025-08-22T12:35:20,625,9644.93,QUOTATION,15ddc72a-7103-4a88-a951-49c5aa75affd,3,1000
4591627911,2025-09-12T09:34:20,366,3073.96,REJECTED,b0154cbb-c693-4062-88b9-a8acf4402b56,1,2000
4599086151,2025-08-02T20:04:20,247,2672.29,REJECTED,0a58bce2-1697-4c89-b568-ae280f33f982,2,1000
4523744825,2025-06-07T10:12:25,634,7408.39,QUOTATION,2c7b9d8a-6b92-4a21-a03e-024e434a203d,4,3000
4507066242,2025-06-14T07:36:01,467,1182.19,REJECTED,05767575-2944-4457-9aa7-06e1dae2ae25,1,3000
4520547495,2025-08-03T18:40:30,677,4296.51,REJECTED,ebfe58ef-0dee-41d8-859e-ae2bff66e7fc,5,2000
4517980202,2025-10-24T20:45:44,572,987.13,WAITING,fffeaf8f-4b6b-4357-a309-89f4769c36da,2,4000
4596890315,2025-10-17T15:26:44,733,9956.2,APPROVED,cea90057-5542-4a9f-8ad8-2fa263b39b7b,3,1000
4595735488,2025-08-28T06:20:02,239,9399.89,APPROVED,41e46c83-90d4-4836-a022-b900a018b3fa,1,2000
4546248965,2025-11-19T10:55:26,893,7942.58,REJECTED,d7da1df8-a4af-4efe-a657-570c6d350470,2,2000
4544791943,2025-07-03T14:50:56,329,5823.77,WAITING,68681084-7b12-4fd9-9704-7da3802cb451,1,3000
4585574508,2025-08-09T13:52:05,898,6856.39,WAITING,8ca5ca23-a910-469b-aec1-73bd31d74ba2,2,3000
4507594284,2025-09-24T19:36:42,70,9612.01,QUOTATION,37bf8863-0046-49cb-a72c-f7e41661214b,1,3000
4512029166,2025-11-06T07:38:28,67,5720.66,APPROVED,0439439c-8945-42c4-b079-5340d85df97c,4,4000
4512815942,2025-06-17T17:49:57,671,9570.74,REJECTED,9c7454a7-b80c-4d19-b841-4c0343b75add,4,1000
4556038736,2025-11-26T06:50:46,653,8032.41,REJECTED,62117371-6664-4e90-9e4c-e3939789c81a,3,2000
4594684094,2025-08-27T18:33:02,282,4725.99,QUOTATION,d7da1df8-a4af-4efe-a657-570c6d350470,3,2000
4549356607,2025-10-17T06:24:31,430,9286.42,APPROVED,d5b6a98e-464a-4e85-ad1c-7fd6be7df835,4,4000
4516178921,2025-09-04T01:22:55,938,3661.72,REJECTED,b6bbc970-46d2-4ff4-9c52-80f378cfe8ea,2,2000
4501403832,2025-06-10T17:22:56,798,8482.43,WAITING,0f7e95f4-4fb9-4987-a1e1-5264880e721e,5,2000
4573743716,2025-07-17T11:52:03,819,9292.44,REJECTED,17dffc12-ac1a-44ed-ad09-3c824851c624,4,3000
4539781777,2025-11-15T03:19:33,758,8224.04,APPROVED,9567383e-1921-4683-803b-509faa2bc9d5,5,2000
4527030321,2025-09-22T02:17:50,89,5476.47,REJECTED,0439439c-8945-42c4-b079-5340d85df97c,3,3000
4572785237,2025-08-28T19:06:16,619,5668.64,REJECTED,00a417fb-f2b9-4bb8-90c0-0787c3f2e3c7,4,1000
4547909953,2025-09-28T05:30:38,408,6136.01,REJECTED,fe53d2be-049c-47fa-871a-c4a8b1a10e40,4,4000
4571025927,2025-10-23T21:26:25,646,5082.39,REJECTED,ad64acbd-9045-44ec-9111-f6b3b90cb060,5,1000
4551303855,2025-11-02T08:44:05,513,1386.18,REJECTED,2c6e3cb9-21cb-4de6-ae38-f117a3cbdfe2,2,4000
4587059423,2025-10-17T13:29:26,665,4217.88,APPROVED,eb8e5632-45d0-47e9-bcc0-ee76bf030643,1,3000
4579621796,2025-06-05T18:35:52,833,5069.86,APPROVED,4a2d279e-2495-496f-80d9-bc5a45e3b6b4,3,1000
4502891744,2025-11-13T20:17:18,789,471.7,WAITING,32149af9-a4f0-4e80-a73d-490a9faef06f,2,3000
4562196608,2025-08-27T12:08:45,470,2435.81,APPROVED,fcc9df1e-2761-4b55-8f60-015b21066d78,2,2000
4517384095,2025-11-09T21:01:27,280,7947.38,APPROVED,3c65561d-5119-4985-87e7-48965fe9f62c,2,1000
4532987673,2025-08-27T14:03:36,407,7348.43,QUOTATION,ebfe58ef-0dee-41d8-859e-ae2bff66e7fc,5,2000
4504721695,2025-09-17T10:42:11,667,5360.23,WAITING,01bb5e4b-33d3-4db2-85a2-499f5c9e31b4,2,4000
4573664246,2025-09-07T20:49:10,533,1320.96,REJECTED,62117371-6664-4e90-9e4c-e3939789c81a,2,4000
4547665892,2025-09-20T02:22:42,962,1184.39,WAITING,384bae62-8ba8-4cac-b8ad-3df4e68bcafa,2,3000
4563186219,2025-06-20T12:09:50,267,3541.88,QUOTATION,ad64acbd-9045-44ec-9111-f6b3b90cb060,1,2000
4501568223,2025-06-22T10:41:32,496,7761.82,APPROVED,134244b2-90f7-4d62-8488-d71e29828266,2,4000
4588730799,2025-09-14T02:49:25,219,1865.22,WAITING,da731710-48f7-4c02-8dd6-917ff4c62e3b,5,3000
4521738677,2025-08-08T12:27:02,270,510.67,REJECTED,0e752cfe-75ff-427d-8214-57710b509b33,3,1000
4576493439,2025-10-06T11:30:46,464,5646.23,REJECTED,915bda23-d2b3-4bab-9d3b-0b701beb76fa,5,2000
4574801402,2025-10-24T18:30:30,413,4955.44,QUOTATION,da731710-48f7-4c02-8dd6-917ff4c62e3b,4,3000
4531497291,2025-09-08T14:19:22,484,3894.76,REJECTED,12a301b9-4c71-4181-a853-d29be7b6bd18,4,3000
4505825557,2025-06-21T15:35:18,322,3393.13,WAITING,f6979cad-3c89-4280-985d-d7f07aaa8c2b,2,2000
4532291889,2025-11-19T07:56:27,775,2652.66,APPROVED,134244b2-90f7-4d62-8488-d71e29828266,5,3000
4583080457,2025-08-13T02:28:14,565,898.36,APPROVED,56ae9e46-c0b2-46ca-b51d-5686e00ce4a6,5,1000
4528716992,2025-06-26T12:12:40,555,5120.9,APPROVED,a4926703-442b-4179-808a-04de7d4e1015,3,1000
4548384772,2025-08-28T01:47:57,954,1458.96,APPROVED,05767575-2944-4457-9aa7-06e1dae2ae25,5,2000
4555178098,2025-07-16T10:56:41,778,6187.19,WAITING,05767575-2944-4457-9aa7-06e1dae2ae25,4,3000
4501899468,2025-06-24T18:33:01,887,9672.57,REJECTED,51991c98-a328-457f-a862-0962b2d30ddc,4,2000
4591098701,2025-06-25T16:34:01,354,5707.87,QUOTATION,8ca5ca23-a910-469b-aec1-73bd31d74ba2,5,1000
4500834753,2025-11-01T04:44:36,898,6183.93,WAITING,3ee51816-f540-45e6-8401-474c5df84e78,2,4000
4530014774,2025-11-04T12:38:54,88,9199.44,REJECTED,2cf52c48-a37c-4244-a030-3fe16c443ecd,2,2000
4580264721,2025-08-16T22:31:42,132,3252.97,APPROVED,15ddc72a-7103-4a88-a951-49c5aa75affd,2,4000
4585981577,2025-07-26T09:21:24,557,4711.03,QUOTATION,d4dbba0a-2b26-4233-9017-bb25b2e860f3,2,4000
4531838917,2025-09-20T06:24:52,110,6982.76,APPROVED,84aadcf6-499b-4416-9a35-3e546eb39a5c,5,3000
4519165231,2025-07-08T15:15:23,74,9042.97,QUOTATION,6cc3c3b9-23fa-4969-8791-af89dedc62c9,4,3000
4591771532,2025-09-11T10:51:46,622,1369.32,WAITING,0439439c-8945-42c4-b079-5340d85df97c,2,4000
4588504283,2025-09-09T09:01:38,277,5245.5,WAITING,fe53d2be-049c-47fa-871a-c4a8b1a10e40,4,2000
4520981690,2025-08-17T16:36:12,279,8266.5,WAITING,4a2d279e-2495-496f-80d9-bc5a45e3b6b4,2,4000
4566272574,2025-11-25T15:43:29,536,3271.53,WAITING,d0d94739-009d-44aa-ae3d-8c35a65083c5,1,4000
4505234695,2025-11-19T08:00:13,457,781.31,REJECTED,6c55f239-a4f0-4edd-afe8-02d129db9eda,5,1000
4536436281,2025-07-13T08:14:11,284,2731.17,APPROVED,384bae62-8ba8-4cac-b8ad-3df4e68bcafa,3,2000
4573921556,2025-07-07T10:04:36,971,1548.45,WAITING,b0154cbb-c693-4062-88b9-a8acf4402b56,3,2000
4543613482,2025-07-17T20:23:08,801,8668.21,REJECTED,d5b6a98e-464a-4e85-ad1c-7fd6be7df835,1,1000
4549907759,2025-08-24T18:19:01,878,1623.57,WAITING,fffeaf8f-4b6b-4357-a309-89f4769c36da,5,3000
4587958423,2025-11-18T23:50:06,249,7626.46,APPROVED,0a58bce2-1697-4c89-b568-ae280f33f982,5,2000
4586621302,2025-11-03T07:29:55,434,5082.86,QUOTATION,fe53d2be-049c-47fa-871a-c4a8b1a10e40,3,4000
4515410244,2025-11-23T15:30:02,505,3743.51,QUOTATION,00a417fb-f2b9-4bb8-90c0-0787c3f2e3c7,5,3000
4541395340,2025-10-26T21:08:22,134,2313.77,REJECTED,975480d4-8c15-44ba-8c55-a9938bdaa2c4,4,1000
4555352006,2025-08-11T18:27:08,741,1871.83,QUOTATION,a1a6e723-19c6-46fd-a584-917efe27f127,4,4000
4593142098,2025-06-03T12:30:37,407,8526.67,WAITING,2cf52c48-a37c-4244-a030-3fe16c443ecd,3,4000
4511917037,2025-07-08T09:21:14,895,1104.01,WAITING,3f3292d8-3056-42da-9ec5-d080c252a223,5,3000
4571859387,2025-11-18T05:39:42,180,4592.12,APPROVED,dbce3e63-1a5c-4595-a1f9-d09c3d978567,5,2000
4542433180,2025-06-10T18:15:11,426,7418.19,REJECTED,408c4fe5-9066-4997-8f1c-ad8daae4b1f6,3,2000
4521841078,2025-08-04T18:19:49,68,9447.84,WAITING,bcebc30c-15e5-48e2-9c32-c86d886f82a0,3,2000
4596865364,2025-06-05T00:15:56,64,5150.57,WAITING,5257f4f1-580e-4eb3-89f9-6cae458e4509,3,4000
4554647661,2025-11-03T12:40:36,54,6701.01,WAITING,cf11fe2a-443a-44e9-96b0-e6b91ddfa87d,5,4000
4581596404,2025-08-25T21:08:27,918,2864.2,REJECTED,8ca5ca23-a910-469b-aec1-73bd31d74ba2,3,1000
4525095079,2025-09-09T10:41:37,518,2425.84,APPROVED,611eefb3-ef38-4a2e-831a-15aff1dde8f8,3,3000
4568864050,2025-06-22T10:14:15,915,2643.03,APPROVED,a4926703-442b-4179-808a-04de7d4e1015,3,4000
4513479926,2025-06-16T16:45:20,390,7706.71,REJECTED,77b34563-244c-46da-b014-af1a9c7fa9e4,5,1000
4597734972,2025-11-07T09:59:08,587,2250.72,APPROVED,110f8801-eea1-420d-98e6-dd439569747b,4,1000
4506205306,2025-09-24T02:09:55,863,1348.45,REJECTED,05767575-2944-4457-9aa7-06e1dae2ae25,5,2000
4571963885,2025-11-22T18:37:23,654,137.85,APPROVED,2ab670e8-49e3-4a95-9871-d937f77b5927,4,1000
4510296857,2025-11-15T16:31:47,634,7384.4,APPROVED,aa51a37d-2867-459b-8885-b5c8b161616a,2,1000
4587843401,2025-11-26T18:10:42,166,1663.61,WAITING,17dffc12-ac1a-44ed-ad09-3c824851c624,4,4000
4500292311,2025-09-09T03:33:20,490,3246.82,APPROVED,b577718c-a2a9-4f8a-a41c-7cac0d102aab,5,4000
4543790743,2025-11-20T09:48:07,55,9203.24,REJECTED,d0d94739-009d-44aa-ae3d-8c35a65083c5,1,4000
4589214912,2025-07-24T02:55:40,321,4474.78,REJECTED,6c55f239-a4f0-4edd-afe8-02d129db9eda,2,3000
4581611167,2025-06-13T19:53:54,810,6318.44,QUOTATION,fffeaf8f-4b6b-4357-a309-89f4769c36da,4,1000
4506529147,2025-10-08T00:32:00,214,8593.27,WAITING,e7ba4d18-37bf-472c-9d3a-7756c21a55c9,4,2000
4555987007,2025-10-06T17:33:15,758,9496.8,REJECTED,2ab670e8-49e3-4a95-9871-d937f77b5927,4,2000
4509356352,2025-08-05T19:08:09,455,2532.26,QUOTATION,b577718c-a2a9-4f8a-a41c-7cac0d102aab,3,1000
4500631898,2025-09-07T19:43:50,476,8032.47,REJECTED,fcc9df1e-2761-4b55-8f60-015b21066d78,5,1000
4542908756,2025-10-14T17:07:23,4,1123.32,REJECTED,f524f9ee-95cb-4e66-a6c1-b58f8296e7f3,2,3000
4503861058,2025-09-07T11:21:14,285,8682.58,QUOTATION,4a2d279e-2495-496f-80d9-bc5a45e3b6b4,5,4000
4536198800,2025-08-10T00:32:42,619,6923.1,QUOTATION,3341d7ea-5bed-42e4-82c2-18d0adfbcdf1,1,2000
4530204121,2025-06-09T14:11:00,854,7074.47,QUOTATION,110f8801-eea1-420d-98e6-dd439569747b,3,4000
4574117707,2025-06-26T03:06:02,878,4336.37,WAITING,8df0c99e-2745-44ae-94ee-ad79cb114fdb,2,1000
4556761133,2025-11-12T00:11:13,821,719.74,APPROVED,2cf52c48-a37c-4244-a030-3fe16c443ecd,1,1000
4566809211,2025-09-05T13:15:04,644,4811.83,APPROVED,3341d7ea-5bed-42e4-82c2-18d0adfbcdf1,3,4000
4521212919,2025-07-20T23:39:30,467,8263.83,QUOTATION,84aadcf6-499b-4416-9a35-3e546eb39a5c,2,1000
4551203627,2025-09-03T13:05:36,451,1712.41,WAITING,12a301b9-4c71-4181-a853-d29be7b6bd18,3,4000
4543255329,2025-11-13T12:32:59,610,3244.86,APPROVED,f6dd041e-f994-407c-9a1b-2ee8a39b9b25,4,1000
4554146485,2025-08-06T14:30:25,463,3127.75,QUOTATION,fcc9df1e-2761-4b55-8f60-015b21066d78,3,1000
4587739899,2025-08-12T15:52:37,160,1059.48,WAITING,611eefb3-ef38-4a2e-831a-15aff1dde8f8,1,1000
4552876792,2025-11-07T05:25:37,200,1175.88,QUOTATION,cea90057-5542-4a9f-8ad8-2fa263b39b7b,5,2000
4585775991,2025-09-12T09:45:14,642,9002.19,QUOTATION,6cc3c3b9-23fa-4969-8791-af89dedc62c9,2,4000
4588207146,2025-07-12T11:35:15,479,2635.35,REJECTED,cf11fe2a-443a-44e9-96b0-e6b91ddfa87d,1,2000
4504122544,2025-10-26T22:17:25,529,8597.44,QUOTATION,d0d94739-009d-44aa-ae3d-8c35a65083c5,1,2000
4598758259,2025-10-24T06:06:49,501,8396.28,REJECTED,384bae62-8ba8-4cac-b8ad-3df4e68bcafa,1,4000
4586951665,2025-08-01T03:51:31,410,2497.59,REJECTED,975480d4-8c15-44ba-8c55-a9938bdaa2c4,1,2000
4539836809,2025-09-03T08:21:51,56,4718.11,APPROVED,d7da1df8-a4af-4efe-a657-570c6d350470,1,1000
4531368246,2025-08-03T11:33:30,660,5.37,WAITING,9a109dc4-7be3-4aec-94bb-ede38f79ae14,1,3000
4598363054,2025-11-22T12:06:36,449,1827.98,REJECTED,4a5df305-6d85-4b5a-81ca-b2a776017f8f,2,1000
4576616841,2025-11-21T22:31:49,46,2231.17,QUOTATION,b020551c-5fe7-45ea-881a-6fa78332362d,5,3000
4549800266,2025-08-08T01:19:43,69,780.24,APPROVED,fcc9df1e-2761-4b55-8f60-015b21066d78,2,2000
4577875969,2025-09-26T01:10:09,491,6242.47,APPROVED,15ddc72a-7103-4a88-a951-49c5aa75affd,3,1000
4557878280,2025-09-25T07:51:10,957,2725.68,WAITING,15ddc72a-7103-4a88-a951-49c5aa75affd,4,2000
4580323735,2025-09-02T06:04:37,275,8229.17,REJECTED,32149af9-a4f0-4e80-a73d-490a9faef06f,2,2000
4523465804,2025-11-05T22:48:24,895,1547.61,QUOTATION,3c65561d-5119-4985-87e7-48965fe9f62c,3,2000
4526886935,2025-10-25T17:51:30,704,5631.78,QUOTATION,d5b6a98e-464a-4e85-ad1c-7fd6be7df835,1,4000
4514314478,2025-10-14T04:37:44,616,3248.26,APPROVED,ebfe58ef-0dee-41d8-859e-ae2bff66e7fc,5,1000
4576475375,2025-09-20T04:01:30,749,8861.1,REJECTED,cf11fe2a-443a-44e9-96b0-e6b91ddfa87d,3,3000
4528627275,2025-09-17T16:16:26,821,2179.17,APPROVED,0f7e95f4-4fb9-4987-a1e1-5264880e721e,1,3000
4577625052,2025-06-20T19:31:46,671,5022.77,WAITING,05767575-2944-4457-9aa7-06e1dae2ae25,5,2000
4598138817,2025-09-25T19:05:34,261,3932.45,REJECTED,0c328cd6-def4-4097-8b5d-ef9b4362cfd3,3,1000
4521520852,2025-09-24T12:42:53,118,3647.5,APPROVED,00a417fb-f2b9-4bb8-90c0-0787c3f2e3c7,4,3000
4534813665,2025-07-09T21:05:41,515,7699.59,APPROVED,4a2d279e-2495-496f-80d9-bc5a45e3b6b4,4,4000
4539233451,2025-07-24T06:55:18,57,1679.25,APPROVED,82ebf1b0-6982-4deb-ac51-c7a6d0a68c5d,5,1000
4544105158,2025-10-27T00:57:25,413,5216.05,REJECTED,b0154cbb-c693-4062-88b9-a8acf4402b56,1,3000
4541330125,2025-09-24T22:48:53,952,8827.11,WAITING,6c55f239-a4f0-4edd-afe8-02d129db9eda,3,1000
4553875242,2025-11-22T19:54:15,628,8835.2,APPROVED,9fc109ea-2585-4c23-9329-2ccda2d964eb,5,4000
4572369677,2025-10-17T20:54:47,189,2209.86,REJECTED,134244b2-90f7-4d62-8488-d71e29828266,2,3000
4592172153,2025-11-18T23:18:10,800,8005.81,WAITING,0439439c-8945-42c4-b079-5340d85df97c,3,4000
4590396573,2025-11-05T03:30:57,407,7648.67,APPROVED,28d388a1-0e70-41d0-a8a1-abb9e3263b7b,5,3000
4527335871,2025-06-10T16:41:59,900,1223.23,WAITING,110f8801-eea1-420d-98e6-dd439569747b,4,3000
4579567186,2025-10-17T12:56:06,752,7539.05,QUOTATION,82ebf1b0-6982-4deb-ac51-c7a6d0a68c5d,3,3000
4594806518,2025-06-25T21:50:07,996,8310.17,REJECTED,0e752cfe-75ff-427d-8214-57710b509b33,3,1000
4527646275,2025-10-18T08:26:49,338,8827.51,WAITING,fcc9df1e-2761-4b55-8f60-015b21066d78,2,4000
4598429969,2025-08-25T18:31:07,58,3171.21,APPROVED,0c328cd6-def4-4097-8b5d-ef9b4362cfd3,5,3000
4576221602,2025-11-15T07:56:34,938,1096.3,REJECTED,2ab670e8-49e3-4a95-9871-d937f77b5927,5,4000
4563485722,2025-09-07T03:48:24,128,4681.25,WAITING,915bda23-d2b3-4bab-9d3b-0b701beb76fa,3,2000
4517428822,2025-08-20T13:13:46,469,971.07,QUOTATION,da731710-48f7-4c02-8dd6-917ff4c62e3b,4,3000
4577596403,2025-08-27T23:25:59,108,7841.65,APPROVED,0439439c-8945-42c4-b079-5340d85df97c,4,2000
4539259110,2025-10-12T16:17:01,892,3643.0,QUOTATION,aa51a37d-2867-459b-8885-b5c8b161616a,2,3000
4507101532,2025-06-12T10:58:49,903,3296.07,QUOTATION,9c7454a7-b80c-4d19-b841-4c0343b75add,4,3000
4552757302,2025-07-26T00:37:08,707,2266.83,WAITING,3f3292d8-3056-42da-9ec5-d080c252a223,5,3000
4588185682,2025-09-19T15:04:09,431,5002.32,REJECTED,74d238f7-61d4-41c6-9d51-b05f2eddcb36,3,3000
4589624064,2025-06-17T11:06:10,75,8520.83,APPROVED,d4dbba0a-2b26-4233-9017-bb25b2e860f3,4,3000
4519976729,2025-09-19T17:42:43,533,2945.6,QUOTATION,f6dd041e-f994-407c-9a1b-2ee8a39b9b25,1,2000
4599419222,2025-10-24T13:32:30,301,567.17,QUOTATION,b6bbc970-46d2-4ff4-9c52-80f378cfe8ea,1,2000
4584304435,2025-07-24T09:51:39,444,5013.22,QUOTATION,76fa0c16-dc3a-4a9b-b914-de6a0097f3dc,4,1000
4510893515,2025-10-25T05:16:00,448,5531.64,REJECTED,834a14f7-cbd7-4220-9587-cd61c93c8253,5,3000
4549332002,2025-09-20T07:46:39,612,3187.65,REJECTED,b0154cbb-c693-4062-88b9-a8acf4402b56,2,3000
4503608806,2025-08-07T00:40:03,729,6038.69,WAITING,384bae62-8ba8-4cac-b8ad-3df4e68bcafa,3,2000
4505480782,2025-11-18T21:27:49,665,8666.55,APPROVED,408c4fe5-9066-4997-8f1c-ad8daae4b1f6,3,4000
4566195256,2025-06-03T13:01:43,744,6755.71,REJECTED,e7ba4d18-37bf-472c-9d3a-7756c21a55c9,4,1000
4548533186,2025-06-04T09:34:15,303,8700.7,REJECTED,0f7e95f4-4fb9-4987-a1e1-5264880e721e,2,2000
4529837865,2025-06-02T21:22:26,677,3488.52,WAITING,82ebf1b0-6982-4deb-ac51-c7a6d0a68c5d,2,1000
4554524391,2025-10-27T23:40:06,926,8170.62,WAITING,f6979cad-3c89-4280-985d-d7f07aaa8c2b,2,4000
4589468524,2025-11-13T03:09:32,101,6646.83,WAITING,9ec93c76-9578-4947-a5ca-def516b026cb,5,1000
4575220473,2025-11-26T17:38:13,533,765.32,REJECTED,05767575-2944-4457-9aa7-06e1dae2ae25,1,1000
4512965588,2025-06-03T01:35:16,938,5487.2,QUOTATION,b6bbc970-46d2-4ff4-9c52-80f378cfe8ea,4,3000
4556716494,2025-06-06T20:49:12,675,1395.84,QUOTATION,3d3527a9-4ef5-45d5-83c2-4178789f9921,2,2000
4548267979,2025-11-09T02:32:28,916,8612.02,WAITING,84aadcf6-499b-4416-9a35-3e546eb39a5c,1,1000
4562585800,2025-10-01T11:06:05,214,1152.99,REJECTED,915bda23-d2b3-4bab-9d3b-0b701beb76fa,1,2000
4503167669,2025-09-01T18:09:30,403,9643.98,QUOTATION,4a2d279e-2495-496f-80d9-bc5a45e3b6b4,4,4000
4566709869,2025-11-07T20:00:52,94,5055.17,QUOTATION,0f7e95f4-4fb9-4987-a1e1-5264880e721e,1,1000
4547962789,2025-08-09T01:28:22,299,7081.97,QUOTATION,651e8d5b-8636-4635-a934-6f9427d506b8,4,4000
4579804129,2025-11-15T04:21:26,47,201.73,REJECTED,77b34563-244c-46da-b014-af1a9c7fa9e4,2,3000
4538756323,2025-07-06T06:35:37,515,4646.64,REJECTED,35672019-b6d1-42b4-b906-8819b248182e,1,2000
4501088735,2025-09-20T06:50:44,298,2235.16,REJECTED,611eefb3-ef38-4a2e-831a-15aff1dde8f8,3,3000
4547346291,2025-10-08T23:45:56,458,9182.8,APPROVED,b577718c-a2a9-4f8a-a41c-7cac0d102aab,5,2000
4584240905,2025-11-11T19:33:48,660,5586.91,QUOTATION,3ee51816-f540-45e6-8401-474c5df84e78,1,3000
4511667901,2025-07-10T12:11:50,507,5519.73,WAITING,2c6e3cb9-21cb-4de6-ae38-f117a3cbdfe2,5,4000
4545721647,2025-08-15T08:43:37,385,5743.05,QUOTATION,ba3d4978-80db-4a12-9f06-e4c698936184,4,3000
4531588301,2025-06-07T02:05:31,496,2961.66,QUOTATION,d4dbba0a-2b26-4233-9017-bb25b2e860f3,3,3000
4543771297,2025-11-14T22:01:35,914,6310.63,WAITING,384bae62-8ba8-4cac-b8ad-3df4e68bcafa,5,2000
4564950965,2025-10-21T19:50:09,894,8167.88,WAITING,2cf52c48-a37c-4244-a030-3fe16c443ecd,2,4000
4535959731,2025-07-08T10:58:37,282,7134.22,APPROVED,fffeaf8f-4b6b-4357-a309-89f4769c36da,4,2000
4562085903,2025-06-03T20:48:39,493,7551.67,WAITING,d0d94739-009d-44aa-ae3d-8c35a65083c5,5,3000
4545042817,2025-08-18T21:42:51,474,6861.76,QUOTATION,0c328cd6-def4-4097-8b5d-ef9b4362cfd3,2,3000
4594088368,2025-08-12T12:34:12,786,5341.5,WAITING,31ac60a6-1bc1-442c-ae10-4a420f770538,2,1000
4515064634,2025-08-13T13:29:39,17,8872.12,WAITING,51991c98-a328-457f-a862-0962b2d30ddc,2,2000
4522381506,2025-06-22T15:26:58,751,3702.16,APPROVED,56ae9e46-c0b2-46ca-b51d-5686e00ce4a6,4,4000
4585918425,2025-11-01T12:09:52,221,9463.26,APPROVED,17dffc12-ac1a-44ed-ad09-3c824851c624,4,4000
4570804713,2025-07-04T12:29:26,334,8476.02,REJECTED,37bf8863-0046-49cb-a72c-f7e41661214b,4,3000
4574157533,2025-07-07T08:36:38,174,6572.74,REJECTED,00a417fb-f2b9-4bb8-90c0-0787c3f2e3c7,5,3000
4568375294,2025-06-15T09:06:43,967,1146.98,QUOTATION,0e752cfe-75ff-427d-8214-57710b509b33,3,4000
4596651537,2025-10-20T19:40:59,302,1136.94,REJECTED,56ae9e46-c0b2-46ca-b51d-5686e00ce4a6,2,4000
4564263419,2025-07-01T04:43:09,950,7810.88,WAITING,5c250769-58e7-4a67-92b8-05566aab2cd0,5,2000
4539186914,2025-07-11T14:54:15,199,5673.62,WAITING,d7da1df8-a4af-4efe-a657-570c6d350470,2,4000
4562928717,2025-08-09T23:47:28,35,4535.3,QUOTATION,dbce3e63-1a5c-4595-a1f9-d09c3d978567,4,1000
4525908995,2025-07-08T11:10:41,233,2308.51,QUOTATION,2c7b9d8a-6b92-4a21-a03e-024e434a203d,4,3000
4534324485,2025-08-27T04:12:00,202,3505.4,APPROVED,aa51a37d-2867-459b-8885-b5c8b161616a,2,3000
4558122332,2025-11-25T04:13:09,359,1751.52,APPROVED,d4dbba0a-2b26-4233-9017-bb25b2e860f3,2,3000
4568343642,2025-08-18T16:49:05,517,9333.3,WAITING,0a58bce2-1697-4c89-b568-ae280f33f982,5,2000
4513143588,2025-06-04T09:49:59,11,6988.16,QUOTATION,05767575-2944-4457-9aa7-06e1dae2ae25,5,2000
4559744044,2025-09-08T14:44:11,262,2447.88,REJECTED,110f8801-eea1-420d-98e6-dd439569747b,4,1000
4587191406,2025-08-07T09:41:51,998,9088.32,WAITING,9fc109ea-2585-4c23-9329-2ccda2d964eb,4,4000
4525101035,2025-08-18T12:06:33,114,5792.76,APPROVED,4029508a-afa4-4faf-b175-4bb65b8a4dbb,5,4000
4538304712,2025-08-19T00:08:55,698,6813.04,WAITING,3c65561d-5119-4985-87e7-48965fe9f62c,4,3000
4595217750,2025-10-15T12:58:44,252,256.99,APPROVED,bf599d91-442c-4e09-b5ae-b9f08a417d11,5,2000
4522607926,2025-09-26T15:28:29,17,2797.45,QUOTATION,cf11fe2a-443a-44e9-96b0-e6b91ddfa87d,4,1000
4574145820,2025-07-07T02:00:52,471,2881.41,REJECTED,fe53d2be-049c-47fa-871a-c4a8b1a10e40,1,1000
4599901717,2025-10-03T09:50:35,990,5716.71,REJECTED,77b34563-244c-46da-b014-af1a9c7fa9e4,4,4000
4507381773,2025-10-17T00:10:42,950,9908.27,WAITING,3d3527a9-4ef5-45d5-83c2-4178789f9921,4,4000
4548822759,2025-11-21T00:44:34,820,1359.7,QUOTATION,b0154cbb-c693-4062-88b9-a8acf4402b56,3,1000
4571582169,2025-09-13T07:15:33,789,1398.69,WAITING,9ec93c76-9578-4947-a5ca-def516b026cb,4,3000
4588246747,2025-07-01T01:43:05,597,6249.46,REJECTED,e7ba4d18-37bf-472c-9d3a-7756c21a55c9,1,2000
4585110264,2025-11-14T04:28:59,828,2905.67,REJECTED,834a14f7-cbd7-4220-9587-cd61c93c8253,1,1000
4546619424,2025-07-24T02:20:09,366,7847.15,QUOTATION,17dffc12-ac1a-44ed-ad09-3c824851c624,2,2000
4509915378,2025-08-17T23:49:08,765,2949.01,WAITING,2ab670e8-49e3-4a95-9871-d937f77b5927,4,2000
4551015085,2025-10-26T06:16:14,680,2964.07,REJECTED,37bf8863-0046-49cb-a72c-f7e41661214b,5,4000
4568179600,2025-10-08T08:15:25,265,8413.3,WAITING,fcc9df1e-2761-4b55-8f60-015b21066d78,5,3000
4586800816,2025-08-27T21:46:07,887,1055.99,APPROVED,384bae62-8ba8-4cac-b8ad-3df4e68bcafa,5,1000
4587127796,2025-06-20T02:53:41,730,7439.89,REJECTED,d4dbba0a-2b26-4233-9017-bb25b2e860f3,1,3000
4561126419,2025-09-05T06:10:36,671,1274.7,APPROVED,74d238f7-61d4-41c6-9d51-b05f2eddcb36,2,3000
4534359390,2025-08-07T23:41:37,648,1957.16,APPROVED,2c7b9d8a-6b92-4a21-a03e-024e434a203d,2,1000
4593313969,2025-07-12T14:21:26,401,1925.18,WAITING,4029508a-afa4-4faf-b175-4bb65b8a4dbb,2,2000
4510718152,2025-11-28T07:27:38,841,3205.68,REJECTED,e069016d-d217-4fbc-b438-1e8790b731fb,1,3000
4550032182,2025-11-28T18:40:49,784,4966.42,APPROVED,82ebf1b0-6982-4deb-ac51-c7a6d0a68c5d,3,3000
4525674956,2025-10-22T20:01:08,993,9543.32,APPROVED,5257f4f1-580e-4eb3-89f9-6cae458e4509,5,4000
4556832582,2025-07-15T11:56:46,955,3948.16,WAITING,b6bbc970-46d2-4ff4-9c52-80f378cfe8ea,5,1000
4576335170,2025-06-03T16:38:07,902,3094.68,QUOTATION,ad64acbd-9045-44ec-9111-f6b3b90cb060,2,2000
4595307548,2025-07-20T09:28:13,394,3422.12,WAITING,f6dd041e-f994-407c-9a1b-2ee8a39b9b25,3,4000
4525103111,2025-08-13T21:38:56,244,7982.87,REJECTED,2c6e3cb9-21cb-4de6-ae38-f117a3cbdfe2,1,4000
4567905155,2025-07-18T22:10:28,183,1301.74,REJECTED,37bf8863-0046-49cb-a72c-f7e41661214b,1,2000
4551961347,2025-07-07T00:56:27,61,5813.28,WAITING,32149af9-a4f0-4e80-a73d-490a9faef06f,5,3000
4598195289,2025-09-19T04:31:21,247,6926.15,REJECTED,b020551c-5fe7-45ea-881a-6fa78332362d,3,2000
4561706469,2025-06-16T01:56:17,124,6389.66,REJECTED,4029508a-afa4-4faf-b175-4bb65b8a4dbb,5,3000
4504633546,2025-11-21T23:08:13,260,1963.38,QUOTATION,cea90057-5542-4a9f-8ad8-2fa263b39b7b,5,1000
4500744651,2025-07-25T05:55:36,235,9240.88,WAITING,51991c98-a328-457f-a862-0962b2d30ddc,3,4000
4585868879,2025-07-22T18:51:48,896,5695.22,QUOTATION,3341d7ea-5bed-42e4-82c2-18d0adfbcdf1,5,4000
4564299159,2025-11-06T14:00:39,546,1039.62,WAITING,aa51a37d-2867-459b-8885-b5c8b161616a,2,1000
4597224931,2025-10-19T03:09:22,810,688.0,APPROVED,82ebf1b0-6982-4deb-ac51-c7a6d0a68c5d,2,2000
4506458520,2025-10-08T07:19:39,346,2306.37,APPROVED,110f8801-eea1-420d-98e6-dd439569747b,2,1000
4530503955,2025-06-25T04:32:19,784,3004.69,APPROVED,9ec93c76-9578-4947-a5ca-def516b026cb,1,4000
4575256184,2025-10-13T13:44:24,517,3371.31,APPROVED,f6dd041e-f994-407c-9a1b-2ee8a39b9b25,1,1000
4502846577,2025-11-07T17:27:08,344,6056.51,QUOTATION,6cc3c3b9-23fa-4969-8791-af89dedc62c9,5,2000
4586407765,2025-07-10T09:43:22,348,2645.83,REJECTED,77b34563-244c-46da-b014-af1a9c7fa9e4,3,2000
4509764826,2025-09-14T14:17:22,313,4435.13,WAITING,ba3d4978-80db-4a12-9f06-e4c698936184,1,1000
4576633394,2025-09-22T14:37:58,822,8269.56,APPROVED,408c4fe5-9066-4997-8f1c-ad8daae4b1f6,5,1000
4520569897,2025-09-13T11:05:34,709,5453.8,WAITING,84aadcf6-499b-4416-9a35-3e546eb39a5c,2,1000
4580902045,2025-07-28T12:36:55,77,653.64,APPROVED,2c6e3cb9-21cb-4de6-ae38-f117a3cbdfe2,2,2000
4525056076,2025-06-28T06:01:41,624,4055.59,QUOTATION,31ac60a6-1bc1-442c-ae10-4a420f770538,2,4000
4560419227,2025-09-05T20:31:30,507,4958.92,APPROVED,9a109dc4-7be3-4aec-94bb-ede38f79ae14,5,3000
4575668853,2025-07-23T07:21:48,280,6922.86,QUOTATION,0c328cd6-def4-4097-8b5d-ef9b4362cfd3,3,4000
4503202466,2025-10-06T05:00:16,785,6799.82,QUOTATION,a4926703-442b-4179-808a-04de7d4e1015,3,4000
4573268291,2025-11-26T22:50:31,635,2695.32,APPROVED,ba5b8587-5d45-44ac-9e4e-16cb4b3afecc,4,2000
4557551694,2025-11-21T14:34:47,453,6035.97,QUOTATION,01bb5e4b-33d3-4db2-85a2-499f5c9e31b4,5,3000
4593923191,2025-11-02T04:37:17,413,484.35,APPROVED,eb8e5632-45d0-47e9-bcc0-ee76bf030643,1,2000
4572996888,2025-08-05T22:19:19,451,8001.03,WAITING,31ac60a6-1bc1-442c-ae10-4a420f770538,2,2000
4579060596,2025-07-22T15:49:04,393,7724.28,WAITING,00a417fb-f2b9-4bb8-90c0-0787c3f2e3c7,4,4000
4567683415,2025-08-23T12:19:17,250,1255.25,REJECTED,05767575-2944-4457-9aa7-06e1dae2ae25,1,4000
4591252405,2025-11-20T08:47:40,136,2155.99,APPROVED,56ae9e46-c0b2-46ca-b51d-5686e00ce4a6,2,3000
4553636975,2025-07-19T15:17:59,858,6953.22,WAITING,4a2d279e-2495-496f-80d9-bc5a45e3b6b4,1,2000
4549669765,2025-10-13T10:34:24,70,9181.0,APPROVED,f6979cad-3c89-4280-985d-d7f07aaa8c2b,4,2000
4596556466,2025-10-10T05:08:02,391,4579.5,APPROVED,b577718c-a2a9-4f8a-a41c-7cac0d102aab,5,1000
4524107568,2025-09-06T22:51:27,989,218.45,QUOTATION,ba3d4978-80db-4a12-9f06-e4c698936184,4,1000
4559018688,2025-10-17T05:36:25,176,5642.31,APPROVED,ad64acbd-9045-44ec-9111-f6b3b90cb060,3,3000
4508076005,2025-08-13T07:03:08,492,412.58,APPROVED,fe53d2be-049c-47fa-871a-c4a8b1a10e40,4,4000
4564243768,2025-06-08T03:35:33,790,3186.54,QUOTATION,74d238f7-61d4-41c6-9d51-b05f2eddcb36,5,1000
4581726399,2025-11-27T04:19:45,768,5950.01,APPROVED,611eefb3-ef38-4a2e-831a-15aff1dde8f8,4,2000
4599973771,2025-11-18T11:43:11,206,62.96,QUOTATION,9ec93c76-9578-4947-a5ca-def516b026cb,4,3000
4532654697,2025-11-21T02:44:58,474,505.48,REJECTED,651e8d5b-8636-4635-a934-6f9427d506b8,2,1000
4529501943,2025-06-22T12:17:00,821,7728.49,QUOTATION,73df3d25-bcec-47a6-8d66-6b628e81ed2d,1,3000
4505140348,2025-09-14T13:43:43,573,5925.07,QUOTATION,0a58bce2-1697-4c89-b568-ae280f33f982,1,3000
4558912193,2025-10-02T21:43:11,63,9033.74,APPROVED,ea38b7e1-b488-4873-ab04-3066d219b434,5,2000
4592232972,2025-10-18T11:52:31,193,2402.07,WAITING,134244b2-90f7-4d62-8488-d71e29828266,5,3000
4514023751,2025-09-15T02:11:49,874,1973.11,QUOTATION,ba3d4978-80db-4a12-9f06-e4c698936184,1,2000
4515555186,2025-09-09T08:47:03,778,7885.93,WAITING,82ebf1b0-6982-4deb-ac51-c7a6d0a68c5d,3,2000
4588518164,2025-09-14T12:38:34,544,4555.56,WAITING,9ec93c76-9578-4947-a5ca-def516b026cb,5,2000
4564546456,2025-08-15T07:36:27,624,7314.31,APPROVED,3d3527a9-4ef5-45d5-83c2-4178789f9921,4,3000
4588339973,2025-11-15T12:04:09,829,2969.81,REJECTED,3d3527a9-4ef5-45d5-83c2-4178789f9921,1,1000
4555263809,2025-11-15T04:39:49,238,7115.56,REJECTED,00a417fb-f2b9-4bb8-90c0-0787c3f2e3c7,4,1000
4550953658,2025-07-03T21:12:22,123,5887.96,QUOTATION,82ebf1b0-6982-4deb-ac51-c7a6d0a68c5d,5,1000
4588517462,2025-10-17T03:03:12,816,3473.37,WAITING,77b34563-244c-46da-b014-af1a9c7fa9e4,4,4000
4506798152,2025-10-11T14:28:46,635,2821.96,WAITING,51991c98-a328-457f-a862-0962b2d30ddc,1,2000
4586348265,2025-10-11T08:53:23,856,507.05,REJECTED,00a417fb-f2b9-4bb8-90c0-0787c3f2e3c7,4,1000
4559328887,2025-09-12T01:29:02,749,5754.37,QUOTATION,de541e55-b7b6-404a-8ce0-a6f1ea925750,2,3000
4587321764,2025-09-24T11:51:45,33,6856.84,WAITING,73df3d25-bcec-47a6-8d66-6b628e81ed2d,1,1000
4583208693,2025-08-27T18:52:08,270,419.42,QUOTATION,15ddc72a-7103-4a88-a951-49c5aa75affd,1,2000
4515912503,2025-11-11T00:56:11,163,8513.1,QUOTATION,651e8d5b-8636-4635-a934-6f9427d506b8,2,1000
4501123075,2025-06-20T18:09:52,391,2970.91,QUOTATION,e7ba4d18-37bf-472c-9d3a-7756c21a55c9,3,1000
4542958691,2025-10-10T22:48:26,379,9088.66,APPROVED,4029508a-afa4-4faf-b175-4bb65b8a4dbb,1,3000
4506431538,2025-08-26T01:45:51,446,6644.64,REJECTED,975480d4-8c15-44ba-8c55-a9938bdaa2c4,1,2000
4557497452,2025-10-22T02:09:55,691,8698.55,REJECTED,a4926703-442b-4179-808a-04de7d4e1015,1,3000
4534554601,2025-10-03T19:09:37,64,7219.93,REJECTED,8df0c99e-2745-44ae-94ee-ad79cb114fdb,1,3000
4558430615,2025-09-28T08:01:25,867,8539.78,WAITING,84aadcf6-499b-4416-9a35-3e546eb39a5c,1,4000
4579822927,2025-09-09T08:45:25,485,3497.35,QUOTATION,cf11fe2a-443a-44e9-96b0-e6b91ddfa87d,5,1000
4577735130,2025-06-06T17:15:55,341,6583.37,WAITING,0c328cd6-def4-4097-8b5d-ef9b4362cfd3,1,4000
4553778329,2025-11-14T21:48:43,63,4760.9,WAITING,f6979cad-3c89-4280-985d-d7f07aaa8c2b,3,4000
4508526326,2025-10-06T14:12:54,616,2374.11,REJECTED,d5b6a98e-464a-4e85-ad1c-7fd6be7df835,4,2000
4532692522,2025-10-27T07:14:02,427,2048.19,QUOTATION,8ca5ca23-a910-469b-aec1-73bd31d74ba2,3,3000
4539874330,2025-10-19T09:28:48,123,6755.6,WAITING,74d238f7-61d4-41c6-9d51-b05f2eddcb36,5,3000
4516286030,2025-08-16T06:09:34,769,304.39,QUOTATION,8df0c99e-2745-44ae-94ee-ad79cb114fdb,3,3000
4535981575,2025-08-19T05:17:06,924,5327.46,REJECTED,35672019-b6d1-42b4-b906-8819b248182e,2,2000
4574856210,2025-09-11T06:47:08,425,6951.08,WAITING,eb8e5632-45d0-47e9-bcc0-ee76bf030643,4,4000
4563213513,2025-08-02T05:40:12,746,3055.98,APPROVED,ce1eeb99-74a8-4547-b95c-345102c07d21,2,1000
4530644250,2025-10-22T00:07:19,300,1429.16,REJECTED,e069016d-d217-4fbc-b438-1e8790b731fb,1,3000
4594687357,2025-08-01T08:55:51,220,2956.54,QUOTATION,ce1eeb99-74a8-4547-b95c-345102c07d21,1,2000
4568119671,2025-10-27T03:20:56,603,1903.52,REJECTED,cea90057-5542-4a9f-8ad8-2fa263b39b7b,4,3000
4504203379,2025-08-13T02:18:24,352,7847.94,APPROVED,cea90057-5542-4a9f-8ad8-2fa263b39b7b,2,4000
4501204172,2025-09-28T21:20:52,979,891.0,REJECTED,a1a6e723-19c6-46fd-a584-917efe27f127,2,4000
4551036581,2025-08-10T03:32:19,800,559.52,QUOTATION,ce1eeb99-74a8-4547-b95c-345102c07d21,3,4000
4533453186,2025-09-05T16:08:21,854,4934.83,APPROVED,9c7454a7-b80c-4d19-b841-4c0343b75add,5,4000
4572646081,2025-11-03T01:19:59,483,5216.12,WAITING,4a5df305-6d85-4b5a-81ca-b2a776017f8f,2,4000
4588233749,2025-10-19T22:54:07,842,8532.43,REJECTED,3f3292d8-3056-42da-9ec5-d080c252a223,3,1000
4588523810,2025-11-13T20:35:10,722,9012.48,QUOTATION,e7ba4d18-37bf-472c-9d3a-7756c21a55c9,1,3000
4550490127,2025-08-23T18:19:56,485,1363.12,WAITING,834a14f7-cbd7-4220-9587-cd61c93c8253,3,4000
4507013146,2025-07-26T09:41:47,473,8407.63,WAITING,b6bbc970-46d2-4ff4-9c52-80f378cfe8ea,1,1000
4507878813,2025-11-23T16:49:29,765,1628.05,QUOTATION,bcebc30c-15e5-48e2-9c32-c86d886f82a0,5,1000
4503525563,2025-09-10T21:01:15,368,21.35,QUOTATION,3ee51816-f540-45e6-8401-474c5df84e78,4,3000
4551956393,2025-10-02T00:39:43,180,4692.16,REJECTED,0f7e95f4-4fb9-4987-a1e1-5264880e721e,5,2000
4549138485,2025-07-07T07:00:59,563,240.76,REJECTED,37bf8863-0046-49cb-a72c-f7e41661214b,1,4000
4585445690,2025-06-07T23:12:16,215,978.94,QUOTATION,a4926703-442b-4179-808a-04de7d4e1015,2,1000
4552747944,2025-06-19T08:40:51,850,3747.87,QUOTATION,68681084-7b12-4fd9-9704-7da3802cb451,4,3000
4567807940,2025-09-05T13:11:35,840,3803.35,APPROVED,77b34563-244c-46da-b014-af1a9c7fa9e4,5,1000
4566502576,2025-10-17T15:44:39,156,3709.57,REJECTED,b6bbc970-46d2-4ff4-9c52-80f378cfe8ea,4,3000
4579499918,2025-11-24T23:01:03,91,6866.75,APPROVED,71b893be-0a75-41a7-9a52-bcdb771cc5ec,3,2000
4550934662,2025-06-02T03:23:44,692,7113.24,QUOTATION,408c4fe5-9066-4997-8f1c-ad8daae4b1f6,4,4000
4509083109,2025-06-22T14:08:54,177,2664.03,WAITING,651e8d5b-8636-4635-a934-6f9427d506b8,1,2000
4536815964,2025-06-28T01:58:51,386,9258.92,WAITING,cf11fe2a-443a-44e9-96b0-e6b91ddfa87d,2,4000
4596240109,2025-10-27T16:48:24,142,4895.4,QUOTATION,a1ad3c2b-45ca-491c-8ef2-a64af7d19e43,1,4000
4547912714,2025-08-08T17:23:02,368,4025.61,APPROVED,35672019-b6d1-42b4-b906-8819b248182e,1,1000
4524847133,2025-11-01T00:26:29,693,9983.13,APPROVED,bf599d91-442c-4e09-b5ae-b9f08a417d11,4,2000
4572245393,2025-11-24T02:13:07,880,6634.13,REJECTED,b020551c-5fe7-45ea-881a-6fa78332362d,4,1000
4575526122,2025-08-22T03:14:50,268,7456.63,QUOTATION,31ac60a6-1bc1-442c-ae10-4a420f770538,5,2000
4540984292,2025-10-19T06:38:16,917,8315.89,QUOTATION,a4926703-442b-4179-808a-04de7d4e1015,1,4000
4583242161,2025-10-18T08:27:49,800,9627.29,WAITING,0a58bce2-1697-4c89-b568-ae280f33f982,3,2000
4584994690,2025-07-21T00:21:47,682,7951.46,APPROVED,f6979cad-3c89-4280-985d-d7f07aaa8c2b,5,4000
4505451649,2025-10-16T16:47:12,276,6639.77,REJECTED,b577718c-a2a9-4f8a-a41c-7cac0d102aab,3,1000
4585751749,2025-09-27T12:51:43,600,7832.23,WAITING,76fa0c16-dc3a-4a9b-b914-de6a0097f3dc,4,2000
4561008734,2025-09-24T21:49:55,636,3973.82,APPROVED,32149af9-a4f0-4e80-a73d-490a9faef06f,4,4000
4505722900,2025-07-18T03:44:23,442,4735.5,WAITING,0439439c-8945-42c4-b079-5340d85df97c,5,2000
4565128925,2025-09-12T20:21:10,410,9072.85,QUOTATION,791660af-f0db-4fbd-a3a4-86bd38182556,4,2000
4568052355,2025-08-15T12:27:30,266,1630.26,REJECTED,5257f4f1-580e-4eb3-89f9-6cae458e4509,5,1000
4559513845,2025-08-27T16:45:42,810,6363.12,WAITING,daffc87a-fdb5-424e-9155-782c6cd1b731,1,3000
4510348361,2025-09-16T09:14:35,551,6888.22,REJECTED,b577718c-a2a9-4f8a-a41c-7cac0d102aab,5,3000
4563291024,2025-10-09T21:28:37,494,1402.44,REJECTED,dbce3e63-1a5c-4595-a1f9-d09c3d978567,1,2000
4596649516,2025-07-26T02:01:31,363,7532.32,REJECTED,62117371-6664-4e90-9e4c-e3939789c81a,3,1000
4547977025,2025-08-23T12:20:29,558,9775.89,APPROVED,68681084-7b12-4fd9-9704-7da3802cb451,4,4000
4588329584,2025-08-27T14:45:46,468,1608.89,REJECTED,ce1eeb99-74a8-4547-b95c-345102c07d21,3,2000
4579044349,2025-10-14T07:21:42,838,2641.23,QUOTATION,0f7e95f4-4fb9-4987-a1e1-5264880e721e,1,1000
4529906681,2025-07-28T13:14:43,344,1565.39,WAITING,bcebc30c-15e5-48e2-9c32-c86d886f82a0,4,4000
4593844923,2025-06-25T07:48:12,638,199.27,REJECTED,c40f8a37-9024-4fcd-80a6-7917301ba6bd,3,3000
4553377546,2025-09-02T23:30:22,661,8968.03,APPROVED,5c250769-58e7-4a67-92b8-05566aab2cd0,1,3000
4549489452,2025-09-14T04:11:56,983,6224.06,REJECTED,9567383e-1921-4683-803b-509faa2bc9d5,5,2000
4510641523,2025-07-12T14:01:12,689,459.96,APPROVED,d5b6a98e-464a-4e85-ad1c-7fd6be7df835,3,4000
4556021664,2025-11-10T18:03:31,786,9860.21,APPROVED,01bb5e4b-33d3-4db2-85a2-499f5c9e31b4,2,3000
4530799659,2025-08-09T10:58:52,455,1732.96,QUOTATION,eb8e5632-45d0-47e9-bcc0-ee76bf030643,5,1000
4597167943,2025-08-23T00:16:35,806,8776.03,QUOTATION,de541e55-b7b6-404a-8ce0-a6f1ea925750,4,2000
4537143517,2025-10-01T04:07:19,19,8580.48,APPROVED,fffeaf8f-4b6b-4357-a309-89f4769c36da,5,3000
4520266560,2025-06-08T08:43:59,689,8441.38,APPROVED,a1a6e723-19c6-46fd-a584-917efe27f127,3,4000
4537609057,2025-09-21T03:58:55,319,9428.99,WAITING,5c250769-58e7-4a67-92b8-05566aab2cd0,4,2000
4589403478,2025-06-13T14:54:33,508,778.98,REJECTED,32149af9-a4f0-4e80-a73d-490a9faef06f,3,4000
4530931911,2025-07-08T07:26:54,822,7043.36,WAITING,35672019-b6d1-42b4-b906-8819b248182e,4,2000
4541380446,2025-10-26T13:35:19,406,4158.88,QUOTATION,74d238f7-61d4-41c6-9d51-b05f2eddcb36,4,4000
4572994734,2025-09-06T17:49:58,190,1642.03,REJECTED,12a301b9-4c71-4181-a853-d29be7b6bd18,4,2000
4507405623,2025-09-10T07:44:48,355,4963.26,QUOTATION,31ac60a6-1bc1-442c-ae10-4a420f770538,5,4000
4573421756,2025-07-13T21:30:08,659,9182.99,REJECTED,f6dd041e-f994-407c-9a1b-2ee8a39b9b25,3,4000
4564404159,2025-09-04T10:38:46,378,2726.79,REJECTED,ce1eeb99-74a8-4547-b95c-345102c07d21,2,2000
4589567565,2025-07-05T17:49:20,277,5608.15,REJECTED,31ac60a6-1bc1-442c-ae10-4a420f770538,5,3000
4595986686,2025-11-03T09:44:44,191,7899.37,APPROVED,384bae62-8ba8-4cac-b8ad-3df4e68bcafa,4,2000
4539818091,2025-06-19T09:54:24,636,2776.46,REJECTED,15ddc72a-7103-4a88-a951-49c5aa75affd,2,4000
4554621895,2025-10-03T21:56:03,537,7249.22,WAITING,4029508a-afa4-4faf-b175-4bb65b8a4dbb,4,3000
4570633147,2025-06-22T20:14:02,197,5852.48,WAITING,82ebf1b0-6982-4deb-ac51-c7a6d0a68c5d,2,1000
4526720625,2025-09-21T13:11:38,244,1691.85,QUOTATION,0e752cfe-75ff-427d-8214-57710b509b33,4,2000
4573008649,2025-07-01T11:41:24,994,7707.79,REJECTED,9fc109ea-2585-4c23-9329-2ccda2d964eb,2,2000
4596707601,2025-11-20T03:10:50,433,1930.79,REJECTED,15ddc72a-7103-4a88-a951-49c5aa75affd,3,1000
4542857090,2025-07-27T12:25:13,212,4929.97,APPROVED,77b34563-244c-46da-b014-af1a9c7fa9e4,1,1000
4516872001,2025-10-08T14:45:41,791,5616.04,APPROVED,e069016d-d217-4fbc-b438-1e8790b731fb,1,2000
4504728087,2025-07-27T20:22:44,685,1438.05,QUOTATION,834a14f7-cbd7-4220-9587-cd61c93c8253,5,4000
4575114549,2025-06-25T12:45:27,763,6333.39,WAITING,da731710-48f7-4c02-8dd6-917ff4c62e3b,1,1000
4581902300,2025-09-21T09:23:53,206,7102.56,WAITING,ba5b8587-5d45-44ac-9e4e-16cb4b3afecc,5,4000
4512616596,2025-07-27T08:19:29,12,5284.07,REJECTED,cf11fe2a-443a-44e9-96b0-e6b91ddfa87d,3,1000
4570010862,2025-07-27T05:09:37,767,1292.51,APPROVED,ba5b8587-5d45-44ac-9e4e-16cb4b3afecc,3,4000
4589188249,2025-08-02T23:52:15,168,2728.38,QUOTATION,975480d4-8c15-44ba-8c55-a9938bdaa2c4,2,1000
4592728032,2025-09-18T06:34:10,934,5168.11,APPROVED,4a2d279e-2495-496f-80d9-bc5a45e3b6b4,2,4000
4523766545,2025-11-28T01:53:24,23,7155.03,APPROVED,71b893be-0a75-41a7-9a52-bcdb771cc5ec,1,3000
4545503599,2025-07-15T16:46:25,614,5550.76,QUOTATION,f6dd041e-f994-407c-9a1b-2ee8a39b9b25,1,4000
4542688229,2025-11-13T13:54:30,351,549.03,REJECTED,28d388a1-0e70-41d0-a8a1-abb9e3263b7b,1,1000
4574792405,2025-09-08T13:19:01,532,2484.31,APPROVED,8ca5ca23-a910-469b-aec1-73bd31d74ba2,5,4000
4584540583,2025-07-16T07:32:43,948,2106.82,WAITING,cea90057-5542-4a9f-8ad8-2fa263b39b7b,2,4000
4539306877,2025-11-24T17:23:27,180,7739.43,WAITING,2ab670e8-49e3-4a95-9871-d937f77b5927,4,3000
4572195678,2025-09-16T20:24:04,422,2605.08,APPROVED,0a58bce2-1697-4c89-b568-ae280f33f982,5,4000
4531030614,2025-07-18T12:30:33,345,3134.74,APPROVED,bf599d91-442c-4e09-b5ae-b9f08a417d11,3,1000
4570301839,2025-06-19T17:09:45,393,8382.91,APPROVED,35672019-b6d1-42b4-b906-8819b248182e,1,1000
4515153583,2025-09-13T18:39:02,720,8279.85,APPROVED,cf11fe2a-443a-44e9-96b0-e6b91ddfa87d,3,1000
4576162063,2025-09-17T12:51:12,947,5035.21,QUOTATION,3ee51816-f540-45e6-8401-474c5df84e78,3,3000
4588551439,2025-08-18T06:21:28,975,3492.7,REJECTED,56ae9e46-c0b2-46ca-b51d-5686e00ce4a6,4,2000
4599079389,2025-06-11T05:31:37,108,1374.99,WAITING,76fa0c16-dc3a-4a9b-b914-de6a0097f3dc,2,1000
4535253877,2025-11-18T04:48:55,770,7113.6,REJECTED,a9da22e7-f42f-4428-9083-96395b7a7e9a,3,3000
4583688809,2025-07-26T23:22:59,361,3588.86,REJECTED,ebfe58ef-0dee-41d8-859e-ae2bff66e7fc,3,1000
4536058303,2025-06-01T03:09:12,869,7349.09,QUOTATION,f6dd041e-f994-407c-9a1b-2ee8a39b9b25,4,1000
4534186992,2025-06-07T00:11:07,330,2755.38,APPROVED,611eefb3-ef38-4a2e-831a-15aff1dde8f8,2,4000
4593383384,2025-08-23T01:34:06,549,9079.42,REJECTED,4a5df305-6d85-4b5a-81ca-b2a776017f8f,5,2000
4545550082,2025-06-21T15:06:22,610,7102.46,QUOTATION,408c4fe5-9066-4997-8f1c-ad8daae4b1f6,5,2000
4532705931,2025-08-22T00:09:23,814,4047.3,QUOTATION,8ca5ca23-a910-469b-aec1-73bd31d74ba2,2,3000
4588680828,2025-11-10T02:01:01,468,6639.94,WAITING,05767575-2944-4457-9aa7-06e1dae2ae25,2,1000
4528251391,2025-06-11T14:02:37,772,7350.14,WAITING,3ee51816-f540-45e6-8401-474c5df84e78,5,2000
4542043888,2025-11-15T23:32:35,167,1391.05,APPROVED,0e752cfe-75ff-427d-8214-57710b509b33,5,4000
4530253585,2025-11-24T23:38:09,447,3270.23,QUOTATION,71b893be-0a75-41a7-9a52-bcdb771cc5ec,5,3000
4511058171,2025-07-14T08:55:28,515,8477.48,QUOTATION,975480d4-8c15-44ba-8c55-a9938bdaa2c4,4,4000
4574229985,2025-08-24T23:21:56,227,5089.11,WAITING,b020551c-5fe7-45ea-881a-6fa78332362d,3,4000
4519102093,2025-08-20T20:04:09,299,6043.41,WAITING,68681084-7b12-4fd9-9704-7da3802cb451,5,3000
4518228357,2025-06-02T14:54:12,169,9708.53,QUOTATION,51991c98-a328-457f-a862-0962b2d30ddc,3,4000
4504641305,2025-10-01T18:15:20,73,8902.33,APPROVED,bf599d91-442c-4e09-b5ae-b9f08a417d11,3,1000
4582839087,2025-07-12T09:38:04,55,5079.28,WAITING,eb8e5632-45d0-47e9-bcc0-ee76bf030643,1,2000
4589295155,2025-08-11T12:09:41,322,4430.02,APPROVED,0b319577-4ab0-4684-b112-b27aad212cb1,5,4000
4533592440,2025-08-02T00:17:47,43,6865.53,APPROVED,84aadcf6-499b-4416-9a35-3e546eb39a5c,5,1000
4521424969,2025-06-03T21:14:12,95,7748.08,WAITING,68681084-7b12-4fd9-9704-7da3802cb451,5,4000
4592469137,2025-06-12T06:05:02,511,227.51,WAITING,68681084-7b12-4fd9-9704-7da3802cb451,5,2000
4528740296,2025-10-16T05:39:01,113,1143.04,APPROVED,0f7e95f4-4fb9-4987-a1e1-5264880e721e,4,1000
4519221971,2025-08-09T14:10:14,281,9071.23,REJECTED,3f3292d8-3056-42da-9ec5-d080c252a223,1,2000
4564396560,2025-11-28T21:44:13,194,3434.31,WAITING,3341d7ea-5bed-42e4-82c2-18d0adfbcdf1,3,2000
4523011153,2025-09-27T19:00:13,836,3650.29,WAITING,71b893be-0a75-41a7-9a52-bcdb771cc5ec,1,4000
4500442673,2025-10-16T04:49:42,285,5087.0,WAITING,0439439c-8945-42c4-b079-5340d85df97c,5,4000
4574897563,2025-06-22T03:55:53,28,1415.95,APPROVED,0c328cd6-def4-4097-8b5d-ef9b4362cfd3,4,2000
4510970374,2025-11-24T23:08:40,119,5495.83,WAITING,56ae9e46-c0b2-46ca-b51d-5686e00ce4a6,2,4000
4563485990,2025-10-07T07:25:08,671,4325.06,WAITING,01bb5e4b-33d3-4db2-85a2-499f5c9e31b4,4,1000
4511436139,2025-06-16T03:46:25,685,3968.65,QUOTATION,ebfe58ef-0dee-41d8-859e-ae2bff66e7fc,5,3000
4567491957,2025-10-21T17:15:13,957,2862.77,WAITING,9567383e-1921-4683-803b-509faa2bc9d5,3,2000
4571798010,2025-11-19T22:45:45,203,1903.19,REJECTED,8df0c99e-2745-44ae-94ee-ad79cb114fdb,2,3000
4592949156,2025-06-05T06:43:42,415,1067.33,APPROVED,ba3d4978-80db-4a12-9f06-e4c698936184,4,3000
4538983469,2025-09-01T03:17:46,674,9746.98,REJECTED,9567383e-1921-4683-803b-509faa2bc9d5,1,1000
4591925920,2025-07-10T21:50:38,352,8436.92,WAITING,b6bbc970-46d2-4ff4-9c52-80f378cfe8ea,2,3000
4507337063,2025-07-11T15:29:33,536,8899.32,APPROVED,de541e55-b7b6-404a-8ce0-a6f1ea925750,4,1000
4557679205,2025-10-08T00:39:09,742,4147.09,WAITING,fffeaf8f-4b6b-4357-a309-89f4769c36da,2,1000
4513775937,2025-10-14T15:57:06,834,4517.03,APPROVED,4a5df305-6d85-4b5a-81ca-b2a776017f8f,3,2000
4594195071,2025-07-19T10:41:38,370,3710.81,REJECTED,28d388a1-0e70-41d0-a8a1-abb9e3263b7b,1,4000
4543273368,2025-11-11T01:16:59,962,8051.97,QUOTATION,3341d7ea-5bed-42e4-82c2-18d0adfbcdf1,1,3000
4554602985,2025-10-17T18:58:56,963,8455.5,QUOTATION,134244b2-90f7-4d62-8488-d71e29828266,4,1000
4530104812,2025-09-01T05:10:58,794,332.48,WAITING,384bae62-8ba8-4cac-b8ad-3df4e68bcafa,2,4000
4584648499,2025-10-21T08:34:49,462,482.87,WAITING,35672019-b6d1-42b4-b906-8819b248182e,4,1000
4512680978,2025-11-17T15:56:58,540,7881.47,WAITING,3ee51816-f540-45e6-8401-474c5df84e78,3,4000
4500181636,2025-10-01T09:35:41,956,7461.74,REJECTED,0c328cd6-def4-4097-8b5d-ef9b4362cfd3,4,4000
4500781325,2025-07-10T17:16:41,364,2327.85,WAITING,975480d4-8c15-44ba-8c55-a9938bdaa2c4,2,2000
4522643417,2025-07-11T03:22:01,830,3884.04,QUOTATION,28d388a1-0e70-41d0-a8a1-abb9e3263b7b,2,4000
4564240395,2025-11-10T21:07:16,857,414.42,WAITING,da731710-48f7-4c02-8dd6-917ff4c62e3b,4,4000
4556842007,2025-08-14T15:05:50,783,7372.1,QUOTATION,d5b6a98e-464a-4e85-ad1c-7fd6be7df835,1,1000
4589655339,2025-11-28T08:38:08,875,8620.95,QUOTATION,ba3d4978-80db-4a12-9f06-e4c698936184,3,2000
4580210675,2025-09-05T09:07:35,608,9189.25,REJECTED,834a14f7-cbd7-4220-9587-cd61c93c8253,1,3000
4523710793,2025-06-04T04:12:11,557,2133.25,APPROVED,b0154cbb-c693-4062-88b9-a8acf4402b56,1,1000
4589427215,2025-08-28T11:14:51,375,3718.05,WAITING,5257f4f1-580e-4eb3-89f9-6cae458e4509,4,2000
4536869763,2025-09-16T02:59:24,238,8932.72,REJECTED,aa51a37d-2867-459b-8885-b5c8b161616a,2,4000
4569952700,2025-08-13T22:41:24,405,3315.17,WAITING,41f3b33b-8871-42fd-90d5-1d1d9f2d5aed,5,4000
4521189885,2025-06-17T14:54:28,720,1359.89,REJECTED,3d3527a9-4ef5-45d5-83c2-4178789f9921,3,4000
4581601258,2025-08-15T11:50:42,651,9389.79,APPROVED,41f3b33b-8871-42fd-90d5-1d1d9f2d5aed,1,1000
4576898029,2025-11-26T16:26:16,115,7629.06,WAITING,15ddc72a-7103-4a88-a951-49c5aa75affd,5,3000
4588537629,2025-09-22T04:32:25,913,9054.86,APPROVED,05767575-2944-4457-9aa7-06e1dae2ae25,4,4000
4535656557,2025-10-08T03:48:49,65,4589.87,QUOTATION,dbce3e63-1a5c-4595-a1f9-d09c3d978567,1,3000
4577901436,2025-08-13T15:29:19,792,4232.61,WAITING,834a14f7-cbd7-4220-9587-cd61c93c8253,4,4000
4511886560,2025-07-24T04:04:32,61,7434.35,REJECTED,a9da22e7-f42f-4428-9083-96395b7a7e9a,1,1000
4504251966,2025-07-05T02:34:50,903,842.62,APPROVED,3ee51816-f540-45e6-8401-474c5df84e78,3,4000
4506950984,2025-08-28T00:01:39,48,5648.17,WAITING,d4dbba0a-2b26-4233-9017-bb25b2e860f3,2,3000
4552038278,2025-10-19T13:48:39,855,3501.62,QUOTATION,82ebf1b0-6982-4deb-ac51-c7a6d0a68c5d,4,1000
4585846819,2025-11-27T19:25:55,18,1722.68,WAITING,d7da1df8-a4af-4efe-a657-570c6d350470,5,3000
4591972144,2025-07-27T06:24:08,479,5553.88,WAITING,35672019-b6d1-42b4-b906-8819b248182e,3,4000
4569811100,2025-11-27T20:22:06,95,190.36,WAITING,5257f4f1-580e-4eb3-89f9-6cae458e4509,3,1000
4555771223,2025-11-28T06:35:03,389,1694.45,QUOTATION,8df0c99e-2745-44ae-94ee-ad79cb114fdb,5,3000
4591039035,2025-06-18T08:37:49,694,8152.63,REJECTED,15ddc72a-7103-4a88-a951-49c5aa75affd,1,3000
4530135684,2025-07-03T14:37:56,185,6436.16,APPROVED,fffeaf8f-4b6b-4357-a309-89f4769c36da,3,1000
4582924504,2025-11-24T11:01:38,158,138.69,WAITING,56ae9e46-c0b2-46ca-b51d-5686e00ce4a6,5,3000
4511586864,2025-09-08T03:38:34,574,3065.07,APPROVED,ad64acbd-9045-44ec-9111-f6b3b90cb060,4,2000
4547652997,2025-08-18T04:38:06,198,349.64,APPROVED,0a58bce2-1697-4c89-b568-ae280f33f982,4,2000
4514363726,2025-09-21T16:30:32,183,1338.66,REJECTED,f6dd041e-f994-407c-9a1b-2ee8a39b9b25,3,3000
4548317369,2025-09-06T13:07:20,567,980.86,WAITING,31ac60a6-1bc1-442c-ae10-4a420f770538,3,1000
4508000627,2025-10-28T04:59:12,343,2998.18,WAITING,651e8d5b-8636-4635-a934-6f9427d506b8,5,4000
4545977085,2025-08-07T16:16:00,353,4645.9,REJECTED,0f7e95f4-4fb9-4987-a1e1-5264880e721e,3,3000
4510787392,2025-09-03T19:30:57,134,8236.16,WAITING,384bae62-8ba8-4cac-b8ad-3df4e68bcafa,2,3000
4511015365,2025-06-24T00:36:44,329,9293.92,REJECTED,3341d7ea-5bed-42e4-82c2-18d0adfbcdf1,1,3000
4591054075,2025-09-15T09:52:57,346,355.25,APPROVED,dbce3e63-1a5c-4595-a1f9-d09c3d978567,2,3000
4516208818,2025-08-06T13:34:54,415,9032.0,APPROVED,4a2d279e-2495-496f-80d9-bc5a45e3b6b4,2,4000
4540348918,2025-07-02T21:25:47,133,7566.27,APPROVED,4029508a-afa4-4faf-b175-4bb65b8a4dbb,2,3000
4546029645,2025-09-04T06:38:31,217,5319.92,REJECTED,31ac60a6-1bc1-442c-ae10-4a420f770538,4,4000
4561669085,2025-11-25T15:55:47,531,5759.43,APPROVED,e069016d-d217-4fbc-b438-1e8790b731fb,1,3000
4540605686,2025-11-07T08:30:12,661,5479.9,REJECTED,bcebc30c-15e5-48e2-9c32-c86d886f82a0,4,2000
4525187376,2025-07-20T18:40:22,542,1196.77,APPROVED,bcebc30c-15e5-48e2-9c32-c86d886f82a0,1,3000
4530804932,2025-07-25T20:23:43,578,8907.37,APPROVED,d4dbba0a-2b26-4233-9017-bb25b2e860f3,5,3000
4592034350,2025-10-15T11:38:26,442,5282.19,QUOTATION,110f8801-eea1-420d-98e6-dd439569747b,4,2000
4580511285,2025-07-21T13:56:02,972,8505.71,REJECTED,daffc87a-fdb5-424e-9155-782c6cd1b731,4,3000
4557356856,2025-08-26T22:32:55,445,8720.41,APPROVED,6c55f239-a4f0-4edd-afe8-02d129db9eda,2,3000
4597184186,2025-06-04T20:16:33,479,4098.72,REJECTED,8df0c99e-2745-44ae-94ee-ad79cb114fdb,3,1000
4502737476,2025-06-03T08:23:50,409,1539.97,REJECTED,a4926703-442b-4179-808a-04de7d4e1015,4,2000
4594864951,2025-09-11T13:31:30,161,9351.79,APPROVED,611eefb3-ef38-4a2e-831a-15aff1dde8f8,3,3000
4569723773,2025-06-11T13:01:40,818,6732.84,QUOTATION,28d388a1-0e70-41d0-a8a1-abb9e3263b7b,1,3000
4550549678,2025-06-24T05:38:57,858,8106.56,REJECTED,17dffc12-ac1a-44ed-ad09-3c824851c624,5,1000
4509231467,2025-10-02T21:38:12,993,3376.61,REJECTED,3341d7ea-5bed-42e4-82c2-18d0adfbcdf1,4,1000
4501425765,2025-09-15T10:35:57,649,9293.98,WAITING,76fa0c16-dc3a-4a9b-b914-de6a0097f3dc,1,3000
4544846916,2025-09-11T16:21:59,933,1590.71,APPROVED,4029508a-afa4-4faf-b175-4bb65b8a4dbb,1,2000
4503806144,2025-09-17T03:32:24,175,9822.46,WAITING,cea90057-5542-4a9f-8ad8-2fa263b39b7b,5,1000
4580974402,2025-09-28T20:09:32,781,3032.4,QUOTATION,651e8d5b-8636-4635-a934-6f9427d506b8,3,4000
4526477229,2025-08-22T21:25:34,199,8684.05,WAITING,e7ba4d18-37bf-472c-9d3a-7756c21a55c9,5,3000
4502953225,2025-11-07T12:48:40,750,2294.49,WAITING,bcebc30c-15e5-48e2-9c32-c86d886f82a0,2,4000
4509580375,2025-09-19T05:58:52,843,5440.6,QUOTATION,fffeaf8f-4b6b-4357-a309-89f4769c36da,4,4000
4567176249,2025-08-08T09:18:25,531,630.12,QUOTATION,f6dd041e-f994-407c-9a1b-2ee8a39b9b25,1,3000
4559012639,2025-10-26T02:00:37,524,8711.77,QUOTATION,76fa0c16-dc3a-4a9b-b914-de6a0097f3dc,4,1000
4575713872,2025-07-02T02:01:01,309,2575.42,QUOTATION,e7ba4d18-37bf-472c-9d3a-7756c21a55c9,3,4000
4582145981,2025-09-21T07:20:26,408,4139.12,REJECTED,ad64acbd-9045-44ec-9111-f6b3b90cb060,5,4000
4508324396,2025-09-10T23:09:04,466,6492.59,WAITING,bcebc30c-15e5-48e2-9c32-c86d886f82a0,2,3000
4573002679,2025-09-23T10:23:37,249,4160.07,WAITING,384bae62-8ba8-4cac-b8ad-3df4e68bcafa,1,2000
4567488944,2025-08-08T11:04:35,275,9265.1,APPROVED,4029508a-afa4-4faf-b175-4bb65b8a4dbb,1,4000
4589712859,2025-10-03T05:43:47,468,2469.93,WAITING,b577718c-a2a9-4f8a-a41c-7cac0d102aab,1,1000
4572673093,2025-11-20T04:25:54,833,1555.1,APPROVED,ba3d4978-80db-4a12-9f06-e4c698936184,4,3000
4588382425,2025-06-18T10:43:47,8,9303.26,QUOTATION,9fc109ea-2585-4c23-9329-2ccda2d964eb,4,2000
4579066123,2025-08-12T19:14:37,261,6506.86,REJECTED,37bf8863-0046-49cb-a72c-f7e41661214b,5,4000
4537772806,2025-07-25T12:00:01,115,6934.03,WAITING,408c4fe5-9066-4997-8f1c-ad8daae4b1f6,5,2000
4581338035,2025-11-03T14:55:18,320,8858.97,WAITING,3f3292d8-3056-42da-9ec5-d080c252a223,3,3000
4582698156,2025-07-06T02:35:42,782,7412.8,WAITING,0f7e95f4-4fb9-4987-a1e1-5264880e721e,4,4000
4596692387,2025-10-18T20:45:32,35,3805.33,REJECTED,e069016d-d217-4fbc-b438-1e8790b731fb,3,2000
4508158790,2025-11-15T08:30:36,939,805.27,WAITING,b6bbc970-46d2-4ff4-9c52-80f378cfe8ea,1,4000
4550643805,2025-11-21T11:42:04,327,9737.66,REJECTED,d4dbba0a-2b26-4233-9017-bb25b2e860f3,2,3000
4576357190,2025-07-07T13:07:21,45,9214.04,APPROVED,2ab670e8-49e3-4a95-9871-d937f77b5927,4,2000
4559560240,2025-09-01T15:52:53,633,4395.87,REJECTED,e7ba4d18-37bf-472c-9d3a-7756c21a55c9,3,1000
4547920235,2025-08-21T14:18:36,542,6233.54,WAITING,0b319577-4ab0-4684-b112-b27aad212cb1,3,4000
4544331231,2025-06-24T18:43:18,856,5415.11,QUOTATION,a4926703-442b-4179-808a-04de7d4e1015,4,1000
4585049494,2025-06-27T14:59:34,873,4393.81,QUOTATION,82ebf1b0-6982-4deb-ac51-c7a6d0a68c5d,1,2000
4569193223,2025-06-13T17:56:14,630,5995.96,APPROVED,0f7e95f4-4fb9-4987-a1e1-5264880e721e,3,4000
4540941366,2025-10-25T01:41:59,601,300.38,APPROVED,b020551c-5fe7-45ea-881a-6fa78332362d,2,3000
4589242126,2025-08-02T21:15:34,324,1810.07,WAITING,408c4fe5-9066-4997-8f1c-ad8daae4b1f6,2,4000
4547414895,2025-06-25T14:35:01,642,1508.8,APPROVED,28d388a1-0e70-41d0-a8a1-abb9e3263b7b,1,1000
4523466185,2025-11-14T11:17:09,645,8790.82,REJECTED,9a109dc4-7be3-4aec-94bb-ede38f79ae14,1,3000
4573265969,2025-06-18T23:45:32,529,4418.76,APPROVED,e7ba4d18-37bf-472c-9d3a-7756c21a55c9,5,3000
4524997600,2025-10-05T06:21:52,415,7334.46,WAITING,e069016d-d217-4fbc-b438-1e8790b731fb,5,3000
4502794905,2025-07-13T13:00:11,325,1910.64,REJECTED,de541e55-b7b6-404a-8ce0-a6f1ea925750,4,3000
4565419161,2025-08-14T21:21:01,449,7415.03,APPROVED,ea38b7e1-b488-4873-ab04-3066d219b434,5,1000
4504870097,2025-11-16T09:31:54,416,9839.64,REJECTED,68681084-7b12-4fd9-9704-7da3802cb451,5,4000
4545949573,2025-06-24T21:36:15,967,3510.13,QUOTATION,a1a6e723-19c6-46fd-a584-917efe27f127,1,1000
4570818861,2025-09-08T15:31:54,947,532.21,QUOTATION,915bda23-d2b3-4bab-9d3b-0b701beb76fa,1,4000
4519321527,2025-08-22T07:36:14,80,7882.17,REJECTED,31ac60a6-1bc1-442c-ae10-4a420f770538,1,3000
4541037902,2025-08-28T21:38:54,546,4232.84,WAITING,de541e55-b7b6-404a-8ce0-a6f1ea925750,3,3000
4583568483,2025-11-04T13:43:11,637,5439.69,QUOTATION,62117371-6664-4e90-9e4c-e3939789c81a,4,2000
4553988038,2025-11-13T07:27:45,49,516.68,WAITING,77b34563-244c-46da-b014-af1a9c7fa9e4,2,3000
4529790010,2025-06-01T08:17:34,573,4998.52,QUOTATION,56ae9e46-c0b2-46ca-b51d-5686e00ce4a6,5,4000
4576706806,2025-09-20T21:20:56,564,2646.9,WAITING,eb8e5632-45d0-47e9-bcc0-ee76bf030643,2,1000
4598765590,2025-11-22T19:19:28,738,1491.3,REJECTED,ea38b7e1-b488-4873-ab04-3066d219b434,1,1000
4568466246,2025-06-06T03:42:16,724,7737.98,APPROVED,5c250769-58e7-4a67-92b8-05566aab2cd0,5,3000
4587444281,2025-06-07T07:57:04,554,3445.52,QUOTATION,cea90057-5542-4a9f-8ad8-2fa263b39b7b,1,4000
4523178180,2025-07-15T09:14:46,191,502.12,APPROVED,0f7e95f4-4fb9-4987-a1e1-5264880e721e,5,3000
4527728790,2025-06-26T09:55:37,827,9791.07,APPROVED,dbce3e63-1a5c-4595-a1f9-d09c3d978567,3,1000
4588014972,2025-07-23T19:37:07,275,5649.91,WAITING,3ee51816-f540-45e6-8401-474c5df84e78,2,1000
4513355725,2025-11-18T22:30:43,183,7027.0,QUOTATION,74d238f7-61d4-41c6-9d51-b05f2eddcb36,4,2000
4560281766,2025-11-27T03:47:52,541,2487.1,APPROVED,74d238f7-61d4-41c6-9d51-b05f2eddcb36,2,1000
4587818715,2025-09-15T19:51:18,714,1455.13,APPROVED,6c55f239-a4f0-4edd-afe8-02d129db9eda,5,3000
4585594562,2025-09-21T08:05:03,995,8309.89,APPROVED,84aadcf6-499b-4416-9a35-3e546eb39a5c,3,3000
4541604189,2025-09-26T00:29:23,381,8889.58,WAITING,408c4fe5-9066-4997-8f1c-ad8daae4b1f6,2,4000
4578403208,2025-11-12T11:46:21,415,5430.36,QUOTATION,05767575-2944-4457-9aa7-06e1dae2ae25,3,4000
4555307495,2025-06-27T23:26:54,12,4932.14,QUOTATION,6cc3c3b9-23fa-4969-8791-af89dedc62c9,3,1000
4565353753,2025-07-20T05:11:51,490,3153.2,WAITING,bcebc30c-15e5-48e2-9c32-c86d886f82a0,5,4000
4553904949,2025-08-23T13:10:41,80,1942.82,WAITING,41f3b33b-8871-42fd-90d5-1d1d9f2d5aed,4,1000
4545463656,2025-07-10T06:59:38,837,7521.51,WAITING,fffeaf8f-4b6b-4357-a309-89f4769c36da,2,2000
4595734073,2025-08-19T16:40:09,520,5794.46,QUOTATION,4a2d279e-2495-496f-80d9-bc5a45e3b6b4,2,2000
4540754299,2025-10-08T04:00:23,660,9399.62,APPROVED,dbce3e63-1a5c-4595-a1f9-d09c3d978567,2,4000
4584020977,2025-11-27T00:23:43,817,252.86,APPROVED,5c250769-58e7-4a67-92b8-05566aab2cd0,4,3000
4577811301,2025-06-13T00:39:57,118,7517.51,REJECTED,a1ad3c2b-45ca-491c-8ef2-a64af7d19e43,1,1000
4565636867,2025-09-15T10:03:11,507,6215.58,APPROVED,b020551c-5fe7-45ea-881a-6fa78332362d,4,4000
4544149071,2025-10-03T17:28:31,233,9817.65,QUOTATION,c40f8a37-9024-4fcd-80a6-7917301ba6bd,3,3000
4516941435,2025-07-25T14:58:43,215,8468.59,APPROVED,5c250769-58e7-4a67-92b8-05566aab2cd0,2,1000
4572826859,2025-09-14T22:15:12,954,7665.2,QUOTATION,82ebf1b0-6982-4deb-ac51-c7a6d0a68c5d,3,2000
4538962843,2025-09-07T21:16:58,448,1717.26,QUOTATION,0f7e95f4-4fb9-4987-a1e1-5264880e721e,4,1000
4524876031,2025-09-04T15:30:07,49,5233.75,QUOTATION,ba5b8587-5d45-44ac-9e4e-16cb4b3afecc,3,2000
4545096405,2025-06-26T18:08:24,600,4578.54,QUOTATION,651e8d5b-8636-4635-a934-6f9427d506b8,4,2000
4546530828,2025-07-28T06:28:37,343,1049.42,WAITING,9a109dc4-7be3-4aec-94bb-ede38f79ae14,4,2000
4571477151,2025-09-09T21:24:59,332,2933.82,WAITING,0c328cd6-def4-4097-8b5d-ef9b4362cfd3,5,2000
4515841487,2025-08-25T16:16:36,920,6921.44,REJECTED,d5b6a98e-464a-4e85-ad1c-7fd6be7df835,3,1000
4568945303,2025-08-22T14:54:48,403,1476.86,REJECTED,73df3d25-bcec-47a6-8d66-6b628e81ed2d,1,3000
4598116232,2025-09-07T03:17:30,335,7681.15,APPROVED,62117371-6664-4e90-9e4c-e3939789c81a,5,3000
4577615538,2025-11-12T06:37:38,610,4687.37,QUOTATION,ea38b7e1-b488-4873-ab04-3066d219b434,4,2000
4542243574,2025-09-21T10:49:38,809,4483.74,WAITING,3341d7ea-5bed-42e4-82c2-18d0adfbcdf1,1,4000
4569341573,2025-08-26T04:47:04,832,8671.87,WAITING,68681084-7b12-4fd9-9704-7da3802cb451,5,1000
4599337032,2025-11-11T18:13:25,48,5308.87,WAITING,de541e55-b7b6-404a-8ce0-a6f1ea925750,1,1000
4571128396,2025-09-05T07:35:14,666,5695.27,WAITING,0c328cd6-def4-4097-8b5d-ef9b4362cfd3,4,2000
4531238748,2025-10-24T04:20:26,799,3402.41,QUOTATION,bf599d91-442c-4e09-b5ae-b9f08a417d11,3,1000
4512342565,2025-08-17T15:55:08,189,410.33,QUOTATION,2ab670e8-49e3-4a95-9871-d937f77b5927,3,1000
4519924375,2025-11-07T12:55:41,515,4362.47,QUOTATION,62117371-6664-4e90-9e4c-e3939789c81a,2,2000
4579596457,2025-06-23T09:21:36,649,3957.08,REJECTED,d0d94739-009d-44aa-ae3d-8c35a65083c5,5,2000
4552525436,2025-08-10T22:03:52,976,2312.02,WAITING,e7ba4d18-37bf-472c-9d3a-7756c21a55c9,4,3000
4561465364,2025-07-17T01:22:05,245,8233.27,QUOTATION,a1a6e723-19c6-46fd-a584-917efe27f127,4,1000
4519954078,2025-09-17T21:59:45,959,9843.27,WAITING,f524f9ee-95cb-4e66-a6c1-b58f8296e7f3,5,3000
4565665361,2025-08-15T03:47:47,996,6436.28,QUOTATION,5c250769-58e7-4a67-92b8-05566aab2cd0,4,1000
4554597823,2025-08-28T09:30:21,993,9233.07,APPROVED,ea38b7e1-b488-4873-ab04-3066d219b434,3,3000
4581506845,2025-11-22T15:25:31,840,2707.89,QUOTATION,fffeaf8f-4b6b-4357-a309-89f4769c36da,4,3000
4532222203,2025-10-27T23:37:07,952,8286.69,WAITING,fffeaf8f-4b6b-4357-a309-89f4769c36da,4,3000
4553155232,2025-06-08T07:27:09,735,6773.52,QUOTATION,daffc87a-fdb5-424e-9155-782c6cd1b731,3,2000
4581974162,2025-09-11T15:53:10,543,8710.05,APPROVED,32149af9-a4f0-4e80-a73d-490a9faef06f,2,4000
4577580195,2025-11-10T03:32:11,328,8024.96,QUOTATION,56ae9e46-c0b2-46ca-b51d-5686e00ce4a6,1,2000
4567232336,2025-07-20T16:50:43,259,2161.34,WAITING,6cc3c3b9-23fa-4969-8791-af89dedc62c9,1,4000
4514355930,2025-08-09T01:38:04,596,6724.0,WAITING,15ddc72a-7103-4a88-a951-49c5aa75affd,4,3000
4595382430,2025-10-24T17:16:42,94,1624.07,APPROVED,134244b2-90f7-4d62-8488-d71e29828266,3,3000
4507704849,2025-07-13T21:41:27,744,6195.2,REJECTED,73df3d25-bcec-47a6-8d66-6b628e81ed2d,3,1000
4514450336,2025-07-15T22:40:10,826,3382.52,APPROVED,35672019-b6d1-42b4-b906-8819b248182e,1,3000
4591869912,2025-06-03T19:40:51,782,9427.14,APPROVED,9c7454a7-b80c-4d19-b841-4c0343b75add,2,4000
4545136132,2025-10-18T10:27:18,39,8475.65,REJECTED,cea90057-5542-4a9f-8ad8-2fa263b39b7b,3,1000
4561660272,2025-10-02T22:02:43,595,7620.85,QUOTATION,ce1eeb99-74a8-4547-b95c-345102c07d21,3,2000
4523071167,2025-10-15T20:49:11,961,1492.5,APPROVED,0e752cfe-75ff-427d-8214-57710b509b33,4,4000
4530217875,2025-06-22T10:09:18,80,2545.16,WAITING,f6979cad-3c89-4280-985d-d7f07aaa8c2b,3,3000
4573681632,2025-11-09T18:41:06,633,8564.66,REJECTED,eb8e5632-45d0-47e9-bcc0-ee76bf030643,3,1000
4580695802,2025-11-04T11:32:45,524,6016.25,WAITING,e069016d-d217-4fbc-b438-1e8790b731fb,3,2000
4500404391,2025-08-19T11:19:46,643,1459.22,REJECTED,b6bbc970-46d2-4ff4-9c52-80f378cfe8ea,3,3000
4576906856,2025-09-27T06:26:35,757,3082.32,REJECTED,00a417fb-f2b9-4bb8-90c0-0787c3f2e3c7,5,1000
4599756246,2025-10-28T05:27:28,985,2054.09,REJECTED,82ebf1b0-6982-4deb-ac51-c7a6d0a68c5d,5,3000
4516473672,2025-08-17T22:40:25,890,1275.67,QUOTATION,3341d7ea-5bed-42e4-82c2-18d0adfbcdf1,1,3000
4534645831,2025-07-01T13:27:04,754,3039.25,QUOTATION,82ebf1b0-6982-4deb-ac51-c7a6d0a68c5d,5,3000
4529417087,2025-06-25T21:41:19,343,2485.11,WAITING,9fc109ea-2585-4c23-9329-2ccda2d964eb,1,4000
4533600990,2025-10-09T12:40:53,527,9650.86,APPROVED,9fc109ea-2585-4c23-9329-2ccda2d964eb,3,2000
4595629156,2025-08-26T02:44:02,606,7343.89,WAITING,3f3292d8-3056-42da-9ec5-d080c252a223,3,1000
4596376698,2025-08-25T01:46:56,536,1757.39,REJECTED,a9da22e7-f42f-4428-9083-96395b7a7e9a,2,3000
4589233208,2025-08-12T17:43:24,224,4252.37,QUOTATION,b0154cbb-c693-4062-88b9-a8acf4402b56,2,3000
4564613598,2025-08-20T09:44:17,953,8900.0,WAITING,5c250769-58e7-4a67-92b8-05566aab2cd0,2,4000
4564374263,2025-06-26T22:27:47,306,9842.79,APPROVED,5257f4f1-580e-4eb3-89f9-6cae458e4509,4,2000
4597880578,2025-07-01T16:03:27,430,7437.53,WAITING,4a5df305-6d85-4b5a-81ca-b2a776017f8f,3,2000
4565435720,2025-07-13T02:27:09,122,9373.42,QUOTATION,74d238f7-61d4-41c6-9d51-b05f2eddcb36,5,3000
4562894951,2025-08-05T09:31:34,20,1631.2,APPROVED,408c4fe5-9066-4997-8f1c-ad8daae4b1f6,2,3000
4557705529,2025-11-15T18:17:43,151,3093.27,REJECTED,37bf8863-0046-49cb-a72c-f7e41661214b,5,1000
4587430286,2025-10-08T07:41:42,740,5289.47,APPROVED,a1ad3c2b-45ca-491c-8ef2-a64af7d19e43,2,4000
4533269374,2025-08-01T19:49:43,108,5451.85,REJECTED,2c7b9d8a-6b92-4a21-a03e-024e434a203d,3,2000
4583207756,2025-09-01T02:46:41,919,4100.15,WAITING,9a109dc4-7be3-4aec-94bb-ede38f79ae14,2,1000
4550878501,2025-08-15T22:52:12,104,6799.23,APPROVED,51991c98-a328-457f-a862-0962b2d30ddc,4,3000
4528418858,2025-06-10T01:41:21,851,4035.35,REJECTED,5257f4f1-580e-4eb3-89f9-6cae458e4509,4,3000
4574897623,2025-07-03T23:10:14,675,9337.83,WAITING,35672019-b6d1-42b4-b906-8819b248182e,5,1000
4596243533,2025-11-22T13:55:12,810,7047.09,REJECTED,6c55f239-a4f0-4edd-afe8-02d129db9eda,3,2000
4580728486,2025-09-20T23:05:25,27,510.9,APPROVED,8df0c99e-2745-44ae-94ee-ad79cb114fdb,1,3000
4537454293,2025-06-21T20:11:13,967,8235.89,WAITING,68681084-7b12-4fd9-9704-7da3802cb451,1,3000
4550400227,2025-09-06T19:38:16,856,6512.44,WAITING,da731710-48f7-4c02-8dd6-917ff4c62e3b,2,1000
4558628050,2025-08-06T15:04:08,146,8270.24,WAITING,ce1eeb99-74a8-4547-b95c-345102c07d21,1,3000
4548918635,2025-06-25T14:48:35,421,5534.42,APPROVED,6c55f239-a4f0-4edd-afe8-02d129db9eda,5,1000
4586957984,2025-11-09T16:54:44,788,8324.46,REJECTED,84aadcf6-499b-4416-9a35-3e546eb39a5c,3,1000
4544154962,2025-07-20T01:53:39,997,9738.03,REJECTED,0b319577-4ab0-4684-b112-b27aad212cb1,4,2000
4555474490,2025-07-22T13:13:47,14,9258.25,APPROVED,5c250769-58e7-4a67-92b8-05566aab2cd0,1,3000
4591638110,2025-06-23T09:13:33,671,8228.83,QUOTATION,ea38b7e1-b488-4873-ab04-3066d219b434,3,1000
4545244730,2025-06-10T12:48:10,936,8403.36,WAITING,71b893be-0a75-41a7-9a52-bcdb771cc5ec,4,1000
4507764109,2025-09-27T10:30:12,284,8630.9,WAITING,84aadcf6-499b-4416-9a35-3e546eb39a5c,3,4000
4598867920,2025-10-23T00:18:35,15,4793.75,WAITING,5c250769-58e7-4a67-92b8-05566aab2cd0,2,2000
4512875547,2025-10-15T22:53:03,809,5260.75,REJECTED,de541e55-b7b6-404a-8ce0-a6f1ea925750,4,4000
4558405973,2025-09-08T00:23:56,959,6261.49,WAITING,3c65561d-5119-4985-87e7-48965fe9f62c,3,2000
4563185325,2025-11-13T02:29:39,972,2628.96,REJECTED,8ca5ca23-a910-469b-aec1-73bd31d74ba2,1,4000
4567697145,2025-07-28T17:58:38,904,4823.32,QUOTATION,a4926703-442b-4179-808a-04de7d4e1015,1,4000
4509249623,2025-10-05T16:22:56,745,8148.82,QUOTATION,408c4fe5-9066-4997-8f1c-ad8daae4b1f6,3,3000
4552568739,2025-09-17T17:18:22,343,6321.49,WAITING,82ebf1b0-6982-4deb-ac51-c7a6d0a68c5d,5,2000
4535742579,2025-09-22T18:48:24,231,9797.44,QUOTATION,ba3d4978-80db-4a12-9f06-e4c698936184,5,2000
4567170026,2025-09-26T13:30:06,423,9386.61,REJECTED,41f3b33b-8871-42fd-90d5-1d1d9f2d5aed,5,3000
4537196096,2025-08-10T06:03:41,105,3176.83,WAITING,0c328cd6-def4-4097-8b5d-ef9b4362cfd3,3,4000
4583556626,2025-11-16T23:01:20,992,9913.43,QUOTATION,2c7b9d8a-6b92-4a21-a03e-024e434a203d,4,3000
4581023401,2025-06-25T16:50:03,707,2699.38,APPROVED,82ebf1b0-6982-4deb-ac51-c7a6d0a68c5d,1,3000
4546824060,2025-09-12T04:27:34,291,5856.69,WAITING,2ab670e8-49e3-4a95-9871-d937f77b5927,1,3000
4581707363,2025-10-10T06:01:36,772,6896.67,WAITING,d5b6a98e-464a-4e85-ad1c-7fd6be7df835,1,4000
4502688792,2025-07-10T04:31:49,963,8834.41,WAITING,da731710-48f7-4c02-8dd6-917ff4c62e3b,4,3000
4538622114,2025-07-08T06:28:32,169,1759.39,REJECTED,0a58bce2-1697-4c89-b568-ae280f33f982,1,3000
4511658791,2025-09-22T21:09:47,805,5143.63,APPROVED,fcc9df1e-2761-4b55-8f60-015b21066d78,1,1000
4527682195,2025-10-14T17:15:36,509,9337.3,REJECTED,134244b2-90f7-4d62-8488-d71e29828266,3,2000
4556523534,2025-09-17T22:17:36,344,7229.97,QUOTATION,17dffc12-ac1a-44ed-ad09-3c824851c624,5,2000
4529667334,2025-10-23T06:22:55,320,486.42,QUOTATION,daffc87a-fdb5-424e-9155-782c6cd1b731,4,1000
4587264169,2025-08-17T20:56:14,421,5394.88,REJECTED,0439439c-8945-42c4-b079-5340d85df97c,4,3000
4545391395,2025-11-12T11:27:20,349,5801.45,APPROVED,01bb5e4b-33d3-4db2-85a2-499f5c9e31b4,4,4000
4532172217,2025-09-11T01:58:50,368,3384.46,APPROVED,b020551c-5fe7-45ea-881a-6fa78332362d,2,3000
4566573490,2025-07-14T22:10:35,373,4123.96,REJECTED,e7ba4d18-37bf-472c-9d3a-7756c21a55c9,2,1000
4557559154,2025-07-24T00:52:54,238,3722.27,WAITING,e7ba4d18-37bf-472c-9d3a-7756c21a55c9,2,2000
4592009590,2025-09-27T07:53:58,67,198.76,QUOTATION,de541e55-b7b6-404a-8ce0-a6f1ea925750,2,2000
4526396108,2025-11-18T12:05:20,483,3475.99,QUOTATION,4a5df305-6d85-4b5a-81ca-b2a776017f8f,5,1000
4557703079,2025-09-06T20:37:53,823,7675.84,APPROVED,da731710-48f7-4c02-8dd6-917ff4c62e3b,3,2000
4523545408,2025-06-27T21:38:57,134,5157.23,APPROVED,cf11fe2a-443a-44e9-96b0-e6b91ddfa87d,4,3000
4507105633,2025-08-10T09:24:25,702,5754.1,APPROVED,3341d7ea-5bed-42e4-82c2-18d0adfbcdf1,4,2000
4525571107,2025-08-26T04:15:18,14,2945.64,APPROVED,82ebf1b0-6982-4deb-ac51-c7a6d0a68c5d,5,1000
4582096595,2025-11-02T09:39:09,945,1697.19,REJECTED,e7ba4d18-37bf-472c-9d3a-7756c21a55c9,1,1000
4577388009,2025-09-20T18:35:36,784,451.98,REJECTED,4a2d279e-2495-496f-80d9-bc5a45e3b6b4,5,4000
4569819229,2025-07-01T15:37:44,431,4847.18,REJECTED,01bb5e4b-33d3-4db2-85a2-499f5c9e31b4,2,1000
4522602244,2025-06-13T20:22:06,580,7392.06,WAITING,d5b6a98e-464a-4e85-ad1c-7fd6be7df835,1,1000
4582246836,2025-08-24T16:15:13,951,4641.52,WAITING,e069016d-d217-4fbc-b438-1e8790b731fb,4,4000
4592650615,2025-10-04T16:16:48,292,6728.89,QUOTATION,0a58bce2-1697-4c89-b568-ae280f33f982,5,2000
4599914347,2025-07-12T19:08:19,468,8464.23,APPROVED,12a301b9-4c71-4181-a853-d29be7b6bd18,5,4000
4549652625,2025-09-13T01:55:42,22,6969.1,REJECTED,110f8801-eea1-420d-98e6-dd439569747b,2,2000
4520992654,2025-07-23T13:09:40,654,1256.38,APPROVED,8ca5ca23-a910-469b-aec1-73bd31d74ba2,1,3000
4503439392,2025-06-27T00:04:55,409,4817.94,REJECTED,4a2d279e-2495-496f-80d9-bc5a45e3b6b4,3,3000
4591580691,2025-08-14T13:24:45,430,4639.04,REJECTED,6c55f239-a4f0-4edd-afe8-02d129db9eda,4,1000
4539555589,2025-08-10T21:08:27,575,4797.06,WAITING,68681084-7b12-4fd9-9704-7da3802cb451,3,1000
4537089475,2025-11-10T06:43:46,527,7833.87,QUOTATION,9ec93c76-9578-4947-a5ca-def516b026cb,3,4000
4567922366,2025-08-02T00:10:30,432,905.09,QUOTATION,b6bbc970-46d2-4ff4-9c52-80f378cfe8ea,3,1000
4537621791,2025-08-21T02:08:44,244,8075.94,WAITING,791660af-f0db-4fbd-a3a4-86bd38182556,4,4000
4568234864,2025-08-10T16:32:00,361,3107.82,REJECTED,3d3527a9-4ef5-45d5-83c2-4178789f9921,2,4000
4575154425,2025-07-11T07:11:36,303,1766.53,REJECTED,b0154cbb-c693-4062-88b9-a8acf4402b56,4,3000
4532250407,2025-11-13T02:43:27,730,4193.77,QUOTATION,15ddc72a-7103-4a88-a951-49c5aa75affd,4,1000
4530599035,2025-10-23T06:19:54,96,3126.44,QUOTATION,12a301b9-4c71-4181-a853-d29be7b6bd18,4,4000
4529062207,2025-08-15T05:09:22,849,4493.14,APPROVED,05767575-2944-4457-9aa7-06e1dae2ae25,3,3000
4599301979,2025-08-10T01:58:12,478,9619.33,REJECTED,f6979cad-3c89-4280-985d-d7f07aaa8c2b,3,1000
4541693151,2025-06-05T07:37:22,960,7675.96,WAITING,a1ad3c2b-45ca-491c-8ef2-a64af7d19e43,2,3000
4534872551,2025-06-11T04:38:42,26,1970.55,REJECTED,2c6e3cb9-21cb-4de6-ae38-f117a3cbdfe2,1,1000
4555905212,2025-06-11T23:58:40,590,8903.9,APPROVED,651e8d5b-8636-4635-a934-6f9427d506b8,5,2000
4527545442,2025-06-22T00:20:35,322,5964.41,APPROVED,73df3d25-bcec-47a6-8d66-6b628e81ed2d,2,3000
4531368614,2025-08-03T22:51:57,480,9987.96,REJECTED,62117371-6664-4e90-9e4c-e3939789c81a,5,3000
4544716446,2025-10-11T09:12:10,244,5928.81,REJECTED,fcc9df1e-2761-4b55-8f60-015b21066d78,4,2000
4506106032,2025-09-08T03:09:46,388,1110.46,APPROVED,cf11fe2a-443a-44e9-96b0-e6b91ddfa87d,1,3000
4571916325,2025-10-04T20:12:52,414,7516.19,QUOTATION,e7ba4d18-37bf-472c-9d3a-7756c21a55c9,2,4000
4546374608,2025-06-06T00:28:16,587,1479.05,WAITING,915bda23-d2b3-4bab-9d3b-0b701beb76fa,3,2000
4578937784,2025-10-02T07:54:30,839,2477.71,QUOTATION,56ae9e46-c0b2-46ca-b51d-5686e00ce4a6,3,1000
4529006530,2025-08-08T21:49:23,153,9309.95,WAITING,e7ba4d18-37bf-472c-9d3a-7756c21a55c9,1,2000
4587731014,2025-07-11T23:34:53,58,6760.75,REJECTED,2ab670e8-49e3-4a95-9871-d937f77b5927,2,4000
4530402904,2025-11-28T22:44:04,336,3013.76,WAITING,b6bbc970-46d2-4ff4-9c52-80f378cfe8ea,5,1000
4501151211,2025-09-23T11:58:50,481,1951.35,QUOTATION,17dffc12-ac1a-44ed-ad09-3c824851c624,3,1000
4583165065,2025-08-26T16:49:32,718,8592.13,REJECTED,2c6e3cb9-21cb-4de6-ae38-f117a3cbdfe2,3,1000
4592048931,2025-11-07T00:09:21,566,8667.3,QUOTATION,bf599d91-442c-4e09-b5ae-b9f08a417d11,1,2000
4529270285,2025-08-20T22:01:09,804,7249.42,QUOTATION,4a2d279e-2495-496f-80d9-bc5a45e3b6b4,4,3000
4514467054,2025-09-26T05:31:14,639,3270.58,REJECTED,eb8e5632-45d0-47e9-bcc0-ee76bf030643,1,4000
4587569564,2025-06-23T22:00:13,486,3828.1,APPROVED,d4dbba0a-2b26-4233-9017-bb25b2e860f3,5,2000
4593741614,2025-10-01T09:28:08,618,26.62,QUOTATION,3f3292d8-3056-42da-9ec5-d080c252a223,1,4000
4565519119,2025-09-26T02:41:06,433,5536.97,WAITING,74d238f7-61d4-41c6-9d51-b05f2eddcb36,4,1000
4548360083,2025-08-11T12:09:50,772,6656.96,REJECTED,9567383e-1921-4683-803b-509faa2bc9d5,4,2000
4513762973,2025-09-04T08:33:42,348,8665.68,WAITING,3f3292d8-3056-42da-9ec5-d080c252a223,4,4000
4546603729,2025-06-13T12:27:16,224,1152.97,REJECTED,51991c98-a328-457f-a862-0962b2d30ddc,5,4000
4576797754,2025-08-16T11:08:24,529,7361.1,APPROVED,fe53d2be-049c-47fa-871a-c4a8b1a10e40,3,2000
4591436938,2025-09-13T23:28:05,232,942.24,WAITING,d4dbba0a-2b26-4233-9017-bb25b2e860f3,5,3000
4573295633,2025-11-08T11:00:43,834,2906.3,APPROVED,f6979cad-3c89-4280-985d-d7f07aaa8c2b,5,1000
4516303978,2025-06-02T20:49:24,386,5244.92,QUOTATION,0439439c-8945-42c4-b079-5340d85df97c,3,4000
4570543832,2025-10-06T01:13:00,552,4238.19,REJECTED,fffeaf8f-4b6b-4357-a309-89f4769c36da,2,2000
4524744503,2025-06-17T21:32:55,857,6240.56,QUOTATION,975480d4-8c15-44ba-8c55-a9938bdaa2c4,5,4000
4548914681,2025-09-17T08:34:35,921,5285.45,REJECTED,f6979cad-3c89-4280-985d-d7f07aaa8c2b,3,1000
4537874815,2025-07-14T00:26:26,108,4415.65,REJECTED,ba5b8587-5d45-44ac-9e4e-16cb4b3afecc,2,3000
4583089027,2025-08-02T12:24:36,642,1253.77,QUOTATION,408c4fe5-9066-4997-8f1c-ad8daae4b1f6,5,1000
4503266994,2025-07-12T10:37:06,212,3014.68,QUOTATION,dbce3e63-1a5c-4595-a1f9-d09c3d978567,5,2000
4592231822,2025-09-15T16:56:27,571,2849.05,QUOTATION,5c250769-58e7-4a67-92b8-05566aab2cd0,5,2000
4551963550,2025-10-17T21:07:20,688,9972.96,WAITING,2c7b9d8a-6b92-4a21-a03e-024e434a203d,2,2000
4546748686,2025-06-23T12:18:20,526,8368.4,APPROVED,b020551c-5fe7-45ea-881a-6fa78332362d,2,2000
4583344358,2025-08-16T04:23:19,781,6574.94,WAITING,2c7b9d8a-6b92-4a21-a03e-024e434a203d,3,1000
4565325640,2025-08-14T12:48:48,659,5728.55,WAITING,9567383e-1921-4683-803b-509faa2bc9d5,2,2000
4547493650,2025-06-26T11:04:44,355,2142.84,APPROVED,e069016d-d217-4fbc-b438-1e8790b731fb,4,2000
4558029880,2025-06-01T23:31:16,79,1343.32,QUOTATION,f6dd041e-f994-407c-9a1b-2ee8a39b9b25,5,4000
4535835899,2025-06-18T13:41:08,77,656.1,REJECTED,31ac60a6-1bc1-442c-ae10-4a420f770538,2,2000
4556498960,2025-09-06T21:27:53,319,5735.0,REJECTED,ebfe58ef-0dee-41d8-859e-ae2bff66e7fc,3,3000
4593661474,2025-07-11T20:00:47,787,2771.15,REJECTED,2cf52c48-a37c-4244-a030-3fe16c443ecd,3,4000
4592971215,2025-09-23T20:09:30,510,7137.3,WAITING,17dffc12-ac1a-44ed-ad09-3c824851c624,5,4000
4537629240,2025-08-22T04:58:13,870,3207.74,WAITING,5257f4f1-580e-4eb3-89f9-6cae458e4509,3,1000
4546266286,2025-10-26T11:15:39,373,3123.8,REJECTED,134244b2-90f7-4d62-8488-d71e29828266,2,2000
4559064997,2025-08-08T06:44:02,997,4738.5,QUOTATION,611eefb3-ef38-4a2e-831a-15aff1dde8f8,1,2000
4588706773,2025-07-28T17:53:45,482,77.08,REJECTED,6cc3c3b9-23fa-4969-8791-af89dedc62c9,3,4000
4592747247,2025-06-04T19:08:05,400,328.45,APPROVED,2cf52c48-a37c-4244-a030-3fe16c443ecd,3,3000
4536531254,2025-07-26T21:42:56,493,5558.0,APPROVED,76fa0c16-dc3a-4a9b-b914-de6a0097f3dc,4,2000
4581655241,2025-11-28T06:52:19,962,9447.73,REJECTED,62117371-6664-4e90-9e4c-e3939789c81a,4,1000
4557680160,2025-06-07T17:45:47,766,4247.04,REJECTED,bcebc30c-15e5-48e2-9c32-c86d886f82a0,4,4000
4582681947,2025-10-18T14:52:57,675,1885.21,QUOTATION,cf11fe2a-443a-44e9-96b0-e6b91ddfa87d,2,3000
4505326662,2025-10-15T08:04:29,144,4020.87,APPROVED,00a417fb-f2b9-4bb8-90c0-0787c3f2e3c7,3,1000
4530898043,2025-08-25T09:08:44,284,2440.96,QUOTATION,791660af-f0db-4fbd-a3a4-86bd38182556,5,3000
4589030079,2025-10-06T16:08:42,342,767.28,APPROVED,fffeaf8f-4b6b-4357-a309-89f4769c36da,1,2000
4504857103,2025-08-25T11:03:19,13,4352.67,APPROVED,b0154cbb-c693-4062-88b9-a8acf4402b56,3,3000
4504869875,2025-10-23T08:52:18,540,4582.89,APPROVED,9c7454a7-b80c-4d19-b841-4c0343b75add,4,3000
4572410359,2025-07-09T17:07:42,897,3056.53,WAITING,ba3d4978-80db-4a12-9f06-e4c698936184,2,4000
4571479549,2025-10-07T06:49:42,542,8036.48,QUOTATION,cea90057-5542-4a9f-8ad8-2fa263b39b7b,2,3000
4521875142,2025-11-12T05:51:25,977,3843.51,REJECTED,dbce3e63-1a5c-4595-a1f9-d09c3d978567,4,1000
4583479257,2025-10-27T18:28:16,434,941.7,WAITING,791660af-f0db-4fbd-a3a4-86bd38182556,5,1000
4579883560,2025-07-22T22:13:12,275,5825.94,QUOTATION,a4926703-442b-4179-808a-04de7d4e1015,3,1000
4572744696,2025-07-11T20:28:46,285,831.8,REJECTED,5c250769-58e7-4a67-92b8-05566aab2cd0,4,2000
4555722273,2025-06-17T15:10:48,248,3002.9,REJECTED,32149af9-a4f0-4e80-a73d-490a9faef06f,1,3000
4573106471,2025-06-14T16:16:58,635,231.89,APPROVED,00a417fb-f2b9-4bb8-90c0-0787c3f2e3c7,3,3000
4595362930,2025-06-27T23:08:50,124,4251.73,APPROVED,9fc109ea-2585-4c23-9329-2ccda2d964eb,1,2000
4506647898,2025-08-15T22:11:54,920,806.65,REJECTED,ce1eeb99-74a8-4547-b95c-345102c07d21,3,2000
4591258538,2025-08-14T04:41:02,477,852.8,APPROVED,2cf52c48-a37c-4244-a030-3fe16c443ecd,1,2000
4570034433,2025-06-18T14:10:41,81,4659.71,WAITING,32149af9-a4f0-4e80-a73d-490a9faef06f,3,3000
4558330158,2025-10-07T21:16:12,732,374.11,REJECTED,b0154cbb-c693-4062-88b9-a8acf4402b56,5,1000
4527290961,2025-06-04T10:06:49,822,2228.98,APPROVED,cf11fe2a-443a-44e9-96b0-e6b91ddfa87d,1,3000
4536148088,2025-07-22T06:59:16,919,1843.87,REJECTED,384bae62-8ba8-4cac-b8ad-3df4e68bcafa,4,3000
4591025710,2025-07-22T02:28:10,908,8258.64,REJECTED,c40f8a37-9024-4fcd-80a6-7917301ba6bd,3,1000
4572172969,2025-11-03T10:37:08,635,2739.93,QUOTATION,915bda23-d2b3-4bab-9d3b-0b701beb76fa,2,3000
4583688514,2025-06-16T06:57:27,385,5805.66,APPROVED,32149af9-a4f0-4e80-a73d-490a9faef06f,3,3000
4509473897,2025-11-07T01:33:44,392,3550.55,REJECTED,3c65561d-5119-4985-87e7-48965fe9f62c,4,1000
4589638066,2025-11-06T19:41:33,675,758.05,QUOTATION,cea90057-5542-4a9f-8ad8-2fa263b39b7b,4,1000
4525723097,2025-08-26T00:02:24,384,4764.47,QUOTATION,41f3b33b-8871-42fd-90d5-1d1d9f2d5aed,1,4000
4548221263,2025-10-23T01:31:56,597,8003.64,QUOTATION,134244b2-90f7-4d62-8488-d71e29828266,1,3000
4569176908,2025-11-10T23:49:55,345,5663.75,REJECTED,f6979cad-3c89-4280-985d-d7f07aaa8c2b,4,1000
4533756819,2025-06-04T10:25:59,717,2229.42,APPROVED,0c328cd6-def4-4097-8b5d-ef9b4362cfd3,2,4000
4526283022,2025-07-20T15:27:57,715,5712.81,REJECTED,da731710-48f7-4c02-8dd6-917ff4c62e3b,5,2000
4568513777,2025-07-15T07:19:04,393,1815.64,QUOTATION,b577718c-a2a9-4f8a-a41c-7cac0d102aab,1,1000
4513820402,2025-10-17T10:14:44,921,8997.58,REJECTED,dbce3e63-1a5c-4595-a1f9-d09c3d978567,5,2000
4561919522,2025-06-03T03:01:01,4,2615.19,REJECTED,d0d94739-009d-44aa-ae3d-8c35a65083c5,2,3000
4519649011,2025-06-18T23:03:29,405,507.92,REJECTED,76fa0c16-dc3a-4a9b-b914-de6a0097f3dc,2,2000
4566744557,2025-09-27T05:33:55,848,4883.0,WAITING,01bb5e4b-33d3-4db2-85a2-499f5c9e31b4,5,4000
4538703767,2025-11-14T14:31:46,921,7935.98,WAITING,56ae9e46-c0b2-46ca-b51d-5686e00ce4a6,3,3000
4544706759,2025-10-19T12:39:46,309,5231.29,WAITING,a4926703-442b-4179-808a-04de7d4e1015,4,1000
4581854455,2025-11-06T12:47:10,449,4971.09,APPROVED,37bf8863-0046-49cb-a72c-f7e41661214b,2,1000
4566589648,2025-08-26T02:47:51,314,8336.32,WAITING,e069016d-d217-4fbc-b438-1e8790b731fb,2,4000
4580643803,2025-09-28T15:19:32,755,7932.45,WAITING,bf599d91-442c-4e09-b5ae-b9f08a417d11,2,3000
4549500042,2025-06-23T20:09:40,99,7631.11,APPROVED,82ebf1b0-6982-4deb-ac51-c7a6d0a68c5d,3,4000
4543362460,2025-06-28T00:46:36,795,5171.86,APPROVED,a1a6e723-19c6-46fd-a584-917efe27f127,1,4000
4578759322,2025-10-10T03:16:53,982,2112.09,QUOTATION,791660af-f0db-4fbd-a3a4-86bd38182556,2,2000
4521531362,2025-10-27T06:32:09,118,856.73,REJECTED,d4dbba0a-2b26-4233-9017-bb25b2e860f3,1,3000
4513644979,2025-06-23T15:32:55,94,1478.33,REJECTED,651e8d5b-8636-4635-a934-6f9427d506b8,5,3000
4551939567,2025-11-26T01:19:02,933,7513.44,REJECTED,0f7e95f4-4fb9-4987-a1e1-5264880e721e,1,2000
4502836813,2025-06-12T16:11:01,141,9383.05,APPROVED,5c250769-58e7-4a67-92b8-05566aab2cd0,2,3000
4506645433,2025-09-24T20:26:49,452,4206.6,QUOTATION,e069016d-d217-4fbc-b438-1e8790b731fb,5,1000
4516882672,2025-09-23T16:14:47,610,1940.89,WAITING,384bae62-8ba8-4cac-b8ad-3df4e68bcafa,5,3000
4558619634,2025-10-01T03:40:45,262,1247.9,REJECTED,b0154cbb-c693-4062-88b9-a8acf4402b56,5,3000
4558607448,2025-10-26T13:46:12,701,3412.47,QUOTATION,fe53d2be-049c-47fa-871a-c4a8b1a10e40,4,3000
4598135856,2025-10-12T04:44:04,83,6685.79,REJECTED,05767575-2944-4457-9aa7-06e1dae2ae25,3,1000
4595488917,2025-06-04T23:48:56,520,5943.57,QUOTATION,77b34563-244c-46da-b014-af1a9c7fa9e4,3,4000
4592804186,2025-06-28T17:11:10,459,1922.96,WAITING,82ebf1b0-6982-4deb-ac51-c7a6d0a68c5d,2,1000
4533371609,2025-07-25T14:52:55,126,6755.3,APPROVED,d4dbba0a-2b26-4233-9017-bb25b2e860f3,1,2000
4576783295,2025-10-18T16:01:19,409,1301.82,APPROVED,bcebc30c-15e5-48e2-9c32-c86d886f82a0,4,4000
4529498805,2025-08-24T07:22:10,519,7636.58,APPROVED,9a109dc4-7be3-4aec-94bb-ede38f79ae14,1,3000
4543964518,2025-07-21T22:44:21,992,6774.56,QUOTATION,b020551c-5fe7-45ea-881a-6fa78332362d,4,1000
4585410856,2025-08-10T22:14:19,261,7412.32,QUOTATION,01bb5e4b-33d3-4db2-85a2-499f5c9e31b4,3,1000
4556233239,2025-09-02T21:45:01,257,4761.94,REJECTED,31ac60a6-1bc1-442c-ae10-4a420f770538,2,3000
4504954701,2025-07-08T10:25:27,917,3412.78,QUOTATION,31ac60a6-1bc1-442c-ae10-4a420f770538,3,4000
4508429935,2025-06-08T19:37:17,536,5944.15,REJECTED,12a301b9-4c71-4181-a853-d29be7b6bd18,1,3000
4535393575,2025-08-05T03:48:29,166,1622.82,QUOTATION,fcc9df1e-2761-4b55-8f60-015b21066d78,3,2000
4564679408,2025-10-24T21:50:05,564,8479.59,WAITING,2c6e3cb9-21cb-4de6-ae38-f117a3cbdfe2,3,3000
4597204361,2025-09-18T21:55:23,395,6107.73,APPROVED,68681084-7b12-4fd9-9704-7da3802cb451,4,4000
4594409502,2025-11-07T14:21:59,417,1760.69,QUOTATION,4029508a-afa4-4faf-b175-4bb65b8a4dbb,2,1000
4555532768,2025-08-06T22:46:20,611,7910.2,QUOTATION,4a5df305-6d85-4b5a-81ca-b2a776017f8f,5,3000
4542371177,2025-08-06T12:29:42,829,3054.6,REJECTED,4a5df305-6d85-4b5a-81ca-b2a776017f8f,3,2000
4581598672,2025-11-03T17:45:34,421,2054.09,QUOTATION,0439439c-8945-42c4-b079-5340d85df97c,2,1000
4558380464,2025-10-14T12:05:12,406,9737.13,QUOTATION,de541e55-b7b6-404a-8ce0-a6f1ea925750,2,1000
4506057655,2025-10-05T06:05:45,377,2516.17,WAITING,d4dbba0a-2b26-4233-9017-bb25b2e860f3,3,3000
4556833520,2025-10-24T22:40:38,52,2768.3,WAITING,a9da22e7-f42f-4428-9083-96395b7a7e9a,5,3000
4579627908,2025-10-14T15:00:59,67,2547.71,REJECTED,e7ba4d18-37bf-472c-9d3a-7756c21a55c9,3,1000
4566222548,2025-10-14T01:53:50,19,8678.76,REJECTED,fcc9df1e-2761-4b55-8f60-015b21066d78,3,4000
4542392739,2025-11-01T01:22:28,367,7988.01,WAITING,2c7b9d8a-6b92-4a21-a03e-024e434a203d,4,3000
4567597037,2025-11-24T20:51:11,243,9396.35,WAITING,791660af-f0db-4fbd-a3a4-86bd38182556,5,4000
4520657459,2025-09-07T11:36:13,846,9387.32,WAITING,fe53d2be-049c-47fa-871a-c4a8b1a10e40,2,1000
4563971163,2025-10-25T02:27:42,705,6108.5,APPROVED,41e46c83-90d4-4836-a022-b900a018b3fa,1,3000
4535280924,2025-09-20T05:46:48,613,653.91,REJECTED,37bf8863-0046-49cb-a72c-f7e41661214b,4,4000
4587352899,2025-08-28T01:39:23,65,1969.38,WAITING,76fa0c16-dc3a-4a9b-b914-de6a0097f3dc,4,2000
4557313484,2025-11-28T23:17:18,625,1633.4,WAITING,62117371-6664-4e90-9e4c-e3939789c81a,4,1000
4593663773,2025-06-12T20:40:58,144,3158.72,REJECTED,b0154cbb-c693-4062-88b9-a8acf4402b56,1,4000
4527729172,2025-06-11T08:39:51,932,5632.28,REJECTED,b020551c-5fe7-45ea-881a-6fa78332362d,3,4000
4509143628,2025-08-01T10:06:36,146,6977.84,APPROVED,bcebc30c-15e5-48e2-9c32-c86d886f82a0,5,4000
4521449092,2025-06-07T01:27:16,178,8246.77,REJECTED,9c7454a7-b80c-4d19-b841-4c0343b75add,2,1000
4531316731,2025-09-28T14:45:25,282,27.68,REJECTED,611eefb3-ef38-4a2e-831a-15aff1dde8f8,1,3000
4509446384,2025-10-23T11:28:32,723,729.51,WAITING,0439439c-8945-42c4-b079-5340d85df97c,3,4000
4515818161,2025-10-28T20:43:08,359,8085.27,QUOTATION,f6dd041e-f994-407c-9a1b-2ee8a39b9b25,3,2000
4512568139,2025-07-23T17:59:49,4,8307.74,REJECTED,110f8801-eea1-420d-98e6-dd439569747b,2,1000
4524060419,2025-08-07T04:12:29,837,7597.13,REJECTED,32149af9-a4f0-4e80-a73d-490a9faef06f,1,4000
4507106332,2025-07-08T04:19:01,610,4297.2,APPROVED,a1ad3c2b-45ca-491c-8ef2-a64af7d19e43,3,4000
4500662110,2025-07-24T14:04:07,603,2487.3,REJECTED,ebfe58ef-0dee-41d8-859e-ae2bff66e7fc,4,1000
4569406245,2025-10-06T16:39:43,841,9251.9,REJECTED,651e8d5b-8636-4635-a934-6f9427d506b8,3,1000
4520473300,2025-11-10T04:21:50,646,2813.05,REJECTED,71b893be-0a75-41a7-9a52-bcdb771cc5ec,1,2000
4592185025,2025-11-10T16:48:44,579,1500.35,WAITING,0b319577-4ab0-4684-b112-b27aad212cb1,4,3000
4503089176,2025-07-06T13:28:49,168,562.94,WAITING,17dffc12-ac1a-44ed-ad09-3c824851c624,4,4000
4574616354,2025-06-07T20:35:49,374,8952.6,QUOTATION,2cf52c48-a37c-4244-a030-3fe16c443ecd,4,3000
4543324883,2025-09-07T22:30:31,67,8729.45,QUOTATION,b020551c-5fe7-45ea-881a-6fa78332362d,1,2000
4515535483,2025-06-06T08:49:36,408,9716.9,APPROVED,3341d7ea-5bed-42e4-82c2-18d0adfbcdf1,2,1000
4523047025,2025-06-25T17:55:43,632,4262.02,WAITING,71b893be-0a75-41a7-9a52-bcdb771cc5ec,5,3000
4564084761,2025-09-16T18:25:42,16,4294.25,REJECTED,ce1eeb99-74a8-4547-b95c-345102c07d21,5,1000
4575799058,2025-06-22T07:12:37,735,4702.36,QUOTATION,73df3d25-bcec-47a6-8d66-6b628e81ed2d,1,2000
4532262642,2025-10-03T15:19:18,463,7363.8,APPROVED,31ac60a6-1bc1-442c-ae10-4a420f770538,2,2000
4553415404,2025-09-06T09:39:25,697,6499.88,APPROVED,4a5df305-6d85-4b5a-81ca-b2a776017f8f,2,2000
4534901149,2025-10-28T19:11:39,777,7262.19,REJECTED,2ab670e8-49e3-4a95-9871-d937f77b5927,4,2000
4569101807,2025-10-24T00:26:54,468,9307.37,QUOTATION,05767575-2944-4457-9aa7-06e1dae2ae25,2,4000
4546105757,2025-08-23T01:53:25,394,8375.63,APPROVED,975480d4-8c15-44ba-8c55-a9938bdaa2c4,3,3000
4569664008,2025-06-18T16:25:16,740,9237.41,QUOTATION,a1a6e723-19c6-46fd-a584-917efe27f127,4,1000
4557695591,2025-09-23T08:38:26,253,9755.58,QUOTATION,4a2d279e-2495-496f-80d9-bc5a45e3b6b4,3,3000
4543460242,2025-08-22T01:21:35,438,2800.73,WAITING,73df3d25-bcec-47a6-8d66-6b628e81ed2d,5,2000
4583272642,2025-06-05T02:14:34,719,2038.69,QUOTATION,71b893be-0a75-41a7-9a52-bcdb771cc5ec,5,2000
4521505667,2025-11-06T21:27:14,882,3035.92,WAITING,d4dbba0a-2b26-4233-9017-bb25b2e860f3,5,1000
4587348803,2025-11-21T16:25:06,816,1958.4,APPROVED,fffeaf8f-4b6b-4357-a309-89f4769c36da,2,3000
4589239169,2025-11-17T05:28:47,976,9333.59,WAITING,73df3d25-bcec-47a6-8d66-6b628e81ed2d,3,2000
4506575084,2025-06-15T17:17:44,721,983.82,REJECTED,f6dd041e-f994-407c-9a1b-2ee8a39b9b25,2,4000
4505891470,2025-09-21T16:16:25,229,9838.11,APPROVED,d5b6a98e-464a-4e85-ad1c-7fd6be7df835,4,1000
4578704338,2025-06-01T05:58:48,161,403.16,APPROVED,cf11fe2a-443a-44e9-96b0-e6b91ddfa87d,2,4000
4578151140,2025-08-14T20:05:31,864,1678.69,QUOTATION,611eefb3-ef38-4a2e-831a-15aff1dde8f8,5,4000
4573624273,2025-08-21T16:09:32,892,8703.79,WAITING,b0154cbb-c693-4062-88b9-a8acf4402b56,4,4000
4573027409,2025-10-12T10:34:44,731,9330.94,QUOTATION,cf11fe2a-443a-44e9-96b0-e6b91ddfa87d,5,1000
4555835378,2025-07-17T21:42:20,262,4731.49,REJECTED,ba3d4978-80db-4a12-9f06-e4c698936184,4,3000
4594267826,2025-09-28T01:10:02,625,4066.35,APPROVED,15ddc72a-7103-4a88-a951-49c5aa75affd,1,3000
4559458461,2025-09-11T12:35:17,159,7451.47,REJECTED,791660af-f0db-4fbd-a3a4-86bd38182556,1,3000
4545780904,2025-07-05T01:06:42,545,3463.87,APPROVED,fffeaf8f-4b6b-4357-a309-89f4769c36da,2,3000
4585222390,2025-10-19T16:29:34,106,9747.33,WAITING,408c4fe5-9066-4997-8f1c-ad8daae4b1f6,2,1000
4555414142,2025-07-28T00:58:05,548,4375.44,WAITING,28d388a1-0e70-41d0-a8a1-abb9e3263b7b,4,3000
4586680086,2025-07-16T12:47:30,762,1310.12,REJECTED,0b319577-4ab0-4684-b112-b27aad212cb1,5,4000
4562771761,2025-06-11T16:00:53,235,9776.46,QUOTATION,a1a6e723-19c6-46fd-a584-917efe27f127,3,2000
4591046740,2025-10-24T15:45:26,282,7589.72,WAITING,d4dbba0a-2b26-4233-9017-bb25b2e860f3,2,4000
4534007981,2025-07-17T00:40:22,814,6522.2,QUOTATION,cf11fe2a-443a-44e9-96b0-e6b91ddfa87d,2,1000
4514278783,2025-07-04T20:57:05,95,3210.33,QUOTATION,0439439c-8945-42c4-b079-5340d85df97c,4,4000
4544357462,2025-08-28T15:46:07,807,1786.06,WAITING,76fa0c16-dc3a-4a9b-b914-de6a0097f3dc,2,2000
4598498351,2025-11-15T10:23:49,779,3741.05,QUOTATION,da731710-48f7-4c02-8dd6-917ff4c62e3b,1,4000
4511660817,2025-06-10T18:36:25,687,1963.48,APPROVED,71b893be-0a75-41a7-9a52-bcdb771cc5ec,4,1000
4588745466,2025-07-17T03:15:33,626,9646.09,WAITING,c40f8a37-9024-4fcd-80a6-7917301ba6bd,5,1000
4594935701,2025-11-01T11:10:12,454,9969.7,REJECTED,b577718c-a2a9-4f8a-a41c-7cac0d102aab,1,4000
4598601506,2025-10-08T18:46:25,172,1735.43,WAITING,73df3d25-bcec-47a6-8d66-6b628e81ed2d,1,4000
4533986246,2025-08-24T19:06:06,617,7149.29,QUOTATION,fcc9df1e-2761-4b55-8f60-015b21066d78,5,1000
4564669595,2025-11-22T02:49:10,635,7124.43,QUOTATION,05767575-2944-4457-9aa7-06e1dae2ae25,5,4000
4533749820,2025-11-09T19:39:40,481,3005.89,APPROVED,eb8e5632-45d0-47e9-bcc0-ee76bf030643,2,2000
4501453985,2025-09-18T05:20:04,819,5.11,APPROVED,b6bbc970-46d2-4ff4-9c52-80f378cfe8ea,2,2000
4533284266,2025-09-11T14:58:13,660,6682.46,REJECTED,73df3d25-bcec-47a6-8d66-6b628e81ed2d,5,2000
4599821406,2025-10-02T16:56:34,405,7718.45,REJECTED,0c328cd6-def4-4097-8b5d-ef9b4362cfd3,2,2000
4578996691,2025-08-05T23:49:51,336,7081.39,APPROVED,611eefb3-ef38-4a2e-831a-15aff1dde8f8,2,3000
4577626400,2025-07-08T07:37:56,420,5862.47,REJECTED,62117371-6664-4e90-9e4c-e3939789c81a,3,1000
4535344098,2025-09-09T20:49:38,357,1464.13,QUOTATION,0e752cfe-75ff-427d-8214-57710b509b33,5,4000
4532122870,2025-07-18T09:40:17,873,4592.43,REJECTED,5257f4f1-580e-4eb3-89f9-6cae458e4509,3,1000
4591672150,2025-11-28T23:54:59,679,283.46,APPROVED,32149af9-a4f0-4e80-a73d-490a9faef06f,1,3000
4564451008,2025-10-07T18:50:34,643,8719.71,WAITING,3d3527a9-4ef5-45d5-83c2-4178789f9921,3,1000
4565593765,2025-09-20T08:22:40,676,487.61,WAITING,56ae9e46-c0b2-46ca-b51d-5686e00ce4a6,4,4000
4565465164,2025-08-07T23:33:21,536,9993.86,QUOTATION,41e46c83-90d4-4836-a022-b900a018b3fa,4,3000
4527385176,2025-10-24T11:41:41,904,5219.83,WAITING,a1ad3c2b-45ca-491c-8ef2-a64af7d19e43,4,3000
4548477121,2025-07-04T09:27:02,387,7710.86,WAITING,9ec93c76-9578-4947-a5ca-def516b026cb,5,4000
4579774306,2025-09-04T08:13:27,975,7670.68,WAITING,2c7b9d8a-6b92-4a21-a03e-024e434a203d,5,2000
4502012907,2025-10-01T12:44:38,808,5116.44,QUOTATION,651e8d5b-8636-4635-a934-6f9427d506b8,1,1000
4586803909,2025-11-16T19:56:48,447,2699.02,QUOTATION,ad64acbd-9045-44ec-9111-f6b3b90cb060,2,3000
4553699845,2025-06-06T04:07:40,755,3558.75,REJECTED,4029508a-afa4-4faf-b175-4bb65b8a4dbb,2,3000
4548321360,2025-06-16T09:29:59,316,7236.55,REJECTED,fffeaf8f-4b6b-4357-a309-89f4769c36da,4,2000
4558164080,2025-11-18T20:37:00,604,8498.58,REJECTED,3f3292d8-3056-42da-9ec5-d080c252a223,3,3000
4515734687,2025-11-15T11:26:28,865,7235.32,REJECTED,daffc87a-fdb5-424e-9155-782c6cd1b731,4,3000
4560918077,2025-09-25T03:33:22,497,526.1,APPROVED,a4926703-442b-4179-808a-04de7d4e1015,2,1000
4559736201,2025-08-07T07:51:56,174,6199.44,APPROVED,a4926703-442b-4179-808a-04de7d4e1015,3,3000
4574871582,2025-11-14T07:55:44,874,432.09,REJECTED,84aadcf6-499b-4416-9a35-3e546eb39a5c,4,2000
4540130942,2025-07-05T09:08:32,321,9844.72,APPROVED,b577718c-a2a9-4f8a-a41c-7cac0d102aab,5,3000
4595052398,2025-06-11T11:19:37,347,4482.72,REJECTED,37bf8863-0046-49cb-a72c-f7e41661214b,5,3000
4586601211,2025-10-18T02:28:12,542,9372.46,WAITING,9c7454a7-b80c-4d19-b841-4c0343b75add,3,1000
4563863030,2025-08-16T20:28:07,983,2189.06,APPROVED,8ca5ca23-a910-469b-aec1-73bd31d74ba2,1,1000
4582190694,2025-08-10T00:51:45,121,7445.65,APPROVED,4a2d279e-2495-496f-80d9-bc5a45e3b6b4,2,4000
4544382394,2025-08-19T23:20:26,235,7691.79,APPROVED,8ca5ca23-a910-469b-aec1-73bd31d74ba2,5,1000
4552027424,2025-09-03T14:07:11,925,8084.2,WAITING,cea90057-5542-4a9f-8ad8-2fa263b39b7b,5,2000
4502729357,2025-06-05T21:04:22,420,5892.58,APPROVED,651e8d5b-8636-4635-a934-6f9427d506b8,1,3000
4551120768,2025-11-03T20:26:32,683,5597.4,WAITING,2cf52c48-a37c-4244-a030-3fe16c443ecd,2,4000
4568252386,2025-08-14T03:03:22,453,4523.04,WAITING,5c250769-58e7-4a67-92b8-05566aab2cd0,4,2000
4580942935,2025-07-22T23:20:18,613,3035.55,WAITING,0b319577-4ab0-4684-b112-b27aad212cb1,2,4000
4531062022,2025-11-26T10:01:27,632,7012.19,APPROVED,ba5b8587-5d45-44ac-9e4e-16cb4b3afecc,2,1000
4572724071,2025-10-01T21:17:59,898,3161.77,WAITING,915bda23-d2b3-4bab-9d3b-0b701beb76fa,5,2000
4535532658,2025-10-23T17:44:33,607,738.62,REJECTED,110f8801-eea1-420d-98e6-dd439569747b,5,3000
4555936672,2025-08-14T20:18:41,749,7115.66,APPROVED,6c55f239-a4f0-4edd-afe8-02d129db9eda,1,2000
4517620493,2025-11-11T04:16:25,116,777.72,REJECTED,da731710-48f7-4c02-8dd6-917ff4c62e3b,3,4000
4564956956,2025-07-05T06:30:48,683,6213.73,QUOTATION,eb8e5632-45d0-47e9-bcc0-ee76bf030643,5,4000
4522945943,2025-11-14T04:16:07,564,182.87,QUOTATION,73df3d25-bcec-47a6-8d66-6b628e81ed2d,3,4000
4521650293,2025-11-13T01:56:00,327,1427.11,REJECTED,00a417fb-f2b9-4bb8-90c0-0787c3f2e3c7,2,2000
4593087798,2025-10-10T13:20:35,764,532.23,QUOTATION,84aadcf6-499b-4416-9a35-3e546eb39a5c,5,3000
4591417874,2025-11-03T12:40:37,104,2665.47,QUOTATION,d5b6a98e-464a-4e85-ad1c-7fd6be7df835,5,4000
4526127493,2025-07-13T23:40:15,551,3596.04,APPROVED,384bae62-8ba8-4cac-b8ad-3df4e68bcafa,4,3000
4506896818,2025-06-27T12:08:48,377,75.13,APPROVED,ea38b7e1-b488-4873-ab04-3066d219b434,2,2000
4518527581,2025-09-17T02:35:30,272,8306.93,REJECTED,15ddc72a-7103-4a88-a951-49c5aa75affd,4,2000
4549640099,2025-07-24T17:48:50,839,2787.96,REJECTED,f524f9ee-95cb-4e66-a6c1-b58f8296e7f3,5,2000
4591100337,2025-09-26T07:28:06,848,7580.3,APPROVED,aa51a37d-2867-459b-8885-b5c8b161616a,2,4000
4508431151,2025-08-20T00:38:26,379,4787.18,WAITING,651e8d5b-8636-4635-a934-6f9427d506b8,5,4000
4586128626,2025-10-08T08:53:24,953,7781.91,APPROVED,05767575-2944-4457-9aa7-06e1dae2ae25,5,2000
4539068531,2025-07-12T22:07:31,728,4977.01,QUOTATION,74d238f7-61d4-41c6-9d51-b05f2eddcb36,3,1000
4579915688,2025-10-17T05:37:42,589,5435.21,QUOTATION,384bae62-8ba8-4cac-b8ad-3df4e68bcafa,2,2000
4544895422,2025-06-09T18:52:22,819,4519.49,WAITING,8df0c99e-2745-44ae-94ee-ad79cb114fdb,2,2000
4553665055,2025-06-18T14:32:29,815,3914.88,QUOTATION,12a301b9-4c71-4181-a853-d29be7b6bd18,4,4000
4594793956,2025-07-12T19:20:24,887,9868.68,REJECTED,408c4fe5-9066-4997-8f1c-ad8daae4b1f6,4,3000
4517306081,2025-08-21T15:58:34,944,1575.1,APPROVED,a1a6e723-19c6-46fd-a584-917efe27f127,5,3000
4510363485,2025-07-25T14:50:23,889,1897.95,REJECTED,daffc87a-fdb5-424e-9155-782c6cd1b731,3,1000
4549984836,2025-06-15T09:18:58,397,1406.37,REJECTED,0f7e95f4-4fb9-4987-a1e1-5264880e721e,2,4000
4595927229,2025-09-11T08:16:46,830,906.08,APPROVED,5c250769-58e7-4a67-92b8-05566aab2cd0,2,4000
4551970654,2025-11-06T18:11:11,171,8710.23,APPROVED,76fa0c16-dc3a-4a9b-b914-de6a0097f3dc,1,2000
4528228777,2025-10-27T12:17:48,551,9572.91,APPROVED,a9da22e7-f42f-4428-9083-96395b7a7e9a,4,3000
4577964700,2025-06-12T16:21:21,614,2976.42,REJECTED,f6979cad-3c89-4280-985d-d7f07aaa8c2b,1,3000
4575972478,2025-11-11T16:16:34,74,5988.12,WAITING,9a109dc4-7be3-4aec-94bb-ede38f79ae14,4,4000
4565201115,2025-10-26T03:28:46,293,326.62,APPROVED,cea90057-5542-4a9f-8ad8-2fa263b39b7b,2,2000
4507640634,2025-10-24T21:07:22,207,8268.89,QUOTATION,8ca5ca23-a910-469b-aec1-73bd31d74ba2,1,2000
4565986188,2025-11-13T05:52:30,927,7643.38,WAITING,eb8e5632-45d0-47e9-bcc0-ee76bf030643,5,1000
4587795565,2025-10-22T00:15:07,856,4509.36,QUOTATION,f524f9ee-95cb-4e66-a6c1-b58f8296e7f3,2,3000
4524381080,2025-06-26T14:38:05,99,566.34,WAITING,28d388a1-0e70-41d0-a8a1-abb9e3263b7b,5,3000
4599777350,2025-10-11T12:22:41,809,1544.05,REJECTED,3c65561d-5119-4985-87e7-48965fe9f62c,4,1000
4503531220,2025-11-12T08:56:50,728,4374.34,WAITING,31ac60a6-1bc1-442c-ae10-4a420f770538,2,4000
4578683072,2025-11-03T08:46:28,404,3237.45,WAITING,51991c98-a328-457f-a862-0962b2d30ddc,1,2000
4528344627,2025-06-10T00:44:28,464,9310.6,WAITING,de541e55-b7b6-404a-8ce0-a6f1ea925750,1,2000
4524977120,2025-06-06T11:56:08,300,760.11,QUOTATION,0f7e95f4-4fb9-4987-a1e1-5264880e721e,5,4000
4560729562,2025-10-11T05:47:52,944,8863.74,APPROVED,3341d7ea-5bed-42e4-82c2-18d0adfbcdf1,5,1000
4557985384,2025-06-27T15:30:27,629,8100.5,REJECTED,73df3d25-bcec-47a6-8d66-6b628e81ed2d,4,1000
4511477472,2025-06-17T17:02:17,420,2487.0,WAITING,2c6e3cb9-21cb-4de6-ae38-f117a3cbdfe2,2,3000
4550943198,2025-09-10T09:49:54,962,2809.76,QUOTATION,35672019-b6d1-42b4-b906-8819b248182e,1,1000
4579245507,2025-11-16T04:54:51,551,5344.08,WAITING,41e46c83-90d4-4836-a022-b900a018b3fa,1,4000
4583892832,2025-11-14T00:56:36,277,1985.93,WAITING,d0d94739-009d-44aa-ae3d-8c35a65083c5,1,2000
4588646874,2025-09-08T07:45:12,401,7400.61,WAITING,915bda23-d2b3-4bab-9d3b-0b701beb76fa,5,2000
4579093348,2025-06-12T20:34:12,609,7564.28,APPROVED,68681084-7b12-4fd9-9704-7da3802cb451,3,2000
4587959129,2025-08-28T01:00:18,994,1141.11,WAITING,d0d94739-009d-44aa-ae3d-8c35a65083c5,1,1000
4578483773,2025-11-26T02:36:25,403,8137.59,APPROVED,74d238f7-61d4-41c6-9d51-b05f2eddcb36,3,2000
4591147462,2025-10-26T14:43:21,758,8756.46,QUOTATION,28d388a1-0e70-41d0-a8a1-abb9e3263b7b,3,3000
4531834133,2025-08-11T13:44:19,266,9926.33,WAITING,0f7e95f4-4fb9-4987-a1e1-5264880e721e,5,4000
4522050988,2025-11-07T23:03:47,564,4343.06,APPROVED,aa51a37d-2867-459b-8885-b5c8b161616a,3,3000
4571371679,2025-08-15T14:14:43,160,6848.03,QUOTATION,e7ba4d18-37bf-472c-9d3a-7756c21a55c9,2,2000
4565050926,2025-07-02T21:11:40,496,9056.34,QUOTATION,17dffc12-ac1a-44ed-ad09-3c824851c624,4,3000
4572140532,2025-07-28T12:57:37,840,9285.69,WAITING,41e46c83-90d4-4836-a022-b900a018b3fa,3,1000
4566008238,2025-11-04T03:39:30,56,358.97,APPROVED,da731710-48f7-4c02-8dd6-917ff4c62e3b,4,4000
4563944583,2025-11-05T02:22:57,544,7150.94,QUOTATION,a1a6e723-19c6-46fd-a584-917efe27f127,5,2000
4588721984,2025-07-09T19:42:18,325,2731.21,REJECTED,bcebc30c-15e5-48e2-9c32-c86d886f82a0,3,4000
4549616494,2025-09-17T16:43:02,106,1350.37,WAITING,17dffc12-ac1a-44ed-ad09-3c824851c624,1,2000
4541379861,2025-08-01T18:45:08,896,9735.83,QUOTATION,110f8801-eea1-420d-98e6-dd439569747b,1,2000
4585727115,2025-06-16T22:02:45,78,3562.15,APPROVED,62117371-6664-4e90-9e4c-e3939789c81a,5,3000
4546374761,2025-09-03T07:09:35,290,4957.61,WAITING,ea38b7e1-b488-4873-ab04-3066d219b434,1,4000
4559501669,2025-11-26T00:32:48,633,4120.61,REJECTED,56ae9e46-c0b2-46ca-b51d-5686e00ce4a6,4,1000
4572667590,2025-08-12T16:57:48,19,3567.55,WAITING,915bda23-d2b3-4bab-9d3b-0b701beb76fa,4,2000
4556547762,2025-09-20T20:20:17,674,1358.16,QUOTATION,b020551c-5fe7-45ea-881a-6fa78332362d,5,3000
4588793281,2025-07-23T13:55:01,288,5029.56,WAITING,ebfe58ef-0dee-41d8-859e-ae2bff66e7fc,3,1000
4542991210,2025-11-20T16:48:39,700,4726.7,APPROVED,cf11fe2a-443a-44e9-96b0-e6b91ddfa87d,1,3000
4562890221,2025-06-24T18:27:52,429,5716.14,REJECTED,2c7b9d8a-6b92-4a21-a03e-024e434a203d,1,2000
4598226533,2025-11-09T16:28:20,50,9671.55,QUOTATION,fffeaf8f-4b6b-4357-a309-89f4769c36da,2,1000
4594016989,2025-09-08T03:58:16,725,1223.8,APPROVED,68681084-7b12-4fd9-9704-7da3802cb451,2,1000
4554523874,2025-08-12T08:17:21,247,1861.95,WAITING,aa51a37d-2867-459b-8885-b5c8b161616a,5,3000
4560580567,2025-11-07T00:23:49,958,2678.91,REJECTED,ebfe58ef-0dee-41d8-859e-ae2bff66e7fc,4,3000
4577263492,2025-06-17T19:12:17,464,6316.99,WAITING,134244b2-90f7-4d62-8488-d71e29828266,1,3000
4508056960,2025-07-28T09:20:42,275,551.86,WAITING,f524f9ee-95cb-4e66-a6c1-b58f8296e7f3,3,1000
4587597611,2025-10-21T06:58:40,114,7339.22,WAITING,e069016d-d217-4fbc-b438-1e8790b731fb,1,2000
4537643374,2025-09-14T09:41:03,635,3737.47,QUOTATION,3341d7ea-5bed-42e4-82c2-18d0adfbcdf1,3,1000
4576582485,2025-06-09T21:27:19,415,5440.8,APPROVED,9ec93c76-9578-4947-a5ca-def516b026cb,5,1000
4509717768,2025-06-03T18:13:37,828,7385.78,APPROVED,a1a6e723-19c6-46fd-a584-917efe27f127,5,3000
4565079547,2025-09-19T09:55:25,884,6966.99,APPROVED,0439439c-8945-42c4-b079-5340d85df97c,5,4000
4545147982,2025-11-27T09:57:32,989,9379.94,APPROVED,0e752cfe-75ff-427d-8214-57710b509b33,2,4000
4589787685,2025-06-17T14:06:33,14,4726.72,WAITING,fffeaf8f-4b6b-4357-a309-89f4769c36da,3,4000
4509582102,2025-09-02T02:08:34,332,4268.19,WAITING,dbce3e63-1a5c-4595-a1f9-d09c3d978567,1,3000
4533840922,2025-11-09T14:09:38,162,7926.6,WAITING,e069016d-d217-4fbc-b438-1e8790b731fb,1,4000
4531157702,2025-08-22T12:12:48,283,525.7,WAITING,fcc9df1e-2761-4b55-8f60-015b21066d78,1,3000
4545560395,2025-06-09T05:23:19,28,2471.13,APPROVED,8ca5ca23-a910-469b-aec1-73bd31d74ba2,5,4000
4570061982,2025-09-13T12:47:36,340,2000.59,QUOTATION,3341d7ea-5bed-42e4-82c2-18d0adfbcdf1,2,4000
4568869761,2025-11-27T05:55:37,582,4504.31,REJECTED,975480d4-8c15-44ba-8c55-a9938bdaa2c4,2,3000
4599515583,2025-11-13T17:15:06,303,5917.29,QUOTATION,8df0c99e-2745-44ae-94ee-ad79cb114fdb,4,3000
4589285963,2025-07-03T15:36:48,355,9310.66,REJECTED,dbce3e63-1a5c-4595-a1f9-d09c3d978567,1,2000
4545845678,2025-08-06T01:44:26,51,7482.2,APPROVED,975480d4-8c15-44ba-8c55-a9938bdaa2c4,5,2000
4550004219,2025-08-04T17:42:40,492,7161.2,REJECTED,ba3d4978-80db-4a12-9f06-e4c698936184,2,2000
4571466635,2025-08-11T02:30:14,582,1670.7,QUOTATION,74d238f7-61d4-41c6-9d51-b05f2eddcb36,5,1000
4541346086,2025-07-19T04:42:50,274,570.7,WAITING,791660af-f0db-4fbd-a3a4-86bd38182556,2,1000
4508686060,2025-06-13T09:20:47,478,4553.07,REJECTED,4a5df305-6d85-4b5a-81ca-b2a776017f8f,2,1000
4518016585,2025-08-08T08:04:22,424,4272.46,QUOTATION,6cc3c3b9-23fa-4969-8791-af89dedc62c9,5,4000
4594352656,2025-09-13T16:35:45,350,6489.17,WAITING,e7ba4d18-37bf-472c-9d3a-7756c21a55c9,1,2000
4592475378,2025-08-09T10:12:57,433,9780.8,REJECTED,2c7b9d8a-6b92-4a21-a03e-024e434a203d,3,1000
4529648240,2025-09-28T07:47:12,177,2699.52,APPROVED,ebfe58ef-0dee-41d8-859e-ae2bff66e7fc,4,1000
4551230327,2025-10-23T17:29:04,617,7355.7,REJECTED,77b34563-244c-46da-b014-af1a9c7fa9e4,5,1000
4546311142,2025-07-07T02:00:00,582,9837.65,APPROVED,51991c98-a328-457f-a862-0962b2d30ddc,1,3000
4506606403,2025-10-02T00:06:37,685,7512.24,WAITING,82ebf1b0-6982-4deb-ac51-c7a6d0a68c5d,2,3000
4556792191,2025-06-16T15:16:20,201,8663.71,WAITING,daffc87a-fdb5-424e-9155-782c6cd1b731,4,1000
4582635770,2025-08-20T20:34:57,638,4809.23,WAITING,2cf52c48-a37c-4244-a030-3fe16c443ecd,4,3000
4513714409,2025-06-24T19:45:20,954,5658.5,REJECTED,110f8801-eea1-420d-98e6-dd439569747b,1,1000
4568907465,2025-06-07T00:17:34,88,4966.78,REJECTED,0e752cfe-75ff-427d-8214-57710b509b33,4,4000
4592507911,2025-06-13T02:59:27,80,8104.64,WAITING,82ebf1b0-6982-4deb-ac51-c7a6d0a68c5d,1,4000
4516719179,2025-07-19T13:58:13,407,7330.16,REJECTED,651e8d5b-8636-4635-a934-6f9427d506b8,3,2000
4568635344,2025-07-23T01:58:22,344,9114.7,APPROVED,0a58bce2-1697-4c89-b568-ae280f33f982,4,2000
4527825064,2025-06-19T10:07:01,456,7080.93,APPROVED,134244b2-90f7-4d62-8488-d71e29828266,4,1000
4504748916,2025-06-16T05:58:53,185,1501.02,QUOTATION,0a58bce2-1697-4c89-b568-ae280f33f982,4,1000
4548947767,2025-08-22T00:34:20,914,8733.66,WAITING,3f3292d8-3056-42da-9ec5-d080c252a223,4,3000
4570478897,2025-06-25T16:50:10,401,7493.76,REJECTED,d4dbba0a-2b26-4233-9017-bb25b2e860f3,4,4000
4579643329,2025-11-06T07:31:44,860,6682.97,WAITING,f6dd041e-f994-407c-9a1b-2ee8a39b9b25,3,1000
4560679411,2025-10-13T06:04:03,578,2000.05,QUOTATION,17dffc12-ac1a-44ed-ad09-3c824851c624,2,4000
4542412512,2025-08-04T03:16:50,271,7334.64,REJECTED,12a301b9-4c71-4181-a853-d29be7b6bd18,1,4000
4548125472,2025-11-15T06:43:43,708,3770.68,REJECTED,56ae9e46-c0b2-46ca-b51d-5686e00ce4a6,2,3000
4561270421,2025-08-09T19:22:11,72,2037.92,REJECTED,ebfe58ef-0dee-41d8-859e-ae2bff66e7fc,2,1000
4509417901,2025-07-16T03:46:24,375,133.55,WAITING,fffeaf8f-4b6b-4357-a309-89f4769c36da,4,3000
4566316283,2025-08-20T00:39:16,605,6875.89,APPROVED,4029508a-afa4-4faf-b175-4bb65b8a4dbb,3,3000
4533465950,2025-07-24T07:15:50,971,8616.05,APPROVED,408c4fe5-9066-4997-8f1c-ad8daae4b1f6,2,2000
4567023249,2025-08-09T23:31:56,490,3882.8,QUOTATION,3d3527a9-4ef5-45d5-83c2-4178789f9921,3,1000
4564438742,2025-10-18T10:53:35,689,8514.68,REJECTED,9c7454a7-b80c-4d19-b841-4c0343b75add,3,4000
4546606464,2025-07-08T06:26:40,606,1929.77,APPROVED,791660af-f0db-4fbd-a3a4-86bd38182556,1,2000
4561732089,2025-08-17T01:36:24,599,6238.92,WAITING,51991c98-a328-457f-a862-0962b2d30ddc,2,3000
4508834262,2025-06-17T03:49:18,579,9596.36,QUOTATION,bcebc30c-15e5-48e2-9c32-c86d886f82a0,2,2000
4562395096,2025-06-15T13:40:15,239,3181.89,APPROVED,6c55f239-a4f0-4edd-afe8-02d129db9eda,1,3000
4530373190,2025-09-13T20:08:43,124,950.38,QUOTATION,b577718c-a2a9-4f8a-a41c-7cac0d102aab,5,4000
4506593095,2025-06-20T19:47:41,971,4980.88,WAITING,8df0c99e-2745-44ae-94ee-ad79cb114fdb,1,3000
4580068764,2025-07-15T10:28:15,330,7257.48,REJECTED,8ca5ca23-a910-469b-aec1-73bd31d74ba2,1,3000
4519884994,2025-08-21T04:27:22,505,4051.72,WAITING,41f3b33b-8871-42fd-90d5-1d1d9f2d5aed,2,3000
4519901255,2025-10-05T07:10:09,947,3941.07,WAITING,975480d4-8c15-44ba-8c55-a9938bdaa2c4,5,1000
4546168962,2025-07-21T08:10:36,82,7628.6,QUOTATION,6c55f239-a4f0-4edd-afe8-02d129db9eda,3,4000
4539033588,2025-07-11T00:00:20,71,6882.04,APPROVED,a1ad3c2b-45ca-491c-8ef2-a64af7d19e43,2,2000
4518444817,2025-11-02T00:33:52,270,7655.73,WAITING,28d388a1-0e70-41d0-a8a1-abb9e3263b7b,1,4000
4536770874,2025-06-14T23:12:53,312,814.46,REJECTED,fe53d2be-049c-47fa-871a-c4a8b1a10e40,5,3000
4595974124,2025-11-23T09:14:44,36,2920.17,QUOTATION,ba3d4978-80db-4a12-9f06-e4c698936184,5,2000
4577363680,2025-07-07T17:05:15,900,6855.72,WAITING,fcc9df1e-2761-4b55-8f60-015b21066d78,3,4000
4594392966,2025-07-10T13:45:54,726,8522.66,APPROVED,eb8e5632-45d0-47e9-bcc0-ee76bf030643,3,2000
4555211146,2025-11-22T08:34:45,320,3505.22,WAITING,9c7454a7-b80c-4d19-b841-4c0343b75add,4,1000
4568142108,2025-11-18T04:53:30,588,8581.12,APPROVED,408c4fe5-9066-4997-8f1c-ad8daae4b1f6,1,4000
4533233017,2025-10-08T08:16:21,175,8326.35,APPROVED,6cc3c3b9-23fa-4969-8791-af89dedc62c9,5,2000
4500209747,2025-11-19T11:22:34,522,4647.41,QUOTATION,6c55f239-a4f0-4edd-afe8-02d129db9eda,5,4000
4538023995,2025-11-08T10:46:17,260,471.89,REJECTED,a4926703-442b-4179-808a-04de7d4e1015,3,4000
4504865277,2025-09-16T01:06:29,433,7510.76,QUOTATION,73df3d25-bcec-47a6-8d66-6b628e81ed2d,2,1000
4538374385,2025-09-06T08:35:11,911,8588.29,REJECTED,5257f4f1-580e-4eb3-89f9-6cae458e4509,1,4000
4539949266,2025-10-03T22:17:28,655,4906.51,REJECTED,41e46c83-90d4-4836-a022-b900a018b3fa,5,4000
4521778037,2025-09-07T14:08:33,165,9126.53,QUOTATION,00a417fb-f2b9-4bb8-90c0-0787c3f2e3c7,2,4000
4506070555,2025-06-22T00:27:39,911,6495.51,QUOTATION,3341d7ea-5bed-42e4-82c2-18d0adfbcdf1,5,1000
4552225029,2025-06-22T15:05:09,968,6979.35,WAITING,2c7b9d8a-6b92-4a21-a03e-024e434a203d,1,1000
4568020924,2025-11-11T18:37:38,145,5775.81,QUOTATION,f6979cad-3c89-4280-985d-d7f07aaa8c2b,1,4000
4550795967,2025-08-10T12:25:23,711,3544.58,APPROVED,12a301b9-4c71-4181-a853-d29be7b6bd18,1,1000
4524400972,2025-09-07T15:29:08,143,2759.47,WAITING,41f3b33b-8871-42fd-90d5-1d1d9f2d5aed,1,1000
4535835859,2025-10-14T06:57:42,977,3843.73,QUOTATION,74d238f7-61d4-41c6-9d51-b05f2eddcb36,4,1000
4539213666,2025-09-24T12:33:05,335,5843.98,APPROVED,41f3b33b-8871-42fd-90d5-1d1d9f2d5aed,2,4000
4597720003,2025-08-21T19:36:03,484,4551.04,WAITING,56ae9e46-c0b2-46ca-b51d-5686e00ce4a6,1,3000
4595475519,2025-09-02T14:20:55,464,9699.08,APPROVED,28d388a1-0e70-41d0-a8a1-abb9e3263b7b,1,4000
4517358033,2025-11-10T03:23:28,585,675.22,QUOTATION,aa51a37d-2867-459b-8885-b5c8b161616a,3,4000
4505576699,2025-09-19T10:45:34,441,8758.09,REJECTED,3f3292d8-3056-42da-9ec5-d080c252a223,4,3000
4547779988,2025-10-08T06:58:45,868,8347.81,WAITING,71b893be-0a75-41a7-9a52-bcdb771cc5ec,2,4000
4536737708,2025-09-12T10:47:02,121,3430.72,APPROVED,4a5df305-6d85-4b5a-81ca-b2a776017f8f,1,2000
4500732771,2025-11-09T03:05:44,868,9436.47,REJECTED,de541e55-b7b6-404a-8ce0-a6f1ea925750,3,2000
4542778783,2025-11-25T16:53:54,155,6946.44,QUOTATION,791660af-f0db-4fbd-a3a4-86bd38182556,4,3000
4506450159,2025-10-12T05:24:46,216,5219.82,QUOTATION,d7da1df8-a4af-4efe-a657-570c6d350470,2,4000
4569086354,2025-07-28T23:38:21,902,7311.41,APPROVED,ad64acbd-9045-44ec-9111-f6b3b90cb060,2,2000
4536568136,2025-07-10T21:03:51,334,7610.87,REJECTED,32149af9-a4f0-4e80-a73d-490a9faef06f,1,3000
4530285114,2025-07-11T22:00:27,285,7823.69,WAITING,31ac60a6-1bc1-442c-ae10-4a420f770538,4,2000
4553045792,2025-08-10T19:55:18,965,4319.77,QUOTATION,9a109dc4-7be3-4aec-94bb-ede38f79ae14,3,2000
4545730489,2025-08-18T09:31:31,29,682.75,APPROVED,bf599d91-442c-4e09-b5ae-b9f08a417d11,2,1000
4535069418,2025-06-03T19:11:05,461,8651.36,REJECTED,408c4fe5-9066-4997-8f1c-ad8daae4b1f6,2,2000
4565553276,2025-08-15T02:55:43,758,5384.02,WAITING,6cc3c3b9-23fa-4969-8791-af89dedc62c9,1,2000
4582507379,2025-07-05T13:04:27,351,4968.48,WAITING,fcc9df1e-2761-4b55-8f60-015b21066d78,2,1000
4521976054,2025-08-23T16:54:45,802,4689.74,APPROVED,f524f9ee-95cb-4e66-a6c1-b58f8296e7f3,3,3000
4530003652,2025-09-14T00:41:53,71,574.18,REJECTED,3341d7ea-5bed-42e4-82c2-18d0adfbcdf1,5,3000
4531966768,2025-07-06T09:51:36,601,8895.16,REJECTED,5257f4f1-580e-4eb3-89f9-6cae458e4509,5,4000
4513912963,2025-07-17T03:05:24,932,1122.91,APPROVED,4a5df305-6d85-4b5a-81ca-b2a776017f8f,3,2000
4541072579,2025-06-27T06:30:31,395,3649.74,QUOTATION,384bae62-8ba8-4cac-b8ad-3df4e68bcafa,3,4000
4586701187,2025-10-23T12:32:25,322,7544.27,WAITING,b020551c-5fe7-45ea-881a-6fa78332362d,4,4000
4574003519,2025-07-02T14:27:53,393,4328.1,REJECTED,f6dd041e-f994-407c-9a1b-2ee8a39b9b25,4,3000
4552370227,2025-11-08T09:03:41,193,4903.55,APPROVED,dbce3e63-1a5c-4595-a1f9-d09c3d978567,3,3000
4552516445,2025-09-21T07:37:44,420,8540.24,REJECTED,a4926703-442b-4179-808a-04de7d4e1015,5,2000
4505368341,2025-09-09T14:55:56,295,4895.78,WAITING,73df3d25-bcec-47a6-8d66-6b628e81ed2d,4,1000
4588316940,2025-10-03T15:48:59,628,4508.79,WAITING,b6bbc970-46d2-4ff4-9c52-80f378cfe8ea,1,2000
4594180157,2025-06-17T16:09:46,249,1200.94,APPROVED,0b319577-4ab0-4684-b112-b27aad212cb1,4,4000
4560486723,2025-09-14T21:11:42,299,4680.38,QUOTATION,56ae9e46-c0b2-46ca-b51d-5686e00ce4a6,2,1000
4518878364,2025-06-15T07:07:57,273,6808.23,WAITING,ebfe58ef-0dee-41d8-859e-ae2bff66e7fc,1,3000
4517719341,2025-08-08T00:03:24,922,4851.74,WAITING,68681084-7b12-4fd9-9704-7da3802cb451,1,3000
4506034808,2025-06-01T03:33:06,817,6616.55,WAITING,0e752cfe-75ff-427d-8214-57710b509b33,2,1000
4529934451,2025-06-15T00:39:20,702,5412.7,QUOTATION,611eefb3-ef38-4a2e-831a-15aff1dde8f8,3,2000
4526014046,2025-08-28T18:56:48,176,537.69,REJECTED,2cf52c48-a37c-4244-a030-3fe16c443ecd,3,3000
4528357646,2025-07-27T03:31:31,897,9402.56,REJECTED,3f3292d8-3056-42da-9ec5-d080c252a223,5,1000
4564131811,2025-06-28T09:36:56,341,9655.52,REJECTED,3d3527a9-4ef5-45d5-83c2-4178789f9921,4,4000
4505912099,2025-09-22T15:21:14,889,9156.45,WAITING,6c55f239-a4f0-4edd-afe8-02d129db9eda,3,4000
4540293767,2025-09-25T02:18:20,640,5245.84,WAITING,56ae9e46-c0b2-46ca-b51d-5686e00ce4a6,4,4000
4516433866,2025-09-26T06:03:37,773,9222.07,WAITING,da731710-48f7-4c02-8dd6-917ff4c62e3b,3,4000
4559936411,2025-08-14T06:50:52,122,8200.25,WAITING,41e46c83-90d4-4836-a022-b900a018b3fa,3,4000
4540401756,2025-07-18T18:09:50,907,7821.13,REJECTED,d0d94739-009d-44aa-ae3d-8c35a65083c5,1,3000
4550847286,2025-08-18T06:35:29,794,3136.63,WAITING,b020551c-5fe7-45ea-881a-6fa78332362d,2,2000
4555551203,2025-08-11T21:51:43,701,2496.94,APPROVED,01bb5e4b-33d3-4db2-85a2-499f5c9e31b4,3,1000
4545445567,2025-09-02T23:45:04,349,139.6,REJECTED,31ac60a6-1bc1-442c-ae10-4a420f770538,5,3000
4529091807,2025-10-12T05:27:25,880,7798.24,QUOTATION,2cf52c48-a37c-4244-a030-3fe16c443ecd,1,2000
4500792440,2025-11-12T22:54:33,658,184.22,QUOTATION,31ac60a6-1bc1-442c-ae10-4a420f770538,3,1000
4575787642,2025-07-16T17:26:41,875,7690.95,WAITING,51991c98-a328-457f-a862-0962b2d30ddc,4,2000
4514960123,2025-10-07T20:12:09,512,3992.97,QUOTATION,6cc3c3b9-23fa-4969-8791-af89dedc62c9,1,2000
4539036729,2025-08-17T22:27:17,237,2133.27,REJECTED,62117371-6664-4e90-9e4c-e3939789c81a,3,4000
4574459765,2025-07-06T02:24:44,237,1530.61,REJECTED,aa51a37d-2867-459b-8885-b5c8b161616a,5,3000
4597532789,2025-07-16T04:27:27,461,6444.67,QUOTATION,a1ad3c2b-45ca-491c-8ef2-a64af7d19e43,2,4000
4547723339,2025-08-04T04:56:45,995,1496.18,REJECTED,b0154cbb-c693-4062-88b9-a8acf4402b56,5,3000
4571691451,2025-07-08T21:29:40,872,809.17,QUOTATION,3d3527a9-4ef5-45d5-83c2-4178789f9921,5,3000
4540007037,2025-07-04T16:58:49,835,9738.52,REJECTED,9ec93c76-9578-4947-a5ca-def516b026cb,3,1000
4555582200,2025-08-20T06:26:10,785,5820.98,WAITING,9fc109ea-2585-4c23-9329-2ccda2d964eb,2,2000
4508700381,2025-06-13T22:30:32,346,6831.82,APPROVED,37bf8863-0046-49cb-a72c-f7e41661214b,4,3000
4596818595,2025-07-07T23:59:05,445,6458.94,REJECTED,4a5df305-6d85-4b5a-81ca-b2a776017f8f,1,4000
4595468801,2025-06-14T09:00:03,767,4559.67,WAITING,daffc87a-fdb5-424e-9155-782c6cd1b731,4,4000
4585047896,2025-10-24T09:05:06,146,1519.98,WAITING,c40f8a37-9024-4fcd-80a6-7917301ba6bd,3,2000
4556216153,2025-06-25T06:19:09,330,7715.59,APPROVED,834a14f7-cbd7-4220-9587-cd61c93c8253,1,1000
4523299678,2025-06-05T11:43:46,221,8754.87,QUOTATION,56ae9e46-c0b2-46ca-b51d-5686e00ce4a6,3,4000
4516519219,2025-06-28T15:33:45,573,9458.11,APPROVED,b0154cbb-c693-4062-88b9-a8acf4402b56,2,3000
4594915063,2025-09-16T09:34:29,417,5410.48,REJECTED,28d388a1-0e70-41d0-a8a1-abb9e3263b7b,1,3000
4598417908,2025-08-27T01:03:33,1,6006.5,REJECTED,c40f8a37-9024-4fcd-80a6-7917301ba6bd,4,3000
4535875042,2025-10-13T14:50:59,880,6086.39,WAITING,f6dd041e-f994-407c-9a1b-2ee8a39b9b25,3,2000
4549590579,2025-06-10T00:43:52,836,3041.38,REJECTED,3f3292d8-3056-42da-9ec5-d080c252a223,5,3000
4536572740,2025-06-02T17:23:01,172,3488.63,WAITING,12a301b9-4c71-4181-a853-d29be7b6bd18,3,2000
4575259925,2025-09-08T02:18:54,316,3933.77,APPROVED,384bae62-8ba8-4cac-b8ad-3df4e68bcafa,3,3000
4594691336,2025-09-21T12:40:47,856,5914.94,WAITING,d0d94739-009d-44aa-ae3d-8c35a65083c5,2,4000
4522386284,2025-09-08T19:30:37,786,9056.8,QUOTATION,d0d94739-009d-44aa-ae3d-8c35a65083c5,5,4000
4568430986,2025-09-19T17:09:35,257,6242.66,REJECTED,9567383e-1921-4683-803b-509faa2bc9d5,4,2000
4599302796,2025-08-11T09:42:48,487,5175.74,APPROVED,6c55f239-a4f0-4edd-afe8-02d129db9eda,4,3000
4511557934,2025-10-20T16:06:38,782,3936.78,APPROVED,e7ba4d18-37bf-472c-9d3a-7756c21a55c9,4,3000
4560189045,2025-08-26T18:10:24,806,8922.24,REJECTED,0b319577-4ab0-4684-b112-b27aad212cb1,5,3000
4554573764,2025-07-07T15:05:44,939,9646.26,APPROVED,4a5df305-6d85-4b5a-81ca-b2a776017f8f,2,1000
4524328031,2025-08-21T14:56:09,733,3544.92,WAITING,2cf52c48-a37c-4244-a030-3fe16c443ecd,1,1000
4540509308,2025-11-20T00:34:49,956,618.7,WAITING,f6dd041e-f994-407c-9a1b-2ee8a39b9b25,5,1000
4536506970,2025-08-13T10:30:59,292,5764.01,WAITING,62117371-6664-4e90-9e4c-e3939789c81a,2,2000
4552772179,2025-11-23T15:27:24,763,1435.58,WAITING,3d3527a9-4ef5-45d5-83c2-4178789f9921,3,2000
4512426779,2025-06-16T23:29:59,547,3063.74,QUOTATION,ba5b8587-5d45-44ac-9e4e-16cb4b3afecc,1,3000
4526149490,2025-09-12T08:45:55,552,68.61,REJECTED,e7ba4d18-37bf-472c-9d3a-7756c21a55c9,5,1000
4577043122,2025-06-18T04:52:33,200,5491.44,APPROVED,408c4fe5-9066-4997-8f1c-ad8daae4b1f6,1,4000
4559413973,2025-07-09T03:51:11,619,4460.73,APPROVED,a4926703-442b-4179-808a-04de7d4e1015,5,4000
4573911155,2025-09-20T11:28:53,877,3813.41,QUOTATION,fcc9df1e-2761-4b55-8f60-015b21066d78,4,4000
4587596353,2025-08-15T05:36:59,421,9312.77,WAITING,0e752cfe-75ff-427d-8214-57710b509b33,1,2000
4593376073,2025-06-28T08:53:42,30,8196.87,APPROVED,2ab670e8-49e3-4a95-9871-d937f77b5927,5,3000
4546628784,2025-08-13T13:00:47,14,8390.85,WAITING,c40f8a37-9024-4fcd-80a6-7917301ba6bd,1,2000
4585097126,2025-06-19T07:49:28,589,3463.8,REJECTED,2c7b9d8a-6b92-4a21-a03e-024e434a203d,1,4000
4580476958,2025-11-01T01:23:33,967,6264.99,WAITING,4a5df305-6d85-4b5a-81ca-b2a776017f8f,1,2000
4520434824,2025-06-13T05:32:55,611,6805.08,REJECTED,05767575-2944-4457-9aa7-06e1dae2ae25,3,3000
4517403696,2025-07-07T22:56:17,170,5826.06,QUOTATION,651e8d5b-8636-4635-a934-6f9427d506b8,1,3000
4583646778,2025-08-18T01:13:11,894,9922.3,REJECTED,9a109dc4-7be3-4aec-94bb-ede38f79ae14,5,3000
4543936660,2025-07-09T07:57:31,812,8593.99,REJECTED,01bb5e4b-33d3-4db2-85a2-499f5c9e31b4,3,4000
4528059773,2025-11-15T03:30:28,470,7027.7,APPROVED,73df3d25-bcec-47a6-8d66-6b628e81ed2d,3,4000
4583342841,2025-10-16T22:08:23,171,1179.16,APPROVED,cf11fe2a-443a-44e9-96b0-e6b91ddfa87d,5,1000
4583818614,2025-10-27T19:03:36,701,3646.0,APPROVED,791660af-f0db-4fbd-a3a4-86bd38182556,1,2000
4502220922,2025-09-25T09:58:05,553,4102.54,QUOTATION,31ac60a6-1bc1-442c-ae10-4a420f770538,2,1000
4590954896,2025-11-21T03:41:47,774,948.67,REJECTED,5257f4f1-580e-4eb3-89f9-6cae458e4509,1,4000
4556308379,2025-10-11T00:29:25,545,8948.67,WAITING,da731710-48f7-4c02-8dd6-917ff4c62e3b,4,4000
4553399963,2025-08-21T09:47:57,295,229.22,QUOTATION,00a417fb-f2b9-4bb8-90c0-0787c3f2e3c7,5,4000
4528613809,2025-11-23T16:06:40,285,5378.75,REJECTED,4a5df305-6d85-4b5a-81ca-b2a776017f8f,3,1000
4525588120,2025-10-04T22:45:55,134,6309.25,REJECTED,de541e55-b7b6-404a-8ce0-a6f1ea925750,1,3000
4514132365,2025-06-27T04:38:47,210,5852.34,WAITING,daffc87a-fdb5-424e-9155-782c6cd1b731,1,2000
4598726709,2025-06-22T11:58:29,948,3432.55,APPROVED,ce1eeb99-74a8-4547-b95c-345102c07d21,4,4000
4527435367,2025-09-22T16:18:31,267,5521.29,WAITING,77b34563-244c-46da-b014-af1a9c7fa9e4,2,3000
4588056914,2025-08-05T14:37:00,231,6183.77,APPROVED,0439439c-8945-42c4-b079-5340d85df97c,3,1000
4539996591,2025-06-08T01:11:30,220,8658.37,APPROVED,a1a6e723-19c6-46fd-a584-917efe27f127,4,2000
4589500431,2025-08-02T09:14:08,189,7815.64,REJECTED,651e8d5b-8636-4635-a934-6f9427d506b8,5,3000
4507653044,2025-10-13T10:21:38,686,6138.36,APPROVED,cea90057-5542-4a9f-8ad8-2fa263b39b7b,1,1000
4508094542,2025-10-18T23:01:05,20,6452.79,WAITING,f6979cad-3c89-4280-985d-d7f07aaa8c2b,1,4000
4588490821,2025-11-09T02:26:47,336,6858.3,WAITING,01bb5e4b-33d3-4db2-85a2-499f5c9e31b4,5,2000
4500258592,2025-09-11T23:08:57,667,8070.84,QUOTATION,51991c98-a328-457f-a862-0962b2d30ddc,4,3000
4565821045,2025-09-22T19:03:17,518,7781.3,APPROVED,8df0c99e-2745-44ae-94ee-ad79cb114fdb,1,1000
4556976715,2025-09-08T11:33:32,869,9007.69,QUOTATION,32149af9-a4f0-4e80-a73d-490a9faef06f,2,2000
4588631495,2025-08-16T18:19:20,489,9694.4,REJECTED,73df3d25-bcec-47a6-8d66-6b628e81ed2d,4,4000
4501051196,2025-09-27T09:09:01,293,4401.01,APPROVED,dbce3e63-1a5c-4595-a1f9-d09c3d978567,1,3000
4508091259,2025-11-28T18:45:45,952,5334.88,REJECTED,9fc109ea-2585-4c23-9329-2ccda2d964eb,5,4000
4582680693,2025-07-06T04:01:45,664,7299.07,APPROVED,f524f9ee-95cb-4e66-a6c1-b58f8296e7f3,4,2000
4562425962,2025-08-01T07:48:48,289,5865.49,WAITING,408c4fe5-9066-4997-8f1c-ad8daae4b1f6,5,3000
4529062713,2025-06-27T16:09:27,692,818.37,REJECTED,f6979cad-3c89-4280-985d-d7f07aaa8c2b,4,3000
4549427285,2025-06-11T23:08:37,851,9302.1,REJECTED,bf599d91-442c-4e09-b5ae-b9f08a417d11,2,2000
4592385551,2025-11-14T02:16:16,42,9252.53,QUOTATION,3c65561d-5119-4985-87e7-48965fe9f62c,1,4000
4509397466,2025-06-01T13:44:12,433,4436.02,QUOTATION,00a417fb-f2b9-4bb8-90c0-0787c3f2e3c7,4,2000
4574159018,2025-07-14T20:56:19,819,3337.45,QUOTATION,9567383e-1921-4683-803b-509faa2bc9d5,2,3000
4508844169,2025-11-18T11:45:41,230,6536.18,APPROVED,fffeaf8f-4b6b-4357-a309-89f4769c36da,1,2000
4543010736,2025-07-10T09:21:49,846,958.27,WAITING,ba5b8587-5d45-44ac-9e4e-16cb4b3afecc,3,4000
4537679802,2025-10-20T18:17:21,288,4.5,REJECTED,6cc3c3b9-23fa-4969-8791-af89dedc62c9,5,1000
4579735186,2025-08-01T10:22:36,736,7728.84,QUOTATION,41f3b33b-8871-42fd-90d5-1d1d9f2d5aed,4,1000
4554715873,2025-11-12T13:08:06,815,1280.01,WAITING,0a58bce2-1697-4c89-b568-ae280f33f982,5,4000
4578670276,2025-08-18T03:45:53,183,3051.54,REJECTED,b020551c-5fe7-45ea-881a-6fa78332362d,3,1000
4521130176,2025-06-05T18:41:22,820,7175.91,REJECTED,de541e55-b7b6-404a-8ce0-a6f1ea925750,2,1000
4504083362,2025-06-07T22:02:25,916,8840.07,REJECTED,ba3d4978-80db-4a12-9f06-e4c698936184,1,2000
4505679150,2025-08-09T04:04:46,814,6231.42,QUOTATION,3c65561d-5119-4985-87e7-48965fe9f62c,3,2000
4597937000,2025-07-14T22:12:16,49,5808.1,REJECTED,a1ad3c2b-45ca-491c-8ef2-a64af7d19e43,2,3000
4543220646,2025-10-07T10:43:50,983,887.52,REJECTED,b020551c-5fe7-45ea-881a-6fa78332362d,4,2000
4500011560,2025-10-04T03:56:27,77,6154.61,WAITING,82ebf1b0-6982-4deb-ac51-c7a6d0a68c5d,5,4000
4510929356,2025-08-24T20:31:06,535,2077.95,WAITING,6cc3c3b9-23fa-4969-8791-af89dedc62c9,3,2000
4546905243,2025-11-03T08:09:25,223,4977.56,REJECTED,110f8801-eea1-420d-98e6-dd439569747b,1,1000
4527686764,2025-09-27T00:44:02,375,7932.66,APPROVED,fffeaf8f-4b6b-4357-a309-89f4769c36da,4,4000
4595705316,2025-11-13T19:46:57,560,3331.81,APPROVED,da731710-48f7-4c02-8dd6-917ff4c62e3b,1,3000
4535447318,2025-06-18T00:20:51,697,7269.44,QUOTATION,51991c98-a328-457f-a862-0962b2d30ddc,4,4000
4589071798,2025-09-18T10:29:25,830,682.18,APPROVED,62117371-6664-4e90-9e4c-e3939789c81a,5,4000
4547803516,2025-08-10T03:16:55,247,3863.57,WAITING,fffeaf8f-4b6b-4357-a309-89f4769c36da,2,1000
4554272142,2025-11-15T04:47:31,143,2527.77,REJECTED,17dffc12-ac1a-44ed-ad09-3c824851c624,2,2000
4562236372,2025-11-22T22:52:07,49,9229.93,APPROVED,0c328cd6-def4-4097-8b5d-ef9b4362cfd3,1,4000
4553841117,2025-08-03T06:14:49,914,7488.75,REJECTED,6c55f239-a4f0-4edd-afe8-02d129db9eda,4,2000
4510632634,2025-07-11T21:06:16,314,7127.38,QUOTATION,0a58bce2-1697-4c89-b568-ae280f33f982,2,1000
4587937668,2025-06-17T12:29:39,732,5260.38,APPROVED,15ddc72a-7103-4a88-a951-49c5aa75affd,1,2000
4550407782,2025-11-16T20:30:05,684,5662.55,APPROVED,ad64acbd-9045-44ec-9111-f6b3b90cb060,1,2000
4537923004,2025-07-15T10:22:03,487,3643.24,WAITING,c40f8a37-9024-4fcd-80a6-7917301ba6bd,4,4000
4516485334,2025-10-02T21:44:31,651,1700.79,WAITING,fcc9df1e-2761-4b55-8f60-015b21066d78,2,2000
4545078801,2025-11-17T06:26:22,514,3755.06,REJECTED,b6bbc970-46d2-4ff4-9c52-80f378cfe8ea,5,2000
4525816403,2025-06-18T00:33:19,547,2178.63,QUOTATION,651e8d5b-8636-4635-a934-6f9427d506b8,5,4000
4575855576,2025-09-25T08:25:45,824,9748.4,WAITING,84aadcf6-499b-4416-9a35-3e546eb39a5c,1,2000
4540763944,2025-06-23T00:18:47,852,8418.84,QUOTATION,eb8e5632-45d0-47e9-bcc0-ee76bf030643,1,2000
4550732348,2025-09-01T16:28:03,232,9188.47,WAITING,fffeaf8f-4b6b-4357-a309-89f4769c36da,1,3000
4551199979,2025-10-27T22:47:41,755,2208.23,REJECTED,6c55f239-a4f0-4edd-afe8-02d129db9eda,2,1000
4563779758,2025-10-18T00:03:32,376,8751.32,QUOTATION,4a2d279e-2495-496f-80d9-bc5a45e3b6b4,1,2000
4530036923,2025-06-09T09:39:02,582,4814.03,REJECTED,6c55f239-a4f0-4edd-afe8-02d129db9eda,2,1000
4510268917,2025-10-26T07:11:47,237,6509.09,QUOTATION,3ee51816-f540-45e6-8401-474c5df84e78,3,2000
4558963553,2025-07-13T16:30:04,156,4303.89,APPROVED,b0154cbb-c693-4062-88b9-a8acf4402b56,2,3000
4525754850,2025-11-26T08:39:22,312,2136.06,QUOTATION,f6dd041e-f994-407c-9a1b-2ee8a39b9b25,1,4000
4586977192,2025-10-20T17:48:26,751,1991.67,REJECTED,dbce3e63-1a5c-4595-a1f9-d09c3d978567,4,3000
4598046049,2025-10-03T10:10:51,672,8490.58,APPROVED,384bae62-8ba8-4cac-b8ad-3df4e68bcafa,4,4000
4522740833,2025-06-27T19:50:33,108,5894.4,APPROVED,2c6e3cb9-21cb-4de6-ae38-f117a3cbdfe2,1,1000
4524483415,2025-11-22T02:37:35,895,5131.08,APPROVED,9ec93c76-9578-4947-a5ca-def516b026cb,5,4000
4568203780,2025-11-23T09:41:16,60,8448.18,QUOTATION,51991c98-a328-457f-a862-0962b2d30ddc,1,2000
4529542025,2025-10-11T20:36:26,354,9470.43,APPROVED,3ee51816-f540-45e6-8401-474c5df84e78,1,3000
4588311037,2025-08-06T16:04:59,355,5757.69,WAITING,9a109dc4-7be3-4aec-94bb-ede38f79ae14,2,3000
4547731033,2025-07-11T10:24:25,318,1453.04,REJECTED,b6bbc970-46d2-4ff4-9c52-80f378cfe8ea,2,2000
4503897921,2025-08-13T07:16:18,374,9800.43,QUOTATION,ba3d4978-80db-4a12-9f06-e4c698936184,1,1000
4571673445,2025-10-11T03:07:41,938,2493.48,QUOTATION,9fc109ea-2585-4c23-9329-2ccda2d964eb,3,1000
4547775361,2025-06-13T01:15:54,66,749.57,REJECTED,0a58bce2-1697-4c89-b568-ae280f33f982,2,1000
4566126356,2025-11-17T07:14:39,692,1605.4,APPROVED,d0d94739-009d-44aa-ae3d-8c35a65083c5,5,2000
4506131181,2025-11-12T19:22:12,449,582.36,QUOTATION,384bae62-8ba8-4cac-b8ad-3df4e68bcafa,4,2000
4525333557,2025-09-06T15:27:35,301,566.3,REJECTED,05767575-2944-4457-9aa7-06e1dae2ae25,5,2000
4513589251,2025-07-27T17:42:40,953,6946.51,REJECTED,daffc87a-fdb5-424e-9155-782c6cd1b731,4,1000
4576497897,2025-08-27T02:26:42,120,6593.01,QUOTATION,bf599d91-442c-4e09-b5ae-b9f08a417d11,3,4000
4563984159,2025-07-01T17:26:09,439,9785.11,WAITING,fffeaf8f-4b6b-4357-a309-89f4769c36da,2,1000
4562476673,2025-06-20T12:13:41,841,6261.67,WAITING,b577718c-a2a9-4f8a-a41c-7cac0d102aab,5,1000
4598303852,2025-07-23T21:40:40,672,950.74,WAITING,e069016d-d217-4fbc-b438-1e8790b731fb,5,2000
4529803976,2025-07-03T23:09:07,598,8444.12,QUOTATION,b0154cbb-c693-4062-88b9-a8acf4402b56,2,1000
4526500996,2025-07-16T18:26:52,53,1640.35,APPROVED,ba3d4978-80db-4a12-9f06-e4c698936184,2,4000
4502576074,2025-11-21T21:43:10,200,8967.8,WAITING,975480d4-8c15-44ba-8c55-a9938bdaa2c4,3,1000
4553531144,2025-07-27T23:15:52,657,4726.07,REJECTED,a4926703-442b-4179-808a-04de7d4e1015,4,1000
4572010034,2025-10-01T13:54:34,368,4001.24,APPROVED,41e46c83-90d4-4836-a022-b900a018b3fa,1,3000
4572071935,2025-07-09T02:13:48,608,4080.57,REJECTED,3341d7ea-5bed-42e4-82c2-18d0adfbcdf1,2,3000
4507911302,2025-06-11T21:51:49,830,4818.66,REJECTED,a9da22e7-f42f-4428-9083-96395b7a7e9a,1,3000
4558174380,2025-07-03T14:40:28,983,6307.55,REJECTED,ce1eeb99-74a8-4547-b95c-345102c07d21,4,4000
4559186303,2025-11-28T10:35:50,603,8903.65,REJECTED,408c4fe5-9066-4997-8f1c-ad8daae4b1f6,1,2000
4524001223,2025-09-27T23:51:29,800,6994.31,WAITING,eb8e5632-45d0-47e9-bcc0-ee76bf030643,1,3000
4545579568,2025-09-19T05:32:54,534,6551.86,WAITING,9a109dc4-7be3-4aec-94bb-ede38f79ae14,1,3000
4555965786,2025-07-10T17:24:32,607,9686.71,QUOTATION,f6dd041e-f994-407c-9a1b-2ee8a39b9b25,2,1000
4569522248,2025-07-18T07:16:44,571,921.94,QUOTATION,4a2d279e-2495-496f-80d9-bc5a45e3b6b4,2,2000
4501889080,2025-08-12T11:33:03,53,2632.08,WAITING,41e46c83-90d4-4836-a022-b900a018b3fa,3,4000
4552742426,2025-10-13T07:36:53,196,4027.81,APPROVED,2c6e3cb9-21cb-4de6-ae38-f117a3cbdfe2,4,3000
4565254709,2025-07-22T20:24:55,455,2110.01,QUOTATION,0c328cd6-def4-4097-8b5d-ef9b4362cfd3,3,1000
4553067025,2025-09-23T18:44:08,867,7104.74,REJECTED,f6dd041e-f994-407c-9a1b-2ee8a39b9b25,4,4000
4518121271,2025-08-16T19:36:55,759,8785.33,WAITING,35672019-b6d1-42b4-b906-8819b248182e,4,3000
4577985020,2025-09-22T19:52:24,573,1592.14,WAITING,3f3292d8-3056-42da-9ec5-d080c252a223,4,4000
4578381912,2025-06-20T05:48:34,422,3126.73,REJECTED,ba5b8587-5d45-44ac-9e4e-16cb4b3afecc,3,2000
4532508976,2025-11-02T01:51:52,253,7367.87,REJECTED,84aadcf6-499b-4416-9a35-3e546eb39a5c,3,1000
4546733838,2025-06-01T10:42:14,224,391.34,WAITING,975480d4-8c15-44ba-8c55-a9938bdaa2c4,5,4000
4553445512,2025-10-21T06:50:42,19,2635.91,APPROVED,a1ad3c2b-45ca-491c-8ef2-a64af7d19e43,3,2000
4505259327,2025-11-09T03:37:09,107,4422.94,WAITING,cf11fe2a-443a-44e9-96b0-e6b91ddfa87d,1,4000
4555603334,2025-07-20T13:05:41,30,897.65,QUOTATION,6c55f239-a4f0-4edd-afe8-02d129db9eda,4,2000
4502940672,2025-11-01T02:12:55,289,2817.2,QUOTATION,ea38b7e1-b488-4873-ab04-3066d219b434,2,4000
4551358278,2025-08-02T02:29:37,531,2834.74,APPROVED,3f3292d8-3056-42da-9ec5-d080c252a223,5,4000
4508655393,2025-06-23T23:19:45,736,2776.26,QUOTATION,975480d4-8c15-44ba-8c55-a9938bdaa2c4,1,2000
4523948703,2025-06-23T13:21:31,4,6234.18,QUOTATION,915bda23-d2b3-4bab-9d3b-0b701beb76fa,2,1000
4520398914,2025-11-26T12:46:03,43,3006.49,APPROVED,5c250769-58e7-4a67-92b8-05566aab2cd0,5,3000
4538931153,2025-08-03T22:41:18,727,926.47,QUOTATION,aa51a37d-2867-459b-8885-b5c8b161616a,1,3000
4528267905,2025-09-09T05:53:15,398,6220.76,QUOTATION,4a2d279e-2495-496f-80d9-bc5a45e3b6b4,1,1000
4585069135,2025-11-02T10:56:04,121,6809.95,REJECTED,2c6e3cb9-21cb-4de6-ae38-f117a3cbdfe2,2,1000
4502250590,2025-10-05T01:46:42,133,5755.75,WAITING,8df0c99e-2745-44ae-94ee-ad79cb114fdb,1,4000
4568798077,2025-10-27T19:49:54,627,8957.81,QUOTATION,2ab670e8-49e3-4a95-9871-d937f77b5927,5,2000
4584538120,2025-07-15T20:34:58,444,9338.05,APPROVED,56ae9e46-c0b2-46ca-b51d-5686e00ce4a6,5,2000
4537824424,2025-08-23T10:07:44,61,3327.98,WAITING,82ebf1b0-6982-4deb-ac51-c7a6d0a68c5d,5,3000
4596884923,2025-09-18T08:48:14,88,520.8,REJECTED,6c55f239-a4f0-4edd-afe8-02d129db9eda,3,4000
4595405468,2025-07-13T16:50:02,561,959.51,WAITING,6cc3c3b9-23fa-4969-8791-af89dedc62c9,2,4000
4532589925,2025-10-14T18:18:15,659,4236.51,REJECTED,3341d7ea-5bed-42e4-82c2-18d0adfbcdf1,4,3000
4587220663,2025-09-03T20:33:48,645,998.45,APPROVED,9ec93c76-9578-4947-a5ca-def516b026cb,3,2000
4563775109,2025-07-02T23:46:53,197,4188.84,WAITING,f524f9ee-95cb-4e66-a6c1-b58f8296e7f3,1,2000
4560444183,2025-09-11T05:07:01,570,4505.94,APPROVED,51991c98-a328-457f-a862-0962b2d30ddc,2,2000
4595070996,2025-09-18T02:08:28,604,4624.97,WAITING,9567383e-1921-4683-803b-509faa2bc9d5,3,2000
4552081626,2025-11-07T05:16:39,74,7052.25,WAITING,0f7e95f4-4fb9-4987-a1e1-5264880e721e,2,1000
4593040721,2025-06-16T11:49:49,125,9963.99,APPROVED,de541e55-b7b6-404a-8ce0-a6f1ea925750,5,4000
4520009605,2025-09-01T16:17:42,886,7846.2,APPROVED,134244b2-90f7-4d62-8488-d71e29828266,4,3000
4523599717,2025-11-21T04:36:03,8,3885.37,WAITING,3c65561d-5119-4985-87e7-48965fe9f62c,2,4000
4530993603,2025-06-18T20:59:23,405,230.65,QUOTATION,00a417fb-f2b9-4bb8-90c0-0787c3f2e3c7,1,4000
4558585686,2025-08-06T17:08:05,576,8402.54,REJECTED,9567383e-1921-4683-803b-509faa2bc9d5,3,3000
4508316745,2025-06-26T16:30:39,715,8014.68,APPROVED,b0154cbb-c693-4062-88b9-a8acf4402b56,5,2000
4565666656,2025-10-22T12:22:24,616,8475.34,QUOTATION,62117371-6664-4e90-9e4c-e3939789c81a,5,3000
4569275706,2025-11-06T03:19:00,195,8067.5,WAITING,31ac60a6-1bc1-442c-ae10-4a420f770538,3,4000
4545139592,2025-08-18T09:58:51,106,6976.78,WAITING,9fc109ea-2585-4c23-9329-2ccda2d964eb,3,1000
4552867958,2025-10-21T23:12:51,682,7927.39,REJECTED,84aadcf6-499b-4416-9a35-3e546eb39a5c,4,3000
4517143370,2025-08-10T06:21:09,376,4778.09,WAITING,fffeaf8f-4b6b-4357-a309-89f4769c36da,5,1000
4526273307,2025-06-08T11:37:08,289,9623.38,APPROVED,0b319577-4ab0-4684-b112-b27aad212cb1,3,4000
4597766152,2025-11-15T11:54:08,551,8503.54,REJECTED,3341d7ea-5bed-42e4-82c2-18d0adfbcdf1,1,2000
4574511296,2025-08-14T06:22:02,945,964.17,WAITING,17dffc12-ac1a-44ed-ad09-3c824851c624,2,1000
4554742691,2025-08-27T09:01:16,406,3362.2,WAITING,2c6e3cb9-21cb-4de6-ae38-f117a3cbdfe2,4,2000
4564112713,2025-07-24T05:23:47,445,5386.07,WAITING,2c6e3cb9-21cb-4de6-ae38-f117a3cbdfe2,3,3000
4548436209,2025-07-15T10:53:07,243,7220.27,APPROVED,0b319577-4ab0-4684-b112-b27aad212cb1,1,1000
4525391030,2025-09-12T19:01:58,582,4490.17,QUOTATION,3341d7ea-5bed-42e4-82c2-18d0adfbcdf1,4,1000
4567282395,2025-06-05T12:24:40,96,1546.71,QUOTATION,cea90057-5542-4a9f-8ad8-2fa263b39b7b,2,3000
4586538053,2025-08-27T15:34:37,498,1080.95,WAITING,c40f8a37-9024-4fcd-80a6-7917301ba6bd,4,1000
4552244599,2025-11-26T18:44:55,51,8651.93,APPROVED,12a301b9-4c71-4181-a853-d29be7b6bd18,2,1000
4513518033,2025-09-02T03:44:27,389,5907.06,REJECTED,56ae9e46-c0b2-46ca-b51d-5686e00ce4a6,2,2000
4539101908,2025-11-26T20:14:51,577,8873.18,QUOTATION,791660af-f0db-4fbd-a3a4-86bd38182556,5,2000
4522754942,2025-09-10T17:20:06,121,9269.1,REJECTED,0a58bce2-1697-4c89-b568-ae280f33f982,5,4000
4513535244,2025-09-23T10:54:35,634,2824.52,WAITING,ce1eeb99-74a8-4547-b95c-345102c07d21,2,2000
4508646554,2025-11-28T19:04:12,765,5958.75,REJECTED,651e8d5b-8636-4635-a934-6f9427d506b8,2,4000
4529063442,2025-10-18T12:48:02,312,2580.65,REJECTED,0f7e95f4-4fb9-4987-a1e1-5264880e721e,4,1000
4521002597,2025-08-24T05:48:31,180,467.87,WAITING,134244b2-90f7-4d62-8488-d71e29828266,2,2000
4592544018,2025-08-24T05:20:58,737,6079.07,QUOTATION,791660af-f0db-4fbd-a3a4-86bd38182556,1,3000
4593219712,2025-10-22T08:29:41,101,9.85,WAITING,c40f8a37-9024-4fcd-80a6-7917301ba6bd,3,1000
4571025897,2025-11-26T15:55:05,324,4265.76,QUOTATION,f6979cad-3c89-4280-985d-d7f07aaa8c2b,2,3000
4570110937,2025-10-24T10:16:24,991,329.7,APPROVED,62117371-6664-4e90-9e4c-e3939789c81a,2,4000
4568330935,2025-06-14T10:02:27,40,488.77,APPROVED,31ac60a6-1bc1-442c-ae10-4a420f770538,2,4000
4540900657,2025-10-13T02:38:44,475,3263.81,REJECTED,9c7454a7-b80c-4d19-b841-4c0343b75add,2,2000
4591770460,2025-09-23T15:53:09,674,4963.89,APPROVED,17dffc12-ac1a-44ed-ad09-3c824851c624,1,2000
4564576764,2025-08-02T13:13:18,33,1690.09,QUOTATION,4a2d279e-2495-496f-80d9-bc5a45e3b6b4,1,2000
4586598439,2025-07-09T11:01:05,125,9698.93,WAITING,a4926703-442b-4179-808a-04de7d4e1015,2,2000
4509118651,2025-11-14T08:25:24,725,676.34,APPROVED,134244b2-90f7-4d62-8488-d71e29828266,5,3000
4548895964,2025-09-26T11:43:19,722,6282.13,QUOTATION,bf599d91-442c-4e09-b5ae-b9f08a417d11,5,4000
4542191515,2025-07-14T23:57:12,397,9208.76,QUOTATION,01bb5e4b-33d3-4db2-85a2-499f5c9e31b4,5,3000
4573829684,2025-10-13T04:32:10,387,3504.04,REJECTED,791660af-f0db-4fbd-a3a4-86bd38182556,5,3000
4533269254,2025-08-08T13:18:39,359,8103.76,APPROVED,76fa0c16-dc3a-4a9b-b914-de6a0097f3dc,1,4000
4572434379,2025-11-02T07:51:49,693,5078.72,REJECTED,3c65561d-5119-4985-87e7-48965fe9f62c,3,1000
4566188558,2025-09-23T08:42:41,234,2491.74,REJECTED,f6979cad-3c89-4280-985d-d7f07aaa8c2b,5,3000
4562914914,2025-07-10T05:28:19,681,2560.48,QUOTATION,9567383e-1921-4683-803b-509faa2bc9d5,3,4000
4526794573,2025-06-05T21:37:06,779,3771.6,WAITING,8df0c99e-2745-44ae-94ee-ad79cb114fdb,1,1000
4593431173,2025-11-12T02:24:08,282,8596.44,QUOTATION,eb8e5632-45d0-47e9-bcc0-ee76bf030643,5,1000
4576625346,2025-10-12T00:07:44,753,14.64,QUOTATION,ebfe58ef-0dee-41d8-859e-ae2bff66e7fc,4,4000
4502311961,2025-08-19T00:53:54,457,2707.65,APPROVED,cf11fe2a-443a-44e9-96b0-e6b91ddfa87d,5,3000
4544161372,2025-08-07T08:34:40,14,1451.62,WAITING,9fc109ea-2585-4c23-9329-2ccda2d964eb,3,3000
4587154707,2025-08-19T07:41:24,500,9762.95,QUOTATION,975480d4-8c15-44ba-8c55-a9938bdaa2c4,5,1000
4525662933,2025-08-20T13:23:55,605,5342.54,QUOTATION,de541e55-b7b6-404a-8ce0-a6f1ea925750,1,2000
4553765234,2025-09-09T16:41:50,714,8889.4,APPROVED,ba3d4978-80db-4a12-9f06-e4c698936184,5,3000
4504442842,2025-06-16T23:55:46,406,6707.94,REJECTED,4a5df305-6d85-4b5a-81ca-b2a776017f8f,2,2000
4524148932,2025-08-11T19:30:50,671,1562.08,QUOTATION,975480d4-8c15-44ba-8c55-a9938bdaa2c4,1,3000
4560864351,2025-07-19T10:12:36,360,5426.13,REJECTED,28d388a1-0e70-41d0-a8a1-abb9e3263b7b,2,1000
4541760715,2025-06-17T23:19:01,167,4345.52,APPROVED,4029508a-afa4-4faf-b175-4bb65b8a4dbb,4,1000
4538727678,2025-07-06T05:22:08,759,1338.35,APPROVED,2c7b9d8a-6b92-4a21-a03e-024e434a203d,4,3000
4559482825,2025-07-06T07:59:44,328,4323.65,WAITING,31ac60a6-1bc1-442c-ae10-4a420f770538,4,3000
4529296991,2025-09-17T08:10:36,952,28.9,REJECTED,b0154cbb-c693-4062-88b9-a8acf4402b56,3,2000
4505280384,2025-08-22T07:44:57,793,7845.57,APPROVED,d7da1df8-a4af-4efe-a657-570c6d350470,1,1000
4512781948,2025-06-09T09:26:53,109,3604.13,REJECTED,de541e55-b7b6-404a-8ce0-a6f1ea925750,4,2000
4584637495,2025-08-05T03:25:17,167,3140.75,QUOTATION,73df3d25-bcec-47a6-8d66-6b628e81ed2d,3,3000
4555862765,2025-06-26T19:36:09,36,4349.68,WAITING,da731710-48f7-4c02-8dd6-917ff4c62e3b,3,4000
4506298899,2025-06-04T14:36:26,222,59.67,APPROVED,fffeaf8f-4b6b-4357-a309-89f4769c36da,3,2000
4589913978,2025-07-19T01:10:45,662,4446.41,REJECTED,9a109dc4-7be3-4aec-94bb-ede38f79ae14,5,4000
4525709151,2025-08-23T12:59:11,950,1354.99,REJECTED,0b319577-4ab0-4684-b112-b27aad212cb1,4,1000
4535480298,2025-06-16T04:02:27,214,1875.11,REJECTED,6c55f239-a4f0-4edd-afe8-02d129db9eda,5,4000
4566534821,2025-10-13T20:19:13,762,655.32,WAITING,9567383e-1921-4683-803b-509faa2bc9d5,5,2000
4516070319,2025-10-28T18:21:26,928,1551.5,APPROVED,37bf8863-0046-49cb-a72c-f7e41661214b,2,1000
4552598023,2025-11-16T18:00:43,802,9404.79,REJECTED,6c55f239-a4f0-4edd-afe8-02d129db9eda,2,3000
4564457082,2025-09-23T21:29:08,412,2395.64,QUOTATION,ce1eeb99-74a8-4547-b95c-345102c07d21,1,4000
4594607337,2025-11-10T23:46:26,865,6848.02,APPROVED,32149af9-a4f0-4e80-a73d-490a9faef06f,3,4000
4596214749,2025-06-01T20:39:33,767,1771.49,APPROVED,62117371-6664-4e90-9e4c-e3939789c81a,5,1000
4532333651,2025-10-07T19:52:57,721,5471.51,APPROVED,f6dd041e-f994-407c-9a1b-2ee8a39b9b25,1,4000
4586322548,2025-11-04T13:23:43,849,602.95,WAITING,f524f9ee-95cb-4e66-a6c1-b58f8296e7f3,4,2000
4582568036,2025-06-23T12:50:38,969,2349.56,REJECTED,384bae62-8ba8-4cac-b8ad-3df4e68bcafa,3,1000
4526478631,2025-09-16T12:57:11,923,3941.85,APPROVED,fcc9df1e-2761-4b55-8f60-015b21066d78,5,3000
4510244165,2025-10-14T12:53:03,321,3351.24,WAITING,62117371-6664-4e90-9e4c-e3939789c81a,3,3000
4536405898,2025-08-15T07:32:06,94,99.31,APPROVED,ba5b8587-5d45-44ac-9e4e-16cb4b3afecc,4,3000
4593802632,2025-10-13T13:06:50,509,308.27,WAITING,68681084-7b12-4fd9-9704-7da3802cb451,2,2000
4557592361,2025-09-19T13:31:09,825,9987.48,QUOTATION,e7ba4d18-37bf-472c-9d3a-7756c21a55c9,5,1000
4560780657,2025-09-28T13:08:05,942,783.72,QUOTATION,9a109dc4-7be3-4aec-94bb-ede38f79ae14,1,1000
4586426243,2025-06-06T14:31:19,280,3878.74,WAITING,e7ba4d18-37bf-472c-9d3a-7756c21a55c9,1,4000
4518756645,2025-10-22T16:40:16,745,4867.14,QUOTATION,bf599d91-442c-4e09-b5ae-b9f08a417d11,4,4000
4566266888,2025-09-11T10:14:17,232,6803.17,QUOTATION,8df0c99e-2745-44ae-94ee-ad79cb114fdb,5,3000
4546955952,2025-11-14T20:06:26,516,1032.44,WAITING,110f8801-eea1-420d-98e6-dd439569747b,3,4000
4514507812,2025-06-11T03:07:04,572,8439.12,APPROVED,5257f4f1-580e-4eb3-89f9-6cae458e4509,3,4000
4500529137,2025-10-14T20:18:12,304,6473.59,WAITING,51991c98-a328-457f-a862-0962b2d30ddc,1,3000
4552066948,2025-11-26T09:42:51,874,3515.1,REJECTED,e7ba4d18-37bf-472c-9d3a-7756c21a55c9,3,1000
4542862968,2025-11-10T17:13:53,44,6427.4,APPROVED,fffeaf8f-4b6b-4357-a309-89f4769c36da,5,2000
4503189091,2025-07-16T23:34:28,504,8420.8,WAITING,a9da22e7-f42f-4428-9083-96395b7a7e9a,3,3000
4520087083,2025-10-04T16:42:33,626,7161.63,QUOTATION,0e752cfe-75ff-427d-8214-57710b509b33,2,4000
4510222586,2025-08-05T00:30:09,250,9341.47,APPROVED,3341d7ea-5bed-42e4-82c2-18d0adfbcdf1,4,3000
4508178460,2025-08-12T17:15:51,638,4551.01,WAITING,ba5b8587-5d45-44ac-9e4e-16cb4b3afecc,5,3000
4504516972,2025-09-11T18:58:13,789,2.9,QUOTATION,f6dd041e-f994-407c-9a1b-2ee8a39b9b25,5,2000
4543045238,2025-08-26T19:00:27,126,5725.24,WAITING,3341d7ea-5bed-42e4-82c2-18d0adfbcdf1,2,4000
4571819263,2025-10-08T13:36:39,188,5288.19,WAITING,5257f4f1-580e-4eb3-89f9-6cae458e4509,1,1000
4558087147,2025-10-14T01:00:38,159,4013.43,REJECTED,56ae9e46-c0b2-46ca-b51d-5686e00ce4a6,2,2000
4514926455,2025-10-26T01:47:01,696,4980.68,APPROVED,611eefb3-ef38-4a2e-831a-15aff1dde8f8,1,2000
4519811932,2025-09-04T04:16:40,505,1597.91,APPROVED,eb8e5632-45d0-47e9-bcc0-ee76bf030643,5,4000
4532880762,2025-08-12T21:02:54,445,1855.35,WAITING,32149af9-a4f0-4e80-a73d-490a9faef06f,4,1000
4572311338,2025-06-27T22:10:53,365,9512.47,APPROVED,28d388a1-0e70-41d0-a8a1-abb9e3263b7b,4,1000
4548171967,2025-09-28T05:43:19,128,5714.97,QUOTATION,fcc9df1e-2761-4b55-8f60-015b21066d78,4,3000
4587481545,2025-09-05T18:00:28,879,5192.66,APPROVED,2ab670e8-49e3-4a95-9871-d937f77b5927,3,4000
4539336438,2025-11-25T11:51:42,342,5237.12,REJECTED,3ee51816-f540-45e6-8401-474c5df84e78,2,4000
4515057211,2025-06-27T01:56:17,808,2406.25,WAITING,62117371-6664-4e90-9e4c-e3939789c81a,1,2000
4591583675,2025-07-06T08:56:58,188,9084.76,APPROVED,9fc109ea-2585-4c23-9329-2ccda2d964eb,4,3000
4514804379,2025-07-22T17:46:41,112,3067.67,QUOTATION,e7ba4d18-37bf-472c-9d3a-7756c21a55c9,1,1000
4520476152,2025-08-22T09:26:24,279,677.72,WAITING,73df3d25-bcec-47a6-8d66-6b628e81ed2d,3,1000
4599071822,2025-07-25T00:21:01,350,8298.66,WAITING,408c4fe5-9066-4997-8f1c-ad8daae4b1f6,1,2000
4566604215,2025-09-18T04:17:02,90,7191.99,REJECTED,73df3d25-bcec-47a6-8d66-6b628e81ed2d,1,2000
4596052370,2025-10-20T13:14:14,122,9217.33,APPROVED,a1a6e723-19c6-46fd-a584-917efe27f127,3,2000
4570219172,2025-08-26T06:52:04,872,6324.18,QUOTATION,aa51a37d-2867-459b-8885-b5c8b161616a,3,3000
4598258901,2025-11-09T02:08:52,962,6581.5,WAITING,05767575-2944-4457-9aa7-06e1dae2ae25,1,3000
4505753248,2025-07-27T22:25:06,269,329.02,WAITING,c40f8a37-9024-4fcd-80a6-7917301ba6bd,4,4000
4540599542,2025-06-22T22:08:59,862,4323.69,WAITING,651e8d5b-8636-4635-a934-6f9427d506b8,5,1000
4564547021,2025-09-02T07:47:51,381,6781.32,APPROVED,00a417fb-f2b9-4bb8-90c0-0787c3f2e3c7,3,4000
4595259081,2025-10-23T15:35:19,935,3725.42,APPROVED,bf599d91-442c-4e09-b5ae-b9f08a417d11,4,4000
4576816960,2025-06-08T07:31:42,225,9574.6,WAITING,32149af9-a4f0-4e80-a73d-490a9faef06f,1,2000
4516338892,2025-06-07T10:20:01,539,5857.16,QUOTATION,eb8e5632-45d0-47e9-bcc0-ee76bf030643,4,3000
4559928903,2025-08-12T04:52:37,201,8425.56,APPROVED,3f3292d8-3056-42da-9ec5-d080c252a223,4,1000
4580419419,2025-10-16T08:48:44,156,8919.62,REJECTED,cf11fe2a-443a-44e9-96b0-e6b91ddfa87d,5,2000
4537622334,2025-08-21T08:52:41,473,9275.32,WAITING,fffeaf8f-4b6b-4357-a309-89f4769c36da,5,2000
4540381425,2025-07-01T15:42:55,261,8171.8,REJECTED,134244b2-90f7-4d62-8488-d71e29828266,3,4000
4593947836,2025-06-11T16:57:32,973,5123.11,WAITING,76fa0c16-dc3a-4a9b-b914-de6a0097f3dc,4,3000
4577463087,2025-09-06T19:21:39,189,5091.82,WAITING,ba5b8587-5d45-44ac-9e4e-16cb4b3afecc,3,2000
4532220562,2025-08-08T08:05:53,391,6805.45,REJECTED,791660af-f0db-4fbd-a3a4-86bd38182556,1,3000
4529083670,2025-10-23T19:30:12,882,2318.85,REJECTED,31ac60a6-1bc1-442c-ae10-4a420f770538,4,1000
4507810196,2025-07-14T08:00:27,220,1459.88,REJECTED,915bda23-d2b3-4bab-9d3b-0b701beb76fa,1,1000
4518832988,2025-09-20T21:47:39,601,649.62,REJECTED,9ec93c76-9578-4947-a5ca-def516b026cb,5,1000
4510666508,2025-10-06T10:39:07,307,2593.1,QUOTATION,9a109dc4-7be3-4aec-94bb-ede38f79ae14,4,4000
4592126855,2025-06-23T00:25:27,606,3714.74,WAITING,6c55f239-a4f0-4edd-afe8-02d129db9eda,3,1000
4507067238,2025-08-10T20:10:01,458,2700.71,WAITING,daffc87a-fdb5-424e-9155-782c6cd1b731,2,3000
4503596770,2025-11-18T06:32:06,527,8493.76,WAITING,915bda23-d2b3-4bab-9d3b-0b701beb76fa,4,2000
4518899085,2025-08-05T08:50:29,841,6832.54,WAITING,2ab670e8-49e3-4a95-9871-d937f77b5927,4,1000
4573630250,2025-11-20T10:03:00,656,8467.54,WAITING,31ac60a6-1bc1-442c-ae10-4a420f770538,4,3000
4546317242,2025-06-18T10:27:57,585,9281.06,QUOTATION,a9da22e7-f42f-4428-9083-96395b7a7e9a,4,3000
4581233486,2025-11-10T14:52:48,999,1259.9,REJECTED,d0d94739-009d-44aa-ae3d-8c35a65083c5,1,4000
4548861331,2025-07-02T08:08:38,50,6477.27,WAITING,2ab670e8-49e3-4a95-9871-d937f77b5927,2,1000
4509603147,2025-08-05T23:16:09,732,6322.22,REJECTED,74d238f7-61d4-41c6-9d51-b05f2eddcb36,3,3000
4551406701,2025-09-19T15:41:56,711,4642.61,WAITING,ce1eeb99-74a8-4547-b95c-345102c07d21,1,1000
4563430221,2025-06-10T08:02:28,587,91.76,REJECTED,915bda23-d2b3-4bab-9d3b-0b701beb76fa,1,1000
4576200667,2025-09-28T18:21:21,63,5912.91,APPROVED,975480d4-8c15-44ba-8c55-a9938bdaa2c4,3,4000
4547910091,2025-11-08T03:49:38,208,5816.87,WAITING,74d238f7-61d4-41c6-9d51-b05f2eddcb36,3,2000
4575712013,2025-11-03T22:32:03,509,1844.03,QUOTATION,8df0c99e-2745-44ae-94ee-ad79cb114fdb,1,3000
4577943692,2025-06-25T10:10:03,279,1671.59,QUOTATION,3d3527a9-4ef5-45d5-83c2-4178789f9921,5,1000
4562100127,2025-10-12T21:07:21,211,3976.16,APPROVED,82ebf1b0-6982-4deb-ac51-c7a6d0a68c5d,2,4000
4534873243,2025-10-24T13:23:47,778,7835.46,WAITING,ce1eeb99-74a8-4547-b95c-345102c07d21,2,1000
4511546728,2025-10-01T02:34:49,678,8381.88,REJECTED,0a58bce2-1697-4c89-b568-ae280f33f982,3,3000
4566058615,2025-09-18T10:25:34,536,6133.71,REJECTED,f6979cad-3c89-4280-985d-d7f07aaa8c2b,1,4000
4537119529,2025-10-05T14:34:07,967,5127.54,REJECTED,0c328cd6-def4-4097-8b5d-ef9b4362cfd3,4,1000
4540265151,2025-10-20T17:43:51,799,1835.71,APPROVED,d4dbba0a-2b26-4233-9017-bb25b2e860f3,2,1000
4582082910,2025-08-21T05:59:41,874,9930.81,WAITING,d7da1df8-a4af-4efe-a657-570c6d350470,4,1000
4540869815,2025-08-20T20:12:14,80,8870.38,QUOTATION,62117371-6664-4e90-9e4c-e3939789c81a,4,2000
4590913368,2025-08-24T10:41:59,518,8321.65,WAITING,32149af9-a4f0-4e80-a73d-490a9faef06f,4,1000
4571732115,2025-06-17T16:48:54,310,9548.47,QUOTATION,e069016d-d217-4fbc-b438-1e8790b731fb,4,3000
4515115709,2025-11-19T19:21:53,811,8519.37,QUOTATION,76fa0c16-dc3a-4a9b-b914-de6a0097f3dc,1,2000
4510600374,2025-07-18T09:57:02,87,4779.63,APPROVED,76fa0c16-dc3a-4a9b-b914-de6a0097f3dc,5,2000
4564827441,2025-11-03T16:02:03,543,5805.3,REJECTED,d0d94739-009d-44aa-ae3d-8c35a65083c5,1,3000
4551461766,2025-06-26T02:36:41,164,9698.68,QUOTATION,ebfe58ef-0dee-41d8-859e-ae2bff66e7fc,2,4000
4585714054,2025-08-13T09:31:05,144,1942.24,APPROVED,ba5b8587-5d45-44ac-9e4e-16cb4b3afecc,4,1000
4584983721,2025-07-13T15:24:10,643,9567.59,REJECTED,408c4fe5-9066-4997-8f1c-ad8daae4b1f6,5,4000
4591903202,2025-06-14T23:33:25,67,1492.87,QUOTATION,51991c98-a328-457f-a862-0962b2d30ddc,3,3000
4591171029,2025-07-03T03:56:16,446,2264.23,APPROVED,915bda23-d2b3-4bab-9d3b-0b701beb76fa,4,1000
4565364460,2025-07-25T16:25:46,73,6453.25,REJECTED,408c4fe5-9066-4997-8f1c-ad8daae4b1f6,2,4000
4583998111,2025-09-15T15:14:06,195,1447.55,QUOTATION,cf11fe2a-443a-44e9-96b0-e6b91ddfa87d,2,2000
4576762558,2025-11-22T08:02:10,234,5735.47,REJECTED,2cf52c48-a37c-4244-a030-3fe16c443ecd,1,2000
4520224588,2025-06-07T18:49:06,139,1877.61,QUOTATION,56ae9e46-c0b2-46ca-b51d-5686e00ce4a6,3,4000
4533454514,2025-08-07T17:27:45,881,6387.01,WAITING,0c328cd6-def4-4097-8b5d-ef9b4362cfd3,2,4000
4545640856,2025-11-17T04:32:51,191,5868.93,WAITING,17dffc12-ac1a-44ed-ad09-3c824851c624,5,4000
4599622385,2025-08-18T16:27:14,691,714.32,WAITING,8df0c99e-2745-44ae-94ee-ad79cb114fdb,5,1000
4534213642,2025-08-10T04:31:32,757,5477.22,REJECTED,71b893be-0a75-41a7-9a52-bcdb771cc5ec,1,1000
4505277525,2025-10-07T23:33:21,881,8909.63,APPROVED,31ac60a6-1bc1-442c-ae10-4a420f770538,2,3000
4585887723,2025-08-13T10:34:30,587,9172.76,WAITING,62117371-6664-4e90-9e4c-e3939789c81a,2,3000
4569177833,2025-07-26T07:06:21,782,2574.71,WAITING,b020551c-5fe7-45ea-881a-6fa78332362d,5,2000
4583585879,2025-11-12T04:52:30,407,1994.56,REJECTED,2c7b9d8a-6b92-4a21-a03e-024e434a203d,2,1000
4570724285,2025-06-10T22:19:57,484,1092.67,QUOTATION,3f3292d8-3056-42da-9ec5-d080c252a223,4,4000
4557647665,2025-09-03T00:15:29,827,3472.76,WAITING,6c55f239-a4f0-4edd-afe8-02d129db9eda,3,4000
4506324634,2025-08-10T07:02:39,579,785.4,WAITING,110f8801-eea1-420d-98e6-dd439569747b,1,3000
4599057509,2025-10-10T11:09:18,116,6205.9,APPROVED,408c4fe5-9066-4997-8f1c-ad8daae4b1f6,2,4000
4569922458,2025-06-06T13:03:07,498,1350.99,WAITING,ebfe58ef-0dee-41d8-859e-ae2bff66e7fc,1,1000
4597349355,2025-11-26T21:24:31,601,4603.13,APPROVED,82ebf1b0-6982-4deb-ac51-c7a6d0a68c5d,4,2000
4530231149,2025-06-25T20:52:14,374,420.43,REJECTED,9c7454a7-b80c-4d19-b841-4c0343b75add,4,2000
4582538775,2025-07-09T09:40:12,73,75.71,WAITING,408c4fe5-9066-4997-8f1c-ad8daae4b1f6,5,1000
4506065282,2025-06-06T17:27:50,478,5853.89,APPROVED,3ee51816-f540-45e6-8401-474c5df84e78,3,4000
4524161806,2025-08-21T09:46:28,780,7952.46,APPROVED,fe53d2be-049c-47fa-871a-c4a8b1a10e40,2,2000
4559673871,2025-09-06T10:41:00,512,5863.92,APPROVED,4a2d279e-2495-496f-80d9-bc5a45e3b6b4,4,1000
4521891016,2025-11-11T16:57:35,462,1871.65,QUOTATION,32149af9-a4f0-4e80-a73d-490a9faef06f,1,1000
4558797982,2025-11-18T17:05:29,687,3869.11,APPROVED,408c4fe5-9066-4997-8f1c-ad8daae4b1f6,4,3000
4515592747,2025-11-12T10:07:12,518,5979.83,APPROVED,651e8d5b-8636-4635-a934-6f9427d506b8,3,2000
4547580330,2025-06-09T07:35:02,807,1866.04,REJECTED,d0d94739-009d-44aa-ae3d-8c35a65083c5,2,3000
4508214893,2025-06-23T17:46:36,895,5426.03,QUOTATION,3c65561d-5119-4985-87e7-48965fe9f62c,5,3000
4508078736,2025-09-02T02:36:37,759,224.02,QUOTATION,3341d7ea-5bed-42e4-82c2-18d0adfbcdf1,5,4000
4534145727,2025-11-01T02:06:14,937,3395.95,REJECTED,fcc9df1e-2761-4b55-8f60-015b21066d78,3,1000
4548546510,2025-07-06T17:18:16,598,9336.2,QUOTATION,8df0c99e-2745-44ae-94ee-ad79cb114fdb,4,3000
4511579499,2025-10-10T07:54:58,323,9671.46,APPROVED,84aadcf6-499b-4416-9a35-3e546eb39a5c,2,3000
4594561960,2025-06-12T11:27:43,808,4493.33,APPROVED,a1ad3c2b-45ca-491c-8ef2-a64af7d19e43,2,2000
4580496777,2025-08-24T04:23:18,669,1774.88,WAITING,41f3b33b-8871-42fd-90d5-1d1d9f2d5aed,3,3000
4588998304,2025-08-10T09:51:34,856,799.16,QUOTATION,0c328cd6-def4-4097-8b5d-ef9b4362cfd3,3,2000
4502637814,2025-11-15T20:12:10,887,2965.98,QUOTATION,15ddc72a-7103-4a88-a951-49c5aa75affd,5,4000
4540125747,2025-10-03T01:26:14,855,1715.54,QUOTATION,3f3292d8-3056-42da-9ec5-d080c252a223,4,2000
4545262124,2025-10-07T19:08:10,157,6101.01,APPROVED,bcebc30c-15e5-48e2-9c32-c86d886f82a0,2,3000
4583008569,2025-07-03T19:49:07,568,4006.13,QUOTATION,eb8e5632-45d0-47e9-bcc0-ee76bf030643,3,2000
4578363626,2025-11-22T01:29:58,780,1207.31,APPROVED,e7ba4d18-37bf-472c-9d3a-7756c21a55c9,4,4000
4518700898,2025-08-12T02:48:50,239,5676.08,WAITING,05767575-2944-4457-9aa7-06e1dae2ae25,1,4000
4561371761,2025-11-24T16:21:37,930,9001.81,QUOTATION,3c65561d-5119-4985-87e7-48965fe9f62c,3,4000
4507008272,2025-06-28T09:03:39,86,7238.01,WAITING,daffc87a-fdb5-424e-9155-782c6cd1b731,3,1000
4561199740,2025-11-11T02:43:47,258,214.73,REJECTED,74d238f7-61d4-41c6-9d51-b05f2eddcb36,3,1000
4594713934,2025-10-24T23:31:25,17,6226.49,APPROVED,41e46c83-90d4-4836-a022-b900a018b3fa,2,4000
4557507258,2025-09-21T13:32:47,260,5302.22,QUOTATION,975480d4-8c15-44ba-8c55-a9938bdaa2c4,2,1000
4561325131,2025-06-27T23:29:18,689,1647.01,REJECTED,05767575-2944-4457-9aa7-06e1dae2ae25,2,3000
4546395970,2025-06-11T06:55:10,684,8455.95,APPROVED,68681084-7b12-4fd9-9704-7da3802cb451,4,2000
4533618858,2025-09-16T10:09:55,340,8062.75,QUOTATION,9567383e-1921-4683-803b-509faa2bc9d5,4,4000
4570690771,2025-07-28T02:42:34,130,11.25,REJECTED,ebfe58ef-0dee-41d8-859e-ae2bff66e7fc,2,3000
4504008104,2025-08-10T15:22:18,987,862.17,APPROVED,651e8d5b-8636-4635-a934-6f9427d506b8,5,2000
4570333086,2025-07-06T17:24:56,8,8191.64,REJECTED,82ebf1b0-6982-4deb-ac51-c7a6d0a68c5d,5,2000
4536702140,2025-09-26T03:33:52,807,8866.22,APPROVED,651e8d5b-8636-4635-a934-6f9427d506b8,2,1000
4552593415,2025-09-10T17:32:15,671,2521.65,QUOTATION,f6979cad-3c89-4280-985d-d7f07aaa8c2b,3,1000
4567695101,2025-06-02T09:17:22,124,8339.57,WAITING,ba5b8587-5d45-44ac-9e4e-16cb4b3afecc,1,3000
4586204557,2025-06-01T23:24:04,446,5826.02,QUOTATION,de541e55-b7b6-404a-8ce0-a6f1ea925750,5,3000
4526649483,2025-11-01T22:19:35,684,8594.94,QUOTATION,e7ba4d18-37bf-472c-9d3a-7756c21a55c9,1,4000
4517747553,2025-06-06T22:48:05,593,9955.14,WAITING,3341d7ea-5bed-42e4-82c2-18d0adfbcdf1,4,2000
4504870877,2025-11-23T14:28:30,395,3346.54,QUOTATION,76fa0c16-dc3a-4a9b-b914-de6a0097f3dc,2,1000
4518221102,2025-06-03T16:20:31,830,5241.53,APPROVED,3f3292d8-3056-42da-9ec5-d080c252a223,5,3000
4508107004,2025-09-22T19:59:42,813,7705.79,WAITING,f6979cad-3c89-4280-985d-d7f07aaa8c2b,5,2000
4597718149,2025-09-21T04:41:36,45,2941.56,WAITING,daffc87a-fdb5-424e-9155-782c6cd1b731,3,3000
4569480535,2025-08-09T15:08:53,374,5964.27,REJECTED,17dffc12-ac1a-44ed-ad09-3c824851c624,4,3000
4550133612,2025-08-17T22:29:38,285,4375.56,APPROVED,31ac60a6-1bc1-442c-ae10-4a420f770538,5,1000
4525106437,2025-11-12T09:34:04,620,6097.85,REJECTED,9567383e-1921-4683-803b-509faa2bc9d5,4,4000
4538205677,2025-09-26T23:06:15,589,1689.88,REJECTED,da731710-48f7-4c02-8dd6-917ff4c62e3b,3,1000
4539411238,2025-07-18T08:53:34,306,502.14,QUOTATION,3341d7ea-5bed-42e4-82c2-18d0adfbcdf1,1,4000
4590082905,2025-10-07T16:54:00,548,9223.79,WAITING,dbce3e63-1a5c-4595-a1f9-d09c3d978567,4,2000
4502654089,2025-06-12T10:01:00,48,6311.87,REJECTED,0f7e95f4-4fb9-4987-a1e1-5264880e721e,3,4000
4529484095,2025-08-11T14:27:22,464,1430.85,REJECTED,bf599d91-442c-4e09-b5ae-b9f08a417d11,2,3000
4537388273,2025-11-23T07:45:44,122,5483.14,WAITING,0439439c-8945-42c4-b079-5340d85df97c,4,3000
4531289164,2025-06-19T12:13:11,503,5862.68,WAITING,384bae62-8ba8-4cac-b8ad-3df4e68bcafa,3,2000
4534996109,2025-06-17T19:08:25,912,954.65,APPROVED,de541e55-b7b6-404a-8ce0-a6f1ea925750,3,3000
4554630461,2025-06-18T00:38:31,852,2894.0,APPROVED,eb8e5632-45d0-47e9-bcc0-ee76bf030643,3,1000
4546311032,2025-08-04T07:48:03,426,7011.02,QUOTATION,4a5df305-6d85-4b5a-81ca-b2a776017f8f,3,1000
4592782538,2025-11-05T23:59:42,146,4808.99,REJECTED,a1ad3c2b-45ca-491c-8ef2-a64af7d19e43,3,4000
4504403575,2025-07-24T03:28:03,930,4686.78,WAITING,cf11fe2a-443a-44e9-96b0-e6b91ddfa87d,2,4000
4576430849,2025-10-26T11:36:32,833,8473.38,APPROVED,2cf52c48-a37c-4244-a030-3fe16c443ecd,2,1000
4581205391,2025-08-23T06:47:57,231,9051.69,WAITING,dbce3e63-1a5c-4595-a1f9-d09c3d978567,3,2000
4500685312,2025-11-23T09:38:42,470,2628.25,WAITING,76fa0c16-dc3a-4a9b-b914-de6a0097f3dc,5,3000
4524689169,2025-08-11T01:19:21,316,8822.92,REJECTED,15ddc72a-7103-4a88-a951-49c5aa75affd,3,1000
4510797461,2025-10-26T00:59:30,177,4366.0,QUOTATION,2ab670e8-49e3-4a95-9871-d937f77b5927,4,2000
4518452421,2025-09-08T11:40:10,736,7279.67,WAITING,134244b2-90f7-4d62-8488-d71e29828266,3,1000
4510379975,2025-07-02T10:05:31,580,8752.33,WAITING,8df0c99e-2745-44ae-94ee-ad79cb114fdb,1,3000
4511371859,2025-09-12T08:26:52,791,1229.81,QUOTATION,c40f8a37-9024-4fcd-80a6-7917301ba6bd,5,3000
4550717968,2025-08-02T16:32:50,122,3889.14,WAITING,0a58bce2-1697-4c89-b568-ae280f33f982,5,2000
4564139167,2025-09-20T05:46:10,457,3604.59,REJECTED,0c328cd6-def4-4097-8b5d-ef9b4362cfd3,3,1000
4570815757,2025-08-06T19:27:41,764,2268.66,REJECTED,915bda23-d2b3-4bab-9d3b-0b701beb76fa,1,4000
4561301761,2025-06-12T23:56:36,185,133.45,REJECTED,ad64acbd-9045-44ec-9111-f6b3b90cb060,3,4000
4521088251,2025-06-05T05:20:07,906,7769.32,QUOTATION,17dffc12-ac1a-44ed-ad09-3c824851c624,5,1000
4578259160,2025-11-04T21:00:22,576,1425.3,REJECTED,05767575-2944-4457-9aa7-06e1dae2ae25,1,2000
4530153512,2025-09-12T20:05:10,235,8722.66,WAITING,15ddc72a-7103-4a88-a951-49c5aa75affd,3,1000
4546420208,2025-07-01T23:39:03,31,2054.25,WAITING,a1a6e723-19c6-46fd-a584-917efe27f127,1,3000
4527606461,2025-08-15T18:04:26,744,4802.24,REJECTED,d0d94739-009d-44aa-ae3d-8c35a65083c5,2,3000
4563659648,2025-07-03T14:50:33,547,9876.42,REJECTED,3ee51816-f540-45e6-8401-474c5df84e78,5,2000
4503721901,2025-11-16T20:41:16,545,6153.97,QUOTATION,d7da1df8-a4af-4efe-a657-570c6d350470,1,4000
4510299829,2025-08-13T17:58:46,798,452.5,QUOTATION,9fc109ea-2585-4c23-9329-2ccda2d964eb,1,4000
4509292598,2025-06-27T16:29:32,306,3615.87,REJECTED,a1a6e723-19c6-46fd-a584-917efe27f127,5,3000
4559035773,2025-09-22T18:53:33,10,6162.07,REJECTED,384bae62-8ba8-4cac-b8ad-3df4e68bcafa,5,1000
4549565990,2025-07-18T14:19:27,210,3831.83,APPROVED,2ab670e8-49e3-4a95-9871-d937f77b5927,5,3000
4588676891,2025-06-08T23:03:11,75,3800.5,APPROVED,9567383e-1921-4683-803b-509faa2bc9d5,5,4000
4515918872,2025-09-23T23:25:41,300,1269.84,WAITING,651e8d5b-8636-4635-a934-6f9427d506b8,5,4000
4585847489,2025-06-09T15:26:16,555,483.29,APPROVED,134244b2-90f7-4d62-8488-d71e29828266,3,1000
4546203434,2025-08-09T16:17:22,983,8303.33,WAITING,975480d4-8c15-44ba-8c55-a9938bdaa2c4,1,1000
4550839035,2025-08-18T00:05:14,535,1438.01,WAITING,aa51a37d-2867-459b-8885-b5c8b161616a,3,1000
4566081993,2025-08-14T16:55:51,305,4439.69,QUOTATION,8df0c99e-2745-44ae-94ee-ad79cb114fdb,2,4000
4532052190,2025-10-28T02:05:09,819,1172.28,QUOTATION,110f8801-eea1-420d-98e6-dd439569747b,4,4000
4528297165,2025-10-26T22:04:56,587,9199.53,APPROVED,d7da1df8-a4af-4efe-a657-570c6d350470,5,2000
4553867426,2025-08-22T20:15:29,488,9037.12,WAITING,4a5df305-6d85-4b5a-81ca-b2a776017f8f,1,1000
4548061696,2025-06-05T08:23:35,659,3339.91,REJECTED,651e8d5b-8636-4635-a934-6f9427d506b8,1,1000
4524493919,2025-08-18T05:44:56,97,2003.56,REJECTED,aa51a37d-2867-459b-8885-b5c8b161616a,2,4000
4540584934,2025-06-17T16:45:06,717,8262.78,APPROVED,c40f8a37-9024-4fcd-80a6-7917301ba6bd,2,1000
4568725357,2025-08-13T01:55:19,943,3156.3,APPROVED,aa51a37d-2867-459b-8885-b5c8b161616a,2,2000
4557391789,2025-07-22T18:25:29,383,4986.32,APPROVED,d0d94739-009d-44aa-ae3d-8c35a65083c5,5,2000
4596534861,2025-10-10T11:25:09,333,2963.99,WAITING,8ca5ca23-a910-469b-aec1-73bd31d74ba2,4,3000
4593327525,2025-09-08T05:45:24,156,2965.55,REJECTED,82ebf1b0-6982-4deb-ac51-c7a6d0a68c5d,1,2000
4553002050,2025-08-26T01:01:15,548,4812.69,REJECTED,51991c98-a328-457f-a862-0962b2d30ddc,5,2000
4537638056,2025-08-04T21:54:13,848,9933.78,APPROVED,ea38b7e1-b488-4873-ab04-3066d219b434,2,2000
4540213859,2025-09-28T17:17:05,155,5854.09,QUOTATION,56ae9e46-c0b2-46ca-b51d-5686e00ce4a6,1,4000
4564181483,2025-06-22T00:32:23,535,4591.94,QUOTATION,6c55f239-a4f0-4edd-afe8-02d129db9eda,2,1000
4571286475,2025-08-15T20:50:37,57,1240.3,REJECTED,9567383e-1921-4683-803b-509faa2bc9d5,3,2000
4502601365,2025-10-02T14:08:04,112,6028.46,APPROVED,35672019-b6d1-42b4-b906-8819b248182e,1,3000
4578678217,2025-11-10T05:17:28,771,15.17,QUOTATION,82ebf1b0-6982-4deb-ac51-c7a6d0a68c5d,4,2000
4546845423,2025-06-01T22:03:32,787,5322.98,REJECTED,31ac60a6-1bc1-442c-ae10-4a420f770538,4,2000
4514591216,2025-08-05T03:54:00,473,7365.57,REJECTED,9fc109ea-2585-4c23-9329-2ccda2d964eb,4,3000
4512187772,2025-10-01T17:19:38,592,1961.62,WAITING,791660af-f0db-4fbd-a3a4-86bd38182556,4,3000
4502439718,2025-11-18T08:36:22,578,9104.93,APPROVED,f6dd041e-f994-407c-9a1b-2ee8a39b9b25,5,3000
4520806538,2025-08-17T13:55:46,511,689.8,QUOTATION,6cc3c3b9-23fa-4969-8791-af89dedc62c9,3,4000
4552240002,2025-08-08T02:43:28,257,47.02,WAITING,4029508a-afa4-4faf-b175-4bb65b8a4dbb,3,2000
4510232698,2025-09-28T03:49:08,507,4740.18,APPROVED,0c328cd6-def4-4097-8b5d-ef9b4362cfd3,3,3000
4548543170,2025-06-23T07:51:54,264,2770.72,QUOTATION,6cc3c3b9-23fa-4969-8791-af89dedc62c9,4,4000
4563667504,2025-11-09T06:11:28,423,4049.94,APPROVED,bf599d91-442c-4e09-b5ae-b9f08a417d11,2,4000
4583873997,2025-09-17T07:37:08,337,613.85,REJECTED,0b319577-4ab0-4684-b112-b27aad212cb1,4,1000
4598742843,2025-09-25T04:14:38,304,1705.72,WAITING,d7da1df8-a4af-4efe-a657-570c6d350470,2,4000
4577436975,2025-08-03T11:56:37,377,6647.36,WAITING,0a58bce2-1697-4c89-b568-ae280f33f982,3,3000
4569167739,2025-07-14T02:10:59,157,7489.02,QUOTATION,d4dbba0a-2b26-4233-9017-bb25b2e860f3,4,4000
4536381642,2025-06-26T02:22:41,270,7798.93,WAITING,a9da22e7-f42f-4428-9083-96395b7a7e9a,2,4000
4596418904,2025-11-17T17:49:34,392,3913.41,QUOTATION,0c328cd6-def4-4097-8b5d-ef9b4362cfd3,2,4000
4599948637,2025-11-15T05:26:48,961,9770.75,APPROVED,2c7b9d8a-6b92-4a21-a03e-024e434a203d,2,1000
4575335880,2025-09-09T21:08:24,914,3938.4,QUOTATION,aa51a37d-2867-459b-8885-b5c8b161616a,2,1000
4562335495,2025-09-04T02:39:29,984,2679.19,REJECTED,975480d4-8c15-44ba-8c55-a9938bdaa2c4,5,2000
4510352903,2025-08-12T11:15:44,376,726.69,APPROVED,f524f9ee-95cb-4e66-a6c1-b58f8296e7f3,2,1000
4535408530,2025-11-01T08:51:29,894,8034.78,QUOTATION,8df0c99e-2745-44ae-94ee-ad79cb114fdb,2,4000
4572773263,2025-08-03T02:40:12,904,7206.67,APPROVED,32149af9-a4f0-4e80-a73d-490a9faef06f,2,2000
4596992743,2025-09-11T08:22:15,838,202.07,REJECTED,b577718c-a2a9-4f8a-a41c-7cac0d102aab,1,2000
4564828907,2025-10-24T11:29:43,864,1607.28,QUOTATION,35672019-b6d1-42b4-b906-8819b248182e,3,1000
4553677478,2025-10-11T13:32:43,32,5661.42,APPROVED,41e46c83-90d4-4836-a022-b900a018b3fa,1,4000
4512224382,2025-11-21T03:03:17,457,7730.29,WAITING,41f3b33b-8871-42fd-90d5-1d1d9f2d5aed,4,3000
4506968465,2025-09-12T21:43:48,922,6965.72,WAITING,e7ba4d18-37bf-472c-9d3a-7756c21a55c9,2,1000
4583685291,2025-07-28T07:41:01,864,4108.63,REJECTED,2ab670e8-49e3-4a95-9871-d937f77b5927,4,2000
4550346818,2025-08-19T10:27:59,887,8849.8,APPROVED,15ddc72a-7103-4a88-a951-49c5aa75affd,5,2000
4532507665,2025-07-15T01:05:58,687,6138.99,QUOTATION,9fc109ea-2585-4c23-9329-2ccda2d964eb,1,2000
4515312745,2025-06-21T23:46:58,62,891.71,QUOTATION,9fc109ea-2585-4c23-9329-2ccda2d964eb,2,4000
4589541418,2025-08-15T08:14:55,991,319.59,APPROVED,5c250769-58e7-4a67-92b8-05566aab2cd0,1,3000
4586888613,2025-08-24T01:38:08,78,8634.02,QUOTATION,3f3292d8-3056-42da-9ec5-d080c252a223,2,1000
4575881679,2025-07-18T15:33:19,462,7961.79,WAITING,9ec93c76-9578-4947-a5ca-def516b026cb,4,3000
4559758821,2025-10-20T08:53:49,606,995.52,APPROVED,eb8e5632-45d0-47e9-bcc0-ee76bf030643,2,3000
4547433533,2025-07-18T12:15:04,922,8258.38,QUOTATION,3d3527a9-4ef5-45d5-83c2-4178789f9921,3,1000
4504185759,2025-11-18T14:05:36,373,8521.38,APPROVED,76fa0c16-dc3a-4a9b-b914-de6a0097f3dc,3,4000
4599251782,2025-08-12T22:18:44,369,8863.33,REJECTED,71b893be-0a75-41a7-9a52-bcdb771cc5ec,1,1000
4539700739,2025-11-05T15:51:58,585,1409.48,WAITING,fcc9df1e-2761-4b55-8f60-015b21066d78,2,1000
4565588898,2025-08-21T07:10:09,791,2457.34,WAITING,0c328cd6-def4-4097-8b5d-ef9b4362cfd3,2,2000
4540366462,2025-07-07T15:26:54,686,5792.52,WAITING,0f7e95f4-4fb9-4987-a1e1-5264880e721e,4,2000
4534460656,2025-07-23T02:58:59,352,6692.38,APPROVED,cea90057-5542-4a9f-8ad8-2fa263b39b7b,5,4000
4554214308,2025-08-01T11:57:30,403,7344.94,APPROVED,611eefb3-ef38-4a2e-831a-15aff1dde8f8,5,4000
4547463288,2025-08-24T21:35:31,361,7056.81,WAITING,791660af-f0db-4fbd-a3a4-86bd38182556,3,2000
4589546248,2025-07-10T11:45:29,559,5431.77,APPROVED,ad64acbd-9045-44ec-9111-f6b3b90cb060,5,2000
4567707147,2025-09-24T01:55:17,347,6777.06,WAITING,a9da22e7-f42f-4428-9083-96395b7a7e9a,5,4000
4567191490,2025-11-12T04:58:39,399,4337.87,REJECTED,41e46c83-90d4-4836-a022-b900a018b3fa,2,2000
4535112707,2025-10-25T02:28:35,822,6468.15,APPROVED,ebfe58ef-0dee-41d8-859e-ae2bff66e7fc,1,3000
4530675068,2025-09-28T01:30:38,32,6516.75,APPROVED,2c6e3cb9-21cb-4de6-ae38-f117a3cbdfe2,1,3000
4532559136,2025-11-26T01:13:13,344,6837.04,QUOTATION,12a301b9-4c71-4181-a853-d29be7b6bd18,4,3000
4531706464,2025-10-11T02:15:45,403,8977.38,QUOTATION,2c7b9d8a-6b92-4a21-a03e-024e434a203d,5,3000
4550653633,2025-06-05T18:43:29,771,1515.7,APPROVED,e7ba4d18-37bf-472c-9d3a-7756c21a55c9,1,4000
4549602491,2025-08-13T07:08:02,939,338.88,QUOTATION,32149af9-a4f0-4e80-a73d-490a9faef06f,5,4000
4585747879,2025-07-22T07:55:46,372,1834.03,WAITING,9c7454a7-b80c-4d19-b841-4c0343b75add,1,2000
4579018771,2025-11-20T15:59:56,811,8453.7,WAITING,651e8d5b-8636-4635-a934-6f9427d506b8,5,4000
4552748880,2025-11-19T15:55:37,283,2999.63,WAITING,ad64acbd-9045-44ec-9111-f6b3b90cb060,2,4000
4506347288,2025-10-19T05:16:38,386,658.33,WAITING,611eefb3-ef38-4a2e-831a-15aff1dde8f8,3,3000
4513695056,2025-09-24T05:21:39,164,1399.23,WAITING,82ebf1b0-6982-4deb-ac51-c7a6d0a68c5d,5,4000
4596133812,2025-06-27T10:57:10,601,3797.8,REJECTED,9567383e-1921-4683-803b-509faa2bc9d5,5,1000
4564005167,2025-06-25T23:46:40,960,3483.83,WAITING,37bf8863-0046-49cb-a72c-f7e41661214b,3,3000
4537085070,2025-07-01T00:22:22,298,3008.69,QUOTATION,3d3527a9-4ef5-45d5-83c2-4178789f9921,3,4000
4552211680,2025-07-03T03:07:14,409,8280.89,QUOTATION,05767575-2944-4457-9aa7-06e1dae2ae25,2,3000
4526077179,2025-09-05T05:12:11,813,438.2,APPROVED,b577718c-a2a9-4f8a-a41c-7cac0d102aab,4,3000
4544264730,2025-08-23T10:37:59,478,8715.47,REJECTED,5c250769-58e7-4a67-92b8-05566aab2cd0,1,1000
4529335178,2025-08-27T10:50:03,19,1802.42,APPROVED,a9da22e7-f42f-4428-9083-96395b7a7e9a,4,3000
4511253210,2025-11-27T06:47:27,169,2850.5,REJECTED,d7da1df8-a4af-4efe-a657-570c6d350470,5,2000
4500523812,2025-10-19T19:13:26,845,4170.8,APPROVED,9ec93c76-9578-4947-a5ca-def516b026cb,5,4000
4564334995,2025-09-18T18:57:20,691,5208.08,WAITING,28d388a1-0e70-41d0-a8a1-abb9e3263b7b,2,3000
4535592507,2025-09-28T19:16:36,484,9702.12,QUOTATION,37bf8863-0046-49cb-a72c-f7e41661214b,2,3000
4544212042,2025-06-04T12:48:17,727,6627.93,APPROVED,d0d94739-009d-44aa-ae3d-8c35a65083c5,4,4000
4552465883,2025-09-15T19:07:45,189,2804.33,WAITING,28d388a1-0e70-41d0-a8a1-abb9e3263b7b,3,3000
4567444282,2025-10-23T02:26:12,836,8152.51,WAITING,71b893be-0a75-41a7-9a52-bcdb771cc5ec,3,1000
4593548807,2025-06-26T00:11:07,431,4616.1,QUOTATION,82ebf1b0-6982-4deb-ac51-c7a6d0a68c5d,5,1000
4546274042,2025-09-06T12:57:33,38,8143.17,QUOTATION,2c6e3cb9-21cb-4de6-ae38-f117a3cbdfe2,3,4000
4565139247,2025-08-28T00:51:12,73,9789.42,REJECTED,da731710-48f7-4c02-8dd6-917ff4c62e3b,4,1000
4544481514,2025-09-05T15:00:33,112,7158.06,APPROVED,fffeaf8f-4b6b-4357-a309-89f4769c36da,1,2000
4505784489,2025-11-24T14:56:57,777,2112.48,WAITING,82ebf1b0-6982-4deb-ac51-c7a6d0a68c5d,2,3000
4549717413,2025-08-15T10:16:54,235,8175.04,APPROVED,ebfe58ef-0dee-41d8-859e-ae2bff66e7fc,4,2000
4525409254,2025-10-25T12:46:02,657,9687.81,REJECTED,d4dbba0a-2b26-4233-9017-bb25b2e860f3,3,1000
4558268964,2025-07-21T05:59:46,384,1591.31,REJECTED,e069016d-d217-4fbc-b438-1e8790b731fb,3,4000
4580807550,2025-07-16T14:51:20,837,9467.5,QUOTATION,37bf8863-0046-49cb-a72c-f7e41661214b,4,3000
4532198647,2025-09-12T10:51:56,777,6790.83,APPROVED,9ec93c76-9578-4947-a5ca-def516b026cb,5,2000
4571865180,2025-09-06T09:45:30,989,9296.98,REJECTED,0f7e95f4-4fb9-4987-a1e1-5264880e721e,4,3000
4544419204,2025-09-11T09:15:52,878,9006.48,REJECTED,a1a6e723-19c6-46fd-a584-917efe27f127,1,1000
4597648719,2025-06-18T21:27:52,327,3730.66,QUOTATION,651e8d5b-8636-4635-a934-6f9427d506b8,2,3000
4509455865,2025-07-02T23:02:27,572,3538.27,REJECTED,d0d94739-009d-44aa-ae3d-8c35a65083c5,2,2000
4522372425,2025-11-18T22:37:10,682,7877.87,QUOTATION,ebfe58ef-0dee-41d8-859e-ae2bff66e7fc,1,3000
4527776571,2025-11-15T23:04:09,336,2613.23,REJECTED,74d238f7-61d4-41c6-9d51-b05f2eddcb36,4,3000
4532406021,2025-10-03T09:57:40,810,5377.49,REJECTED,9567383e-1921-4683-803b-509faa2bc9d5,5,4000
4534076083,2025-09-14T06:09:30,658,2975.13,REJECTED,2c6e3cb9-21cb-4de6-ae38-f117a3cbdfe2,4,4000
4555865616,2025-09-22T05:24:03,270,5394.01,QUOTATION,6c55f239-a4f0-4edd-afe8-02d129db9eda,2,3000
4536250614,2025-09-11T10:51:21,2,9299.28,QUOTATION,791660af-f0db-4fbd-a3a4-86bd38182556,4,4000
4550814314,2025-10-23T21:12:41,629,793.02,WAITING,01bb5e4b-33d3-4db2-85a2-499f5c9e31b4,2,2000
4560925165,2025-11-15T12:24:06,230,4326.46,WAITING,2c6e3cb9-21cb-4de6-ae38-f117a3cbdfe2,5,3000
4518098526,2025-11-07T09:26:35,358,179.34,QUOTATION,daffc87a-fdb5-424e-9155-782c6cd1b731,2,4000
4539172799,2025-06-02T07:03:58,689,2559.14,QUOTATION,4a5df305-6d85-4b5a-81ca-b2a776017f8f,5,2000
4514786354,2025-09-13T20:59:30,465,6026.61,WAITING,2c7b9d8a-6b92-4a21-a03e-024e434a203d,1,2000
4574221227,2025-06-01T17:15:57,812,6490.67,REJECTED,9567383e-1921-4683-803b-509faa2bc9d5,5,3000
4518660919,2025-11-12T00:36:59,735,7567.92,WAITING,ba5b8587-5d45-44ac-9e4e-16cb4b3afecc,5,4000
4588906927,2025-07-28T03:43:40,449,3885.65,QUOTATION,ce1eeb99-74a8-4547-b95c-345102c07d21,4,3000
4596060309,2025-11-13T19:01:18,326,6772.32,APPROVED,3c65561d-5119-4985-87e7-48965fe9f62c,5,3000
4518064002,2025-08-06T16:48:09,869,9701.35,REJECTED,31ac60a6-1bc1-442c-ae10-4a420f770538,1,1000
4501929646,2025-09-14T17:40:50,608,5120.1,APPROVED,3f3292d8-3056-42da-9ec5-d080c252a223,5,2000
4575818110,2025-09-03T01:02:09,513,3800.26,QUOTATION,b020551c-5fe7-45ea-881a-6fa78332362d,3,1000
4518404572,2025-08-15T12:48:06,345,8378.9,REJECTED,41f3b33b-8871-42fd-90d5-1d1d9f2d5aed,4,1000
4557999287,2025-11-14T05:24:17,118,5407.13,QUOTATION,ea38b7e1-b488-4873-ab04-3066d219b434,4,3000
4534200734,2025-06-23T01:33:34,456,4365.08,REJECTED,cea90057-5542-4a9f-8ad8-2fa263b39b7b,5,4000
4579814777,2025-07-04T14:14:37,327,7441.86,APPROVED,82ebf1b0-6982-4deb-ac51-c7a6d0a68c5d,1,4000
4593051085,2025-07-18T16:14:43,948,7707.34,WAITING,915bda23-d2b3-4bab-9d3b-0b701beb76fa,2,3000
4584646546,2025-10-11T20:50:42,422,9036.89,QUOTATION,134244b2-90f7-4d62-8488-d71e29828266,1,1000
4503500754,2025-07-28T16:09:09,697,707.08,REJECTED,daffc87a-fdb5-424e-9155-782c6cd1b731,5,1000
4545131617,2025-10-27T11:46:09,423,334.08,QUOTATION,51991c98-a328-457f-a862-0962b2d30ddc,4,4000
4528022630,2025-08-14T19:49:04,499,7314.49,WAITING,3ee51816-f540-45e6-8401-474c5df84e78,1,2000
4511988632,2025-09-28T23:21:33,678,9932.07,APPROVED,5c250769-58e7-4a67-92b8-05566aab2cd0,3,1000
4590923365,2025-08-07T18:33:52,634,7882.16,WAITING,cea90057-5542-4a9f-8ad8-2fa263b39b7b,3,2000
4521431658,2025-10-24T13:01:35,149,8498.51,APPROVED,8df0c99e-2745-44ae-94ee-ad79cb114fdb,5,3000
4568941418,2025-10-18T11:04:17,737,1193.27,WAITING,b577718c-a2a9-4f8a-a41c-7cac0d102aab,2,3000
4537207132,2025-08-26T14:44:44,648,4988.57,QUOTATION,73df3d25-bcec-47a6-8d66-6b628e81ed2d,4,4000
4508626417,2025-08-21T05:58:04,486,8561.59,QUOTATION,3d3527a9-4ef5-45d5-83c2-4178789f9921,2,4000
4516305391,2025-06-13T01:26:54,279,6968.19,REJECTED,bcebc30c-15e5-48e2-9c32-c86d886f82a0,1,4000
4518813453,2025-11-05T23:15:46,229,3601.98,QUOTATION,9ec93c76-9578-4947-a5ca-def516b026cb,5,4000
4563314985,2025-08-03T01:02:27,760,438.48,APPROVED,15ddc72a-7103-4a88-a951-49c5aa75affd,5,4000
4524716831,2025-07-10T00:06:19,208,3439.68,REJECTED,ba3d4978-80db-4a12-9f06-e4c698936184,1,1000
4548909297,2025-11-17T13:13:09,199,5313.3,QUOTATION,f6979cad-3c89-4280-985d-d7f07aaa8c2b,2,1000
4531216855,2025-07-15T05:21:49,976,460.58,APPROVED,0a58bce2-1697-4c89-b568-ae280f33f982,2,3000
4571676566,2025-11-06T14:45:32,272,8171.92,APPROVED,3c65561d-5119-4985-87e7-48965fe9f62c,4,3000
4568214712,2025-11-08T01:44:50,813,8984.9,QUOTATION,c40f8a37-9024-4fcd-80a6-7917301ba6bd,1,1000
4565391208,2025-07-26T02:50:29,578,3210.24,REJECTED,71b893be-0a75-41a7-9a52-bcdb771cc5ec,4,4000
4520487822,2025-09-25T09:33:19,310,4262.61,QUOTATION,fffeaf8f-4b6b-4357-a309-89f4769c36da,4,4000
4570945618,2025-09-04T21:40:21,859,9069.38,QUOTATION,5257f4f1-580e-4eb3-89f9-6cae458e4509,5,2000
4542192385,2025-11-20T14:18:07,160,2154.91,WAITING,3d3527a9-4ef5-45d5-83c2-4178789f9921,2,4000
4508597263,2025-08-09T23:01:58,228,5059.8,QUOTATION,0e752cfe-75ff-427d-8214-57710b509b33,2,3000
4552856907,2025-11-05T04:55:30,559,485.15,QUOTATION,b6bbc970-46d2-4ff4-9c52-80f378cfe8ea,5,4000
4596786691,2025-10-09T17:15:07,887,9138.3,WAITING,41e46c83-90d4-4836-a022-b900a018b3fa,2,4000
4571173216,2025-11-26T13:55:58,226,9089.88,WAITING,5257f4f1-580e-4eb3-89f9-6cae458e4509,4,4000
4582710126,2025-08-20T18:31:44,946,2983.98,QUOTATION,da731710-48f7-4c02-8dd6-917ff4c62e3b,4,3000
4556188195,2025-11-13T08:35:18,312,2590.38,APPROVED,01bb5e4b-33d3-4db2-85a2-499f5c9e31b4,1,4000
4559324285,2025-07-09T00:35:38,167,1546.71,REJECTED,68681084-7b12-4fd9-9704-7da3802cb451,3,4000
4586380533,2025-09-05T13:05:57,620,1669.55,WAITING,b020551c-5fe7-45ea-881a-6fa78332362d,4,2000
4565791598,2025-11-03T05:48:41,875,9962.16,WAITING,71b893be-0a75-41a7-9a52-bcdb771cc5ec,4,3000
4580065943,2025-06-28T22:56:36,654,4271.75,APPROVED,b020551c-5fe7-45ea-881a-6fa78332362d,1,3000
4508872371,2025-06-15T21:49:11,865,3001.56,REJECTED,da731710-48f7-4c02-8dd6-917ff4c62e3b,3,2000
4566111198,2025-07-28T18:26:39,646,7604.27,REJECTED,651e8d5b-8636-4635-a934-6f9427d506b8,3,1000
4533677850,2025-10-03T21:46:34,439,3009.96,APPROVED,8ca5ca23-a910-469b-aec1-73bd31d74ba2,5,2000
4549074770,2025-11-21T14:11:36,768,3607.95,QUOTATION,daffc87a-fdb5-424e-9155-782c6cd1b731,5,2000
4525108155,2025-07-10T06:12:29,905,8667.66,WAITING,e7ba4d18-37bf-472c-9d3a-7756c21a55c9,4,4000
4598944733,2025-06-18T01:59:12,447,4264.5,APPROVED,31ac60a6-1bc1-442c-ae10-4a420f770538,4,4000
4597509363,2025-11-03T13:56:35,371,1429.31,REJECTED,76fa0c16-dc3a-4a9b-b914-de6a0097f3dc,5,1000
4508386931,2025-08-13T03:05:48,339,9496.34,QUOTATION,3341d7ea-5bed-42e4-82c2-18d0adfbcdf1,1,2000
4516195086,2025-09-21T10:05:57,962,9958.67,REJECTED,6cc3c3b9-23fa-4969-8791-af89dedc62c9,4,3000
4560721632,2025-10-28T06:39:57,146,6534.24,WAITING,05767575-2944-4457-9aa7-06e1dae2ae25,1,2000
4525839140,2025-08-03T16:01:03,71,2727.49,REJECTED,32149af9-a4f0-4e80-a73d-490a9faef06f,3,4000
4579648634,2025-11-20T06:13:19,941,1574.23,WAITING,da731710-48f7-4c02-8dd6-917ff4c62e3b,1,2000
4517869008,2025-09-22T03:41:45,349,4801.3,QUOTATION,05767575-2944-4457-9aa7-06e1dae2ae25,3,1000
4554012428,2025-06-26T21:17:21,504,7078.07,WAITING,32149af9-a4f0-4e80-a73d-490a9faef06f,4,4000
4552578218,2025-08-15T22:25:31,129,6795.2,QUOTATION,ebfe58ef-0dee-41d8-859e-ae2bff66e7fc,5,1000
4539120872,2025-07-25T13:17:24,542,6657.07,QUOTATION,791660af-f0db-4fbd-a3a4-86bd38182556,4,2000
4510701914,2025-09-24T15:25:36,62,6941.94,APPROVED,791660af-f0db-4fbd-a3a4-86bd38182556,1,3000
4571498993,2025-07-22T06:13:33,896,1462.02,WAITING,17dffc12-ac1a-44ed-ad09-3c824851c624,1,3000
4535264780,2025-10-23T06:55:36,833,7674.77,APPROVED,6cc3c3b9-23fa-4969-8791-af89dedc62c9,3,4000
4582676063,2025-10-24T07:35:46,463,1147.55,QUOTATION,41e46c83-90d4-4836-a022-b900a018b3fa,2,1000
4548040602,2025-09-14T21:41:51,50,8407.65,APPROVED,3f3292d8-3056-42da-9ec5-d080c252a223,3,4000
4583949628,2025-07-08T23:05:25,179,3254.63,REJECTED,b577718c-a2a9-4f8a-a41c-7cac0d102aab,1,4000
4591542382,2025-11-24T23:40:58,60,8124.71,QUOTATION,68681084-7b12-4fd9-9704-7da3802cb451,2,3000
4502025687,2025-11-25T15:04:24,736,8271.13,WAITING,0e752cfe-75ff-427d-8214-57710b509b33,3,4000
4547328607,2025-06-24T08:21:18,213,876.22,QUOTATION,00a417fb-f2b9-4bb8-90c0-0787c3f2e3c7,5,4000
4504387051,2025-07-10T13:31:02,363,1164.22,APPROVED,b6bbc970-46d2-4ff4-9c52-80f378cfe8ea,2,3000
4510536357,2025-06-28T17:01:12,917,1917.1,WAITING,fffeaf8f-4b6b-4357-a309-89f4769c36da,3,4000
4596529534,2025-08-04T10:15:29,613,5251.34,APPROVED,41e46c83-90d4-4836-a022-b900a018b3fa,3,2000
4541773879,2025-10-07T03:47:30,939,7035.97,QUOTATION,ce1eeb99-74a8-4547-b95c-345102c07d21,3,4000
4518709389,2025-09-10T16:47:50,69,4792.15,WAITING,28d388a1-0e70-41d0-a8a1-abb9e3263b7b,2,1000
4524528959,2025-11-19T17:08:18,792,3197.17,REJECTED,a9da22e7-f42f-4428-9083-96395b7a7e9a,1,3000
4518517993,2025-09-18T22:02:28,554,7967.47,QUOTATION,b0154cbb-c693-4062-88b9-a8acf4402b56,5,3000
4594184763,2025-10-09T00:25:23,450,4394.0,REJECTED,56ae9e46-c0b2-46ca-b51d-5686e00ce4a6,3,2000
4545026060,2025-10-13T04:07:08,927,8888.36,APPROVED,41e46c83-90d4-4836-a022-b900a018b3fa,3,3000
4584719486,2025-10-11T03:38:31,947,9788.65,WAITING,eb8e5632-45d0-47e9-bcc0-ee76bf030643,3,4000
4589235423,2025-08-06T20:09:22,901,7275.64,REJECTED,73df3d25-bcec-47a6-8d66-6b628e81ed2d,3,3000
4512237165,2025-09-24T17:44:40,518,7142.24,QUOTATION,2cf52c48-a37c-4244-a030-3fe16c443ecd,2,2000
4543400864,2025-06-17T04:33:37,594,6296.6,QUOTATION,791660af-f0db-4fbd-a3a4-86bd38182556,4,4000
4508526429,2025-10-06T00:48:23,924,3484.67,APPROVED,f6979cad-3c89-4280-985d-d7f07aaa8c2b,2,2000
4589571078,2025-06-20T17:19:35,646,4825.65,WAITING,51991c98-a328-457f-a862-0962b2d30ddc,2,3000
4552719001,2025-10-13T16:25:33,291,4668.34,QUOTATION,e069016d-d217-4fbc-b438-1e8790b731fb,4,2000
4528743074,2025-11-13T14:23:41,935,5314.25,REJECTED,d5b6a98e-464a-4e85-ad1c-7fd6be7df835,4,1000
4546685176,2025-06-21T12:01:11,10,5249.52,REJECTED,12a301b9-4c71-4181-a853-d29be7b6bd18,2,2000
4555788530,2025-11-19T11:31:44,822,7540.05,REJECTED,4a5df305-6d85-4b5a-81ca-b2a776017f8f,1,1000
4547397791,2025-06-01T14:16:32,702,6440.9,APPROVED,d4dbba0a-2b26-4233-9017-bb25b2e860f3,1,3000
4595237021,2025-09-01T02:09:55,175,8497.55,REJECTED,fffeaf8f-4b6b-4357-a309-89f4769c36da,5,4000
4524319928,2025-07-26T18:07:13,438,4773.94,APPROVED,35672019-b6d1-42b4-b906-8819b248182e,5,1000
4503558195,2025-09-14T07:44:50,900,9317.48,WAITING,ebfe58ef-0dee-41d8-859e-ae2bff66e7fc,1,1000
4585314226,2025-06-18T12:43:49,556,8145.96,WAITING,51991c98-a328-457f-a862-0962b2d30ddc,1,3000
4537878059,2025-06-15T21:07:58,112,6772.0,QUOTATION,c40f8a37-9024-4fcd-80a6-7917301ba6bd,2,2000
4511100188,2025-11-07T17:17:27,51,2302.86,REJECTED,a4926703-442b-4179-808a-04de7d4e1015,3,4000
4583840844,2025-09-02T15:46:26,967,4964.06,APPROVED,51991c98-a328-457f-a862-0962b2d30ddc,5,4000
4561643726,2025-09-28T07:44:57,319,9457.99,QUOTATION,d7da1df8-a4af-4efe-a657-570c6d350470,2,3000
4585755652,2025-09-26T07:23:12,868,4482.21,WAITING,3f3292d8-3056-42da-9ec5-d080c252a223,3,1000
4562623867,2025-08-15T09:51:50,484,4054.77,QUOTATION,e069016d-d217-4fbc-b438-1e8790b731fb,3,4000
4544706606,2025-09-19T16:51:04,546,3839.24,QUOTATION,0f7e95f4-4fb9-4987-a1e1-5264880e721e,2,4000
4575075576,2025-06-05T23:18:57,950,8901.12,QUOTATION,51991c98-a328-457f-a862-0962b2d30ddc,1,2000
4502168086,2025-08-24T12:17:06,937,5188.06,REJECTED,f6dd041e-f994-407c-9a1b-2ee8a39b9b25,2,1000
4593654526,2025-09-05T02:00:54,691,8590.35,REJECTED,b577718c-a2a9-4f8a-a41c-7cac0d102aab,2,1000
4537873459,2025-06-03T08:45:19,75,4087.34,WAITING,9c7454a7-b80c-4d19-b841-4c0343b75add,3,4000
4580522836,2025-11-16T14:48:08,279,2645.78,WAITING,dbce3e63-1a5c-4595-a1f9-d09c3d978567,4,4000
4546895300,2025-08-16T11:25:06,312,3941.6,WAITING,8ca5ca23-a910-469b-aec1-73bd31d74ba2,5,2000
4545182201,2025-06-16T02:01:01,521,4134.65,APPROVED,73df3d25-bcec-47a6-8d66-6b628e81ed2d,1,3000
4541203232,2025-11-23T06:32:35,129,1280.35,QUOTATION,9ec93c76-9578-4947-a5ca-def516b026cb,2,2000
4593840877,2025-10-12T07:08:23,903,5471.39,APPROVED,84aadcf6-499b-4416-9a35-3e546eb39a5c,3,3000
4513175794,2025-07-28T22:17:12,52,811.78,QUOTATION,d0d94739-009d-44aa-ae3d-8c35a65083c5,5,1000
4528788082,2025-10-22T16:48:14,518,3802.02,APPROVED,51991c98-a328-457f-a862-0962b2d30ddc,2,4000
4587808667,2025-11-13T04:50:56,252,5796.43,QUOTATION,8ca5ca23-a910-469b-aec1-73bd31d74ba2,2,1000
4566241527,2025-10-18T05:24:53,135,4698.7,QUOTATION,82ebf1b0-6982-4deb-ac51-c7a6d0a68c5d,5,1000
4501793462,2025-06-22T10:39:13,86,4058.01,WAITING,cf11fe2a-443a-44e9-96b0-e6b91ddfa87d,4,4000
4535115148,2025-11-15T19:07:00,772,254.53,WAITING,975480d4-8c15-44ba-8c55-a9938bdaa2c4,3,2000
4536684860,2025-11-11T19:45:07,879,7615.91,WAITING,b577718c-a2a9-4f8a-a41c-7cac0d102aab,1,3000
4540181189,2025-11-13T09:40:49,742,9350.9,REJECTED,bcebc30c-15e5-48e2-9c32-c86d886f82a0,5,4000
4561277068,2025-10-03T06:40:33,295,951.78,QUOTATION,84aadcf6-499b-4416-9a35-3e546eb39a5c,3,1000
4567725672,2025-09-03T09:01:50,682,2802.7,WAITING,15ddc72a-7103-4a88-a951-49c5aa75affd,5,3000
4550998635,2025-07-19T17:40:01,491,2414.6,APPROVED,37bf8863-0046-49cb-a72c-f7e41661214b,2,2000
4564482084,2025-09-21T05:21:33,233,4994.42,REJECTED,c40f8a37-9024-4fcd-80a6-7917301ba6bd,4,4000
4513579297,2025-06-24T02:54:20,99,6181.33,REJECTED,384bae62-8ba8-4cac-b8ad-3df4e68bcafa,2,1000
4504333275,2025-07-15T21:59:32,618,3368.43,QUOTATION,35672019-b6d1-42b4-b906-8819b248182e,4,3000
4585607925,2025-07-18T08:48:19,745,2288.44,APPROVED,d4dbba0a-2b26-4233-9017-bb25b2e860f3,5,1000
4559040349,2025-08-16T13:07:40,996,8501.24,WAITING,a9da22e7-f42f-4428-9083-96395b7a7e9a,5,4000
4562687965,2025-08-21T01:39:50,318,5833.87,APPROVED,c40f8a37-9024-4fcd-80a6-7917301ba6bd,2,2000
4523696839,2025-08-15T19:07:32,977,8999.68,REJECTED,0c328cd6-def4-4097-8b5d-ef9b4362cfd3,4,3000
4586446265,2025-11-06T23:40:27,130,9892.52,REJECTED,da731710-48f7-4c02-8dd6-917ff4c62e3b,5,4000
4589063902,2025-11-14T18:17:41,257,7267.45,REJECTED,2c6e3cb9-21cb-4de6-ae38-f117a3cbdfe2,4,3000
4562491708,2025-06-04T01:41:37,579,7151.92,QUOTATION,ce1eeb99-74a8-4547-b95c-345102c07d21,5,1000
4518866783,2025-07-27T02:30:34,336,3103.06,REJECTED,ea38b7e1-b488-4873-ab04-3066d219b434,5,4000
4580393328,2025-11-13T05:44:07,722,8569.84,WAITING,68681084-7b12-4fd9-9704-7da3802cb451,5,4000
4505710312,2025-06-05T04:19:09,530,2696.15,REJECTED,b020551c-5fe7-45ea-881a-6fa78332362d,4,4000
4581259153,2025-06-16T10:41:34,428,4111.56,WAITING,05767575-2944-4457-9aa7-06e1dae2ae25,5,4000
4563789854,2025-11-04T13:34:47,965,9171.11,REJECTED,41e46c83-90d4-4836-a022-b900a018b3fa,5,1000
4562049154,2025-07-13T18:15:47,120,8803.71,REJECTED,ba3d4978-80db-4a12-9f06-e4c698936184,3,4000
4523649889,2025-07-14T21:15:33,339,7327.49,WAITING,35672019-b6d1-42b4-b906-8819b248182e,1,3000
4597148700,2025-10-23T17:44:17,806,6073.19,REJECTED,cf11fe2a-443a-44e9-96b0-e6b91ddfa87d,1,4000
4548738585,2025-10-08T22:27:54,705,4046.86,WAITING,51991c98-a328-457f-a862-0962b2d30ddc,5,2000
4507277988,2025-07-04T20:05:08,589,9620.89,QUOTATION,408c4fe5-9066-4997-8f1c-ad8daae4b1f6,4,1000
4536943868,2025-08-25T17:37:28,798,4085.58,QUOTATION,ba3d4978-80db-4a12-9f06-e4c698936184,2,3000
4566631108,2025-11-05T18:36:29,738,5333.04,APPROVED,eb8e5632-45d0-47e9-bcc0-ee76bf030643,1,2000
4557603497,2025-07-24T02:46:01,680,1770.21,WAITING,0439439c-8945-42c4-b079-5340d85df97c,5,2000
4525798682,2025-11-15T12:20:29,822,3414.94,WAITING,b0154cbb-c693-4062-88b9-a8acf4402b56,3,3000
4557423390,2025-11-27T08:14:55,622,697.88,REJECTED,2c6e3cb9-21cb-4de6-ae38-f117a3cbdfe2,1,3000
4551308788,2025-06-02T11:41:32,826,3619.68,QUOTATION,5257f4f1-580e-4eb3-89f9-6cae458e4509,3,3000
4521845078,2025-11-26T12:52:05,108,2424.01,APPROVED,68681084-7b12-4fd9-9704-7da3802cb451,1,1000
4561608047,2025-11-16T13:47:30,726,8229.36,REJECTED,71b893be-0a75-41a7-9a52-bcdb771cc5ec,2,3000
4510695716,2025-06-19T06:53:43,460,8445.63,WAITING,41e46c83-90d4-4836-a022-b900a018b3fa,3,1000
4557649646,2025-08-08T00:50:56,393,1803.7,QUOTATION,9ec93c76-9578-4947-a5ca-def516b026cb,2,1000
4564157278,2025-09-16T10:41:09,864,2586.93,APPROVED,2ab670e8-49e3-4a95-9871-d937f77b5927,4,2000
4586751329,2025-09-18T00:05:42,672,4578.32,QUOTATION,76fa0c16-dc3a-4a9b-b914-de6a0097f3dc,2,2000
4582354554,2025-09-08T20:14:03,473,8319.11,REJECTED,3c65561d-5119-4985-87e7-48965fe9f62c,3,1000
4574285515,2025-06-10T12:22:16,413,2739.18,APPROVED,ba5b8587-5d45-44ac-9e4e-16cb4b3afecc,1,1000
4581033784,2025-07-25T02:34:34,583,1144.28,WAITING,e7ba4d18-37bf-472c-9d3a-7756c21a55c9,1,1000
4563309509,2025-09-01T17:19:45,260,9355.11,WAITING,cf11fe2a-443a-44e9-96b0-e6b91ddfa87d,2,4000
4501147767,2025-11-23T13:17:17,327,9058.93,WAITING,dbce3e63-1a5c-4595-a1f9-d09c3d978567,4,3000
4561037454,2025-08-15T06:24:38,687,7017.64,QUOTATION,ebfe58ef-0dee-41d8-859e-ae2bff66e7fc,3,3000
4567089312,2025-06-03T04:19:54,450,1882.28,REJECTED,ad64acbd-9045-44ec-9111-f6b3b90cb060,3,4000
4544168448,2025-10-25T22:47:29,936,5914.9,WAITING,f524f9ee-95cb-4e66-a6c1-b58f8296e7f3,3,1000
4564107856,2025-09-20T03:05:14,895,6433.82,APPROVED,9ec93c76-9578-4947-a5ca-def516b026cb,2,1000
4566480258,2025-11-13T23:24:00,976,2437.34,WAITING,8ca5ca23-a910-469b-aec1-73bd31d74ba2,1,3000
4574778105,2025-10-01T13:15:55,883,7670.15,WAITING,651e8d5b-8636-4635-a934-6f9427d506b8,5,3000
4566606494,2025-06-11T01:38:46,898,2496.09,QUOTATION,cf11fe2a-443a-44e9-96b0-e6b91ddfa87d,3,2000
4570535500,2025-10-28T12:25:20,81,9826.37,WAITING,0b319577-4ab0-4684-b112-b27aad212cb1,1,3000
4573252270,2025-06-12T00:15:13,895,8162.67,WAITING,2ab670e8-49e3-4a95-9871-d937f77b5927,1,2000
4541859739,2025-11-27T18:17:23,804,7119.2,APPROVED,b6bbc970-46d2-4ff4-9c52-80f378cfe8ea,4,2000
4542219385,2025-08-27T12:31:05,40,3211.69,REJECTED,0f7e95f4-4fb9-4987-a1e1-5264880e721e,1,4000
4554113965,2025-10-26T12:51:49,886,1490.78,QUOTATION,28d388a1-0e70-41d0-a8a1-abb9e3263b7b,4,4000
4538280481,2025-09-23T00:33:25,992,358.86,WAITING,aa51a37d-2867-459b-8885-b5c8b161616a,4,4000
4552371780,2025-07-11T02:48:29,912,4185.05,QUOTATION,c40f8a37-9024-4fcd-80a6-7917301ba6bd,1,4000
4574561429,2025-11-01T03:15:16,525,7697.5,WAITING,0a58bce2-1697-4c89-b568-ae280f33f982,1,1000
4536947824,2025-09-22T00:29:55,968,140.71,QUOTATION,15ddc72a-7103-4a88-a951-49c5aa75affd,4,2000
4512104277,2025-06-04T07:20:41,591,282.62,QUOTATION,134244b2-90f7-4d62-8488-d71e29828266,4,1000
4574532316,2025-08-17T00:55:28,251,5824.97,WAITING,28d388a1-0e70-41d0-a8a1-abb9e3263b7b,4,4000
4551909332,2025-11-15T16:56:56,753,3798.07,WAITING,fffeaf8f-4b6b-4357-a309-89f4769c36da,1,3000
4595448282,2025-06-16T12:52:11,245,2549.95,QUOTATION,ea38b7e1-b488-4873-ab04-3066d219b434,4,3000
4567068849,2025-08-05T02:53:59,535,8898.25,APPROVED,0a58bce2-1697-4c89-b568-ae280f33f982,4,2000
4515569090,2025-11-28T11:25:54,260,4092.56,REJECTED,51991c98-a328-457f-a862-0962b2d30ddc,4,1000
4551916212,2025-08-21T09:47:34,20,6473.23,REJECTED,76fa0c16-dc3a-4a9b-b914-de6a0097f3dc,3,3000
4518313278,2025-06-08T09:24:17,63,7111.63,WAITING,5257f4f1-580e-4eb3-89f9-6cae458e4509,4,3000
4588960880,2025-09-21T22:10:08,883,6625.6,QUOTATION,651e8d5b-8636-4635-a934-6f9427d506b8,3,2000
4533063258,2025-08-07T05:31:08,961,2601.14,WAITING,b6bbc970-46d2-4ff4-9c52-80f378cfe8ea,4,2000
4572722361,2025-10-01T12:39:56,542,854.0,WAITING,3d3527a9-4ef5-45d5-83c2-4178789f9921,1,3000
4573742723,2025-07-26T14:41:52,942,5510.42,APPROVED,d4dbba0a-2b26-4233-9017-bb25b2e860f3,3,2000
4539267586,2025-07-11T23:48:39,798,6500.18,REJECTED,05767575-2944-4457-9aa7-06e1dae2ae25,5,1000
4512102954,2025-07-14T21:53:18,370,5663.9,APPROVED,28d388a1-0e70-41d0-a8a1-abb9e3263b7b,4,2000
4594877944,2025-10-17T22:45:35,500,632.09,APPROVED,51991c98-a328-457f-a862-0962b2d30ddc,5,2000
4522546964,2025-10-07T23:56:51,291,8241.59,REJECTED,daffc87a-fdb5-424e-9155-782c6cd1b731,4,3000
4511170887,2025-10-21T11:54:45,522,7667.41,REJECTED,3d3527a9-4ef5-45d5-83c2-4178789f9921,5,1000
4571356992,2025-09-14T03:54:49,267,1050.67,WAITING,fe53d2be-049c-47fa-871a-c4a8b1a10e40,3,4000
4528257019,2025-10-12T06:32:40,577,1303.35,APPROVED,d4dbba0a-2b26-4233-9017-bb25b2e860f3,1,1000
4585906644,2025-08-12T21:49:35,370,1655.25,REJECTED,791660af-f0db-4fbd-a3a4-86bd38182556,1,2000
4517729939,2025-08-17T14:48:12,919,1783.16,APPROVED,c40f8a37-9024-4fcd-80a6-7917301ba6bd,4,4000
4569128894,2025-10-15T03:05:50,277,6111.55,APPROVED,28d388a1-0e70-41d0-a8a1-abb9e3263b7b,3,3000
4551983039,2025-08-02T18:30:18,68,5597.12,WAITING,2c7b9d8a-6b92-4a21-a03e-024e434a203d,3,3000
4523454196,2025-08-28T13:17:50,112,9378.19,APPROVED,d5b6a98e-464a-4e85-ad1c-7fd6be7df835,5,1000
4590382192,2025-09-01T20:55:16,896,3277.21,REJECTED,41f3b33b-8871-42fd-90d5-1d1d9f2d5aed,2,4000
4594192001,2025-06-13T03:46:51,852,5217.56,REJECTED,5257f4f1-580e-4eb3-89f9-6cae458e4509,2,2000
4590690127,2025-09-21T07:12:19,713,2195.88,WAITING,00a417fb-f2b9-4bb8-90c0-0787c3f2e3c7,2,3000
4545124476,2025-09-16T14:23:45,124,1363.11,WAITING,791660af-f0db-4fbd-a3a4-86bd38182556,5,2000
4590725429,2025-10-01T08:52:46,968,6031.43,QUOTATION,dbce3e63-1a5c-4595-a1f9-d09c3d978567,3,3000
4598042144,2025-07-19T12:05:28,65,9161.1,REJECTED,41e46c83-90d4-4836-a022-b900a018b3fa,3,4000
4539724882,2025-08-28T03:44:43,822,6328.17,REJECTED,d5b6a98e-464a-4e85-ad1c-7fd6be7df835,1,1000
4520390187,2025-07-11T02:53:38,601,9739.12,QUOTATION,56ae9e46-c0b2-46ca-b51d-5686e00ce4a6,1,3000
4592308229,2025-07-24T23:19:48,676,751.17,QUOTATION,15ddc72a-7103-4a88-a951-49c5aa75affd,4,3000
4594669220,2025-09-05T22:37:16,463,7603.38,WAITING,3c65561d-5119-4985-87e7-48965fe9f62c,3,4000
4549512097,2025-09-08T01:32:11,39,8098.74,QUOTATION,b6bbc970-46d2-4ff4-9c52-80f378cfe8ea,2,3000
4569362673,2025-11-22T08:17:30,632,6852.18,REJECTED,fcc9df1e-2761-4b55-8f60-015b21066d78,1,2000
4512725499,2025-09-19T03:23:58,157,2471.92,APPROVED,3c65561d-5119-4985-87e7-48965fe9f62c,3,1000
4580998606,2025-10-27T15:41:10,794,9750.55,APPROVED,74d238f7-61d4-41c6-9d51-b05f2eddcb36,2,1000
4594080753,2025-11-16T06:52:18,145,1077.77,WAITING,2c6e3cb9-21cb-4de6-ae38-f117a3cbdfe2,4,4000
4586184033,2025-08-18T12:03:01,208,8820.28,REJECTED,5257f4f1-580e-4eb3-89f9-6cae458e4509,1,2000
4574702604,2025-06-13T15:31:16,763,2850.61,WAITING,41f3b33b-8871-42fd-90d5-1d1d9f2d5aed,3,2000
4508944050,2025-07-02T16:02:33,751,6577.38,WAITING,71b893be-0a75-41a7-9a52-bcdb771cc5ec,3,1000
4510710958,2025-06-04T18:49:36,575,8532.1,APPROVED,110f8801-eea1-420d-98e6-dd439569747b,5,4000
4597865165,2025-10-15T07:25:50,648,3620.3,WAITING,01bb5e4b-33d3-4db2-85a2-499f5c9e31b4,3,1000
4573624343,2025-08-01T11:29:46,655,9642.53,QUOTATION,8ca5ca23-a910-469b-aec1-73bd31d74ba2,3,2000
4564184669,2025-07-06T21:12:41,605,3424.56,QUOTATION,8ca5ca23-a910-469b-aec1-73bd31d74ba2,4,3000
4561484037,2025-11-19T08:54:53,543,6727.41,APPROVED,68681084-7b12-4fd9-9704-7da3802cb451,2,2000
4567815655,2025-10-16T17:02:01,867,1115.07,QUOTATION,ba3d4978-80db-4a12-9f06-e4c698936184,5,4000
4551273202,2025-11-02T14:12:05,680,8366.92,REJECTED,37bf8863-0046-49cb-a72c-f7e41661214b,5,2000
4520678190,2025-11-03T13:13:11,464,2459.99,REJECTED,6cc3c3b9-23fa-4969-8791-af89dedc62c9,4,1000
4525915528,2025-11-09T05:27:13,902,536.54,APPROVED,134244b2-90f7-4d62-8488-d71e29828266,5,3000
4523269157,2025-08-07T04:26:22,964,7689.85,REJECTED,975480d4-8c15-44ba-8c55-a9938bdaa2c4,3,4000
4585126620,2025-07-27T07:23:28,328,76.09,QUOTATION,28d388a1-0e70-41d0-a8a1-abb9e3263b7b,3,4000
4538982474,2025-09-16T09:07:42,413,6363.58,APPROVED,dbce3e63-1a5c-4595-a1f9-d09c3d978567,2,1000
4578935354,2025-07-18T14:29:25,228,5978.28,APPROVED,384bae62-8ba8-4cac-b8ad-3df4e68bcafa,2,2000
4591385640,2025-10-07T04:22:28,48,4546.5,WAITING,77b34563-244c-46da-b014-af1a9c7fa9e4,5,1000
4505897330,2025-11-22T04:37:28,469,393.38,QUOTATION,bcebc30c-15e5-48e2-9c32-c86d886f82a0,3,3000
4584344050,2025-10-01T17:41:24,596,9282.27,QUOTATION,a1a6e723-19c6-46fd-a584-917efe27f127,1,3000
4576724057,2025-07-27T04:34:27,736,6818.42,QUOTATION,9c7454a7-b80c-4d19-b841-4c0343b75add,3,1000
4596407986,2025-10-11T02:26:31,78,1882.08,REJECTED,05767575-2944-4457-9aa7-06e1dae2ae25,5,2000
4554207919,2025-11-03T06:36:07,809,2953.08,REJECTED,daffc87a-fdb5-424e-9155-782c6cd1b731,5,3000
4587227942,2025-10-18T12:22:54,931,8184.53,QUOTATION,84aadcf6-499b-4416-9a35-3e546eb39a5c,3,4000
4590916651,2025-09-20T21:43:09,88,7737.21,REJECTED,0c328cd6-def4-4097-8b5d-ef9b4362cfd3,3,4000
4503715657,2025-11-22T00:09:17,821,4180.08,WAITING,dbce3e63-1a5c-4595-a1f9-d09c3d978567,2,1000
4564975177,2025-10-08T22:29:05,169,978.01,WAITING,cea90057-5542-4a9f-8ad8-2fa263b39b7b,3,1000
4592803272,2025-07-24T20:29:48,801,6222.49,APPROVED,daffc87a-fdb5-424e-9155-782c6cd1b731,2,2000
4559026905,2025-10-04T04:17:38,615,8716.05,WAITING,84aadcf6-499b-4416-9a35-3e546eb39a5c,1,4000
4511633401,2025-07-14T21:17:43,122,2452.12,APPROVED,9c7454a7-b80c-4d19-b841-4c0343b75add,3,4000
4584423054,2025-07-01T04:58:02,922,4081.39,WAITING,4a2d279e-2495-496f-80d9-bc5a45e3b6b4,5,2000
4528097691,2025-10-01T00:40:29,966,2571.1,APPROVED,8ca5ca23-a910-469b-aec1-73bd31d74ba2,2,4000
4564114512,2025-06-11T13:22:02,397,7914.21,APPROVED,eb8e5632-45d0-47e9-bcc0-ee76bf030643,2,4000
4527690374,2025-09-05T02:21:19,123,5132.45,WAITING,4a2d279e-2495-496f-80d9-bc5a45e3b6b4,5,1000
4583026889,2025-06-06T08:54:19,276,2216.51,WAITING,ba3d4978-80db-4a12-9f06-e4c698936184,4,3000
4579405397,2025-06-05T02:12:52,87,1810.66,APPROVED,01bb5e4b-33d3-4db2-85a2-499f5c9e31b4,4,1000
4539876266,2025-06-09T09:06:32,601,7731.82,WAITING,15ddc72a-7103-4a88-a951-49c5aa75affd,5,3000
4550728447,2025-09-12T10:34:09,895,8099.04,WAITING,62117371-6664-4e90-9e4c-e3939789c81a,4,3000
4529061465,2025-11-05T06:51:20,590,4847.28,REJECTED,b6bbc970-46d2-4ff4-9c52-80f378cfe8ea,1,2000
4561619100,2025-10-18T23:47:20,836,4947.5,WAITING,daffc87a-fdb5-424e-9155-782c6cd1b731,4,4000
4557678174,2025-11-13T13:30:09,516,8750.06,REJECTED,a9da22e7-f42f-4428-9083-96395b7a7e9a,5,4000
4571484472,2025-11-02T05:58:50,849,8313.51,APPROVED,b0154cbb-c693-4062-88b9-a8acf4402b56,2,2000
4567585579,2025-10-08T05:46:39,449,9101.68,REJECTED,9fc109ea-2585-4c23-9329-2ccda2d964eb,1,2000
4500532935,2025-06-24T13:12:17,318,6715.12,APPROVED,a4926703-442b-4179-808a-04de7d4e1015,5,2000
4513728792,2025-10-13T06:33:37,753,3888.78,QUOTATION,ce1eeb99-74a8-4547-b95c-345102c07d21,1,3000
4562714524,2025-10-15T22:51:13,841,8184.62,APPROVED,134244b2-90f7-4d62-8488-d71e29828266,1,1000
4577586854,2025-10-20T23:26:01,15,305.23,APPROVED,d5b6a98e-464a-4e85-ad1c-7fd6be7df835,5,2000
4545947713,2025-07-04T03:47:29,960,4293.23,REJECTED,6c55f239-a4f0-4edd-afe8-02d129db9eda,1,1000
4509584769,2025-08-13T14:57:42,326,6054.49,APPROVED,9c7454a7-b80c-4d19-b841-4c0343b75add,1,2000
4524823224,2025-06-24T00:51:49,496,2244.06,WAITING,0c328cd6-def4-4097-8b5d-ef9b4362cfd3,3,4000
4555392036,2025-09-18T02:07:20,383,691.54,WAITING,8ca5ca23-a910-469b-aec1-73bd31d74ba2,2,2000
4527824695,2025-09-15T16:05:34,451,6207.16,WAITING,a1ad3c2b-45ca-491c-8ef2-a64af7d19e43,5,3000
4531493559,2025-07-10T09:29:27,623,4611.24,WAITING,74d238f7-61d4-41c6-9d51-b05f2eddcb36,3,1000
4542219962,2025-08-20T10:22:39,919,2379.37,WAITING,834a14f7-cbd7-4220-9587-cd61c93c8253,2,2000
4570536787,2025-08-05T11:26:57,401,7644.34,QUOTATION,68681084-7b12-4fd9-9704-7da3802cb451,2,4000
4591989555,2025-07-25T00:36:27,119,8862.94,APPROVED,68681084-7b12-4fd9-9704-7da3802cb451,3,1000
4521206745,2025-10-12T22:37:44,683,9080.02,APPROVED,110f8801-eea1-420d-98e6-dd439569747b,5,3000
4584927833,2025-08-15T23:06:05,340,6716.15,REJECTED,791660af-f0db-4fbd-a3a4-86bd38182556,5,1000
4595808861,2025-10-12T05:35:05,1000,4139.18,REJECTED,9c7454a7-b80c-4d19-b841-4c0343b75add,3,2000
4545173365,2025-06-21T14:34:43,94,2239.09,WAITING,ce1eeb99-74a8-4547-b95c-345102c07d21,4,3000
4597189228,2025-07-21T06:00:36,125,8650.23,REJECTED,fcc9df1e-2761-4b55-8f60-015b21066d78,4,2000
4504444800,2025-06-15T10:02:12,573,8117.3,REJECTED,834a14f7-cbd7-4220-9587-cd61c93c8253,3,2000
4502996619,2025-06-21T10:49:32,638,2929.61,WAITING,2ab670e8-49e3-4a95-9871-d937f77b5927,3,3000
4534027523,2025-07-26T05:56:18,788,1020.03,QUOTATION,f6979cad-3c89-4280-985d-d7f07aaa8c2b,2,2000
4562968550,2025-11-28T15:26:42,273,2624.65,REJECTED,3f3292d8-3056-42da-9ec5-d080c252a223,2,2000
4546945774,2025-06-06T05:47:52,638,3847.2,APPROVED,12a301b9-4c71-4181-a853-d29be7b6bd18,1,2000
4579500401,2025-06-25T12:20:50,944,2611.97,REJECTED,84aadcf6-499b-4416-9a35-3e546eb39a5c,4,4000
4539768934,2025-09-20T17:08:45,120,9692.73,WAITING,9fc109ea-2585-4c23-9329-2ccda2d964eb,5,4000
4531950733,2025-08-12T18:21:28,775,6449.96,APPROVED,b577718c-a2a9-4f8a-a41c-7cac0d102aab,3,1000
4596208418,2025-08-20T18:42:53,524,1446.92,REJECTED,51991c98-a328-457f-a862-0962b2d30ddc,2,4000
4563647501,2025-11-15T22:49:10,68,7064.81,WAITING,fe53d2be-049c-47fa-871a-c4a8b1a10e40,1,1000
4501014767,2025-07-18T03:18:52,5,330.46,WAITING,ea38b7e1-b488-4873-ab04-3066d219b434,5,2000
4557616836,2025-06-14T12:14:28,498,6164.9,REJECTED,5257f4f1-580e-4eb3-89f9-6cae458e4509,3,3000
4593896469,2025-10-20T16:15:26,929,7761.99,QUOTATION,82ebf1b0-6982-4deb-ac51-c7a6d0a68c5d,4,3000
4583912392,2025-11-08T20:43:32,469,8476.45,APPROVED,68681084-7b12-4fd9-9704-7da3802cb451,1,3000
4582983287,2025-09-21T13:51:25,870,1068.23,APPROVED,31ac60a6-1bc1-442c-ae10-4a420f770538,2,3000
4560087791,2025-07-25T15:02:29,325,5256.57,REJECTED,9a109dc4-7be3-4aec-94bb-ede38f79ae14,3,1000
4530054623,2025-08-14T13:40:56,942,6916.64,QUOTATION,32149af9-a4f0-4e80-a73d-490a9faef06f,3,4000
4538142133,2025-07-20T01:19:01,5,2494.52,APPROVED,ba3d4978-80db-4a12-9f06-e4c698936184,5,2000
4581397082,2025-10-15T03:26:50,876,4622.27,REJECTED,73df3d25-bcec-47a6-8d66-6b628e81ed2d,2,1000
4540540038,2025-07-10T22:54:12,342,3205.08,APPROVED,77b34563-244c-46da-b014-af1a9c7fa9e4,1,3000
4566188099,2025-08-24T04:26:53,448,710.83,WAITING,0e752cfe-75ff-427d-8214-57710b509b33,2,3000
4541896934,2025-08-04T11:05:47,447,6169.93,REJECTED,51991c98-a328-457f-a862-0962b2d30ddc,4,2000
4573940922,2025-10-11T10:01:20,428,9410.53,WAITING,12a301b9-4c71-4181-a853-d29be7b6bd18,2,1000
4592473817,2025-09-12T18:04:31,758,4257.39,WAITING,ba3d4978-80db-4a12-9f06-e4c698936184,5,1000
4599550616,2025-08-25T15:15:15,614,9539.83,REJECTED,d5b6a98e-464a-4e85-ad1c-7fd6be7df835,2,4000
4528934073,2025-07-27T11:56:00,811,5393.04,QUOTATION,dbce3e63-1a5c-4595-a1f9-d09c3d978567,2,2000
4514944666,2025-09-05T13:42:29,909,3508.24,REJECTED,c40f8a37-9024-4fcd-80a6-7917301ba6bd,1,1000
4545371489,2025-08-15T09:00:17,458,1622.42,QUOTATION,3ee51816-f540-45e6-8401-474c5df84e78,4,3000
4523705251,2025-07-14T23:01:24,244,9952.55,WAITING,3d3527a9-4ef5-45d5-83c2-4178789f9921,4,3000
4560569860,2025-10-11T04:32:48,724,5968.34,QUOTATION,4029508a-afa4-4faf-b175-4bb65b8a4dbb,1,1000
4572614485,2025-06-18T02:35:58,408,3404.05,REJECTED,71b893be-0a75-41a7-9a52-bcdb771cc5ec,5,3000
4500510053,2025-10-27T01:38:18,453,5364.64,WAITING,a1ad3c2b-45ca-491c-8ef2-a64af7d19e43,2,2000
4545790985,2025-10-04T21:30:03,563,4435.06,QUOTATION,9fc109ea-2585-4c23-9329-2ccda2d964eb,1,2000
4587694075,2025-10-21T16:05:51,278,9190.0,QUOTATION,b020551c-5fe7-45ea-881a-6fa78332362d,3,1000
4503601566,2025-10-04T14:23:01,781,5253.92,APPROVED,611eefb3-ef38-4a2e-831a-15aff1dde8f8,3,4000
4501401022,2025-06-04T20:47:57,472,9627.13,REJECTED,0b319577-4ab0-4684-b112-b27aad212cb1,5,3000
4597106022,2025-09-15T22:15:40,529,6624.68,REJECTED,8df0c99e-2745-44ae-94ee-ad79cb114fdb,4,1000
4524976492,2025-10-07T11:22:23,499,5867.14,QUOTATION,00a417fb-f2b9-4bb8-90c0-0787c3f2e3c7,2,2000
4505970684,2025-10-10T07:10:06,90,3728.12,QUOTATION,4a2d279e-2495-496f-80d9-bc5a45e3b6b4,2,3000
4558811010,2025-09-05T02:37:01,224,4613.41,APPROVED,9ec93c76-9578-4947-a5ca-def516b026cb,5,4000
4514262855,2025-11-26T17:04:05,35,5301.5,APPROVED,e7ba4d18-37bf-472c-9d3a-7756c21a55c9,3,1000
4596615787,2025-11-21T07:34:35,15,786.36,APPROVED,0b319577-4ab0-4684-b112-b27aad212cb1,4,1000
4585094876,2025-09-03T03:14:00,749,3130.1,REJECTED,0a58bce2-1697-4c89-b568-ae280f33f982,3,3000
4575850909,2025-06-04T09:17:55,536,5023.22,REJECTED,6cc3c3b9-23fa-4969-8791-af89dedc62c9,3,2000
4549103746,2025-06-13T19:18:07,938,2482.36,REJECTED,bcebc30c-15e5-48e2-9c32-c86d886f82a0,3,1000
4523730924,2025-09-24T01:43:09,127,4837.53,APPROVED,0a58bce2-1697-4c89-b568-ae280f33f982,1,2000
4521309353,2025-06-28T01:31:17,219,7823.61,REJECTED,fe53d2be-049c-47fa-871a-c4a8b1a10e40,4,1000
4575119799,2025-10-19T06:34:51,121,1005.94,APPROVED,651e8d5b-8636-4635-a934-6f9427d506b8,3,2000
4594264987,2025-10-25T07:59:00,550,7795.63,WAITING,bf599d91-442c-4e09-b5ae-b9f08a417d11,2,4000
4570689491,2025-08-21T05:52:50,865,6300.83,REJECTED,791660af-f0db-4fbd-a3a4-86bd38182556,2,2000
4580092641,2025-09-17T02:24:15,901,7240.44,QUOTATION,a1ad3c2b-45ca-491c-8ef2-a64af7d19e43,5,2000
4503271630,2025-09-23T07:49:48,428,9345.82,QUOTATION,bcebc30c-15e5-48e2-9c32-c86d886f82a0,3,2000
4582941824,2025-06-16T00:09:12,146,9257.76,QUOTATION,e069016d-d217-4fbc-b438-1e8790b731fb,4,4000
4511220230,2025-10-03T16:12:35,441,9241.59,APPROVED,b6bbc970-46d2-4ff4-9c52-80f378cfe8ea,2,2000
4595700487,2025-09-28T00:16:15,800,2083.1,REJECTED,2c7b9d8a-6b92-4a21-a03e-024e434a203d,5,1000
4580531118,2025-06-08T20:10:31,213,6093.42,WAITING,daffc87a-fdb5-424e-9155-782c6cd1b731,3,1000
4510974365,2025-11-09T20:43:44,28,3355.03,QUOTATION,51991c98-a328-457f-a862-0962b2d30ddc,3,2000
4502662260,2025-11-24T14:11:48,162,6354.87,WAITING,ba5b8587-5d45-44ac-9e4e-16cb4b3afecc,3,4000
4508385657,2025-11-17T03:08:02,243,8904.05,APPROVED,41e46c83-90d4-4836-a022-b900a018b3fa,2,3000
4561431950,2025-10-18T17:48:49,634,1304.57,REJECTED,0b319577-4ab0-4684-b112-b27aad212cb1,5,3000
4565856101,2025-09-07T19:51:40,653,191.72,APPROVED,f6979cad-3c89-4280-985d-d7f07aaa8c2b,5,1000
4502987699,2025-07-09T20:37:48,855,2206.28,REJECTED,8ca5ca23-a910-469b-aec1-73bd31d74ba2,5,3000
4550418953,2025-10-22T22:51:57,952,4017.31,REJECTED,f6979cad-3c89-4280-985d-d7f07aaa8c2b,4,3000
4508268063,2025-11-18T21:17:52,306,5185.88,WAITING,a1ad3c2b-45ca-491c-8ef2-a64af7d19e43,1,1000
4577278968,2025-10-01T14:08:32,343,4073.91,QUOTATION,15ddc72a-7103-4a88-a951-49c5aa75affd,5,4000
4503692601,2025-09-10T21:27:14,904,5285.76,REJECTED,12a301b9-4c71-4181-a853-d29be7b6bd18,4,3000
4577970565,2025-09-05T09:45:59,594,8421.36,QUOTATION,134244b2-90f7-4d62-8488-d71e29828266,4,4000
4511156577,2025-11-23T23:35:10,670,9500.11,QUOTATION,3c65561d-5119-4985-87e7-48965fe9f62c,5,1000
4511782623,2025-09-23T02:06:47,574,3775.79,REJECTED,2c6e3cb9-21cb-4de6-ae38-f117a3cbdfe2,4,3000
4525945330,2025-10-11T21:26:28,614,7797.32,REJECTED,ba3d4978-80db-4a12-9f06-e4c698936184,5,4000
4584285700,2025-08-01T20:34:42,1000,7390.72,WAITING,0439439c-8945-42c4-b079-5340d85df97c,1,1000
4530898684,2025-10-09T11:39:35,854,7008.27,APPROVED,de541e55-b7b6-404a-8ce0-a6f1ea925750,3,2000
4586032613,2025-06-08T20:32:46,250,4634.67,APPROVED,0c328cd6-def4-4097-8b5d-ef9b4362cfd3,2,1000
4506726016,2025-06-19T11:23:44,281,6644.1,APPROVED,de541e55-b7b6-404a-8ce0-a6f1ea925750,5,2000
4513173564,2025-10-11T06:15:48,376,8752.56,REJECTED,d4dbba0a-2b26-4233-9017-bb25b2e860f3,1,4000
4593667894,2025-09-23T14:32:15,40,7264.69,REJECTED,bf599d91-442c-4e09-b5ae-b9f08a417d11,1,3000
4589336161,2025-11-20T04:58:18,432,3184.67,APPROVED,41f3b33b-8871-42fd-90d5-1d1d9f2d5aed,1,3000
4521262032,2025-08-27T01:24:55,558,2415.46,APPROVED,5c250769-58e7-4a67-92b8-05566aab2cd0,5,3000
4595219522,2025-11-18T01:47:44,889,4659.76,WAITING,5c250769-58e7-4a67-92b8-05566aab2cd0,3,1000
4549965372,2025-11-06T22:54:26,84,7073.66,WAITING,62117371-6664-4e90-9e4c-e3939789c81a,1,2000
4529453204,2025-07-23T17:09:11,476,7146.51,APPROVED,41e46c83-90d4-4836-a022-b900a018b3fa,1,3000
4530048427,2025-10-13T08:13:06,985,6276.56,QUOTATION,0a58bce2-1697-4c89-b568-ae280f33f982,5,4000
4553636225,2025-11-07T20:59:20,787,1149.52,QUOTATION,915bda23-d2b3-4bab-9d3b-0b701beb76fa,4,2000
4569905734,2025-08-13T11:10:45,483,7098.93,APPROVED,d0d94739-009d-44aa-ae3d-8c35a65083c5,4,4000
4504524343,2025-07-06T13:03:30,713,2909.24,WAITING,daffc87a-fdb5-424e-9155-782c6cd1b731,4,3000
4529829350,2025-07-01T09:20:32,320,7696.46,APPROVED,41f3b33b-8871-42fd-90d5-1d1d9f2d5aed,3,3000
4521390629,2025-08-24T15:16:40,405,836.61,QUOTATION,2c7b9d8a-6b92-4a21-a03e-024e434a203d,2,3000
4573443181,2025-06-02T13:41:40,304,5697.26,REJECTED,76fa0c16-dc3a-4a9b-b914-de6a0097f3dc,1,1000
4539521140,2025-06-08T03:22:56,401,1144.69,APPROVED,74d238f7-61d4-41c6-9d51-b05f2eddcb36,1,1000
4503911507,2025-09-01T16:05:32,378,6346.62,QUOTATION,68681084-7b12-4fd9-9704-7da3802cb451,5,1000
4521875797,2025-06-07T08:47:28,37,5195.15,QUOTATION,ea38b7e1-b488-4873-ab04-3066d219b434,1,3000
4532521769,2025-09-23T14:52:08,819,5563.83,QUOTATION,3ee51816-f540-45e6-8401-474c5df84e78,2,3000
4553047830,2025-07-27T15:33:57,973,6728.57,QUOTATION,9567383e-1921-4683-803b-509faa2bc9d5,2,3000
4529344078,2025-06-04T22:36:42,332,5816.37,QUOTATION,3d3527a9-4ef5-45d5-83c2-4178789f9921,1,2000
4514966492,2025-06-17T08:08:31,850,7874.5,WAITING,2c6e3cb9-21cb-4de6-ae38-f117a3cbdfe2,5,4000
4525800905,2025-06-20T05:34:48,775,679.41,QUOTATION,915bda23-d2b3-4bab-9d3b-0b701beb76fa,5,1000
4556195790,2025-09-11T15:10:02,618,2239.63,QUOTATION,384bae62-8ba8-4cac-b8ad-3df4e68bcafa,3,3000
4582929461,2025-10-08T02:54:29,535,7115.63,REJECTED,b020551c-5fe7-45ea-881a-6fa78332362d,4,2000
4523923502,2025-11-01T00:07:15,767,2600.1,WAITING,0f7e95f4-4fb9-4987-a1e1-5264880e721e,1,1000
4511367739,2025-08-07T05:31:56,28,6648.36,APPROVED,84aadcf6-499b-4416-9a35-3e546eb39a5c,2,1000
4526383121,2025-11-04T21:23:56,245,6775.89,APPROVED,daffc87a-fdb5-424e-9155-782c6cd1b731,4,1000
4520103202,2025-06-15T06:44:18,326,9191.45,WAITING,9c7454a7-b80c-4d19-b841-4c0343b75add,3,1000
4513605422,2025-09-20T06:07:19,194,504.79,WAITING,408c4fe5-9066-4997-8f1c-ad8daae4b1f6,5,1000
4507205649,2025-11-03T19:08:28,876,9756.7,APPROVED,76fa0c16-dc3a-4a9b-b914-de6a0097f3dc,4,4000
4587080735,2025-10-06T17:52:17,824,863.13,APPROVED,e7ba4d18-37bf-472c-9d3a-7756c21a55c9,3,2000
4579333402,2025-09-25T16:15:42,547,3341.84,APPROVED,41f3b33b-8871-42fd-90d5-1d1d9f2d5aed,4,3000
4591211072,2025-08-27T22:38:14,433,9029.88,QUOTATION,73df3d25-bcec-47a6-8d66-6b628e81ed2d,1,4000
4502607261,2025-11-17T11:53:19,835,2931.45,APPROVED,05767575-2944-4457-9aa7-06e1dae2ae25,4,2000
4574292511,2025-11-22T15:26:21,630,5435.43,REJECTED,51991c98-a328-457f-a862-0962b2d30ddc,1,1000
4538373883,2025-07-28T21:27:34,578,4641.93,WAITING,4029508a-afa4-4faf-b175-4bb65b8a4dbb,3,2000
4503647241,2025-11-24T20:51:50,933,9617.01,QUOTATION,74d238f7-61d4-41c6-9d51-b05f2eddcb36,2,2000
4598321090,2025-09-02T19:08:17,220,7716.41,WAITING,fffeaf8f-4b6b-4357-a309-89f4769c36da,1,4000
4516686045,2025-11-10T20:03:58,441,7674.44,REJECTED,4029508a-afa4-4faf-b175-4bb65b8a4dbb,4,3000
4586072642,2025-11-24T15:32:16,537,6321.92,QUOTATION,4029508a-afa4-4faf-b175-4bb65b8a4dbb,3,1000
4580702783,2025-08-11T03:51:08,378,1009.65,REJECTED,cea90057-5542-4a9f-8ad8-2fa263b39b7b,3,2000
4587156179,2025-11-23T16:38:31,245,8631.13,QUOTATION,bcebc30c-15e5-48e2-9c32-c86d886f82a0,4,2000
4550663784,2025-06-20T10:14:56,746,7130.57,WAITING,73df3d25-bcec-47a6-8d66-6b628e81ed2d,3,4000
4514232256,2025-08-22T18:34:29,94,672.43,QUOTATION,b577718c-a2a9-4f8a-a41c-7cac0d102aab,1,3000
4545736283,2025-09-01T11:24:36,145,6500.41,REJECTED,9fc109ea-2585-4c23-9329-2ccda2d964eb,4,4000
4573413188,2025-10-04T05:42:07,441,4538.59,QUOTATION,b577718c-a2a9-4f8a-a41c-7cac0d102aab,3,2000
4566591560,2025-10-14T17:11:23,462,8101.56,QUOTATION,41f3b33b-8871-42fd-90d5-1d1d9f2d5aed,4,3000
4589317710,2025-09-25T20:13:54,913,3048.94,WAITING,8ca5ca23-a910-469b-aec1-73bd31d74ba2,1,4000
4524282274,2025-08-19T22:49:45,851,8072.12,REJECTED,05767575-2944-4457-9aa7-06e1dae2ae25,1,3000
4519119539,2025-10-13T01:35:09,149,7434.63,WAITING,b0154cbb-c693-4062-88b9-a8acf4402b56,5,3000
4502043452,2025-07-10T15:53:47,143,6217.56,QUOTATION,8df0c99e-2745-44ae-94ee-ad79cb114fdb,1,2000
4526932155,2025-06-21T08:21:35,438,9508.43,REJECTED,51991c98-a328-457f-a862-0962b2d30ddc,4,1000
4532174757,2025-11-23T11:00:14,910,3602.82,REJECTED,834a14f7-cbd7-4220-9587-cd61c93c8253,4,1000
4544062711,2025-11-23T16:35:49,336,4882.64,WAITING,4a5df305-6d85-4b5a-81ca-b2a776017f8f,4,4000
4575723043,2025-08-24T20:36:57,159,6772.14,REJECTED,73df3d25-bcec-47a6-8d66-6b628e81ed2d,2,1000
4543086352,2025-06-16T23:13:26,354,753.1,APPROVED,41f3b33b-8871-42fd-90d5-1d1d9f2d5aed,3,2000
4591220142,2025-08-17T20:10:22,926,663.57,REJECTED,17dffc12-ac1a-44ed-ad09-3c824851c624,5,1000
4578762043,2025-07-27T12:01:06,885,4486.52,APPROVED,ce1eeb99-74a8-4547-b95c-345102c07d21,1,1000
4527625578,2025-08-11T13:00:15,825,2793.34,APPROVED,0439439c-8945-42c4-b079-5340d85df97c,4,2000
4533850991,2025-09-08T07:13:29,320,6731.9,WAITING,d0d94739-009d-44aa-ae3d-8c35a65083c5,2,1000
4586024408,2025-07-28T00:35:20,318,1856.45,APPROVED,84aadcf6-499b-4416-9a35-3e546eb39a5c,1,3000
4533056758,2025-07-18T19:07:20,518,7818.79,APPROVED,651e8d5b-8636-4635-a934-6f9427d506b8,5,1000
4575727469,2025-09-19T10:59:45,96,1697.33,APPROVED,0a58bce2-1697-4c89-b568-ae280f33f982,1,1000
4594908723,2025-06-01T04:19:01,31,5363.22,WAITING,9a109dc4-7be3-4aec-94bb-ede38f79ae14,3,4000
4538398565,2025-08-28T08:05:37,736,7131.68,REJECTED,84aadcf6-499b-4416-9a35-3e546eb39a5c,1,4000
4593179382,2025-08-09T08:07:50,350,2902.41,REJECTED,77b34563-244c-46da-b014-af1a9c7fa9e4,3,2000
4567524475,2025-10-22T03:35:16,515,8156.28,QUOTATION,9567383e-1921-4683-803b-509faa2bc9d5,5,3000
4522679798,2025-08-28T22:20:10,238,8403.63,APPROVED,77b34563-244c-46da-b014-af1a9c7fa9e4,4,3000
4520494649,2025-07-23T12:55:42,706,1192.6,REJECTED,b020551c-5fe7-45ea-881a-6fa78332362d,5,4000
4546644945,2025-08-16T12:04:08,897,7675.9,REJECTED,4a5df305-6d85-4b5a-81ca-b2a776017f8f,5,4000
4563152653,2025-08-28T15:33:53,358,6648.18,REJECTED,bcebc30c-15e5-48e2-9c32-c86d886f82a0,2,1000
4578785337,2025-07-03T11:00:00,518,8356.73,QUOTATION,05767575-2944-4457-9aa7-06e1dae2ae25,3,2000
4511036954,2025-07-05T06:07:56,790,7327.09,QUOTATION,b020551c-5fe7-45ea-881a-6fa78332362d,1,4000
4510469264,2025-11-28T22:18:55,796,648.58,APPROVED,fffeaf8f-4b6b-4357-a309-89f4769c36da,4,3000
4511158711,2025-10-11T22:23:26,903,5340.33,APPROVED,0b319577-4ab0-4684-b112-b27aad212cb1,1,3000
4599827340,2025-07-10T19:14:53,589,638.52,REJECTED,ba5b8587-5d45-44ac-9e4e-16cb4b3afecc,1,1000
4534622386,2025-07-20T18:27:07,239,1772.09,REJECTED,915bda23-d2b3-4bab-9d3b-0b701beb76fa,1,4000
4522954035,2025-11-21T03:40:55,25,3876.13,WAITING,ce1eeb99-74a8-4547-b95c-345102c07d21,4,2000
4518344967,2025-06-16T20:31:57,346,8569.5,REJECTED,74d238f7-61d4-41c6-9d51-b05f2eddcb36,2,3000
4528376517,2025-09-12T23:29:19,524,733.55,APPROVED,d4dbba0a-2b26-4233-9017-bb25b2e860f3,2,3000
4511916698,2025-08-22T22:05:33,592,2706.25,REJECTED,0a58bce2-1697-4c89-b568-ae280f33f982,2,4000
4500340735,2025-08-11T23:45:06,227,3656.67,APPROVED,611eefb3-ef38-4a2e-831a-15aff1dde8f8,4,1000
4591869717,2025-08-08T12:30:42,369,8611.07,APPROVED,73df3d25-bcec-47a6-8d66-6b628e81ed2d,1,3000
4572996266,2025-10-08T02:10:50,673,6915.27,REJECTED,5257f4f1-580e-4eb3-89f9-6cae458e4509,2,4000
4585750257,2025-11-11T23:35:09,349,252.8,QUOTATION,73df3d25-bcec-47a6-8d66-6b628e81ed2d,4,1000
4510492968,2025-10-08T13:23:43,361,8758.28,WAITING,a4926703-442b-4179-808a-04de7d4e1015,2,3000
4550551678,2025-10-13T08:47:48,192,4663.67,APPROVED,2cf52c48-a37c-4244-a030-3fe16c443ecd,1,1000
4501832383,2025-10-08T14:17:11,336,1006.73,APPROVED,b6bbc970-46d2-4ff4-9c52-80f378cfe8ea,1,3000
4533208940,2025-11-21T20:43:45,247,964.71,WAITING,cf11fe2a-443a-44e9-96b0-e6b91ddfa87d,1,2000
4575499402,2025-09-27T14:43:45,189,7035.97,REJECTED,cf11fe2a-443a-44e9-96b0-e6b91ddfa87d,2,1000
4599936952,2025-08-05T06:19:28,843,3974.59,APPROVED,00a417fb-f2b9-4bb8-90c0-0787c3f2e3c7,2,3000
4558485407,2025-11-02T18:43:48,870,9921.04,APPROVED,0439439c-8945-42c4-b079-5340d85df97c,4,1000
4598391499,2025-08-18T07:26:25,170,1729.72,WAITING,aa51a37d-2867-459b-8885-b5c8b161616a,1,2000
4555343041,2025-06-17T17:49:14,386,3663.7,QUOTATION,0f7e95f4-4fb9-4987-a1e1-5264880e721e,5,1000
4542922913,2025-10-10T10:31:06,176,7416.33,WAITING,e7ba4d18-37bf-472c-9d3a-7756c21a55c9,4,4000
4522224221,2025-10-15T00:59:30,878,3466.08,QUOTATION,0f7e95f4-4fb9-4987-a1e1-5264880e721e,2,4000
4540236454,2025-08-20T20:55:21,390,9512.55,REJECTED,12a301b9-4c71-4181-a853-d29be7b6bd18,2,4000
4591265140,2025-09-03T17:07:16,372,7152.16,APPROVED,9fc109ea-2585-4c23-9329-2ccda2d964eb,1,2000
4568063019,2025-09-19T18:01:02,314,2470.49,WAITING,cf11fe2a-443a-44e9-96b0-e6b91ddfa87d,5,3000
4530362823,2025-08-01T12:06:14,605,5543.67,REJECTED,2ab670e8-49e3-4a95-9871-d937f77b5927,2,1000
4522237326,2025-08-21T15:11:03,457,5332.25,REJECTED,05767575-2944-4457-9aa7-06e1dae2ae25,1,1000
4502808378,2025-10-03T21:03:14,286,1108.41,QUOTATION,28d388a1-0e70-41d0-a8a1-abb9e3263b7b,2,4000
4548100613,2025-09-04T23:16:53,51,9732.18,REJECTED,28d388a1-0e70-41d0-a8a1-abb9e3263b7b,5,4000
4554112391,2025-08-06T05:36:59,78,8464.62,REJECTED,77b34563-244c-46da-b014-af1a9c7fa9e4,2,4000
4581304241,2025-06-27T14:37:16,707,3364.2,WAITING,fcc9df1e-2761-4b55-8f60-015b21066d78,2,2000
4597149728,2025-07-25T17:06:34,572,2317.76,WAITING,f6dd041e-f994-407c-9a1b-2ee8a39b9b25,2,1000
4519168328,2025-09-25T03:59:57,861,3855.73,REJECTED,8df0c99e-2745-44ae-94ee-ad79cb114fdb,5,3000
4577305441,2025-09-06T01:23:06,25,9557.0,REJECTED,8ca5ca23-a910-469b-aec1-73bd31d74ba2,3,4000
4546937743,2025-06-27T17:34:52,98,3190.7,APPROVED,2c6e3cb9-21cb-4de6-ae38-f117a3cbdfe2,4,4000
4593951643,2025-06-01T06:08:39,868,4499.05,WAITING,e069016d-d217-4fbc-b438-1e8790b731fb,4,2000
4567643479,2025-11-02T20:48:05,806,6345.87,REJECTED,9fc109ea-2585-4c23-9329-2ccda2d964eb,2,2000
4513627214,2025-10-03T06:30:11,343,7877.11,QUOTATION,9ec93c76-9578-4947-a5ca-def516b026cb,1,1000
4550465020,2025-07-21T16:32:51,658,6251.81,QUOTATION,2ab670e8-49e3-4a95-9871-d937f77b5927,3,4000
4595056121,2025-08-16T14:53:57,310,8791.3,QUOTATION,9ec93c76-9578-4947-a5ca-def516b026cb,5,4000
4557693577,2025-10-03T19:59:22,435,3124.98,APPROVED,0f7e95f4-4fb9-4987-a1e1-5264880e721e,1,4000
4566815723,2025-07-07T07:38:13,872,5989.07,REJECTED,e069016d-d217-4fbc-b438-1e8790b731fb,1,4000
4574130338,2025-09-19T06:51:54,906,8704.72,WAITING,834a14f7-cbd7-4220-9587-cd61c93c8253,1,3000
4589896717,2025-06-02T16:50:25,302,8690.12,REJECTED,0e752cfe-75ff-427d-8214-57710b509b33,5,4000
4556430378,2025-06-15T08:05:17,622,2864.98,QUOTATION,134244b2-90f7-4d62-8488-d71e29828266,2,2000
4563211832,2025-09-01T13:15:34,701,9293.79,WAITING,8ca5ca23-a910-469b-aec1-73bd31d74ba2,1,3000
4593089471,2025-11-22T19:53:12,121,4292.25,WAITING,e069016d-d217-4fbc-b438-1e8790b731fb,2,4000
4543491614,2025-11-24T04:58:30,582,6500.11,QUOTATION,2cf52c48-a37c-4244-a030-3fe16c443ecd,5,3000
4512500382,2025-08-16T20:54:25,73,6987.17,REJECTED,5c250769-58e7-4a67-92b8-05566aab2cd0,4,2000
4516741508,2025-09-11T00:44:34,903,1178.18,WAITING,daffc87a-fdb5-424e-9155-782c6cd1b731,3,4000
4595093627,2025-08-10T21:28:19,807,7829.99,QUOTATION,6c55f239-a4f0-4edd-afe8-02d129db9eda,3,4000
4566552384,2025-08-20T14:43:21,283,9041.45,QUOTATION,ad64acbd-9045-44ec-9111-f6b3b90cb060,1,3000
4510387962,2025-07-25T11:37:30,769,4512.55,QUOTATION,3ee51816-f540-45e6-8401-474c5df84e78,2,3000
4580810679,2025-06-17T17:58:48,364,1299.28,QUOTATION,8df0c99e-2745-44ae-94ee-ad79cb114fdb,3,4000
4580323662,2025-11-08T22:53:31,182,279.81,QUOTATION,134244b2-90f7-4d62-8488-d71e29828266,3,2000
4581497570,2025-08-07T02:54:56,473,2282.39,APPROVED,110f8801-eea1-420d-98e6-dd439569747b,4,3000
4562009087,2025-10-28T22:16:02,765,5867.72,REJECTED,d5b6a98e-464a-4e85-ad1c-7fd6be7df835,4,3000
4503362989,2025-07-10T09:28:42,302,9819.06,REJECTED,4a2d279e-2495-496f-80d9-bc5a45e3b6b4,5,2000
4523777688,2025-09-13T10:49:19,759,9988.91,QUOTATION,51991c98-a328-457f-a862-0962b2d30ddc,4,2000
4596690953,2025-08-22T06:43:21,57,3877.42,REJECTED,76fa0c16-dc3a-4a9b-b914-de6a0097f3dc,1,2000
4552991216,2025-10-21T18:29:04,327,6929.65,REJECTED,8df0c99e-2745-44ae-94ee-ad79cb114fdb,3,4000
4594623915,2025-06-27T00:25:45,897,3460.31,APPROVED,28d388a1-0e70-41d0-a8a1-abb9e3263b7b,1,4000
4587546410,2025-07-24T13:26:39,843,920.08,QUOTATION,aa51a37d-2867-459b-8885-b5c8b161616a,5,2000
4532434188,2025-08-03T23:45:25,942,3687.36,APPROVED,ba3d4978-80db-4a12-9f06-e4c698936184,4,3000
4528081545,2025-07-10T22:21:57,764,4012.31,APPROVED,37bf8863-0046-49cb-a72c-f7e41661214b,2,1000
4529337965,2025-09-13T04:31:47,569,6881.57,REJECTED,6cc3c3b9-23fa-4969-8791-af89dedc62c9,4,3000
4507090208,2025-09-14T04:26:22,772,8526.72,REJECTED,134244b2-90f7-4d62-8488-d71e29828266,2,4000
4571974551,2025-09-16T06:39:05,687,2480.14,APPROVED,2c7b9d8a-6b92-4a21-a03e-024e434a203d,4,4000
4515712854,2025-08-17T16:51:45,844,8060.38,QUOTATION,b0154cbb-c693-4062-88b9-a8acf4402b56,5,3000
4574150526,2025-10-10T08:53:52,538,4176.6,QUOTATION,a4926703-442b-4179-808a-04de7d4e1015,5,2000
4510652620,2025-11-19T04:08:55,528,7352.89,REJECTED,0a58bce2-1697-4c89-b568-ae280f33f982,1,3000
4532649729,2025-07-17T08:53:16,189,8195.28,REJECTED,c40f8a37-9024-4fcd-80a6-7917301ba6bd,5,1000
4516166953,2025-07-14T22:18:40,964,1746.82,WAITING,9a109dc4-7be3-4aec-94bb-ede38f79ae14,2,4000
4504209518,2025-08-07T15:27:34,959,2238.75,REJECTED,9c7454a7-b80c-4d19-b841-4c0343b75add,4,4000
4572283331,2025-10-28T18:26:28,993,1733.48,REJECTED,2cf52c48-a37c-4244-a030-3fe16c443ecd,2,1000
4556578124,2025-07-11T00:41:44,913,1187.74,WAITING,6cc3c3b9-23fa-4969-8791-af89dedc62c9,4,2000
4539861752,2025-10-17T01:40:56,157,5486.97,WAITING,eb8e5632-45d0-47e9-bcc0-ee76bf030643,3,4000
4512309094,2025-11-25T00:38:37,290,6609.6,REJECTED,fcc9df1e-2761-4b55-8f60-015b21066d78,1,4000
4573297901,2025-10-18T20:26:06,883,3732.77,APPROVED,68681084-7b12-4fd9-9704-7da3802cb451,5,2000
4595215170,2025-06-26T10:40:59,877,6493.62,APPROVED,bcebc30c-15e5-48e2-9c32-c86d886f82a0,4,4000
4588324435,2025-10-12T11:25:14,823,3972.27,APPROVED,41f3b33b-8871-42fd-90d5-1d1d9f2d5aed,2,1000
4521060102,2025-09-16T02:20:50,43,4130.63,APPROVED,28d388a1-0e70-41d0-a8a1-abb9e3263b7b,2,2000
4550011087,2025-06-26T16:08:19,874,1915.66,WAITING,41f3b33b-8871-42fd-90d5-1d1d9f2d5aed,3,4000
4578313412,2025-11-24T06:24:01,679,2082.4,WAITING,611eefb3-ef38-4a2e-831a-15aff1dde8f8,3,4000
4585659164,2025-09-11T21:12:20,643,5313.73,APPROVED,82ebf1b0-6982-4deb-ac51-c7a6d0a68c5d,2,4000
4568666541,2025-10-02T22:20:59,963,8076.33,REJECTED,ad64acbd-9045-44ec-9111-f6b3b90cb060,2,4000
4563359062,2025-09-09T13:58:04,64,7019.47,WAITING,3c65561d-5119-4985-87e7-48965fe9f62c,4,2000
4560530023,2025-07-20T20:00:53,479,6150.65,REJECTED,2c7b9d8a-6b92-4a21-a03e-024e434a203d,1,3000
4558668884,2025-07-13T05:08:53,347,887.59,QUOTATION,00a417fb-f2b9-4bb8-90c0-0787c3f2e3c7,5,3000
4500127676,2025-10-13T11:50:13,934,4664.32,REJECTED,8df0c99e-2745-44ae-94ee-ad79cb114fdb,5,2000
4565341652,2025-08-14T08:46:37,816,4739.54,WAITING,5c250769-58e7-4a67-92b8-05566aab2cd0,5,2000
4558479692,2025-06-19T14:04:29,320,808.31,QUOTATION,17dffc12-ac1a-44ed-ad09-3c824851c624,2,3000
4543749406,2025-11-25T08:02:15,331,8420.74,QUOTATION,15ddc72a-7103-4a88-a951-49c5aa75affd,3,3000
4552631990,2025-06-17T03:33:47,235,1568.55,QUOTATION,611eefb3-ef38-4a2e-831a-15aff1dde8f8,2,4000
4599341237,2025-10-14T20:46:06,691,7400.58,REJECTED,12a301b9-4c71-4181-a853-d29be7b6bd18,3,3000
4546031214,2025-07-14T22:41:34,936,9065.91,REJECTED,a1a6e723-19c6-46fd-a584-917efe27f127,4,3000
4590945974,2025-09-05T23:42:34,351,2769.17,REJECTED,d7da1df8-a4af-4efe-a657-570c6d350470,5,4000
4507682059,2025-07-06T23:35:40,371,5394.1,APPROVED,8df0c99e-2745-44ae-94ee-ad79cb114fdb,4,3000
4505501320,2025-10-21T00:45:50,972,5870.57,QUOTATION,0439439c-8945-42c4-b079-5340d85df97c,3,1000
4507060879,2025-06-28T08:22:34,490,6868.58,REJECTED,9fc109ea-2585-4c23-9329-2ccda2d964eb,4,2000
4588597988,2025-06-26T20:57:33,430,3280.27,REJECTED,2c6e3cb9-21cb-4de6-ae38-f117a3cbdfe2,2,2000
4519314616,2025-07-03T10:23:35,161,1948.4,APPROVED,76fa0c16-dc3a-4a9b-b914-de6a0097f3dc,3,1000
4571703846,2025-08-27T19:29:39,870,4166.43,APPROVED,da731710-48f7-4c02-8dd6-917ff4c62e3b,4,3000
4554592970,2025-09-10T03:28:58,66,6959.01,QUOTATION,ebfe58ef-0dee-41d8-859e-ae2bff66e7fc,1,2000
4554733794,2025-08-03T05:27:44,891,4134.1,WAITING,ebfe58ef-0dee-41d8-859e-ae2bff66e7fc,3,1000
4589226436,2025-06-25T21:33:14,660,5880.97,APPROVED,d0d94739-009d-44aa-ae3d-8c35a65083c5,2,1000
4503356744,2025-11-05T05:46:30,206,5393.69,WAITING,28d388a1-0e70-41d0-a8a1-abb9e3263b7b,5,1000
4508845736,2025-11-07T23:17:09,624,1526.19,APPROVED,bcebc30c-15e5-48e2-9c32-c86d886f82a0,5,1000
4540455753,2025-11-10T19:54:32,370,746.03,APPROVED,76fa0c16-dc3a-4a9b-b914-de6a0097f3dc,1,4000
4500155511,2025-08-05T03:19:24,680,7453.43,QUOTATION,d5b6a98e-464a-4e85-ad1c-7fd6be7df835,4,4000
4549986676,2025-09-28T12:23:21,853,975.32,WAITING,76fa0c16-dc3a-4a9b-b914-de6a0097f3dc,3,2000
4591804247,2025-11-06T23:25:07,6,2064.15,REJECTED,12a301b9-4c71-4181-a853-d29be7b6bd18,4,4000
4536808072,2025-07-24T05:44:25,331,3392.21,REJECTED,975480d4-8c15-44ba-8c55-a9938bdaa2c4,2,1000
4587604564,2025-09-02T22:35:01,898,7674.04,WAITING,00a417fb-f2b9-4bb8-90c0-0787c3f2e3c7,5,4000
4581165972,2025-07-24T06:26:21,512,769.03,APPROVED,76fa0c16-dc3a-4a9b-b914-de6a0097f3dc,4,1000
4566146070,2025-11-16T18:35:54,75,4605.06,REJECTED,651e8d5b-8636-4635-a934-6f9427d506b8,5,1000
4501115261,2025-08-10T03:33:21,381,426.99,REJECTED,110f8801-eea1-420d-98e6-dd439569747b,5,3000
4579750584,2025-09-07T06:54:26,337,1773.23,REJECTED,b020551c-5fe7-45ea-881a-6fa78332362d,3,4000
4592362714,2025-11-09T18:17:48,786,7486.17,WAITING,da731710-48f7-4c02-8dd6-917ff4c62e3b,2,4000
4588274326,2025-06-01T20:56:14,938,429.1,QUOTATION,62117371-6664-4e90-9e4c-e3939789c81a,1,1000
4556636166,2025-08-10T03:43:41,207,7098.07,APPROVED,cf11fe2a-443a-44e9-96b0-e6b91ddfa87d,4,4000
4503930395,2025-07-21T10:14:29,810,8526.3,WAITING,4029508a-afa4-4faf-b175-4bb65b8a4dbb,2,1000
4530512696,2025-09-18T09:59:17,160,2698.48,APPROVED,9c7454a7-b80c-4d19-b841-4c0343b75add,1,3000
4523116547,2025-06-03T23:28:06,332,9838.62,QUOTATION,fe53d2be-049c-47fa-871a-c4a8b1a10e40,1,1000
4539159623,2025-11-10T03:33:03,560,2875.55,WAITING,611eefb3-ef38-4a2e-831a-15aff1dde8f8,1,4000
4510793719,2025-10-18T16:30:46,306,2731.57,QUOTATION,4a2d279e-2495-496f-80d9-bc5a45e3b6b4,1,4000
4588684577,2025-09-24T13:29:00,269,939.24,APPROVED,05767575-2944-4457-9aa7-06e1dae2ae25,4,1000
4517004398,2025-08-01T17:28:20,479,4310.93,APPROVED,e7ba4d18-37bf-472c-9d3a-7756c21a55c9,4,4000
4522872179,2025-11-10T08:08:01,707,139.84,WAITING,3ee51816-f540-45e6-8401-474c5df84e78,1,4000
4570451399,2025-07-20T01:30:36,821,4265.15,QUOTATION,41e46c83-90d4-4836-a022-b900a018b3fa,5,3000
4519062691,2025-07-10T06:21:24,508,531.61,REJECTED,3c65561d-5119-4985-87e7-48965fe9f62c,3,2000
4512850599,2025-08-14T02:49:46,503,7362.15,QUOTATION,791660af-f0db-4fbd-a3a4-86bd38182556,4,2000
4510841281,2025-06-25T10:16:31,26,1655.16,APPROVED,84aadcf6-499b-4416-9a35-3e546eb39a5c,1,4000
4599329540,2025-09-25T11:01:23,361,5913.45,QUOTATION,12a301b9-4c71-4181-a853-d29be7b6bd18,5,2000
4546294351,2025-08-09T10:56:27,814,7741.79,REJECTED,2ab670e8-49e3-4a95-9871-d937f77b5927,5,1000
4503009066,2025-10-16T20:21:39,496,9383.05,QUOTATION,84aadcf6-499b-4416-9a35-3e546eb39a5c,5,1000
4581992553,2025-08-01T03:59:46,941,4492.17,QUOTATION,dbce3e63-1a5c-4595-a1f9-d09c3d978567,4,4000
4578550362,2025-08-24T18:17:39,742,9045.97,APPROVED,d4dbba0a-2b26-4233-9017-bb25b2e860f3,2,2000
4509703452,2025-10-19T09:12:40,343,5431.79,WAITING,6cc3c3b9-23fa-4969-8791-af89dedc62c9,2,4000
4572223969,2025-11-16T05:46:04,304,1320.81,APPROVED,aa51a37d-2867-459b-8885-b5c8b161616a,4,3000
4578803624,2025-08-26T09:04:45,486,2595.19,REJECTED,eb8e5632-45d0-47e9-bcc0-ee76bf030643,3,1000
4591509474,2025-07-08T08:36:36,207,8814.78,WAITING,ce1eeb99-74a8-4547-b95c-345102c07d21,2,1000
4531488364,2025-08-20T19:00:17,302,7165.13,APPROVED,31ac60a6-1bc1-442c-ae10-4a420f770538,1,1000
4539190956,2025-08-24T12:13:00,819,965.68,QUOTATION,41e46c83-90d4-4836-a022-b900a018b3fa,4,1000
4560099782,2025-11-10T12:36:05,566,9386.11,REJECTED,fcc9df1e-2761-4b55-8f60-015b21066d78,3,1000
4550528532,2025-07-17T17:42:33,236,8296.39,QUOTATION,6cc3c3b9-23fa-4969-8791-af89dedc62c9,3,1000
4554856830,2025-06-07T06:53:07,932,2843.26,QUOTATION,da731710-48f7-4c02-8dd6-917ff4c62e3b,5,4000
4533266933,2025-11-14T11:15:59,195,3077.56,QUOTATION,9fc109ea-2585-4c23-9329-2ccda2d964eb,3,3000
4542944680,2025-11-27T07:31:19,52,2540.05,WAITING,15ddc72a-7103-4a88-a951-49c5aa75affd,3,4000
4512030862,2025-07-20T01:35:55,96,790.54,APPROVED,ebfe58ef-0dee-41d8-859e-ae2bff66e7fc,2,3000
4572841271,2025-11-04T09:01:50,453,1.53,REJECTED,a1ad3c2b-45ca-491c-8ef2-a64af7d19e43,4,2000
4554095145,2025-07-24T18:49:21,68,5778.5,WAITING,3f3292d8-3056-42da-9ec5-d080c252a223,3,1000
4535501856,2025-09-08T19:35:59,797,4397.69,APPROVED,a1ad3c2b-45ca-491c-8ef2-a64af7d19e43,3,1000
4564775221,2025-08-15T13:09:24,613,5671.61,QUOTATION,17dffc12-ac1a-44ed-ad09-3c824851c624,1,1000
4534204574,2025-10-20T22:20:23,912,4420.57,APPROVED,2ab670e8-49e3-4a95-9871-d937f77b5927,2,3000
4502023664,2025-10-20T11:44:52,487,3176.98,QUOTATION,ad64acbd-9045-44ec-9111-f6b3b90cb060,2,3000
4579325747,2025-11-06T23:40:35,951,678.13,QUOTATION,ba5b8587-5d45-44ac-9e4e-16cb4b3afecc,4,3000
4518728207,2025-07-09T08:40:00,905,6738.45,WAITING,791660af-f0db-4fbd-a3a4-86bd38182556,3,2000
4574492636,2025-08-11T21:25:09,534,8880.93,WAITING,408c4fe5-9066-4997-8f1c-ad8daae4b1f6,5,2000
4551341895,2025-09-17T02:55:30,43,9995.83,QUOTATION,ba3d4978-80db-4a12-9f06-e4c698936184,3,2000
4596002966,2025-10-28T14:45:39,496,5032.45,WAITING,82ebf1b0-6982-4deb-ac51-c7a6d0a68c5d,2,3000
4573741656,2025-10-23T13:36:33,951,616.71,REJECTED,791660af-f0db-4fbd-a3a4-86bd38182556,5,4000
4533508609,2025-07-26T04:36:26,277,5063.94,APPROVED,35672019-b6d1-42b4-b906-8819b248182e,5,2000
4574182783,2025-06-07T16:06:53,62,4583.12,QUOTATION,9a109dc4-7be3-4aec-94bb-ede38f79ae14,4,3000
4545525646,2025-09-21T14:38:55,379,5258.43,QUOTATION,76fa0c16-dc3a-4a9b-b914-de6a0097f3dc,4,2000
4501900083,2025-11-22T00:57:51,412,5433.18,APPROVED,8df0c99e-2745-44ae-94ee-ad79cb114fdb,5,4000
4553820311,2025-10-04T02:22:04,572,3303.1,APPROVED,e069016d-d217-4fbc-b438-1e8790b731fb,2,3000
4549432999,2025-10-18T03:04:58,723,4350.71,WAITING,0e752cfe-75ff-427d-8214-57710b509b33,1,4000
4568586449,2025-07-02T03:35:04,24,4689.64,QUOTATION,834a14f7-cbd7-4220-9587-cd61c93c8253,5,2000
4549569346,2025-06-21T14:36:14,315,7322.17,APPROVED,5c250769-58e7-4a67-92b8-05566aab2cd0,3,4000
4541308157,2025-06-17T13:38:09,661,9658.7,QUOTATION,82ebf1b0-6982-4deb-ac51-c7a6d0a68c5d,2,1000
4557131528,2025-09-25T18:46:53,687,9373.01,WAITING,bf599d91-442c-4e09-b5ae-b9f08a417d11,2,4000
4524173456,2025-07-08T02:50:13,84,8368.5,REJECTED,2c6e3cb9-21cb-4de6-ae38-f117a3cbdfe2,1,2000
4516595913,2025-08-18T16:12:31,3,746.03,REJECTED,0439439c-8945-42c4-b079-5340d85df97c,4,4000
4517445167,2025-06-04T10:24:54,735,7978.09,APPROVED,651e8d5b-8636-4635-a934-6f9427d506b8,3,1000
4531225246,2025-10-05T00:27:38,89,3362.91,WAITING,ba5b8587-5d45-44ac-9e4e-16cb4b3afecc,2,4000
4528033531,2025-10-02T16:33:46,756,9314.77,QUOTATION,f524f9ee-95cb-4e66-a6c1-b58f8296e7f3,5,1000
4524825436,2025-08-06T02:08:33,116,4770.4,APPROVED,15ddc72a-7103-4a88-a951-49c5aa75affd,3,4000
4560099026,2025-11-01T16:18:53,707,8572.35,WAITING,0b319577-4ab0-4684-b112-b27aad212cb1,2,2000
4517973965,2025-11-25T19:21:46,530,393.4,QUOTATION,0a58bce2-1697-4c89-b568-ae280f33f982,1,4000
4581658229,2025-10-26T05:05:45,656,2521.44,WAITING,41e46c83-90d4-4836-a022-b900a018b3fa,5,3000
4502345300,2025-09-22T15:30:05,600,5522.55,APPROVED,651e8d5b-8636-4635-a934-6f9427d506b8,4,4000
4537295983,2025-11-03T07:47:46,437,3829.55,WAITING,fe53d2be-049c-47fa-871a-c4a8b1a10e40,2,4000
4557726928,2025-07-27T03:38:07,811,6453.3,APPROVED,28d388a1-0e70-41d0-a8a1-abb9e3263b7b,4,2000
4542921073,2025-07-02T18:17:05,529,2636.39,APPROVED,651e8d5b-8636-4635-a934-6f9427d506b8,4,1000
4588926240,2025-09-16T09:42:13,270,8980.52,QUOTATION,41f3b33b-8871-42fd-90d5-1d1d9f2d5aed,2,4000
4599161260,2025-11-28T14:43:07,589,2143.27,APPROVED,2c7b9d8a-6b92-4a21-a03e-024e434a203d,5,4000
4593909488,2025-09-08T19:48:36,831,8309.69,QUOTATION,0c328cd6-def4-4097-8b5d-ef9b4362cfd3,3,4000
4576918447,2025-09-17T14:27:22,606,5000.99,WAITING,41f3b33b-8871-42fd-90d5-1d1d9f2d5aed,1,3000
4538217052,2025-11-07T15:54:14,79,1219.58,QUOTATION,a9da22e7-f42f-4428-9083-96395b7a7e9a,5,2000
4538645195,2025-06-25T18:06:55,38,1566.08,QUOTATION,3d3527a9-4ef5-45d5-83c2-4178789f9921,4,3000
4556959898,2025-06-07T08:07:36,326,2472.71,APPROVED,aa51a37d-2867-459b-8885-b5c8b161616a,5,4000
4553271760,2025-10-23T02:41:31,664,3220.96,QUOTATION,74d238f7-61d4-41c6-9d51-b05f2eddcb36,5,3000
4551469375,2025-11-09T14:12:20,265,878.88,APPROVED,9c7454a7-b80c-4d19-b841-4c0343b75add,4,4000
4527381324,2025-06-28T21:53:29,209,2024.13,APPROVED,b0154cbb-c693-4062-88b9-a8acf4402b56,3,2000
4514758263,2025-09-22T05:50:44,851,8489.98,REJECTED,2c7b9d8a-6b92-4a21-a03e-024e434a203d,1,4000
4594663609,2025-09-25T10:09:19,781,5608.07,REJECTED,f6979cad-3c89-4280-985d-d7f07aaa8c2b,4,1000
4526534471,2025-11-17T16:38:46,874,6917.51,REJECTED,6c55f239-a4f0-4edd-afe8-02d129db9eda,4,1000
4509650725,2025-07-22T22:33:48,140,6501.6,APPROVED,408c4fe5-9066-4997-8f1c-ad8daae4b1f6,5,4000
4512205456,2025-07-24T05:51:55,701,2298.96,REJECTED,fcc9df1e-2761-4b55-8f60-015b21066d78,2,4000
4500327688,2025-08-13T16:49:29,144,121.49,WAITING,12a301b9-4c71-4181-a853-d29be7b6bd18,5,2000
4501584170,2025-10-19T16:46:27,572,1349.08,REJECTED,2ab670e8-49e3-4a95-9871-d937f77b5927,2,3000
4546057041,2025-11-17T19:36:16,853,2954.58,QUOTATION,fcc9df1e-2761-4b55-8f60-015b21066d78,4,4000
4541624432,2025-07-15T23:28:28,33,7586.47,WAITING,00a417fb-f2b9-4bb8-90c0-0787c3f2e3c7,3,3000
4519163744,2025-07-05T01:33:27,105,8999.3,WAITING,0a58bce2-1697-4c89-b568-ae280f33f982,2,2000
4548867313,2025-08-22T01:34:16,668,1016.39,REJECTED,41f3b33b-8871-42fd-90d5-1d1d9f2d5aed,5,4000
4555982132,2025-07-06T01:08:08,399,2153.52,QUOTATION,8ca5ca23-a910-469b-aec1-73bd31d74ba2,5,3000
4557097298,2025-09-01T21:12:46,604,230.69,QUOTATION,8ca5ca23-a910-469b-aec1-73bd31d74ba2,2,3000
4523832953,2025-06-25T00:41:04,467,1684.68,APPROVED,cea90057-5542-4a9f-8ad8-2fa263b39b7b,4,4000
4511692104,2025-09-27T18:45:00,775,548.91,APPROVED,f6dd041e-f994-407c-9a1b-2ee8a39b9b25,3,2000
4580273884,2025-07-06T04:26:40,718,5114.43,QUOTATION,74d238f7-61d4-41c6-9d51-b05f2eddcb36,1,2000
4522879439,2025-11-15T21:22:51,668,1048.01,WAITING,32149af9-a4f0-4e80-a73d-490a9faef06f,4,2000
4530504234,2025-10-13T17:25:42,325,3516.05,WAITING,b6bbc970-46d2-4ff4-9c52-80f378cfe8ea,4,2000
4518524039,2025-09-26T00:12:21,198,6664.01,QUOTATION,62117371-6664-4e90-9e4c-e3939789c81a,5,2000
4519179915,2025-09-26T12:50:12,375,6589.05,APPROVED,a9da22e7-f42f-4428-9083-96395b7a7e9a,3,2000
4521883638,2025-09-11T02:35:06,685,9661.97,APPROVED,4029508a-afa4-4faf-b175-4bb65b8a4dbb,5,1000
4548874404,2025-11-07T12:01:43,60,701.66,QUOTATION,791660af-f0db-4fbd-a3a4-86bd38182556,2,4000
4521729823,2025-06-05T12:36:47,395,8999.56,REJECTED,c40f8a37-9024-4fcd-80a6-7917301ba6bd,5,1000
4590516105,2025-10-15T14:19:59,691,89.96,APPROVED,6c55f239-a4f0-4edd-afe8-02d129db9eda,3,1000
4581705383,2025-09-09T04:34:23,672,180.5,QUOTATION,5c250769-58e7-4a67-92b8-05566aab2cd0,1,3000
4532942216,2025-09-17T18:00:00,44,1294.53,WAITING,651e8d5b-8636-4635-a934-6f9427d506b8,5,2000
4520609511,2025-07-19T00:23:06,538,3682.29,WAITING,4a5df305-6d85-4b5a-81ca-b2a776017f8f,1,3000
4579010010,2025-11-13T14:50:47,6,4165.78,QUOTATION,9c7454a7-b80c-4d19-b841-4c0343b75add,5,4000
4553817614,2025-10-08T02:51:37,309,5581.89,QUOTATION,ba3d4978-80db-4a12-9f06-e4c698936184,4,3000
4596982822,2025-09-16T11:55:03,546,6892.78,QUOTATION,5c250769-58e7-4a67-92b8-05566aab2cd0,2,1000
4585139183,2025-11-11T16:36:39,170,555.74,APPROVED,d4dbba0a-2b26-4233-9017-bb25b2e860f3,2,4000
4573997082,2025-09-07T01:11:38,883,1151.29,APPROVED,0e752cfe-75ff-427d-8214-57710b509b33,4,1000
4566175366,2025-08-17T17:02:15,691,3602.09,REJECTED,cf11fe2a-443a-44e9-96b0-e6b91ddfa87d,4,1000
4500347781,2025-09-24T02:45:03,261,7906.48,QUOTATION,f6dd041e-f994-407c-9a1b-2ee8a39b9b25,5,1000
4599413104,2025-07-08T04:13:04,585,5736.48,QUOTATION,f6979cad-3c89-4280-985d-d7f07aaa8c2b,1,4000
4541193796,2025-06-09T11:07:29,134,9408.33,REJECTED,834a14f7-cbd7-4220-9587-cd61c93c8253,2,3000
4529772368,2025-11-21T08:58:56,416,4132.13,APPROVED,791660af-f0db-4fbd-a3a4-86bd38182556,1,4000
4583357291,2025-09-03T21:37:47,84,9132.67,QUOTATION,4a5df305-6d85-4b5a-81ca-b2a776017f8f,3,2000
4537307838,2025-07-06T01:38:24,834,9148.03,APPROVED,b0154cbb-c693-4062-88b9-a8acf4402b56,4,2000
4524695617,2025-10-10T19:49:13,230,2591.33,APPROVED,134244b2-90f7-4d62-8488-d71e29828266,3,3000
4528215251,2025-09-01T18:10:05,91,709.82,WAITING,b020551c-5fe7-45ea-881a-6fa78332362d,5,4000
4536453472,2025-10-11T23:34:56,717,8418.1,WAITING,fffeaf8f-4b6b-4357-a309-89f4769c36da,2,1000
4530900079,2025-09-20T13:10:33,809,9750.29,WAITING,3f3292d8-3056-42da-9ec5-d080c252a223,1,3000
4556565951,2025-08-24T11:40:57,272,501.98,APPROVED,975480d4-8c15-44ba-8c55-a9938bdaa2c4,3,2000
4524695346,2025-10-10T00:11:44,447,507.97,REJECTED,384bae62-8ba8-4cac-b8ad-3df4e68bcafa,1,2000
4563553304,2025-10-28T12:29:29,12,5168.39,QUOTATION,0c328cd6-def4-4097-8b5d-ef9b4362cfd3,1,1000
4517935384,2025-10-08T05:12:29,426,5820.09,REJECTED,a4926703-442b-4179-808a-04de7d4e1015,2,2000
4505675872,2025-07-08T10:02:34,785,5043.07,REJECTED,110f8801-eea1-420d-98e6-dd439569747b,4,2000
4558455726,2025-07-16T21:01:20,443,5168.77,APPROVED,0c328cd6-def4-4097-8b5d-ef9b4362cfd3,5,2000
4553511107,2025-10-07T15:12:51,843,3041.95,APPROVED,17dffc12-ac1a-44ed-ad09-3c824851c624,4,3000
4500136695,2025-07-20T14:55:03,24,8577.84,WAITING,4a5df305-6d85-4b5a-81ca-b2a776017f8f,3,3000
4595251383,2025-09-04T18:43:19,319,1703.95,WAITING,73df3d25-bcec-47a6-8d66-6b628e81ed2d,2,3000
4517151302,2025-09-18T18:22:11,537,9293.81,QUOTATION,35672019-b6d1-42b4-b906-8819b248182e,4,1000
4568379252,2025-08-08T14:10:36,153,2646.0,QUOTATION,b6bbc970-46d2-4ff4-9c52-80f378cfe8ea,2,4000
4584511637,2025-07-25T15:48:51,694,577.95,QUOTATION,f524f9ee-95cb-4e66-a6c1-b58f8296e7f3,1,1000
4544075658,2025-08-18T10:31:34,441,1997.71,QUOTATION,2c7b9d8a-6b92-4a21-a03e-024e434a203d,2,2000
4501869490,2025-09-25T21:09:27,546,1845.81,REJECTED,4a5df305-6d85-4b5a-81ca-b2a776017f8f,5,4000
4570493621,2025-10-26T15:15:28,395,8469.93,APPROVED,651e8d5b-8636-4635-a934-6f9427d506b8,3,3000
4521276354,2025-11-06T21:48:52,996,5471.56,QUOTATION,0e752cfe-75ff-427d-8214-57710b509b33,5,2000
4501669055,2025-09-17T06:38:26,849,6158.48,APPROVED,f524f9ee-95cb-4e66-a6c1-b58f8296e7f3,5,1000
4569992379,2025-07-11T22:02:43,598,9394.29,WAITING,b577718c-a2a9-4f8a-a41c-7cac0d102aab,1,4000
4563549187,2025-08-10T08:27:11,694,5299.62,QUOTATION,05767575-2944-4457-9aa7-06e1dae2ae25,5,2000
4527363321,2025-08-25T02:17:42,606,5992.52,QUOTATION,2ab670e8-49e3-4a95-9871-d937f77b5927,1,4000
4509399450,2025-07-19T18:27:33,363,3319.94,WAITING,74d238f7-61d4-41c6-9d51-b05f2eddcb36,5,1000
4540754909,2025-07-24T20:59:42,413,310.61,WAITING,8df0c99e-2745-44ae-94ee-ad79cb114fdb,2,2000
4546430914,2025-06-25T21:24:04,133,3501.31,WAITING,f6979cad-3c89-4280-985d-d7f07aaa8c2b,4,2000
4542047246,2025-09-20T13:23:44,589,6119.6,QUOTATION,9fc109ea-2585-4c23-9329-2ccda2d964eb,1,1000
4542329724,2025-11-20T10:27:16,992,3991.44,QUOTATION,01bb5e4b-33d3-4db2-85a2-499f5c9e31b4,1,4000
4598811534,2025-06-04T14:40:53,701,7063.27,QUOTATION,71b893be-0a75-41a7-9a52-bcdb771cc5ec,1,2000
4596319950,2025-08-17T05:22:58,940,4157.8,APPROVED,68681084-7b12-4fd9-9704-7da3802cb451,5,1000
4562945141,2025-06-07T06:48:21,393,7734.53,APPROVED,6c55f239-a4f0-4edd-afe8-02d129db9eda,4,4000
4505209127,2025-10-10T22:38:16,233,8962.48,WAITING,41f3b33b-8871-42fd-90d5-1d1d9f2d5aed,1,4000
4512658897,2025-09-15T18:04:42,533,855.76,REJECTED,b577718c-a2a9-4f8a-a41c-7cac0d102aab,5,1000
4595083955,2025-10-21T13:42:24,429,1632.98,QUOTATION,aa51a37d-2867-459b-8885-b5c8b161616a,5,3000
4589000983,2025-11-08T14:02:06,170,2736.39,QUOTATION,a9da22e7-f42f-4428-9083-96395b7a7e9a,3,3000
4515757175,2025-07-09T09:57:15,957,6293.13,REJECTED,aa51a37d-2867-459b-8885-b5c8b161616a,2,4000
4587581855,2025-10-18T03:53:57,164,3485.3,WAITING,51991c98-a328-457f-a862-0962b2d30ddc,4,1000
4504396016,2025-11-26T17:49:29,510,5470.26,APPROVED,2cf52c48-a37c-4244-a030-3fe16c443ecd,4,2000
4566671307,2025-06-18T17:56:34,164,7385.15,WAITING,00a417fb-f2b9-4bb8-90c0-0787c3f2e3c7,1,4000
4511785813,2025-11-08T14:28:46,757,4127.4,QUOTATION,3341d7ea-5bed-42e4-82c2-18d0adfbcdf1,1,4000
4504944689,2025-07-06T07:59:29,28,775.8,WAITING,12a301b9-4c71-4181-a853-d29be7b6bd18,5,2000
4512918919,2025-09-01T17:58:51,119,6189.78,REJECTED,4029508a-afa4-4faf-b175-4bb65b8a4dbb,5,2000
4525040008,2025-09-20T10:30:13,638,7169.46,WAITING,408c4fe5-9066-4997-8f1c-ad8daae4b1f6,2,4000
4505086346,2025-11-10T19:02:07,4,2139.05,QUOTATION,d0d94739-009d-44aa-ae3d-8c35a65083c5,4,1000
4517576934,2025-07-23T22:28:24,906,8288.68,WAITING,6cc3c3b9-23fa-4969-8791-af89dedc62c9,5,1000
4599732831,2025-06-12T18:24:33,751,3393.61,REJECTED,b6bbc970-46d2-4ff4-9c52-80f378cfe8ea,4,4000
4526112332,2025-06-05T03:46:33,24,8178.12,QUOTATION,68681084-7b12-4fd9-9704-7da3802cb451,3,2000
4560439856,2025-10-11T09:44:02,934,1073.52,APPROVED,d0d94739-009d-44aa-ae3d-8c35a65083c5,5,3000
4583728436,2025-07-10T23:27:35,245,3416.14,REJECTED,3f3292d8-3056-42da-9ec5-d080c252a223,1,3000
4590986296,2025-07-22T02:10:07,790,6385.32,REJECTED,a4926703-442b-4179-808a-04de7d4e1015,5,1000
4575521290,2025-06-15T14:49:49,190,6223.09,QUOTATION,4a2d279e-2495-496f-80d9-bc5a45e3b6b4,1,4000
4548738338,2025-09-11T12:56:07,356,2513.56,APPROVED,ebfe58ef-0dee-41d8-859e-ae2bff66e7fc,5,4000
4567271444,2025-07-26T19:56:37,726,218.11,QUOTATION,975480d4-8c15-44ba-8c55-a9938bdaa2c4,2,3000
4564118276,2025-09-10T03:46:00,41,4929.6,WAITING,71b893be-0a75-41a7-9a52-bcdb771cc5ec,2,3000
4571994095,2025-11-08T17:55:35,926,1390.38,APPROVED,110f8801-eea1-420d-98e6-dd439569747b,3,4000
4556463282,2025-08-28T10:21:02,499,1328.35,APPROVED,408c4fe5-9066-4997-8f1c-ad8daae4b1f6,2,3000
4564997442,2025-06-10T08:21:58,178,3995.62,APPROVED,408c4fe5-9066-4997-8f1c-ad8daae4b1f6,4,2000
4595602918,2025-07-28T17:34:54,165,2043.92,QUOTATION,3ee51816-f540-45e6-8401-474c5df84e78,4,3000
4563946028,2025-10-02T21:21:27,818,7315.09,REJECTED,28d388a1-0e70-41d0-a8a1-abb9e3263b7b,4,3000
4500171836,2025-07-22T21:13:27,692,2960.66,WAITING,0a58bce2-1697-4c89-b568-ae280f33f982,5,4000
4582298004,2025-06-21T07:48:21,604,9483.72,APPROVED,f6979cad-3c89-4280-985d-d7f07aaa8c2b,5,4000
4594776099,2025-09-05T05:17:39,846,4405.42,WAITING,2cf52c48-a37c-4244-a030-3fe16c443ecd,5,1000
4593982787,2025-09-15T01:28:17,95,194.44,APPROVED,2cf52c48-a37c-4244-a030-3fe16c443ecd,2,3000
4573342609,2025-08-21T08:39:14,180,1330.46,REJECTED,fffeaf8f-4b6b-4357-a309-89f4769c36da,4,2000
4502802032,2025-06-11T02:24:59,957,5781.96,REJECTED,2cf52c48-a37c-4244-a030-3fe16c443ecd,4,1000
4524377370,2025-06-02T18:58:43,184,6814.57,APPROVED,35672019-b6d1-42b4-b906-8819b248182e,2,3000
4585477589,2025-11-12T13:30:39,768,9738.99,REJECTED,bcebc30c-15e5-48e2-9c32-c86d886f82a0,5,1000
4519133469,2025-10-27T19:18:52,701,9406.32,APPROVED,0e752cfe-75ff-427d-8214-57710b509b33,2,4000
4567254262,2025-07-01T12:37:34,942,7046.98,REJECTED,f6dd041e-f994-407c-9a1b-2ee8a39b9b25,3,3000
4567781138,2025-08-16T08:51:05,588,7412.93,APPROVED,62117371-6664-4e90-9e4c-e3939789c81a,5,3000
4503354100,2025-07-20T03:53:38,846,7520.37,WAITING,c40f8a37-9024-4fcd-80a6-7917301ba6bd,3,2000
4507229724,2025-10-05T19:14:21,807,8309.07,QUOTATION,dbce3e63-1a5c-4595-a1f9-d09c3d978567,3,2000
4502239024,2025-11-07T05:16:54,918,9476.29,QUOTATION,ba3d4978-80db-4a12-9f06-e4c698936184,4,3000
4573068935,2025-08-15T03:49:13,397,7397.11,QUOTATION,d4dbba0a-2b26-4233-9017-bb25b2e860f3,3,2000
4511257227,2025-09-04T00:56:31,804,1561.64,QUOTATION,3c65561d-5119-4985-87e7-48965fe9f62c,4,3000
4534757437,2025-09-18T09:28:16,925,1355.7,REJECTED,d0d94739-009d-44aa-ae3d-8c35a65083c5,2,1000
4525271404,2025-06-23T17:30:20,23,5387.48,WAITING,d0d94739-009d-44aa-ae3d-8c35a65083c5,4,1000
4539640949,2025-08-24T16:52:24,544,2268.48,APPROVED,3d3527a9-4ef5-45d5-83c2-4178789f9921,1,4000
4516630059,2025-10-26T09:04:44,583,7402.68,REJECTED,da731710-48f7-4c02-8dd6-917ff4c62e3b,1,3000
4560975714,2025-10-12T18:23:48,743,7354.74,REJECTED,c40f8a37-9024-4fcd-80a6-7917301ba6bd,4,1000
4521834306,2025-11-16T23:00:01,285,8101.52,APPROVED,77b34563-244c-46da-b014-af1a9c7fa9e4,4,4000
4504521647,2025-10-17T08:35:37,267,2094.07,APPROVED,d4dbba0a-2b26-4233-9017-bb25b2e860f3,4,4000
4500538001,2025-11-24T20:37:07,419,4000.03,REJECTED,bcebc30c-15e5-48e2-9c32-c86d886f82a0,5,1000
4540258151,2025-07-20T21:48:10,23,8283.02,QUOTATION,cf11fe2a-443a-44e9-96b0-e6b91ddfa87d,5,2000
4537935885,2025-07-20T18:24:22,55,7134.21,QUOTATION,b020551c-5fe7-45ea-881a-6fa78332362d,5,3000
4524191697,2025-11-19T16:21:51,534,5386.05,QUOTATION,f524f9ee-95cb-4e66-a6c1-b58f8296e7f3,3,2000
4566198602,2025-08-02T09:30:30,544,9190.71,REJECTED,aa51a37d-2867-459b-8885-b5c8b161616a,5,1000
4576526968,2025-07-12T12:28:46,208,6914.25,QUOTATION,aa51a37d-2867-459b-8885-b5c8b161616a,4,2000
4542258797,2025-10-23T14:37:01,77,7809.69,WAITING,a1ad3c2b-45ca-491c-8ef2-a64af7d19e43,3,2000
4598976894,2025-08-07T01:41:11,300,3674.18,REJECTED,dbce3e63-1a5c-4595-a1f9-d09c3d978567,3,4000
4575269299,2025-11-14T10:26:06,787,3109.5,QUOTATION,ba5b8587-5d45-44ac-9e4e-16cb4b3afecc,4,3000
4578291627,2025-09-11T10:32:36,430,3043.45,REJECTED,82ebf1b0-6982-4deb-ac51-c7a6d0a68c5d,2,4000
4558207121,2025-08-06T10:25:03,970,1409.22,WAITING,2cf52c48-a37c-4244-a030-3fe16c443ecd,1,1000
4552799827,2025-06-14T23:28:50,408,2403.28,REJECTED,73df3d25-bcec-47a6-8d66-6b628e81ed2d,1,4000
4517440265,2025-09-06T21:21:14,786,6131.42,APPROVED,9c7454a7-b80c-4d19-b841-4c0343b75add,4,3000
4505139975,2025-11-16T20:15:42,380,4565.94,WAITING,e7ba4d18-37bf-472c-9d3a-7756c21a55c9,4,1000
4510297667,2025-07-06T05:28:14,342,9074.63,WAITING,aa51a37d-2867-459b-8885-b5c8b161616a,5,3000
4540181600,2025-10-21T21:00:26,87,266.63,REJECTED,b577718c-a2a9-4f8a-a41c-7cac0d102aab,1,2000
4572528008,2025-07-03T13:16:53,157,7885.84,WAITING,d0d94739-009d-44aa-ae3d-8c35a65083c5,5,1000
4536086094,2025-08-22T04:41:51,993,4678.03,APPROVED,dbce3e63-1a5c-4595-a1f9-d09c3d978567,5,4000
4534059000,2025-10-20T04:37:30,790,28.23,APPROVED,00a417fb-f2b9-4bb8-90c0-0787c3f2e3c7,4,4000
4556818764,2025-11-01T14:37:40,59,1965.02,WAITING,408c4fe5-9066-4997-8f1c-ad8daae4b1f6,3,2000
4520001699,2025-10-27T02:47:50,295,478.44,APPROVED,e7ba4d18-37bf-472c-9d3a-7756c21a55c9,2,3000
4574024169,2025-09-05T15:27:42,753,8318.09,APPROVED,17dffc12-ac1a-44ed-ad09-3c824851c624,5,3000
4577470075,2025-10-15T01:02:18,884,7381.7,APPROVED,d0d94739-009d-44aa-ae3d-8c35a65083c5,3,4000
4519687846,2025-08-07T17:53:04,159,6267.06,REJECTED,fffeaf8f-4b6b-4357-a309-89f4769c36da,1,1000
4590332303,2025-07-07T17:38:44,363,9662.84,REJECTED,d7da1df8-a4af-4efe-a657-570c6d350470,2,1000
4552088484,2025-11-17T11:35:25,421,3426.5,WAITING,9ec93c76-9578-4947-a5ca-def516b026cb,2,2000
4543382377,2025-11-07T12:37:38,281,6533.55,APPROVED,fcc9df1e-2761-4b55-8f60-015b21066d78,5,1000
4573206497,2025-08-24T13:42:33,392,1545.29,QUOTATION,bf599d91-442c-4e09-b5ae-b9f08a417d11,2,1000
4588429639,2025-08-13T23:27:12,684,8227.47,REJECTED,31ac60a6-1bc1-442c-ae10-4a420f770538,1,2000
4593681406,2025-07-16T13:53:27,738,9667.63,QUOTATION,a1a6e723-19c6-46fd-a584-917efe27f127,1,1000
4577128238,2025-09-16T23:02:30,717,8850.38,REJECTED,6c55f239-a4f0-4edd-afe8-02d129db9eda,2,4000
4586591617,2025-07-03T21:49:40,48,5446.5,REJECTED,5c250769-58e7-4a67-92b8-05566aab2cd0,1,1000
4524436807,2025-10-09T00:33:27,840,3434.31,REJECTED,fe53d2be-049c-47fa-871a-c4a8b1a10e40,3,3000
4504457178,2025-07-02T17:07:46,449,1438.29,APPROVED,da731710-48f7-4c02-8dd6-917ff4c62e3b,4,1000
4526586051,2025-06-28T08:06:05,238,9269.73,REJECTED,dbce3e63-1a5c-4595-a1f9-d09c3d978567,3,1000
4590876860,2025-07-04T13:30:48,827,4269.06,WAITING,0e752cfe-75ff-427d-8214-57710b509b33,1,3000
4505995015,2025-07-17T16:43:02,311,112.45,WAITING,cf11fe2a-443a-44e9-96b0-e6b91ddfa87d,5,3000
4543192226,2025-10-14T02:46:36,482,7112.78,REJECTED,975480d4-8c15-44ba-8c55-a9938bdaa2c4,4,2000
4501893314,2025-09-14T21:21:07,904,861.61,REJECTED,3ee51816-f540-45e6-8401-474c5df84e78,2,3000
4594335405,2025-08-08T17:04:38,642,572.15,WAITING,f524f9ee-95cb-4e66-a6c1-b58f8296e7f3,3,2000
4560981727,2025-08-26T03:00:58,454,1029.64,WAITING,2ab670e8-49e3-4a95-9871-d937f77b5927,1,1000
4568777009,2025-06-26T11:21:17,942,4617.99,QUOTATION,fe53d2be-049c-47fa-871a-c4a8b1a10e40,3,4000
4526046584,2025-09-07T02:31:51,152,7711.93,WAITING,6c55f239-a4f0-4edd-afe8-02d129db9eda,4,4000
4555252024,2025-07-17T00:57:52,410,6021.56,WAITING,eb8e5632-45d0-47e9-bcc0-ee76bf030643,3,3000
4599596045,2025-09-07T02:21:22,733,2630.14,REJECTED,834a14f7-cbd7-4220-9587-cd61c93c8253,2,2000
4543018030,2025-07-12T14:42:40,18,647.5,APPROVED,daffc87a-fdb5-424e-9155-782c6cd1b731,1,3000
4557643838,2025-11-27T18:23:48,86,723.15,REJECTED,84aadcf6-499b-4416-9a35-3e546eb39a5c,5,4000
4580695259,2025-06-11T15:55:33,81,4459.05,QUOTATION,ebfe58ef-0dee-41d8-859e-ae2bff66e7fc,4,3000
4598538749,2025-10-01T00:30:51,606,3657.74,WAITING,d0d94739-009d-44aa-ae3d-8c35a65083c5,3,4000
4583034758,2025-09-17T08:55:06,108,8713.75,QUOTATION,f6dd041e-f994-407c-9a1b-2ee8a39b9b25,4,4000
4505475969,2025-09-03T02:58:39,473,4399.89,WAITING,d4dbba0a-2b26-4233-9017-bb25b2e860f3,5,4000
4530117782,2025-09-10T15:29:12,580,3957.27,REJECTED,611eefb3-ef38-4a2e-831a-15aff1dde8f8,3,1000
4551731353,2025-09-26T02:36:34,352,8164.56,APPROVED,37bf8863-0046-49cb-a72c-f7e41661214b,4,3000
4525934246,2025-07-20T06:35:26,149,3356.46,APPROVED,35672019-b6d1-42b4-b906-8819b248182e,4,1000
4586884806,2025-09-05T18:14:39,337,8624.04,QUOTATION,82ebf1b0-6982-4deb-ac51-c7a6d0a68c5d,3,2000
4520211719,2025-10-17T00:20:42,795,5372.21,APPROVED,cf11fe2a-443a-44e9-96b0-e6b91ddfa87d,2,4000
4534451406,2025-11-03T00:17:26,170,2813.58,APPROVED,77b34563-244c-46da-b014-af1a9c7fa9e4,1,4000
4538269566,2025-09-01T15:48:08,584,6200.94,QUOTATION,b577718c-a2a9-4f8a-a41c-7cac0d102aab,1,4000
4509449934,2025-11-16T00:53:24,145,3731.17,REJECTED,73df3d25-bcec-47a6-8d66-6b628e81ed2d,5,3000
4588276453,2025-07-08T03:40:13,141,6813.4,QUOTATION,6c55f239-a4f0-4edd-afe8-02d129db9eda,3,2000
4587247639,2025-06-03T11:25:22,87,3363.95,WAITING,d4dbba0a-2b26-4233-9017-bb25b2e860f3,1,4000
4518651466,2025-08-27T05:16:33,626,1097.51,APPROVED,eb8e5632-45d0-47e9-bcc0-ee76bf030643,3,1000
4527102142,2025-06-04T22:03:28,854,1862.86,WAITING,aa51a37d-2867-459b-8885-b5c8b161616a,3,1000
4571603635,2025-09-02T21:01:04,109,8260.24,REJECTED,0f7e95f4-4fb9-4987-a1e1-5264880e721e,4,3000
4595837659,2025-06-21T17:49:30,974,8062.98,WAITING,5c250769-58e7-4a67-92b8-05566aab2cd0,4,4000
4595417376,2025-07-19T07:48:09,231,6572.77,APPROVED,0a58bce2-1697-4c89-b568-ae280f33f982,3,4000
4504437616,2025-08-15T13:24:03,649,3181.52,APPROVED,ad64acbd-9045-44ec-9111-f6b3b90cb060,1,3000
4521103929,2025-11-28T05:42:24,403,6860.2,WAITING,3f3292d8-3056-42da-9ec5-d080c252a223,4,2000
4503199417,2025-10-12T18:02:34,824,2368.04,QUOTATION,9ec93c76-9578-4947-a5ca-def516b026cb,3,2000
4521277026,2025-07-25T09:56:12,707,8714.68,APPROVED,b577718c-a2a9-4f8a-a41c-7cac0d102aab,1,2000
4573340285,2025-06-27T10:54:44,579,2506.53,REJECTED,28d388a1-0e70-41d0-a8a1-abb9e3263b7b,2,1000
4559864325,2025-09-20T12:59:14,694,2464.71,QUOTATION,eb8e5632-45d0-47e9-bcc0-ee76bf030643,3,3000
4560871987,2025-10-09T03:16:52,161,4666.73,REJECTED,76fa0c16-dc3a-4a9b-b914-de6a0097f3dc,1,4000
4518547034,2025-06-03T09:35:01,174,4253.73,REJECTED,76fa0c16-dc3a-4a9b-b914-de6a0097f3dc,4,3000
4557117449,2025-07-25T22:00:19,847,1250.13,APPROVED,e069016d-d217-4fbc-b438-1e8790b731fb,1,3000
4542096696,2025-07-15T02:18:21,696,2635.72,APPROVED,2ab670e8-49e3-4a95-9871-d937f77b5927,4,2000
4508773857,2025-10-06T12:25:09,654,3275.46,WAITING,15ddc72a-7103-4a88-a951-49c5aa75affd,2,2000
4519892125,2025-08-07T09:01:23,410,8943.56,QUOTATION,41e46c83-90d4-4836-a022-b900a018b3fa,5,4000
4526451037,2025-07-03T20:33:00,840,1163.35,QUOTATION,3f3292d8-3056-42da-9ec5-d080c252a223,5,3000
4530261564,2025-09-12T20:59:01,244,6007.89,WAITING,ebfe58ef-0dee-41d8-859e-ae2bff66e7fc,4,4000
4583837545,2025-09-20T09:59:10,43,3045.05,APPROVED,0f7e95f4-4fb9-4987-a1e1-5264880e721e,4,3000
4585967832,2025-08-10T06:36:58,799,870.93,WAITING,76fa0c16-dc3a-4a9b-b914-de6a0097f3dc,1,1000
4551864859,2025-07-24T16:26:45,465,9285.61,APPROVED,b577718c-a2a9-4f8a-a41c-7cac0d102aab,5,2000
4507552285,2025-07-04T20:59:45,218,6853.76,WAITING,0e752cfe-75ff-427d-8214-57710b509b33,5,3000
4520717366,2025-11-09T04:01:56,334,1730.94,APPROVED,2ab670e8-49e3-4a95-9871-d937f77b5927,3,3000
4594890840,2025-06-19T11:29:20,623,9713.34,APPROVED,0439439c-8945-42c4-b079-5340d85df97c,4,2000
4505258518,2025-07-26T05:19:32,456,2841.46,WAITING,32149af9-a4f0-4e80-a73d-490a9faef06f,3,1000
4516978415,2025-07-25T04:30:30,197,3489.16,REJECTED,28d388a1-0e70-41d0-a8a1-abb9e3263b7b,2,2000
4574814923,2025-11-06T05:57:33,386,1190.67,REJECTED,4029508a-afa4-4faf-b175-4bb65b8a4dbb,2,1000
4526997574,2025-06-14T18:42:53,842,5855.55,REJECTED,5257f4f1-580e-4eb3-89f9-6cae458e4509,4,1000
4559310822,2025-07-06T21:59:04,149,7593.43,WAITING,ce1eeb99-74a8-4547-b95c-345102c07d21,1,3000
4565549573,2025-11-16T10:22:46,986,5968.12,WAITING,dbce3e63-1a5c-4595-a1f9-d09c3d978567,2,2000
4586928658,2025-09-05T09:01:18,688,2514.95,QUOTATION,31ac60a6-1bc1-442c-ae10-4a420f770538,3,4000
4573737924,2025-07-05T07:12:26,311,1489.06,WAITING,ebfe58ef-0dee-41d8-859e-ae2bff66e7fc,1,1000
4555479523,2025-06-28T15:44:00,850,266.15,APPROVED,8ca5ca23-a910-469b-aec1-73bd31d74ba2,1,3000
4543274013,2025-11-13T21:03:24,246,4080.93,REJECTED,d5b6a98e-464a-4e85-ad1c-7fd6be7df835,5,2000
4545928561,2025-07-09T18:15:16,346,565.78,QUOTATION,0f7e95f4-4fb9-4987-a1e1-5264880e721e,5,1000
4544639763,2025-10-23T08:24:07,414,5392.31,REJECTED,41e46c83-90d4-4836-a022-b900a018b3fa,3,4000
4575471480,2025-06-16T03:14:39,866,6683.71,WAITING,0e752cfe-75ff-427d-8214-57710b509b33,1,3000
4505860235,2025-07-01T07:49:13,400,3178.28,WAITING,ba5b8587-5d45-44ac-9e4e-16cb4b3afecc,4,3000
4509189745,2025-06-21T16:29:29,792,4873.89,QUOTATION,8ca5ca23-a910-469b-aec1-73bd31d74ba2,2,3000
4559037061,2025-09-04T01:25:23,357,652.65,WAITING,9c7454a7-b80c-4d19-b841-4c0343b75add,4,1000
4531740489,2025-06-28T06:32:51,751,8325.3,REJECTED,01bb5e4b-33d3-4db2-85a2-499f5c9e31b4,1,2000
4550358725,2025-08-16T23:59:09,997,1285.36,APPROVED,b577718c-a2a9-4f8a-a41c-7cac0d102aab,1,2000
4512882562,2025-10-25T03:43:56,257,8868.56,REJECTED,17dffc12-ac1a-44ed-ad09-3c824851c624,3,3000
4568266644,2025-08-17T05:31:48,902,3641.27,WAITING,cea90057-5542-4a9f-8ad8-2fa263b39b7b,5,1000
4591321021,2025-08-07T21:05:20,923,2756.69,WAITING,f6dd041e-f994-407c-9a1b-2ee8a39b9b25,4,2000
4548414765,2025-07-06T13:44:26,163,1431.37,QUOTATION,b6bbc970-46d2-4ff4-9c52-80f378cfe8ea,4,3000
4536865967,2025-11-26T09:32:57,939,1332.11,QUOTATION,eb8e5632-45d0-47e9-bcc0-ee76bf030643,1,4000
4582133473,2025-07-20T22:30:03,535,9131.82,APPROVED,d5b6a98e-464a-4e85-ad1c-7fd6be7df835,5,3000
4582629291,2025-06-03T03:31:12,612,1047.3,WAITING,b0154cbb-c693-4062-88b9-a8acf4402b56,5,2000
4597629419,2025-11-26T17:47:16,189,7540.82,APPROVED,ebfe58ef-0dee-41d8-859e-ae2bff66e7fc,3,2000
4576757669,2025-09-04T22:28:36,325,7951.98,WAITING,ce1eeb99-74a8-4547-b95c-345102c07d21,5,3000
4538855924,2025-11-09T14:13:06,897,4245.83,QUOTATION,32149af9-a4f0-4e80-a73d-490a9faef06f,3,1000
4573322454,2025-11-06T12:34:57,110,2562.79,WAITING,ba5b8587-5d45-44ac-9e4e-16cb4b3afecc,5,3000
4556756336,2025-11-09T06:46:18,541,7081.54,QUOTATION,0b319577-4ab0-4684-b112-b27aad212cb1,3,2000
4527090037,2025-09-08T19:03:44,223,6911.55,REJECTED,651e8d5b-8636-4635-a934-6f9427d506b8,2,1000
4548379272,2025-06-10T12:04:36,331,1643.63,QUOTATION,ba5b8587-5d45-44ac-9e4e-16cb4b3afecc,4,1000
4576256497,2025-07-28T06:19:36,366,391.44,REJECTED,651e8d5b-8636-4635-a934-6f9427d506b8,3,3000
4536512116,2025-08-12T11:58:17,893,2498.79,REJECTED,17dffc12-ac1a-44ed-ad09-3c824851c624,4,2000
4539481534,2025-09-05T05:59:25,351,9000.66,REJECTED,28d388a1-0e70-41d0-a8a1-abb9e3263b7b,1,2000
4555110817,2025-06-13T21:16:12,324,6361.92,WAITING,a9da22e7-f42f-4428-9083-96395b7a7e9a,4,4000
4532885440,2025-09-24T11:49:58,5,7729.71,WAITING,84aadcf6-499b-4416-9a35-3e546eb39a5c,5,2000
4589795599,2025-06-10T00:10:29,631,9608.05,QUOTATION,651e8d5b-8636-4635-a934-6f9427d506b8,3,2000
4535062758,2025-06-01T08:02:49,902,567.69,QUOTATION,fffeaf8f-4b6b-4357-a309-89f4769c36da,3,2000
4575668060,2025-07-14T05:33:33,999,8671.48,REJECTED,a1a6e723-19c6-46fd-a584-917efe27f127,2,1000
4541558318,2025-07-04T04:49:34,968,3501.13,WAITING,8df0c99e-2745-44ae-94ee-ad79cb114fdb,4,2000
4599046691,2025-06-08T22:10:32,750,1892.66,APPROVED,05767575-2944-4457-9aa7-06e1dae2ae25,4,2000
4531502490,2025-09-25T22:37:29,336,7264.06,REJECTED,15ddc72a-7103-4a88-a951-49c5aa75affd,4,1000
4560377536,2025-08-25T22:15:41,525,247.49,APPROVED,b020551c-5fe7-45ea-881a-6fa78332362d,2,1000
4591629743,2025-09-23T05:27:37,615,1311.96,WAITING,915bda23-d2b3-4bab-9d3b-0b701beb76fa,2,1000
4570508107,2025-07-25T22:23:16,439,38.81,WAITING,ad64acbd-9045-44ec-9111-f6b3b90cb060,4,2000
4522545942,2025-09-12T02:15:23,714,1828.45,QUOTATION,01bb5e4b-33d3-4db2-85a2-499f5c9e31b4,2,1000
4583094452,2025-11-01T09:44:12,145,3648.7,QUOTATION,62117371-6664-4e90-9e4c-e3939789c81a,2,1000
4556194632,2025-08-21T16:21:00,638,955.83,WAITING,3341d7ea-5bed-42e4-82c2-18d0adfbcdf1,1,2000
4558237127,2025-09-06T11:40:37,984,3878.6,REJECTED,4029508a-afa4-4faf-b175-4bb65b8a4dbb,3,4000
4523279597,2025-09-22T18:39:09,878,2367.89,WAITING,da731710-48f7-4c02-8dd6-917ff4c62e3b,5,4000
4550642832,2025-07-07T01:50:23,367,228.73,REJECTED,ebfe58ef-0dee-41d8-859e-ae2bff66e7fc,1,3000
4510571804,2025-06-10T16:26:37,196,4287.81,WAITING,2ab670e8-49e3-4a95-9871-d937f77b5927,2,1000
4504995900,2025-08-19T05:15:34,895,6156.77,APPROVED,73df3d25-bcec-47a6-8d66-6b628e81ed2d,1,1000
4508518672,2025-06-01T23:25:08,286,5744.68,REJECTED,41f3b33b-8871-42fd-90d5-1d1d9f2d5aed,1,1000
4558956347,2025-09-23T03:58:26,348,6004.81,APPROVED,b0154cbb-c693-4062-88b9-a8acf4402b56,1,3000
4568033977,2025-11-27T06:41:28,732,5681.54,QUOTATION,68681084-7b12-4fd9-9704-7da3802cb451,1,4000
4568797659,2025-06-09T03:25:24,84,5464.7,QUOTATION,915bda23-d2b3-4bab-9d3b-0b701beb76fa,1,2000
4595016322,2025-10-17T12:03:17,646,9347.21,QUOTATION,975480d4-8c15-44ba-8c55-a9938bdaa2c4,2,4000
4597480937,2025-07-13T22:28:05,187,5139.66,WAITING,ebfe58ef-0dee-41d8-859e-ae2bff66e7fc,3,3000
4559285068,2025-07-09T17:44:34,582,5043.51,APPROVED,134244b2-90f7-4d62-8488-d71e29828266,2,1000
4560755082,2025-10-02T01:13:09,143,6787.62,REJECTED,9a109dc4-7be3-4aec-94bb-ede38f79ae14,1,3000
4532782471,2025-10-21T18:29:26,653,675.6,WAITING,ea38b7e1-b488-4873-ab04-3066d219b434,5,1000
4561078467,2025-07-14T07:32:56,845,5253.49,APPROVED,9fc109ea-2585-4c23-9329-2ccda2d964eb,2,2000
4550271399,2025-11-22T22:20:45,137,5771.99,REJECTED,fe53d2be-049c-47fa-871a-c4a8b1a10e40,3,1000
4524705971,2025-11-27T19:00:45,697,1144.6,APPROVED,384bae62-8ba8-4cac-b8ad-3df4e68bcafa,4,4000
4521911806,2025-07-01T17:15:40,172,8963.04,QUOTATION,bcebc30c-15e5-48e2-9c32-c86d886f82a0,5,3000
4545053193,2025-06-18T08:05:06,446,6284.62,REJECTED,76fa0c16-dc3a-4a9b-b914-de6a0097f3dc,5,4000
4573959632,2025-06-13T04:09:21,764,2048.45,QUOTATION,a1ad3c2b-45ca-491c-8ef2-a64af7d19e43,5,1000
4534167399,2025-09-12T10:10:15,605,6385.45,WAITING,cf11fe2a-443a-44e9-96b0-e6b91ddfa87d,2,2000
4502488999,2025-09-27T03:51:35,571,556.72,WAITING,3ee51816-f540-45e6-8401-474c5df84e78,1,3000
4549747851,2025-11-23T22:09:44,230,2727.15,REJECTED,834a14f7-cbd7-4220-9587-cd61c93c8253,3,1000
4562530957,2025-07-04T19:50:24,760,7883.23,REJECTED,dbce3e63-1a5c-4595-a1f9-d09c3d978567,2,2000
4549091432,2025-06-21T14:19:20,188,5292.86,WAITING,0b319577-4ab0-4684-b112-b27aad212cb1,4,4000
4502169217,2025-06-23T23:24:39,41,9128.44,APPROVED,d5b6a98e-464a-4e85-ad1c-7fd6be7df835,5,2000
4513817943,2025-10-21T17:43:34,892,9814.65,APPROVED,3d3527a9-4ef5-45d5-83c2-4178789f9921,2,2000
4556782426,2025-06-28T00:39:12,180,3221.66,WAITING,3f3292d8-3056-42da-9ec5-d080c252a223,2,1000
4566011340,2025-06-17T23:05:07,85,7469.18,QUOTATION,5257f4f1-580e-4eb3-89f9-6cae458e4509,1,3000
4522912364,2025-09-02T23:41:08,351,5196.67,WAITING,6cc3c3b9-23fa-4969-8791-af89dedc62c9,2,4000
4501288064,2025-08-12T18:26:59,694,2583.48,WAITING,2ab670e8-49e3-4a95-9871-d937f77b5927,5,2000
4575105076,2025-11-07T05:11:02,506,4480.78,REJECTED,71b893be-0a75-41a7-9a52-bcdb771cc5ec,2,4000
4554633545,2025-08-19T15:08:39,552,6.23,APPROVED,da731710-48f7-4c02-8dd6-917ff4c62e3b,4,2000
4509410274,2025-09-10T08:54:58,118,2649.24,APPROVED,0b319577-4ab0-4684-b112-b27aad212cb1,5,1000
4551563832,2025-08-28T11:57:29,804,8928.97,QUOTATION,daffc87a-fdb5-424e-9155-782c6cd1b731,3,4000
4541675381,2025-07-27T11:17:48,790,1396.01,WAITING,b577718c-a2a9-4f8a-a41c-7cac0d102aab,5,3000
4527269970,2025-09-14T10:56:58,634,2977.6,APPROVED,daffc87a-fdb5-424e-9155-782c6cd1b731,5,2000
4582498287,2025-07-21T05:51:39,834,6417.92,QUOTATION,3341d7ea-5bed-42e4-82c2-18d0adfbcdf1,4,3000
4530960646,2025-06-16T04:53:04,871,6032.43,APPROVED,3ee51816-f540-45e6-8401-474c5df84e78,4,1000
4515496451,2025-10-04T13:35:22,173,5969.17,QUOTATION,134244b2-90f7-4d62-8488-d71e29828266,4,3000
4520502248,2025-06-18T16:20:41,514,5392.17,WAITING,a4926703-442b-4179-808a-04de7d4e1015,1,3000
4582114934,2025-07-13T15:42:53,363,1734.22,APPROVED,62117371-6664-4e90-9e4c-e3939789c81a,1,1000
4580599688,2025-06-21T13:53:35,104,3277.19,WAITING,4029508a-afa4-4faf-b175-4bb65b8a4dbb,2,1000
4545185525,2025-10-03T18:59:01,692,5118.6,WAITING,37bf8863-0046-49cb-a72c-f7e41661214b,1,2000
4519962743,2025-09-02T01:20:54,919,7612.11,APPROVED,f6979cad-3c89-4280-985d-d7f07aaa8c2b,2,3000
4557935982,2025-08-11T03:20:09,546,1832.75,REJECTED,b577718c-a2a9-4f8a-a41c-7cac0d102aab,1,1000
4533379627,2025-07-02T21:49:25,61,8792.01,WAITING,834a14f7-cbd7-4220-9587-cd61c93c8253,3,1000
4516670640,2025-11-17T12:54:31,787,8030.27,APPROVED,a1a6e723-19c6-46fd-a584-917efe27f127,3,4000
4513574940,2025-07-20T19:02:50,453,1828.29,APPROVED,fe53d2be-049c-47fa-871a-c4a8b1a10e40,1,3000
4550184283,2025-10-03T17:56:24,204,4621.85,QUOTATION,aa51a37d-2867-459b-8885-b5c8b161616a,5,1000
4506140890,2025-08-13T08:23:11,294,2564.66,REJECTED,2ab670e8-49e3-4a95-9871-d937f77b5927,1,1000
4500261781,2025-11-21T18:52:54,928,3706.04,WAITING,62117371-6664-4e90-9e4c-e3939789c81a,4,1000
4596999905,2025-06-08T20:33:07,98,8019.71,WAITING,68681084-7b12-4fd9-9704-7da3802cb451,1,4000
4596957323,2025-10-23T06:30:45,692,2344.3,WAITING,3c65561d-5119-4985-87e7-48965fe9f62c,2,2000
4511051007,2025-10-04T14:34:02,784,7542.82,APPROVED,384bae62-8ba8-4cac-b8ad-3df4e68bcafa,4,4000
4517168939,2025-09-17T01:26:23,97,2904.58,WAITING,b577718c-a2a9-4f8a-a41c-7cac0d102aab,5,1000
4538942230,2025-08-04T16:25:28,377,5738.91,APPROVED,4029508a-afa4-4faf-b175-4bb65b8a4dbb,5,4000
4598156346,2025-11-17T02:14:54,173,4377.7,WAITING,77b34563-244c-46da-b014-af1a9c7fa9e4,3,1000
4576714092,2025-09-22T20:56:55,175,9187.53,QUOTATION,3c65561d-5119-4985-87e7-48965fe9f62c,5,2000
4527034277,2025-09-22T08:30:52,663,8007.66,WAITING,68681084-7b12-4fd9-9704-7da3802cb451,4,3000
4593928785,2025-09-12T01:09:04,506,826.97,REJECTED,9ec93c76-9578-4947-a5ca-def516b026cb,5,1000
4592401983,2025-07-06T01:12:40,150,4181.92,QUOTATION,651e8d5b-8636-4635-a934-6f9427d506b8,4,2000
4514975578,2025-07-24T05:15:36,592,6108.55,WAITING,00a417fb-f2b9-4bb8-90c0-0787c3f2e3c7,4,4000
4559771117,2025-11-28T04:18:01,604,1392.07,WAITING,4a5df305-6d85-4b5a-81ca-b2a776017f8f,1,2000
4561006194,2025-08-19T17:20:28,277,8298.24,WAITING,de541e55-b7b6-404a-8ce0-a6f1ea925750,4,3000
4509144277,2025-07-25T20:25:51,371,5798.14,REJECTED,bcebc30c-15e5-48e2-9c32-c86d886f82a0,3,2000
4515802719,2025-09-06T12:25:59,952,2671.45,WAITING,bcebc30c-15e5-48e2-9c32-c86d886f82a0,2,4000
4528522656,2025-11-19T01:23:32,26,9316.84,WAITING,37bf8863-0046-49cb-a72c-f7e41661214b,3,4000
4537684060,2025-11-28T13:14:42,432,1872.76,QUOTATION,ea38b7e1-b488-4873-ab04-3066d219b434,2,4000
4596437239,2025-06-06T16:13:50,442,7630.96,QUOTATION,3d3527a9-4ef5-45d5-83c2-4178789f9921,4,2000
4519557199,2025-06-10T08:53:56,634,8277.41,QUOTATION,2c6e3cb9-21cb-4de6-ae38-f117a3cbdfe2,5,3000
4535368115,2025-07-02T03:36:02,433,3484.23,QUOTATION,5c250769-58e7-4a67-92b8-05566aab2cd0,3,3000
4561674709,2025-11-05T11:23:02,639,3109.91,REJECTED,a4926703-442b-4179-808a-04de7d4e1015,4,1000
4577370892,2025-11-14T18:06:37,970,4447.39,QUOTATION,17dffc12-ac1a-44ed-ad09-3c824851c624,5,1000
4589109022,2025-09-20T13:04:34,218,6002.71,QUOTATION,e069016d-d217-4fbc-b438-1e8790b731fb,5,4000
4511025934,2025-11-13T10:52:27,732,3404.65,REJECTED,ea38b7e1-b488-4873-ab04-3066d219b434,4,4000
4569859002,2025-10-22T05:29:43,28,9799.09,QUOTATION,4029508a-afa4-4faf-b175-4bb65b8a4dbb,5,3000
4555871161,2025-10-01T05:34:07,952,1342.52,REJECTED,2c7b9d8a-6b92-4a21-a03e-024e434a203d,3,2000
4552594065,2025-11-21T04:13:40,534,330.78,QUOTATION,2ab670e8-49e3-4a95-9871-d937f77b5927,3,1000
4587216373,2025-10-18T21:51:55,936,8131.51,QUOTATION,bcebc30c-15e5-48e2-9c32-c86d886f82a0,3,4000
4579824351,2025-07-09T04:46:18,30,6872.38,REJECTED,b6bbc970-46d2-4ff4-9c52-80f378cfe8ea,1,2000
4503042947,2025-09-23T10:15:49,874,5354.02,REJECTED,71b893be-0a75-41a7-9a52-bcdb771cc5ec,1,4000
4599897024,2025-06-13T11:48:00,609,1495.66,REJECTED,3341d7ea-5bed-42e4-82c2-18d0adfbcdf1,3,4000
4578355590,2025-06-19T17:21:14,560,6107.62,WAITING,9567383e-1921-4683-803b-509faa2bc9d5,3,3000
4520061776,2025-07-07T18:46:30,760,7083.51,APPROVED,daffc87a-fdb5-424e-9155-782c6cd1b731,2,1000
4514980939,2025-09-17T15:22:02,704,3013.75,REJECTED,0c328cd6-def4-4097-8b5d-ef9b4362cfd3,1,2000
4562849593,2025-11-05T15:46:20,991,1381.42,QUOTATION,8ca5ca23-a910-469b-aec1-73bd31d74ba2,3,1000
4533882343,2025-06-03T13:58:01,532,9859.99,WAITING,c40f8a37-9024-4fcd-80a6-7917301ba6bd,4,2000
4511107625,2025-09-17T03:46:56,695,8957.88,QUOTATION,3ee51816-f540-45e6-8401-474c5df84e78,3,4000
4512214472,2025-09-04T10:04:43,158,4773.52,REJECTED,0e752cfe-75ff-427d-8214-57710b509b33,2,2000
4506837908,2025-10-06T10:10:20,408,7597.62,APPROVED,12a301b9-4c71-4181-a853-d29be7b6bd18,2,4000
4544208137,2025-07-15T20:31:23,903,6237.31,REJECTED,e7ba4d18-37bf-472c-9d3a-7756c21a55c9,2,4000
4548810519,2025-07-16T05:19:07,153,2042.73,WAITING,ce1eeb99-74a8-4547-b95c-345102c07d21,4,3000
4521452729,2025-10-02T23:09:16,35,6565.41,APPROVED,ce1eeb99-74a8-4547-b95c-345102c07d21,2,4000
4568594475,2025-07-16T18:14:29,624,2126.07,REJECTED,d4dbba0a-2b26-4233-9017-bb25b2e860f3,5,4000
4525402806,2025-09-26T02:11:46,435,6678.33,APPROVED,2cf52c48-a37c-4244-a030-3fe16c443ecd,5,4000
4511156032,2025-10-20T19:42:34,52,665.6,REJECTED,9fc109ea-2585-4c23-9329-2ccda2d964eb,2,3000
4531135810,2025-11-11T19:51:54,628,1627.21,REJECTED,73df3d25-bcec-47a6-8d66-6b628e81ed2d,5,1000
4530039058,2025-06-20T16:13:27,611,1330.8,QUOTATION,2c7b9d8a-6b92-4a21-a03e-024e434a203d,5,4000
4532830998,2025-06-13T12:07:32,751,2696.7,REJECTED,975480d4-8c15-44ba-8c55-a9938bdaa2c4,4,1000
4524287832,2025-11-06T04:52:30,731,4258.98,WAITING,32149af9-a4f0-4e80-a73d-490a9faef06f,5,1000
4588504090,2025-09-19T20:16:10,813,4686.55,APPROVED,3341d7ea-5bed-42e4-82c2-18d0adfbcdf1,3,3000
4538204960,2025-07-18T13:12:52,530,2277.31,APPROVED,ba5b8587-5d45-44ac-9e4e-16cb4b3afecc,1,3000
4580633592,2025-07-21T12:04:39,694,5401.78,APPROVED,b020551c-5fe7-45ea-881a-6fa78332362d,3,3000
4562979280,2025-07-03T02:41:00,879,7820.07,QUOTATION,611eefb3-ef38-4a2e-831a-15aff1dde8f8,2,2000
4579469979,2025-07-15T05:36:16,870,9302.19,REJECTED,384bae62-8ba8-4cac-b8ad-3df4e68bcafa,2,3000
4590840893,2025-09-21T08:06:57,928,9736.91,QUOTATION,791660af-f0db-4fbd-a3a4-86bd38182556,2,1000
4508146708,2025-10-02T12:05:24,58,854.38,REJECTED,76fa0c16-dc3a-4a9b-b914-de6a0097f3dc,5,4000
4550573372,2025-10-24T19:21:50,812,5985.86,REJECTED,5c250769-58e7-4a67-92b8-05566aab2cd0,2,2000
4543477546,2025-08-01T12:26:01,844,623.57,REJECTED,e7ba4d18-37bf-472c-9d3a-7756c21a55c9,3,2000
4553884734,2025-07-27T01:14:37,978,9959.98,QUOTATION,32149af9-a4f0-4e80-a73d-490a9faef06f,1,4000
4592877544,2025-06-08T03:07:53,345,4952.79,REJECTED,f6979cad-3c89-4280-985d-d7f07aaa8c2b,4,2000
4516978688,2025-09-07T22:43:37,745,7309.93,APPROVED,9a109dc4-7be3-4aec-94bb-ede38f79ae14,3,3000
4521373830,2025-10-06T23:22:27,881,7903.31,QUOTATION,9a109dc4-7be3-4aec-94bb-ede38f79ae14,1,2000
4583668462,2025-06-21T19:51:54,898,4371.87,QUOTATION,b020551c-5fe7-45ea-881a-6fa78332362d,5,1000
4567509930,2025-07-08T21:58:31,562,1916.33,WAITING,37bf8863-0046-49cb-a72c-f7e41661214b,2,2000
4569681973,2025-08-04T21:13:47,594,8055.3,REJECTED,68681084-7b12-4fd9-9704-7da3802cb451,1,3000
4524027902,2025-06-24T16:48:50,486,5290.81,APPROVED,5c250769-58e7-4a67-92b8-05566aab2cd0,1,4000
4597342248,2025-11-02T01:26:20,574,1980.25,APPROVED,bcebc30c-15e5-48e2-9c32-c86d886f82a0,3,3000
4505970473,2025-08-08T16:50:02,765,2795.09,REJECTED,2cf52c48-a37c-4244-a030-3fe16c443ecd,4,1000
4554926224,2025-11-25T07:05:59,247,2608.64,WAITING,5257f4f1-580e-4eb3-89f9-6cae458e4509,1,1000
4530290212,2025-09-13T21:49:17,853,2560.49,REJECTED,2ab670e8-49e3-4a95-9871-d937f77b5927,1,4000
4590329584,2025-07-20T18:26:46,24,949.33,APPROVED,35672019-b6d1-42b4-b906-8819b248182e,5,1000
4566571067,2025-08-05T13:54:09,372,2182.13,REJECTED,3ee51816-f540-45e6-8401-474c5df84e78,1,2000
4524325208,2025-09-06T12:20:08,506,828.54,QUOTATION,ebfe58ef-0dee-41d8-859e-ae2bff66e7fc,2,4000
4517984939,2025-08-02T14:42:11,926,3082.46,QUOTATION,3c65561d-5119-4985-87e7-48965fe9f62c,2,3000
4514555460,2025-09-02T18:06:46,308,6959.46,REJECTED,3d3527a9-4ef5-45d5-83c2-4178789f9921,2,2000
4501449026,2025-06-09T22:44:42,116,5860.99,WAITING,00a417fb-f2b9-4bb8-90c0-0787c3f2e3c7,5,3000
4551952312,2025-09-11T22:57:00,950,4719.07,APPROVED,110f8801-eea1-420d-98e6-dd439569747b,2,4000
4556838435,2025-11-15T08:07:18,330,4494.8,QUOTATION,4029508a-afa4-4faf-b175-4bb65b8a4dbb,4,2000
4591383356,2025-10-23T17:05:16,245,5953.15,WAITING,c40f8a37-9024-4fcd-80a6-7917301ba6bd,2,4000
4535832561,2025-11-15T16:46:27,69,7580.43,QUOTATION,32149af9-a4f0-4e80-a73d-490a9faef06f,3,3000
4537637636,2025-08-01T00:30:17,158,4923.86,WAITING,2cf52c48-a37c-4244-a030-3fe16c443ecd,1,4000
4572558482,2025-07-20T22:12:42,406,4874.03,APPROVED,e7ba4d18-37bf-472c-9d3a-7756c21a55c9,4,4000
4545812553,2025-10-13T13:54:29,457,424.05,QUOTATION,62117371-6664-4e90-9e4c-e3939789c81a,1,2000
4503574791,2025-11-24T23:31:50,636,6867.4,WAITING,0e752cfe-75ff-427d-8214-57710b509b33,5,3000
4596108550,2025-07-19T19:47:07,460,1799.33,APPROVED,aa51a37d-2867-459b-8885-b5c8b161616a,2,3000
4552818256,2025-06-21T17:18:29,791,4639.57,APPROVED,71b893be-0a75-41a7-9a52-bcdb771cc5ec,2,1000
4524659430,2025-06-25T01:21:44,247,7792.08,QUOTATION,915bda23-d2b3-4bab-9d3b-0b701beb76fa,1,3000
4584830540,2025-11-19T17:19:16,254,4766.03,WAITING,b577718c-a2a9-4f8a-a41c-7cac0d102aab,5,2000
4590350229,2025-06-20T16:05:56,757,6857.72,QUOTATION,384bae62-8ba8-4cac-b8ad-3df4e68bcafa,1,1000
4584406741,2025-07-12T01:13:28,837,9825.62,QUOTATION,5c250769-58e7-4a67-92b8-05566aab2cd0,4,4000
4516009680,2025-10-17T16:04:58,983,684.01,REJECTED,62117371-6664-4e90-9e4c-e3939789c81a,5,2000
4586555674,2025-09-08T14:57:43,225,8200.23,REJECTED,b020551c-5fe7-45ea-881a-6fa78332362d,3,4000
4590764397,2025-06-07T13:05:56,907,9395.37,REJECTED,28d388a1-0e70-41d0-a8a1-abb9e3263b7b,4,3000
4553064213,2025-07-27T01:31:23,887,3778.17,APPROVED,3c65561d-5119-4985-87e7-48965fe9f62c,5,4000
4539300171,2025-11-04T02:10:13,831,6024.9,APPROVED,aa51a37d-2867-459b-8885-b5c8b161616a,2,3000
4520552960,2025-06-04T19:47:45,713,4425.76,WAITING,cf11fe2a-443a-44e9-96b0-e6b91ddfa87d,3,4000
4584889481,2025-10-10T03:02:56,278,6712.54,APPROVED,0b319577-4ab0-4684-b112-b27aad212cb1,1,1000
4507149383,2025-07-23T07:14:51,977,3248.41,APPROVED,f524f9ee-95cb-4e66-a6c1-b58f8296e7f3,1,4000
4544713618,2025-07-19T15:29:16,159,628.71,QUOTATION,15ddc72a-7103-4a88-a951-49c5aa75affd,3,1000
4584294869,2025-11-09T18:28:14,837,4045.24,QUOTATION,611eefb3-ef38-4a2e-831a-15aff1dde8f8,1,3000
4578450253,2025-10-12T11:12:20,519,7512.62,APPROVED,68681084-7b12-4fd9-9704-7da3802cb451,4,2000
4514490735,2025-07-21T12:10:07,267,31.55,WAITING,de541e55-b7b6-404a-8ce0-a6f1ea925750,5,3000
4514091925,2025-07-18T12:57:07,704,5223.18,APPROVED,28d388a1-0e70-41d0-a8a1-abb9e3263b7b,2,2000
4570420694,2025-09-13T09:27:55,788,9021.47,QUOTATION,77b34563-244c-46da-b014-af1a9c7fa9e4,4,1000
4538675153,2025-07-01T12:38:22,667,4330.01,REJECTED,6cc3c3b9-23fa-4969-8791-af89dedc62c9,3,4000
4585285175,2025-09-02T15:03:06,688,7648.27,WAITING,01bb5e4b-33d3-4db2-85a2-499f5c9e31b4,2,1000
4587888376,2025-08-14T19:23:13,617,1685.04,REJECTED,d4dbba0a-2b26-4233-9017-bb25b2e860f3,3,3000
4570065979,2025-11-25T14:35:24,560,2579.53,WAITING,3ee51816-f540-45e6-8401-474c5df84e78,2,1000
4588249859,2025-09-09T13:02:22,637,9114.17,APPROVED,b6bbc970-46d2-4ff4-9c52-80f378cfe8ea,5,2000
4596502001,2025-06-16T07:56:59,959,6605.84,REJECTED,0f7e95f4-4fb9-4987-a1e1-5264880e721e,1,4000
4537289052,2025-11-19T04:19:56,835,2317.14,REJECTED,e7ba4d18-37bf-472c-9d3a-7756c21a55c9,2,2000
4557369906,2025-06-03T10:55:51,73,4110.07,QUOTATION,5257f4f1-580e-4eb3-89f9-6cae458e4509,2,2000
4561793015,2025-11-27T18:10:45,272,4985.65,QUOTATION,62117371-6664-4e90-9e4c-e3939789c81a,2,3000
4589644108,2025-09-04T19:20:41,813,5181.08,REJECTED,4a2d279e-2495-496f-80d9-bc5a45e3b6b4,3,3000
4520862710,2025-08-22T13:17:29,539,845.28,APPROVED,d0d94739-009d-44aa-ae3d-8c35a65083c5,4,4000
4591258489,2025-08-19T17:57:14,670,8106.39,WAITING,134244b2-90f7-4d62-8488-d71e29828266,5,2000
4537706097,2025-11-06T03:32:40,80,559.64,WAITING,3c65561d-5119-4985-87e7-48965fe9f62c,3,1000
4559238754,2025-09-12T05:16:37,150,8694.54,WAITING,9a109dc4-7be3-4aec-94bb-ede38f79ae14,2,1000
4560203621,2025-08-09T00:04:02,766,5720.12,WAITING,4a2d279e-2495-496f-80d9-bc5a45e3b6b4,4,3000
4588830947,2025-09-18T09:15:05,720,11.59,WAITING,32149af9-a4f0-4e80-a73d-490a9faef06f,5,1000
4593089212,2025-09-06T17:23:49,266,5629.49,QUOTATION,37bf8863-0046-49cb-a72c-f7e41661214b,2,3000
4519912015,2025-08-11T12:17:17,328,1846.62,WAITING,ad64acbd-9045-44ec-9111-f6b3b90cb060,1,1000
4538306765,2025-09-15T06:45:27,317,4021.42,APPROVED,9567383e-1921-4683-803b-509faa2bc9d5,4,1000
4527841996,2025-09-08T02:14:50,85,8157.0,REJECTED,d5b6a98e-464a-4e85-ad1c-7fd6be7df835,2,1000
4572909663,2025-08-18T05:16:27,722,1325.29,REJECTED,17dffc12-ac1a-44ed-ad09-3c824851c624,2,4000
4594161589,2025-07-06T22:26:43,969,6526.18,QUOTATION,76fa0c16-dc3a-4a9b-b914-de6a0097f3dc,2,2000
4598079501,2025-08-04T21:23:15,567,9422.04,QUOTATION,2ab670e8-49e3-4a95-9871-d937f77b5927,3,1000
4502567901,2025-11-22T20:07:50,344,3553.36,APPROVED,41f3b33b-8871-42fd-90d5-1d1d9f2d5aed,4,1000
4546981546,2025-09-23T10:27:37,769,219.07,WAITING,56ae9e46-c0b2-46ca-b51d-5686e00ce4a6,4,1000
4500887989,2025-10-17T21:44:01,558,3442.89,REJECTED,62117371-6664-4e90-9e4c-e3939789c81a,2,4000
4575896238,2025-11-24T11:00:12,639,1059.14,QUOTATION,f6dd041e-f994-407c-9a1b-2ee8a39b9b25,3,4000
4541640572,2025-08-12T01:30:03,761,430.57,QUOTATION,0b319577-4ab0-4684-b112-b27aad212cb1,2,1000
4518269155,2025-06-26T07:04:24,458,8014.62,APPROVED,12a301b9-4c71-4181-a853-d29be7b6bd18,1,3000
4584037264,2025-06-22T22:43:30,289,3447.94,QUOTATION,cf11fe2a-443a-44e9-96b0-e6b91ddfa87d,2,2000
4598456506,2025-09-26T20:29:42,851,8151.75,APPROVED,12a301b9-4c71-4181-a853-d29be7b6bd18,1,1000
4557591779,2025-10-07T09:01:36,574,6722.51,APPROVED,82ebf1b0-6982-4deb-ac51-c7a6d0a68c5d,1,4000
4523609244,2025-07-19T07:45:39,753,2864.78,QUOTATION,2ab670e8-49e3-4a95-9871-d937f77b5927,3,2000
4543474118,2025-10-11T07:12:52,24,4418.96,WAITING,68681084-7b12-4fd9-9704-7da3802cb451,1,4000
4569129912,2025-09-09T16:18:14,422,8446.97,REJECTED,0a58bce2-1697-4c89-b568-ae280f33f982,3,2000
4522896686,2025-06-06T01:13:11,302,7997.75,WAITING,bcebc30c-15e5-48e2-9c32-c86d886f82a0,3,4000
4554459398,2025-06-19T03:56:30,327,4487.14,REJECTED,31ac60a6-1bc1-442c-ae10-4a420f770538,1,4000
4536636773,2025-06-27T01:33:37,524,6372.68,REJECTED,51991c98-a328-457f-a862-0962b2d30ddc,4,1000
4584956662,2025-06-18T11:33:46,638,6313.58,REJECTED,611eefb3-ef38-4a2e-831a-15aff1dde8f8,1,3000
4563980596,2025-09-14T04:53:09,701,3343.63,QUOTATION,b6bbc970-46d2-4ff4-9c52-80f378cfe8ea,2,1000
4589998872,2025-08-23T15:39:26,461,9088.3,APPROVED,0c328cd6-def4-4097-8b5d-ef9b4362cfd3,5,4000
4577663510,2025-07-04T06:03:45,948,5695.35,WAITING,f6979cad-3c89-4280-985d-d7f07aaa8c2b,5,4000
4537327784,2025-08-13T04:55:16,648,8187.17,APPROVED,ba5b8587-5d45-44ac-9e4e-16cb4b3afecc,2,1000
4528527151,2025-06-05T13:51:22,587,9941.35,QUOTATION,ea38b7e1-b488-4873-ab04-3066d219b434,3,1000
4581144637,2025-08-26T22:00:11,573,6083.79,QUOTATION,daffc87a-fdb5-424e-9155-782c6cd1b731,1,4000
4575099317,2025-07-24T17:05:49,313,9453.26,APPROVED,b020551c-5fe7-45ea-881a-6fa78332362d,5,1000
4533382918,2025-08-22T22:34:06,57,2306.05,WAITING,834a14f7-cbd7-4220-9587-cd61c93c8253,4,4000
4574968791,2025-09-16T12:18:21,142,2909.95,APPROVED,32149af9-a4f0-4e80-a73d-490a9faef06f,4,4000
4509896621,2025-09-04T11:40:32,818,6626.3,WAITING,4a2d279e-2495-496f-80d9-bc5a45e3b6b4,1,4000
4519425605,2025-07-07T13:50:29,766,5865.47,APPROVED,a1ad3c2b-45ca-491c-8ef2-a64af7d19e43,3,3000
4564781364,2025-11-27T23:40:53,273,5116.95,QUOTATION,aa51a37d-2867-459b-8885-b5c8b161616a,4,4000
4540451139,2025-06-28T09:55:00,772,3166.46,REJECTED,0e752cfe-75ff-427d-8214-57710b509b33,3,2000
4562057683,2025-06-26T02:52:00,845,4201.11,APPROVED,9c7454a7-b80c-4d19-b841-4c0343b75add,5,1000
4522372184,2025-09-01T20:32:29,374,2293.88,QUOTATION,bf599d91-442c-4e09-b5ae-b9f08a417d11,1,1000
4569469743,2025-08-19T15:14:41,508,2408.48,WAITING,2cf52c48-a37c-4244-a030-3fe16c443ecd,2,3000
4528007918,2025-08-27T14:58:05,991,8498.12,REJECTED,37bf8863-0046-49cb-a72c-f7e41661214b,2,2000
4591096690,2025-11-16T19:16:17,363,9300.26,REJECTED,f6979cad-3c89-4280-985d-d7f07aaa8c2b,3,4000
4567972378,2025-10-12T17:20:29,694,6463.52,APPROVED,f6dd041e-f994-407c-9a1b-2ee8a39b9b25,1,1000
4517600477,2025-06-12T11:07:21,28,6599.13,REJECTED,6c55f239-a4f0-4edd-afe8-02d129db9eda,5,3000
4551267872,2025-11-17T19:29:59,560,5521.95,WAITING,b6bbc970-46d2-4ff4-9c52-80f378cfe8ea,1,3000
4563308961,2025-06-17T03:41:08,688,7600.76,QUOTATION,cf11fe2a-443a-44e9-96b0-e6b91ddfa87d,5,2000
4572377337,2025-07-19T01:59:07,213,7153.22,QUOTATION,134244b2-90f7-4d62-8488-d71e29828266,2,1000
4545152700,2025-11-22T14:37:35,15,1991.68,APPROVED,5257f4f1-580e-4eb3-89f9-6cae458e4509,1,4000
4535929894,2025-10-23T01:57:40,545,5033.13,APPROVED,b0154cbb-c693-4062-88b9-a8acf4402b56,1,2000
4581839535,2025-06-25T14:02:05,528,2393.91,REJECTED,28d388a1-0e70-41d0-a8a1-abb9e3263b7b,5,2000
4508849214,2025-11-15T17:55:52,889,3296.7,REJECTED,17dffc12-ac1a-44ed-ad09-3c824851c624,1,3000
4556481641,2025-07-23T16:07:46,71,217.62,WAITING,35672019-b6d1-42b4-b906-8819b248182e,1,4000
4544165305,2025-07-21T20:48:51,811,2324.21,APPROVED,37bf8863-0046-49cb-a72c-f7e41661214b,1,1000
4555426946,2025-06-23T03:06:34,795,891.52,QUOTATION,2cf52c48-a37c-4244-a030-3fe16c443ecd,3,4000
4514523599,2025-10-02T01:06:27,655,1324.82,APPROVED,cea90057-5542-4a9f-8ad8-2fa263b39b7b,5,2000
4565248858,2025-11-10T00:21:37,304,1616.98,QUOTATION,37bf8863-0046-49cb-a72c-f7e41661214b,3,4000
4578487799,2025-07-25T16:40:50,69,9494.51,REJECTED,a1ad3c2b-45ca-491c-8ef2-a64af7d19e43,1,1000
4538749597,2025-09-08T12:11:42,999,8551.51,QUOTATION,bcebc30c-15e5-48e2-9c32-c86d886f82a0,2,4000
4509482618,2025-08-27T00:50:42,461,2258.29,REJECTED,ad64acbd-9045-44ec-9111-f6b3b90cb060,3,3000
4515909785,2025-09-10T11:42:25,717,2877.27,REJECTED,74d238f7-61d4-41c6-9d51-b05f2eddcb36,2,4000
4543579974,2025-06-13T18:52:58,127,9771.39,APPROVED,fcc9df1e-2761-4b55-8f60-015b21066d78,3,1000